tenant_id,site_id,source_system,source_object,source_record_id,canonical_id,crosswalk_status,source_event_at,ingested_at,effective_from,effective_to,record_version,supersedes_source_record_id,is_deleted,semantic_status,uom,currency,data_quality_state,freshness_state,transformation_version,customer_scope,program_scope,product_scope,sensitivity_class,snapshot_id,scenario_id,asn_line_id,po_schedule_id,supplier_id,part_id,handling_unit_id,shipped_qty,lot_id,carrier_id,ship_date,expected_arrival_date,asn_state
TEN-COOLIT-SYN-001,SITE-COOLIT-SYN-01,ERP,ADVANCE_SHIP_NOTICE,ASN-0001,PO-SCH-0001,RESOLVED,2026-09-25T23:59:59-06:00,2026-09-26T08:00:00-06:00,2026-06-29T00:00:00-06:00,,1,,false,ACTIVE,EA,,VALID,CURRENT,coolit-synthetic-v2.0.0,ALL_SYNTHETIC_CUSTOMERS,ALL_SYNTHETIC_PROGRAMS,P-QD-001,SYNTHETIC_INTERNAL,SNP-COOLIT-20260925-BL,SCN-BASELINE,ASN-0001,PO-SCH-0001,SUP-002,P-QD-001,HU-IN-00001,40,SUPLOT-P-QD-001-001,CAR-01,2025-03-29,2025-04-01,RECEIVED
TEN-COOLIT-SYN-001,SITE-COOLIT-SYN-01,ERP,ADVANCE_SHIP_NOTICE,ASN-0002,PO-SCH-0002,RESOLVED,2026-09-25T23:59:59-06:00,2026-09-26T08:00:00-06:00,2026-06-29T00:00:00-06:00,,1,,false,ACTIVE,EA,,VALID,CURRENT,coolit-synthetic-v2.0.0,ALL_SYNTHETIC_CUSTOMERS,ALL_SYNTHETIC_PROGRAMS,P-QD-002,SYNTHETIC_INTERNAL,SNP-COOLIT-20260925-BL,SCN-BASELINE,ASN-0002,PO-SCH-0002,SUP-005,P-QD-002,HU-IN-00002,55,SUPLOT-P-QD-002-002,CAR-02,2025-04-06,2025-04-09,RECEIVED
TEN-COOLIT-SYN-001,SITE-COOLIT-SYN-01,ERP,ADVANCE_SHIP_NOTICE,ASN-0003,PO-SCH-0003,RESOLVED,2026-09-25T23:59:59-06:00,2026-09-26T08:00:00-06:00,2026-06-29T00:00:00-06:00,,1,,false,ACTIVE,EA,,VALID,CURRENT,coolit-synthetic-v2.0.0,ALL_SYNTHETIC_CUSTOMERS,ALL_SYNTHETIC_PROGRAMS,P-QD-003,SYNTHETIC_INTERNAL,SNP-COOLIT-20260925-BL,SCN-BASELINE,ASN-0003,PO-SCH-0003,SUP-008,P-QD-003,HU-IN-00003,70,SUPLOT-P-QD-003-003,CAR-03,2025-04-14,2025-04-17,RECEIVED
TEN-COOLIT-SYN-001,SITE-COOLIT-SYN-01,ERP,ADVANCE_SHIP_NOTICE,ASN-0004,PO-SCH-0004,RESOLVED,2026-09-25T23:59:59-06:00,2026-09-26T08:00:00-06:00,2026-06-29T00:00:00-06:00,,1,,false,ACTIVE,EA,,VALID,CURRENT,coolit-synthetic-v2.0.0,ALL_SYNTHETIC_CUSTOMERS,ALL_SYNTHETIC_PROGRAMS,P-QD-004,SYNTHETIC_INTERNAL,SNP-COOLIT-20260925-BL,SCN-BASELINE,ASN-0004,PO-SCH-0004,SUP-001,P-QD-004,HU-IN-00004,85,SUPLOT-P-QD-004-004,CAR-04,2025-04-22,2025-04-25,RECEIVED
TEN-COOLIT-SYN-001,SITE-COOLIT-SYN-01,ERP,ADVANCE_SHIP_NOTICE,ASN-0005,PO-SCH-0005,RESOLVED,2026-09-25T23:59:59-06:00,2026-09-26T08:00:00-06:00,2026-06-29T00:00:00-06:00,,1,,false,ACTIVE,EA,,VALID,CURRENT,coolit-synthetic-v2.0.0,ALL_SYNTHETIC_CUSTOMERS,ALL_SYNTHETIC_PROGRAMS,P-QD-005,SYNTHETIC_INTERNAL,SNP-COOLIT-20260925-BL,SCN-BASELINE,ASN-0005,PO-SCH-0005,SUP-004,P-QD-005,HU-IN-00005,100,SUPLOT-P-QD-005-005,CAR-01,2025-04-30,2025-05-03,RECEIVED
TEN-COOLIT-SYN-001,SITE-COOLIT-SYN-01,ERP,ADVANCE_SHIP_NOTICE,ASN-0006,PO-SCH-0006,RESOLVED,2026-09-25T23:59:59-06:00,2026-09-26T08:00:00-06:00,2026-06-29T00:00:00-06:00,,1,,false,ACTIVE,EA,,VALID,CURRENT,coolit-synthetic-v2.0.0,ALL_SYNTHETIC_CUSTOMERS,ALL_SYNTHETIC_PROGRAMS,P-QD-006,SYNTHETIC_INTERNAL,SNP-COOLIT-20260925-BL,SCN-BASELINE,ASN-0006,PO-SCH-0006,SUP-007,P-QD-006,HU-IN-00006,115,SUPLOT-P-QD-006-006,CAR-02,2025-05-08,2025-05-11,RECEIVED
TEN-COOLIT-SYN-001,SITE-COOLIT-SYN-01,ERP,ADVANCE_SHIP_NOTICE,ASN-0007,PO-SCH-0007,RESOLVED,2026-09-25T23:59:59-06:00,2026-09-26T08:00:00-06:00,2026-06-29T00:00:00-06:00,,1,,false,ACTIVE,EA,,VALID,CURRENT,coolit-synthetic-v2.0.0,ALL_SYNTHETIC_CUSTOMERS,ALL_SYNTHETIC_PROGRAMS,P-QD-007,SYNTHETIC_INTERNAL,SNP-COOLIT-20260925-BL,SCN-BASELINE,ASN-0007,PO-SCH-0007,SUP-010,P-QD-007,HU-IN-00007,130,SUPLOT-P-QD-007-007,CAR-03,2025-05-16,2025-05-19,RECEIVED
TEN-COOLIT-SYN-001,SITE-COOLIT-SYN-01,ERP,ADVANCE_SHIP_NOTICE,ASN-0008,PO-SCH-0008,RESOLVED,2026-09-25T23:59:59-06:00,2026-09-26T08:00:00-06:00,2026-06-29T00:00:00-06:00,,1,,false,ACTIVE,EA,,VALID,CURRENT,coolit-synthetic-v2.0.0,ALL_SYNTHETIC_CUSTOMERS,ALL_SYNTHETIC_PROGRAMS,P-QD-008,SYNTHETIC_INTERNAL,SNP-COOLIT-20260925-BL,SCN-BASELINE,ASN-0008,PO-SCH-0008,SUP-003,P-QD-008,HU-IN-00008,145,SUPLOT-P-QD-008-008,CAR-04,2025-05-24,2025-05-27,RECEIVED
TEN-COOLIT-SYN-001,SITE-COOLIT-SYN-01,ERP,ADVANCE_SHIP_NOTICE,ASN-0009,PO-SCH-0009,RESOLVED,2026-09-25T23:59:59-06:00,2026-09-26T08:00:00-06:00,2026-06-29T00:00:00-06:00,,1,,false,ACTIVE,EA,,VALID,CURRENT,coolit-synthetic-v2.0.0,ALL_SYNTHETIC_CUSTOMERS,ALL_SYNTHETIC_PROGRAMS,P-QD-009,SYNTHETIC_INTERNAL,SNP-COOLIT-20260925-BL,SCN-BASELINE,ASN-0009,PO-SCH-0009,SUP-006,P-QD-009,HU-IN-00009,160,SUPLOT-P-QD-009-009,CAR-01,2025-06-01,2025-06-04,RECEIVED
TEN-COOLIT-SYN-001,SITE-COOLIT-SYN-01,ERP,ADVANCE_SHIP_NOTICE,ASN-0010,PO-SCH-0010,RESOLVED,2026-09-25T23:59:59-06:00,2026-09-26T08:00:00-06:00,2026-06-29T00:00:00-06:00,,1,,false,ACTIVE,EA,,VALID,CURRENT,coolit-synthetic-v2.0.0,ALL_SYNTHETIC_CUSTOMERS,ALL_SYNTHETIC_PROGRAMS,P-QD-010,SYNTHETIC_INTERNAL,SNP-COOLIT-20260925-BL,SCN-BASELINE,ASN-0010,PO-SCH-0010,SUP-009,P-QD-010,HU-IN-00010,175,SUPLOT-P-QD-010-010,CAR-02,2025-06-09,2025-06-12,RECEIVED
TEN-COOLIT-SYN-001,SITE-COOLIT-SYN-01,ERP,ADVANCE_SHIP_NOTICE,ASN-0011,PO-SCH-0011,RESOLVED,2026-09-25T23:59:59-06:00,2026-09-26T08:00:00-06:00,2026-06-29T00:00:00-06:00,,1,,false,ACTIVE,EA,,VALID,CURRENT,coolit-synthetic-v2.0.0,ALL_SYNTHETIC_CUSTOMERS,ALL_SYNTHETIC_PROGRAMS,P-PUMP-001,SYNTHETIC_INTERNAL,SNP-COOLIT-20260925-BL,SCN-BASELINE,ASN-0011,PO-SCH-0011,SUP-002,P-PUMP-001,HU-IN-00011,190,SUPLOT-P-PUMP-001-011,CAR-03,2025-06-17,2025-06-20,RECEIVED
TEN-COOLIT-SYN-001,SITE-COOLIT-SYN-01,ERP,ADVANCE_SHIP_NOTICE,ASN-0012,PO-SCH-0012,RESOLVED,2026-09-25T23:59:59-06:00,2026-09-26T08:00:00-06:00,2026-06-29T00:00:00-06:00,,1,,false,ACTIVE,EA,,VALID,CURRENT,coolit-synthetic-v2.0.0,ALL_SYNTHETIC_CUSTOMERS,ALL_SYNTHETIC_PROGRAMS,P-PUMP-002,SYNTHETIC_INTERNAL,SNP-COOLIT-20260925-BL,SCN-BASELINE,ASN-0012,PO-SCH-0012,SUP-005,P-PUMP-002,HU-IN-00012,205,SUPLOT-P-PUMP-002-012,CAR-04,2025-06-25,2025-06-28,RECEIVED
TEN-COOLIT-SYN-001,SITE-COOLIT-SYN-01,ERP,ADVANCE_SHIP_NOTICE,ASN-0013,PO-SCH-0013,RESOLVED,2026-09-25T23:59:59-06:00,2026-09-26T08:00:00-06:00,2026-06-29T00:00:00-06:00,,1,,false,ACTIVE,EA,,VALID,CURRENT,coolit-synthetic-v2.0.0,ALL_SYNTHETIC_CUSTOMERS,ALL_SYNTHETIC_PROGRAMS,P-PUMP-003,SYNTHETIC_INTERNAL,SNP-COOLIT-20260925-BL,SCN-BASELINE,ASN-0013,PO-SCH-0013,SUP-008,P-PUMP-003,HU-IN-00013,40,SUPLOT-P-PUMP-003-013,CAR-01,2025-07-03,2025-07-06,RECEIVED
TEN-COOLIT-SYN-001,SITE-COOLIT-SYN-01,ERP,ADVANCE_SHIP_NOTICE,ASN-0014,PO-SCH-0014,RESOLVED,2026-09-25T23:59:59-06:00,2026-09-26T08:00:00-06:00,2026-06-29T00:00:00-06:00,,1,,false,ACTIVE,EA,,VALID,CURRENT,coolit-synthetic-v2.0.0,ALL_SYNTHETIC_CUSTOMERS,ALL_SYNTHETIC_PROGRAMS,P-PUMP-004,SYNTHETIC_INTERNAL,SNP-COOLIT-20260925-BL,SCN-BASELINE,ASN-0014,PO-SCH-0014,SUP-001,P-PUMP-004,HU-IN-00014,55,SUPLOT-P-PUMP-004-014,CAR-02,2025-07-11,2025-07-14,RECEIVED
TEN-COOLIT-SYN-001,SITE-COOLIT-SYN-01,ERP,ADVANCE_SHIP_NOTICE,ASN-0015,PO-SCH-0015,RESOLVED,2026-09-25T23:59:59-06:00,2026-09-26T08:00:00-06:00,2026-06-29T00:00:00-06:00,,1,,false,ACTIVE,EA,,VALID,CURRENT,coolit-synthetic-v2.0.0,ALL_SYNTHETIC_CUSTOMERS,ALL_SYNTHETIC_PROGRAMS,P-PUMP-005,SYNTHETIC_INTERNAL,SNP-COOLIT-20260925-BL,SCN-BASELINE,ASN-0015,PO-SCH-0015,SUP-004,P-PUMP-005,HU-IN-00015,70,SUPLOT-P-PUMP-005-015,CAR-03,2025-07-19,2025-07-22,RECEIVED
TEN-COOLIT-SYN-001,SITE-COOLIT-SYN-01,ERP,ADVANCE_SHIP_NOTICE,ASN-0016,PO-SCH-0016,RESOLVED,2026-09-25T23:59:59-06:00,2026-09-26T08:00:00-06:00,2026-06-29T00:00:00-06:00,,1,,false,ACTIVE,EA,,VALID,CURRENT,coolit-synthetic-v2.0.0,ALL_SYNTHETIC_CUSTOMERS,ALL_SYNTHETIC_PROGRAMS,P-PUMP-006,SYNTHETIC_INTERNAL,SNP-COOLIT-20260925-BL,SCN-BASELINE,ASN-0016,PO-SCH-0016,SUP-007,P-PUMP-006,HU-IN-00016,85,SUPLOT-P-PUMP-006-016,CAR-04,2025-07-27,2025-07-30,RECEIVED
TEN-COOLIT-SYN-001,SITE-COOLIT-SYN-01,ERP,ADVANCE_SHIP_NOTICE,ASN-0017,PO-SCH-0017,RESOLVED,2026-09-25T23:59:59-06:00,2026-09-26T08:00:00-06:00,2026-06-29T00:00:00-06:00,,1,,false,ACTIVE,EA,,VALID,CURRENT,coolit-synthetic-v2.0.0,ALL_SYNTHETIC_CUSTOMERS,ALL_SYNTHETIC_PROGRAMS,P-PUMP-007,SYNTHETIC_INTERNAL,SNP-COOLIT-20260925-BL,SCN-BASELINE,ASN-0017,PO-SCH-0017,SUP-010,P-PUMP-007,HU-IN-00017,100,SUPLOT-P-PUMP-007-017,CAR-01,2025-08-04,2025-08-07,RECEIVED
TEN-COOLIT-SYN-001,SITE-COOLIT-SYN-01,ERP,ADVANCE_SHIP_NOTICE,ASN-0018,PO-SCH-0018,RESOLVED,2026-09-25T23:59:59-06:00,2026-09-26T08:00:00-06:00,2026-06-29T00:00:00-06:00,,1,,false,ACTIVE,EA,,VALID,CURRENT,coolit-synthetic-v2.0.0,ALL_SYNTHETIC_CUSTOMERS,ALL_SYNTHETIC_PROGRAMS,P-PUMP-008,SYNTHETIC_INTERNAL,SNP-COOLIT-20260925-BL,SCN-BASELINE,ASN-0018,PO-SCH-0018,SUP-003,P-PUMP-008,HU-IN-00018,115,SUPLOT-P-PUMP-008-018,CAR-02,2025-08-12,2025-08-15,RECEIVED
TEN-COOLIT-SYN-001,SITE-COOLIT-SYN-01,ERP,ADVANCE_SHIP_NOTICE,ASN-0019,PO-SCH-0019,RESOLVED,2026-09-25T23:59:59-06:00,2026-09-26T08:00:00-06:00,2026-06-29T00:00:00-06:00,,1,,false,ACTIVE,EA,,VALID,CURRENT,coolit-synthetic-v2.0.0,ALL_SYNTHETIC_CUSTOMERS,ALL_SYNTHETIC_PROGRAMS,P-HX-001,SYNTHETIC_INTERNAL,SNP-COOLIT-20260925-BL,SCN-BASELINE,ASN-0019,PO-SCH-0019,SUP-006,P-HX-001,HU-IN-00019,130,SUPLOT-P-HX-001-019,CAR-03,2025-08-20,2025-08-23,RECEIVED
TEN-COOLIT-SYN-001,SITE-COOLIT-SYN-01,ERP,ADVANCE_SHIP_NOTICE,ASN-0020,PO-SCH-0020,RESOLVED,2026-09-25T23:59:59-06:00,2026-09-26T08:00:00-06:00,2026-06-29T00:00:00-06:00,,1,,false,ACTIVE,EA,,VALID,CURRENT,coolit-synthetic-v2.0.0,ALL_SYNTHETIC_CUSTOMERS,ALL_SYNTHETIC_PROGRAMS,P-HX-002,SYNTHETIC_INTERNAL,SNP-COOLIT-20260925-BL,SCN-BASELINE,ASN-0020,PO-SCH-0020,SUP-009,P-HX-002,HU-IN-00020,145,SUPLOT-P-HX-002-020,CAR-04,2025-08-28,2025-08-31,RECEIVED
TEN-COOLIT-SYN-001,SITE-COOLIT-SYN-01,ERP,ADVANCE_SHIP_NOTICE,ASN-0021,PO-SCH-0021,RESOLVED,2026-09-25T23:59:59-06:00,2026-09-26T08:00:00-06:00,2026-06-29T00:00:00-06:00,,1,,false,ACTIVE,EA,,VALID,CURRENT,coolit-synthetic-v2.0.0,ALL_SYNTHETIC_CUSTOMERS,ALL_SYNTHETIC_PROGRAMS,P-HX-003,SYNTHETIC_INTERNAL,SNP-COOLIT-20260925-BL,SCN-BASELINE,ASN-0021,PO-SCH-0021,SUP-002,P-HX-003,HU-IN-00021,160,SUPLOT-P-HX-003-021,CAR-01,2025-09-05,2025-09-08,RECEIVED
TEN-COOLIT-SYN-001,SITE-COOLIT-SYN-01,ERP,ADVANCE_SHIP_NOTICE,ASN-0022,PO-SCH-0022,RESOLVED,2026-09-25T23:59:59-06:00,2026-09-26T08:00:00-06:00,2026-06-29T00:00:00-06:00,,1,,false,ACTIVE,EA,,VALID,CURRENT,coolit-synthetic-v2.0.0,ALL_SYNTHETIC_CUSTOMERS,ALL_SYNTHETIC_PROGRAMS,P-HX-004,SYNTHETIC_INTERNAL,SNP-COOLIT-20260925-BL,SCN-BASELINE,ASN-0022,PO-SCH-0022,SUP-005,P-HX-004,HU-IN-00022,175,SUPLOT-P-HX-004-022,CAR-02,2025-09-13,2025-09-16,RECEIVED
TEN-COOLIT-SYN-001,SITE-COOLIT-SYN-01,ERP,ADVANCE_SHIP_NOTICE,ASN-0023,PO-SCH-0023,RESOLVED,2026-09-25T23:59:59-06:00,2026-09-26T08:00:00-06:00,2026-06-29T00:00:00-06:00,,1,,false,ACTIVE,EA,,VALID,CURRENT,coolit-synthetic-v2.0.0,ALL_SYNTHETIC_CUSTOMERS,ALL_SYNTHETIC_PROGRAMS,P-HX-005,SYNTHETIC_INTERNAL,SNP-COOLIT-20260925-BL,SCN-BASELINE,ASN-0023,PO-SCH-0023,SUP-008,P-HX-005,HU-IN-00023,190,SUPLOT-P-HX-005-023,CAR-03,2025-09-21,2025-09-24,RECEIVED
TEN-COOLIT-SYN-001,SITE-COOLIT-SYN-01,ERP,ADVANCE_SHIP_NOTICE,ASN-0024,PO-SCH-0024,RESOLVED,2026-09-25T23:59:59-06:00,2026-09-26T08:00:00-06:00,2026-06-29T00:00:00-06:00,,1,,false,ACTIVE,EA,,VALID,CURRENT,coolit-synthetic-v2.0.0,ALL_SYNTHETIC_CUSTOMERS,ALL_SYNTHETIC_PROGRAMS,P-HX-006,SYNTHETIC_INTERNAL,SNP-COOLIT-20260925-BL,SCN-BASELINE,ASN-0024,PO-SCH-0024,SUP-001,P-HX-006,HU-IN-00024,205,SUPLOT-P-HX-006-024,CAR-04,2025-09-29,2025-10-02,RECEIVED
TEN-COOLIT-SYN-001,SITE-COOLIT-SYN-01,ERP,ADVANCE_SHIP_NOTICE,ASN-0025,PO-SCH-0025,RESOLVED,2026-09-25T23:59:59-06:00,2026-09-26T08:00:00-06:00,2026-06-29T00:00:00-06:00,,1,,false,ACTIVE,EA,,VALID,CURRENT,coolit-synthetic-v2.0.0,ALL_SYNTHETIC_CUSTOMERS,ALL_SYNTHETIC_PROGRAMS,P-CTRL-001,SYNTHETIC_INTERNAL,SNP-COOLIT-20260925-BL,SCN-BASELINE,ASN-0025,PO-SCH-0025,SUP-004,P-CTRL-001,HU-IN-00025,40,SUPLOT-P-CTRL-001-025,CAR-01,2025-10-07,2025-10-10,RECEIVED
TEN-COOLIT-SYN-001,SITE-COOLIT-SYN-01,ERP,ADVANCE_SHIP_NOTICE,ASN-0026,PO-SCH-0026,RESOLVED,2026-09-25T23:59:59-06:00,2026-09-26T08:00:00-06:00,2026-06-29T00:00:00-06:00,,1,,false,ACTIVE,EA,,VALID,CURRENT,coolit-synthetic-v2.0.0,ALL_SYNTHETIC_CUSTOMERS,ALL_SYNTHETIC_PROGRAMS,P-CTRL-002,SYNTHETIC_INTERNAL,SNP-COOLIT-20260925-BL,SCN-BASELINE,ASN-0026,PO-SCH-0026,SUP-007,P-CTRL-002,HU-IN-00026,55,SUPLOT-P-CTRL-002-026,CAR-02,2025-10-15,2025-10-18,RECEIVED
TEN-COOLIT-SYN-001,SITE-COOLIT-SYN-01,ERP,ADVANCE_SHIP_NOTICE,ASN-0027,PO-SCH-0027,RESOLVED,2026-09-25T23:59:59-06:00,2026-09-26T08:00:00-06:00,2026-06-29T00:00:00-06:00,,1,,false,ACTIVE,EA,,VALID,CURRENT,coolit-synthetic-v2.0.0,ALL_SYNTHETIC_CUSTOMERS,ALL_SYNTHETIC_PROGRAMS,P-CTRL-003,SYNTHETIC_INTERNAL,SNP-COOLIT-20260925-BL,SCN-BASELINE,ASN-0027,PO-SCH-0027,SUP-010,P-CTRL-003,HU-IN-00027,70,SUPLOT-P-CTRL-003-027,CAR-03,2025-10-23,2025-10-26,RECEIVED
TEN-COOLIT-SYN-001,SITE-COOLIT-SYN-01,ERP,ADVANCE_SHIP_NOTICE,ASN-0028,PO-SCH-0028,RESOLVED,2026-09-25T23:59:59-06:00,2026-09-26T08:00:00-06:00,2026-06-29T00:00:00-06:00,,1,,false,ACTIVE,EA,,VALID,CURRENT,coolit-synthetic-v2.0.0,ALL_SYNTHETIC_CUSTOMERS,ALL_SYNTHETIC_PROGRAMS,P-CTRL-004,SYNTHETIC_INTERNAL,SNP-COOLIT-20260925-BL,SCN-BASELINE,ASN-0028,PO-SCH-0028,SUP-003,P-CTRL-004,HU-IN-00028,85,SUPLOT-P-CTRL-004-028,CAR-04,2025-10-31,2025-11-03,RECEIVED
TEN-COOLIT-SYN-001,SITE-COOLIT-SYN-01,ERP,ADVANCE_SHIP_NOTICE,ASN-0029,PO-SCH-0029,RESOLVED,2026-09-25T23:59:59-06:00,2026-09-26T08:00:00-06:00,2026-06-29T00:00:00-06:00,,1,,false,ACTIVE,EA,,VALID,CURRENT,coolit-synthetic-v2.0.0,ALL_SYNTHETIC_CUSTOMERS,ALL_SYNTHETIC_PROGRAMS,P-CTRL-005,SYNTHETIC_INTERNAL,SNP-COOLIT-20260925-BL,SCN-BASELINE,ASN-0029,PO-SCH-0029,SUP-006,P-CTRL-005,HU-IN-00029,100,SUPLOT-P-CTRL-005-029,CAR-01,2025-11-08,2025-11-11,RECEIVED
TEN-COOLIT-SYN-001,SITE-COOLIT-SYN-01,ERP,ADVANCE_SHIP_NOTICE,ASN-0030,PO-SCH-0030,RESOLVED,2026-09-25T23:59:59-06:00,2026-09-26T08:00:00-06:00,2026-06-29T00:00:00-06:00,,1,,false,ACTIVE,EA,,VALID,CURRENT,coolit-synthetic-v2.0.0,ALL_SYNTHETIC_CUSTOMERS,ALL_SYNTHETIC_PROGRAMS,P-CTRL-006,SYNTHETIC_INTERNAL,SNP-COOLIT-20260925-BL,SCN-BASELINE,ASN-0030,PO-SCH-0030,SUP-009,P-CTRL-006,HU-IN-00030,115,SUPLOT-P-CTRL-006-030,CAR-02,2025-11-16,2025-11-19,RECEIVED
TEN-COOLIT-SYN-001,SITE-COOLIT-SYN-01,ERP,ADVANCE_SHIP_NOTICE,ASN-0031,PO-SCH-0031,RESOLVED,2026-09-25T23:59:59-06:00,2026-09-26T08:00:00-06:00,2026-06-29T00:00:00-06:00,,1,,false,ACTIVE,EA,,VALID,CURRENT,coolit-synthetic-v2.0.0,ALL_SYNTHETIC_CUSTOMERS,ALL_SYNTHETIC_PROGRAMS,P-COMP-001,SYNTHETIC_INTERNAL,SNP-COOLIT-20260925-BL,SCN-BASELINE,ASN-0031,PO-SCH-0031,SUP-002,P-COMP-001,HU-IN-00031,130,SUPLOT-P-COMP-001-031,CAR-03,2025-11-24,2025-11-27,RECEIVED
TEN-COOLIT-SYN-001,SITE-COOLIT-SYN-01,ERP,ADVANCE_SHIP_NOTICE,ASN-0032,PO-SCH-0032,RESOLVED,2026-09-25T23:59:59-06:00,2026-09-26T08:00:00-06:00,2026-06-29T00:00:00-06:00,,1,,false,ACTIVE,EA,,VALID,CURRENT,coolit-synthetic-v2.0.0,ALL_SYNTHETIC_CUSTOMERS,ALL_SYNTHETIC_PROGRAMS,P-COMP-002,SYNTHETIC_INTERNAL,SNP-COOLIT-20260925-BL,SCN-BASELINE,ASN-0032,PO-SCH-0032,SUP-005,P-COMP-002,HU-IN-00032,145,SUPLOT-P-COMP-002-032,CAR-04,2025-12-02,2025-12-05,RECEIVED
TEN-COOLIT-SYN-001,SITE-COOLIT-SYN-01,ERP,ADVANCE_SHIP_NOTICE,ASN-0033,PO-SCH-0033,RESOLVED,2026-09-25T23:59:59-06:00,2026-09-26T08:00:00-06:00,2026-06-29T00:00:00-06:00,,1,,false,ACTIVE,EA,,VALID,CURRENT,coolit-synthetic-v2.0.0,ALL_SYNTHETIC_CUSTOMERS,ALL_SYNTHETIC_PROGRAMS,P-COMP-003,SYNTHETIC_INTERNAL,SNP-COOLIT-20260925-BL,SCN-BASELINE,ASN-0033,PO-SCH-0033,SUP-008,P-COMP-003,HU-IN-00033,160,SUPLOT-P-COMP-003-033,CAR-01,2025-12-10,2025-12-13,RECEIVED
TEN-COOLIT-SYN-001,SITE-COOLIT-SYN-01,ERP,ADVANCE_SHIP_NOTICE,ASN-0034,PO-SCH-0034,RESOLVED,2026-09-25T23:59:59-06:00,2026-09-26T08:00:00-06:00,2026-06-29T00:00:00-06:00,,1,,false,ACTIVE,EA,,VALID,CURRENT,coolit-synthetic-v2.0.0,ALL_SYNTHETIC_CUSTOMERS,ALL_SYNTHETIC_PROGRAMS,P-COMP-004,SYNTHETIC_INTERNAL,SNP-COOLIT-20260925-BL,SCN-BASELINE,ASN-0034,PO-SCH-0034,SUP-001,P-COMP-004,HU-IN-00034,175,SUPLOT-P-COMP-004-034,CAR-02,2025-12-18,2025-12-21,RECEIVED
TEN-COOLIT-SYN-001,SITE-COOLIT-SYN-01,ERP,ADVANCE_SHIP_NOTICE,ASN-0035,PO-SCH-0035,RESOLVED,2026-09-25T23:59:59-06:00,2026-09-26T08:00:00-06:00,2026-06-29T00:00:00-06:00,,1,,false,ACTIVE,EA,,VALID,CURRENT,coolit-synthetic-v2.0.0,ALL_SYNTHETIC_CUSTOMERS,ALL_SYNTHETIC_PROGRAMS,P-COMP-005,SYNTHETIC_INTERNAL,SNP-COOLIT-20260925-BL,SCN-BASELINE,ASN-0035,PO-SCH-0035,SUP-004,P-COMP-005,HU-IN-00035,190,SUPLOT-P-COMP-005-035,CAR-03,2025-12-26,2025-12-29,RECEIVED
TEN-COOLIT-SYN-001,SITE-COOLIT-SYN-01,ERP,ADVANCE_SHIP_NOTICE,ASN-0036,PO-SCH-0036,RESOLVED,2026-09-25T23:59:59-06:00,2026-09-26T08:00:00-06:00,2026-06-29T00:00:00-06:00,,1,,false,ACTIVE,EA,,VALID,CURRENT,coolit-synthetic-v2.0.0,ALL_SYNTHETIC_CUSTOMERS,ALL_SYNTHETIC_PROGRAMS,P-COMP-006,SYNTHETIC_INTERNAL,SNP-COOLIT-20260925-BL,SCN-BASELINE,ASN-0036,PO-SCH-0036,SUP-007,P-COMP-006,HU-IN-00036,205,SUPLOT-P-COMP-006-036,CAR-04,2026-01-03,2026-01-06,RECEIVED
TEN-COOLIT-SYN-001,SITE-COOLIT-SYN-01,ERP,ADVANCE_SHIP_NOTICE,ASN-0037,PO-SCH-0037,RESOLVED,2026-09-25T23:59:59-06:00,2026-09-26T08:00:00-06:00,2026-06-29T00:00:00-06:00,,1,,false,ACTIVE,EA,,VALID,CURRENT,coolit-synthetic-v2.0.0,ALL_SYNTHETIC_CUSTOMERS,ALL_SYNTHETIC_PROGRAMS,P-COMP-007,SYNTHETIC_INTERNAL,SNP-COOLIT-20260925-BL,SCN-BASELINE,ASN-0037,PO-SCH-0037,SUP-010,P-COMP-007,HU-IN-00037,40,SUPLOT-P-COMP-007-037,CAR-01,2026-01-11,2026-01-14,RECEIVED
TEN-COOLIT-SYN-001,SITE-COOLIT-SYN-01,ERP,ADVANCE_SHIP_NOTICE,ASN-0038,PO-SCH-0038,RESOLVED,2026-09-25T23:59:59-06:00,2026-09-26T08:00:00-06:00,2026-06-29T00:00:00-06:00,,1,,false,ACTIVE,EA,,VALID,CURRENT,coolit-synthetic-v2.0.0,ALL_SYNTHETIC_CUSTOMERS,ALL_SYNTHETIC_PROGRAMS,P-COMP-008,SYNTHETIC_INTERNAL,SNP-COOLIT-20260925-BL,SCN-BASELINE,ASN-0038,PO-SCH-0038,SUP-003,P-COMP-008,HU-IN-00038,55,SUPLOT-P-COMP-008-038,CAR-02,2026-01-19,2026-01-22,RECEIVED
TEN-COOLIT-SYN-001,SITE-COOLIT-SYN-01,ERP,ADVANCE_SHIP_NOTICE,ASN-0039,PO-SCH-0039,RESOLVED,2026-09-25T23:59:59-06:00,2026-09-26T08:00:00-06:00,2026-06-29T00:00:00-06:00,,1,,false,ACTIVE,EA,,VALID,CURRENT,coolit-synthetic-v2.0.0,ALL_SYNTHETIC_CUSTOMERS,ALL_SYNTHETIC_PROGRAMS,P-COMP-009,SYNTHETIC_INTERNAL,SNP-COOLIT-20260925-BL,SCN-BASELINE,ASN-0039,PO-SCH-0039,SUP-006,P-COMP-009,HU-IN-00039,70,SUPLOT-P-COMP-009-039,CAR-03,2026-01-27,2026-01-30,RECEIVED
TEN-COOLIT-SYN-001,SITE-COOLIT-SYN-01,ERP,ADVANCE_SHIP_NOTICE,ASN-0040,PO-SCH-0040,RESOLVED,2026-09-25T23:59:59-06:00,2026-09-26T08:00:00-06:00,2026-06-29T00:00:00-06:00,,1,,false,ACTIVE,EA,,VALID,CURRENT,coolit-synthetic-v2.0.0,ALL_SYNTHETIC_CUSTOMERS,ALL_SYNTHETIC_PROGRAMS,P-COMP-010,SYNTHETIC_INTERNAL,SNP-COOLIT-20260925-BL,SCN-BASELINE,ASN-0040,PO-SCH-0040,SUP-009,P-COMP-010,HU-IN-00040,85,SUPLOT-P-COMP-010-040,CAR-04,2026-02-04,2026-02-07,RECEIVED
TEN-COOLIT-SYN-001,SITE-COOLIT-SYN-01,ERP,ADVANCE_SHIP_NOTICE,ASN-0041,PO-SCH-0041,RESOLVED,2026-09-25T23:59:59-06:00,2026-09-26T08:00:00-06:00,2026-06-29T00:00:00-06:00,,1,,false,ACTIVE,EA,,VALID,CURRENT,coolit-synthetic-v2.0.0,ALL_SYNTHETIC_CUSTOMERS,ALL_SYNTHETIC_PROGRAMS,P-COMP-011,SYNTHETIC_INTERNAL,SNP-COOLIT-20260925-BL,SCN-BASELINE,ASN-0041,PO-SCH-0041,SUP-002,P-COMP-011,HU-IN-00041,100,SUPLOT-P-COMP-011-041,CAR-01,2026-02-12,2026-02-15,RECEIVED
TEN-COOLIT-SYN-001,SITE-COOLIT-SYN-01,ERP,ADVANCE_SHIP_NOTICE,ASN-0042,PO-SCH-0042,RESOLVED,2026-09-25T23:59:59-06:00,2026-09-26T08:00:00-06:00,2026-06-29T00:00:00-06:00,,1,,false,ACTIVE,EA,,VALID,CURRENT,coolit-synthetic-v2.0.0,ALL_SYNTHETIC_CUSTOMERS,ALL_SYNTHETIC_PROGRAMS,P-COMP-012,SYNTHETIC_INTERNAL,SNP-COOLIT-20260925-BL,SCN-BASELINE,ASN-0042,PO-SCH-0042,SUP-005,P-COMP-012,HU-IN-00042,115,SUPLOT-P-COMP-012-042,CAR-02,2026-02-20,2026-02-23,RECEIVED
TEN-COOLIT-SYN-001,SITE-COOLIT-SYN-01,ERP,ADVANCE_SHIP_NOTICE,ASN-0043,PO-SCH-0043,RESOLVED,2026-09-25T23:59:59-06:00,2026-09-26T08:00:00-06:00,2026-06-29T00:00:00-06:00,,1,,false,ACTIVE,EA,,VALID,CURRENT,coolit-synthetic-v2.0.0,ALL_SYNTHETIC_CUSTOMERS,ALL_SYNTHETIC_PROGRAMS,P-COMP-013,SYNTHETIC_INTERNAL,SNP-COOLIT-20260925-BL,SCN-BASELINE,ASN-0043,PO-SCH-0043,SUP-008,P-COMP-013,HU-IN-00043,130,SUPLOT-P-COMP-013-043,CAR-03,2026-02-28,2026-03-03,RECEIVED
TEN-COOLIT-SYN-001,SITE-COOLIT-SYN-01,ERP,ADVANCE_SHIP_NOTICE,ASN-0044,PO-SCH-0044,RESOLVED,2026-09-25T23:59:59-06:00,2026-09-26T08:00:00-06:00,2026-06-29T00:00:00-06:00,,1,,false,ACTIVE,EA,,VALID,CURRENT,coolit-synthetic-v2.0.0,ALL_SYNTHETIC_CUSTOMERS,ALL_SYNTHETIC_PROGRAMS,P-COMP-014,SYNTHETIC_INTERNAL,SNP-COOLIT-20260925-BL,SCN-BASELINE,ASN-0044,PO-SCH-0044,SUP-001,P-COMP-014,HU-IN-00044,145,SUPLOT-P-COMP-014-044,CAR-04,2026-03-08,2026-03-11,RECEIVED
TEN-COOLIT-SYN-001,SITE-COOLIT-SYN-01,ERP,ADVANCE_SHIP_NOTICE,ASN-0045,PO-SCH-0045,RESOLVED,2026-09-25T23:59:59-06:00,2026-09-26T08:00:00-06:00,2026-06-29T00:00:00-06:00,,1,,false,ACTIVE,EA,,VALID,CURRENT,coolit-synthetic-v2.0.0,ALL_SYNTHETIC_CUSTOMERS,ALL_SYNTHETIC_PROGRAMS,P-COMP-015,SYNTHETIC_INTERNAL,SNP-COOLIT-20260925-BL,SCN-BASELINE,ASN-0045,PO-SCH-0045,SUP-004,P-COMP-015,HU-IN-00045,160,SUPLOT-P-COMP-015-045,CAR-01,2026-03-16,2026-03-19,RECEIVED
TEN-COOLIT-SYN-001,SITE-COOLIT-SYN-01,ERP,ADVANCE_SHIP_NOTICE,ASN-0046,PO-SCH-0046,RESOLVED,2026-09-25T23:59:59-06:00,2026-09-26T08:00:00-06:00,2026-06-29T00:00:00-06:00,,1,,false,ACTIVE,EA,,VALID,CURRENT,coolit-synthetic-v2.0.0,ALL_SYNTHETIC_CUSTOMERS,ALL_SYNTHETIC_PROGRAMS,P-COMP-016,SYNTHETIC_INTERNAL,SNP-COOLIT-20260925-BL,SCN-BASELINE,ASN-0046,PO-SCH-0046,SUP-007,P-COMP-016,HU-IN-00046,175,SUPLOT-P-COMP-016-046,CAR-02,2026-03-24,2026-03-27,RECEIVED
TEN-COOLIT-SYN-001,SITE-COOLIT-SYN-01,ERP,ADVANCE_SHIP_NOTICE,ASN-0047,PO-SCH-0047,RESOLVED,2026-09-25T23:59:59-06:00,2026-09-26T08:00:00-06:00,2026-06-29T00:00:00-06:00,,1,,false,ACTIVE,EA,,VALID,CURRENT,coolit-synthetic-v2.0.0,ALL_SYNTHETIC_CUSTOMERS,ALL_SYNTHETIC_PROGRAMS,P-COMP-017,SYNTHETIC_INTERNAL,SNP-COOLIT-20260925-BL,SCN-BASELINE,ASN-0047,PO-SCH-0047,SUP-010,P-COMP-017,HU-IN-00047,190,SUPLOT-P-COMP-017-047,CAR-03,2026-04-01,2026-04-04,RECEIVED
TEN-COOLIT-SYN-001,SITE-COOLIT-SYN-01,ERP,ADVANCE_SHIP_NOTICE,ASN-0048,PO-SCH-0048,RESOLVED,2026-09-25T23:59:59-06:00,2026-09-26T08:00:00-06:00,2026-06-29T00:00:00-06:00,,1,,false,ACTIVE,EA,,VALID,CURRENT,coolit-synthetic-v2.0.0,ALL_SYNTHETIC_CUSTOMERS,ALL_SYNTHETIC_PROGRAMS,P-COMP-018,SYNTHETIC_INTERNAL,SNP-COOLIT-20260925-BL,SCN-BASELINE,ASN-0048,PO-SCH-0048,SUP-003,P-COMP-018,HU-IN-00048,205,SUPLOT-P-COMP-018-048,CAR-04,2026-04-09,2026-04-12,RECEIVED
TEN-COOLIT-SYN-001,SITE-COOLIT-SYN-01,ERP,ADVANCE_SHIP_NOTICE,ASN-0049,PO-SCH-0049,RESOLVED,2026-09-25T23:59:59-06:00,2026-09-26T08:00:00-06:00,2026-06-29T00:00:00-06:00,,1,,false,ACTIVE,EA,,VALID,CURRENT,coolit-synthetic-v2.0.0,ALL_SYNTHETIC_CUSTOMERS,ALL_SYNTHETIC_PROGRAMS,P-COMP-019,SYNTHETIC_INTERNAL,SNP-COOLIT-20260925-BL,SCN-BASELINE,ASN-0049,PO-SCH-0049,SUP-006,P-COMP-019,HU-IN-00049,40,SUPLOT-P-COMP-019-049,CAR-01,2026-04-17,2026-04-20,RECEIVED
TEN-COOLIT-SYN-001,SITE-COOLIT-SYN-01,ERP,ADVANCE_SHIP_NOTICE,ASN-0050,PO-SCH-0050,RESOLVED,2026-09-25T23:59:59-06:00,2026-09-26T08:00:00-06:00,2026-06-29T00:00:00-06:00,,1,,false,ACTIVE,EA,,VALID,CURRENT,coolit-synthetic-v2.0.0,ALL_SYNTHETIC_CUSTOMERS,ALL_SYNTHETIC_PROGRAMS,P-COMP-020,SYNTHETIC_INTERNAL,SNP-COOLIT-20260925-BL,SCN-BASELINE,ASN-0050,PO-SCH-0050,SUP-009,P-COMP-020,HU-IN-00050,55,SUPLOT-P-COMP-020-050,CAR-02,2026-04-25,2026-04-28,RECEIVED
TEN-COOLIT-SYN-001,SITE-COOLIT-SYN-01,ERP,ADVANCE_SHIP_NOTICE,ASN-0051,PO-SCH-0051,RESOLVED,2026-09-25T23:59:59-06:00,2026-09-26T08:00:00-06:00,2026-06-29T00:00:00-06:00,,1,,false,ACTIVE,EA,,VALID,CURRENT,coolit-synthetic-v2.0.0,ALL_SYNTHETIC_CUSTOMERS,ALL_SYNTHETIC_PROGRAMS,P-COMP-021,SYNTHETIC_INTERNAL,SNP-COOLIT-20260925-BL,SCN-BASELINE,ASN-0051,PO-SCH-0051,SUP-002,P-COMP-021,HU-IN-00051,70,SUPLOT-P-COMP-021-051,CAR-03,2026-05-03,2026-05-06,RECEIVED
TEN-COOLIT-SYN-001,SITE-COOLIT-SYN-01,ERP,ADVANCE_SHIP_NOTICE,ASN-0052,PO-SCH-0052,RESOLVED,2026-09-25T23:59:59-06:00,2026-09-26T08:00:00-06:00,2026-06-29T00:00:00-06:00,,1,,false,ACTIVE,EA,,VALID,CURRENT,coolit-synthetic-v2.0.0,ALL_SYNTHETIC_CUSTOMERS,ALL_SYNTHETIC_PROGRAMS,P-COMP-022,SYNTHETIC_INTERNAL,SNP-COOLIT-20260925-BL,SCN-BASELINE,ASN-0052,PO-SCH-0052,SUP-005,P-COMP-022,HU-IN-00052,85,SUPLOT-P-COMP-022-052,CAR-04,2026-05-11,2026-05-14,RECEIVED
TEN-COOLIT-SYN-001,SITE-COOLIT-SYN-01,ERP,ADVANCE_SHIP_NOTICE,ASN-0053,PO-SCH-0053,RESOLVED,2026-09-25T23:59:59-06:00,2026-09-26T08:00:00-06:00,2026-06-29T00:00:00-06:00,,1,,false,ACTIVE,EA,,VALID,CURRENT,coolit-synthetic-v2.0.0,ALL_SYNTHETIC_CUSTOMERS,ALL_SYNTHETIC_PROGRAMS,P-COMP-023,SYNTHETIC_INTERNAL,SNP-COOLIT-20260925-BL,SCN-BASELINE,ASN-0053,PO-SCH-0053,SUP-008,P-COMP-023,HU-IN-00053,100,SUPLOT-P-COMP-023-053,CAR-01,2026-05-19,2026-05-22,RECEIVED
TEN-COOLIT-SYN-001,SITE-COOLIT-SYN-01,ERP,ADVANCE_SHIP_NOTICE,ASN-0054,PO-SCH-0054,RESOLVED,2026-09-25T23:59:59-06:00,2026-09-26T08:00:00-06:00,2026-06-29T00:00:00-06:00,,1,,false,ACTIVE,EA,,VALID,CURRENT,coolit-synthetic-v2.0.0,ALL_SYNTHETIC_CUSTOMERS,ALL_SYNTHETIC_PROGRAMS,P-COMP-024,SYNTHETIC_INTERNAL,SNP-COOLIT-20260925-BL,SCN-BASELINE,ASN-0054,PO-SCH-0054,SUP-001,P-COMP-024,HU-IN-00054,115,SUPLOT-P-COMP-024-054,CAR-02,2026-05-27,2026-05-30,RECEIVED
TEN-COOLIT-SYN-001,SITE-COOLIT-SYN-01,ERP,ADVANCE_SHIP_NOTICE,ASN-0055,PO-SCH-0055,RESOLVED,2026-09-25T23:59:59-06:00,2026-09-26T08:00:00-06:00,2026-06-29T00:00:00-06:00,,1,,false,ACTIVE,EA,,VALID,CURRENT,coolit-synthetic-v2.0.0,ALL_SYNTHETIC_CUSTOMERS,ALL_SYNTHETIC_PROGRAMS,P-COMP-025,SYNTHETIC_INTERNAL,SNP-COOLIT-20260925-BL,SCN-BASELINE,ASN-0055,PO-SCH-0055,SUP-004,P-COMP-025,HU-IN-00055,130,SUPLOT-P-COMP-025-055,CAR-03,2026-06-04,2026-06-07,RECEIVED
TEN-COOLIT-SYN-001,SITE-COOLIT-SYN-01,ERP,ADVANCE_SHIP_NOTICE,ASN-0056,PO-SCH-0056,RESOLVED,2026-09-25T23:59:59-06:00,2026-09-26T08:00:00-06:00,2026-06-29T00:00:00-06:00,,1,,false,ACTIVE,EA,,VALID,CURRENT,coolit-synthetic-v2.0.0,ALL_SYNTHETIC_CUSTOMERS,ALL_SYNTHETIC_PROGRAMS,P-COMP-026,SYNTHETIC_INTERNAL,SNP-COOLIT-20260925-BL,SCN-BASELINE,ASN-0056,PO-SCH-0056,SUP-007,P-COMP-026,HU-IN-00056,145,SUPLOT-P-COMP-026-056,CAR-04,2026-06-12,2026-06-15,RECEIVED
TEN-COOLIT-SYN-001,SITE-COOLIT-SYN-01,ERP,ADVANCE_SHIP_NOTICE,ASN-0057,PO-SCH-0057,RESOLVED,2026-09-25T23:59:59-06:00,2026-09-26T08:00:00-06:00,2026-06-29T00:00:00-06:00,,1,,false,ACTIVE,EA,,VALID,CURRENT,coolit-synthetic-v2.0.0,ALL_SYNTHETIC_CUSTOMERS,ALL_SYNTHETIC_PROGRAMS,P-COMP-027,SYNTHETIC_INTERNAL,SNP-COOLIT-20260925-BL,SCN-BASELINE,ASN-0057,PO-SCH-0057,SUP-010,P-COMP-027,HU-IN-00057,160,SUPLOT-P-COMP-027-057,CAR-01,2026-06-20,2026-06-23,RECEIVED
TEN-COOLIT-SYN-001,SITE-COOLIT-SYN-01,ERP,ADVANCE_SHIP_NOTICE,ASN-0058,PO-SCH-0058,RESOLVED,2026-09-25T23:59:59-06:00,2026-09-26T08:00:00-06:00,2026-06-29T00:00:00-06:00,,1,,false,ACTIVE,EA,,VALID,CURRENT,coolit-synthetic-v2.0.0,ALL_SYNTHETIC_CUSTOMERS,ALL_SYNTHETIC_PROGRAMS,P-COMP-028,SYNTHETIC_INTERNAL,SNP-COOLIT-20260925-BL,SCN-BASELINE,ASN-0058,PO-SCH-0058,SUP-003,P-COMP-028,HU-IN-00058,175,SUPLOT-P-COMP-028-058,CAR-02,2026-06-28,2026-07-01,RECEIVED
TEN-COOLIT-SYN-001,SITE-COOLIT-SYN-01,ERP,ADVANCE_SHIP_NOTICE,ASN-0059,PO-SCH-0059,RESOLVED,2026-09-25T23:59:59-06:00,2026-09-26T08:00:00-06:00,2026-06-29T00:00:00-06:00,,1,,false,ACTIVE,EA,,VALID,CURRENT,coolit-synthetic-v2.0.0,ALL_SYNTHETIC_CUSTOMERS,ALL_SYNTHETIC_PROGRAMS,P-COMP-029,SYNTHETIC_INTERNAL,SNP-COOLIT-20260925-BL,SCN-BASELINE,ASN-0059,PO-SCH-0059,SUP-006,P-COMP-029,HU-IN-00059,190,SUPLOT-P-COMP-029-059,CAR-03,2026-07-06,2026-07-09,RECEIVED
TEN-COOLIT-SYN-001,SITE-COOLIT-SYN-01,ERP,ADVANCE_SHIP_NOTICE,ASN-0060,PO-SCH-0060,RESOLVED,2026-09-25T23:59:59-06:00,2026-09-26T08:00:00-06:00,2026-06-29T00:00:00-06:00,,1,,false,ACTIVE,EA,,VALID,CURRENT,coolit-synthetic-v2.0.0,ALL_SYNTHETIC_CUSTOMERS,ALL_SYNTHETIC_PROGRAMS,P-COMP-030,SYNTHETIC_INTERNAL,SNP-COOLIT-20260925-BL,SCN-BASELINE,ASN-0060,PO-SCH-0060,SUP-009,P-COMP-030,HU-IN-00060,205,SUPLOT-P-COMP-030-060,CAR-04,2026-07-14,2026-07-17,RECEIVED
