tenant_id,site_id,source_system,source_object,source_record_id,canonical_id,crosswalk_status,source_event_at,ingested_at,effective_from,effective_to,record_version,supersedes_source_record_id,is_deleted,semantic_status,uom,currency,data_quality_state,freshness_state,transformation_version,customer_scope,program_scope,product_scope,sensitivity_class,snapshot_id,scenario_id,inbound_shipment_id,asn_line_id,carrier_id,pickup_at,arrived_at,dock_id,exception_state,proof_reference
TEN-COOLIT-SYN-001,SITE-COOLIT-SYN-01,ERP,INBOUND_SHIPMENT,INB-0001,ASN-0001,RESOLVED,2026-09-25T23:59:59-06:00,2026-09-26T08:00:00-06:00,2026-06-29T00:00:00-06:00,,1,,false,ACTIVE,,,VALID,CURRENT,coolit-synthetic-v2.0.0,ALL_SYNTHETIC_CUSTOMERS,ALL_SYNTHETIC_PROGRAMS,P-QD-001,SYNTHETIC_INTERNAL,SNP-COOLIT-20260925-BL,SCN-BASELINE,INB-0001,ASN-0001,CAR-01,2025-03-29T09:00:00-06:00,2025-04-01T10:00:00-06:00,DOCK-1,LATE_ARRIVAL_RESOLVED,synthetic://inbound/INB-0001
TEN-COOLIT-SYN-001,SITE-COOLIT-SYN-01,ERP,INBOUND_SHIPMENT,INB-0002,ASN-0002,RESOLVED,2026-09-25T23:59:59-06:00,2026-09-26T08:00:00-06:00,2026-06-29T00:00:00-06:00,,1,,false,ACTIVE,,,VALID,CURRENT,coolit-synthetic-v2.0.0,ALL_SYNTHETIC_CUSTOMERS,ALL_SYNTHETIC_PROGRAMS,P-QD-002,SYNTHETIC_INTERNAL,SNP-COOLIT-20260925-BL,SCN-BASELINE,INB-0002,ASN-0002,CAR-02,2025-04-06T09:00:00-06:00,2025-04-09T10:00:00-06:00,DOCK-2,ON_TIME,synthetic://inbound/INB-0002
TEN-COOLIT-SYN-001,SITE-COOLIT-SYN-01,ERP,INBOUND_SHIPMENT,INB-0003,ASN-0003,RESOLVED,2026-09-25T23:59:59-06:00,2026-09-26T08:00:00-06:00,2026-06-29T00:00:00-06:00,,1,,false,ACTIVE,,,VALID,CURRENT,coolit-synthetic-v2.0.0,ALL_SYNTHETIC_CUSTOMERS,ALL_SYNTHETIC_PROGRAMS,P-QD-003,SYNTHETIC_INTERNAL,SNP-COOLIT-20260925-BL,SCN-BASELINE,INB-0003,ASN-0003,CAR-03,2025-04-14T09:00:00-06:00,2025-04-17T10:00:00-06:00,DOCK-3,ON_TIME,synthetic://inbound/INB-0003
TEN-COOLIT-SYN-001,SITE-COOLIT-SYN-01,ERP,INBOUND_SHIPMENT,INB-0004,ASN-0004,RESOLVED,2026-09-25T23:59:59-06:00,2026-09-26T08:00:00-06:00,2026-06-29T00:00:00-06:00,,1,,false,ACTIVE,,,VALID,CURRENT,coolit-synthetic-v2.0.0,ALL_SYNTHETIC_CUSTOMERS,ALL_SYNTHETIC_PROGRAMS,P-QD-004,SYNTHETIC_INTERNAL,SNP-COOLIT-20260925-BL,SCN-BASELINE,INB-0004,ASN-0004,CAR-04,2025-04-22T09:00:00-06:00,2025-04-25T10:00:00-06:00,DOCK-4,ON_TIME,synthetic://inbound/INB-0004
TEN-COOLIT-SYN-001,SITE-COOLIT-SYN-01,ERP,INBOUND_SHIPMENT,INB-0005,ASN-0005,RESOLVED,2026-09-25T23:59:59-06:00,2026-09-26T08:00:00-06:00,2026-06-29T00:00:00-06:00,,1,,false,ACTIVE,,,VALID,CURRENT,coolit-synthetic-v2.0.0,ALL_SYNTHETIC_CUSTOMERS,ALL_SYNTHETIC_PROGRAMS,P-QD-005,SYNTHETIC_INTERNAL,SNP-COOLIT-20260925-BL,SCN-BASELINE,INB-0005,ASN-0005,CAR-01,2025-04-30T09:00:00-06:00,2025-05-03T10:00:00-06:00,DOCK-1,ON_TIME,synthetic://inbound/INB-0005
TEN-COOLIT-SYN-001,SITE-COOLIT-SYN-01,ERP,INBOUND_SHIPMENT,INB-0006,ASN-0006,RESOLVED,2026-09-25T23:59:59-06:00,2026-09-26T08:00:00-06:00,2026-06-29T00:00:00-06:00,,1,,false,ACTIVE,,,VALID,CURRENT,coolit-synthetic-v2.0.0,ALL_SYNTHETIC_CUSTOMERS,ALL_SYNTHETIC_PROGRAMS,P-QD-006,SYNTHETIC_INTERNAL,SNP-COOLIT-20260925-BL,SCN-BASELINE,INB-0006,ASN-0006,CAR-02,2025-05-08T09:00:00-06:00,2025-05-11T10:00:00-06:00,DOCK-2,ON_TIME,synthetic://inbound/INB-0006
TEN-COOLIT-SYN-001,SITE-COOLIT-SYN-01,ERP,INBOUND_SHIPMENT,INB-0007,ASN-0007,RESOLVED,2026-09-25T23:59:59-06:00,2026-09-26T08:00:00-06:00,2026-06-29T00:00:00-06:00,,1,,false,ACTIVE,,,VALID,CURRENT,coolit-synthetic-v2.0.0,ALL_SYNTHETIC_CUSTOMERS,ALL_SYNTHETIC_PROGRAMS,P-QD-007,SYNTHETIC_INTERNAL,SNP-COOLIT-20260925-BL,SCN-BASELINE,INB-0007,ASN-0007,CAR-03,2025-05-16T09:00:00-06:00,2025-05-19T10:00:00-06:00,DOCK-3,ON_TIME,synthetic://inbound/INB-0007
TEN-COOLIT-SYN-001,SITE-COOLIT-SYN-01,ERP,INBOUND_SHIPMENT,INB-0008,ASN-0008,RESOLVED,2026-09-25T23:59:59-06:00,2026-09-26T08:00:00-06:00,2026-06-29T00:00:00-06:00,,1,,false,ACTIVE,,,VALID,CURRENT,coolit-synthetic-v2.0.0,ALL_SYNTHETIC_CUSTOMERS,ALL_SYNTHETIC_PROGRAMS,P-QD-008,SYNTHETIC_INTERNAL,SNP-COOLIT-20260925-BL,SCN-BASELINE,INB-0008,ASN-0008,CAR-04,2025-05-24T09:00:00-06:00,2025-05-27T10:00:00-06:00,DOCK-4,ON_TIME,synthetic://inbound/INB-0008
TEN-COOLIT-SYN-001,SITE-COOLIT-SYN-01,ERP,INBOUND_SHIPMENT,INB-0009,ASN-0009,RESOLVED,2026-09-25T23:59:59-06:00,2026-09-26T08:00:00-06:00,2026-06-29T00:00:00-06:00,,1,,false,ACTIVE,,,VALID,CURRENT,coolit-synthetic-v2.0.0,ALL_SYNTHETIC_CUSTOMERS,ALL_SYNTHETIC_PROGRAMS,P-QD-009,SYNTHETIC_INTERNAL,SNP-COOLIT-20260925-BL,SCN-BASELINE,INB-0009,ASN-0009,CAR-01,2025-06-01T09:00:00-06:00,2025-06-04T10:00:00-06:00,DOCK-1,ON_TIME,synthetic://inbound/INB-0009
TEN-COOLIT-SYN-001,SITE-COOLIT-SYN-01,ERP,INBOUND_SHIPMENT,INB-0010,ASN-0010,RESOLVED,2026-09-25T23:59:59-06:00,2026-09-26T08:00:00-06:00,2026-06-29T00:00:00-06:00,,1,,false,ACTIVE,,,VALID,CURRENT,coolit-synthetic-v2.0.0,ALL_SYNTHETIC_CUSTOMERS,ALL_SYNTHETIC_PROGRAMS,P-QD-010,SYNTHETIC_INTERNAL,SNP-COOLIT-20260925-BL,SCN-BASELINE,INB-0010,ASN-0010,CAR-02,2025-06-09T09:00:00-06:00,2025-06-12T10:00:00-06:00,DOCK-2,ON_TIME,synthetic://inbound/INB-0010
TEN-COOLIT-SYN-001,SITE-COOLIT-SYN-01,ERP,INBOUND_SHIPMENT,INB-0011,ASN-0011,RESOLVED,2026-09-25T23:59:59-06:00,2026-09-26T08:00:00-06:00,2026-06-29T00:00:00-06:00,,1,,false,ACTIVE,,,VALID,CURRENT,coolit-synthetic-v2.0.0,ALL_SYNTHETIC_CUSTOMERS,ALL_SYNTHETIC_PROGRAMS,P-PUMP-001,SYNTHETIC_INTERNAL,SNP-COOLIT-20260925-BL,SCN-BASELINE,INB-0011,ASN-0011,CAR-03,2025-06-17T09:00:00-06:00,2025-06-20T10:00:00-06:00,DOCK-3,ON_TIME,synthetic://inbound/INB-0011
TEN-COOLIT-SYN-001,SITE-COOLIT-SYN-01,ERP,INBOUND_SHIPMENT,INB-0012,ASN-0012,RESOLVED,2026-09-25T23:59:59-06:00,2026-09-26T08:00:00-06:00,2026-06-29T00:00:00-06:00,,1,,false,ACTIVE,,,VALID,CURRENT,coolit-synthetic-v2.0.0,ALL_SYNTHETIC_CUSTOMERS,ALL_SYNTHETIC_PROGRAMS,P-PUMP-002,SYNTHETIC_INTERNAL,SNP-COOLIT-20260925-BL,SCN-BASELINE,INB-0012,ASN-0012,CAR-04,2025-06-25T09:00:00-06:00,2025-06-28T10:00:00-06:00,DOCK-4,ON_TIME,synthetic://inbound/INB-0012
TEN-COOLIT-SYN-001,SITE-COOLIT-SYN-01,ERP,INBOUND_SHIPMENT,INB-0013,ASN-0013,RESOLVED,2026-09-25T23:59:59-06:00,2026-09-26T08:00:00-06:00,2026-06-29T00:00:00-06:00,,1,,false,ACTIVE,,,VALID,CURRENT,coolit-synthetic-v2.0.0,ALL_SYNTHETIC_CUSTOMERS,ALL_SYNTHETIC_PROGRAMS,P-PUMP-003,SYNTHETIC_INTERNAL,SNP-COOLIT-20260925-BL,SCN-BASELINE,INB-0013,ASN-0013,CAR-01,2025-07-03T09:00:00-06:00,2025-07-06T10:00:00-06:00,DOCK-1,ON_TIME,synthetic://inbound/INB-0013
TEN-COOLIT-SYN-001,SITE-COOLIT-SYN-01,ERP,INBOUND_SHIPMENT,INB-0014,ASN-0014,RESOLVED,2026-09-25T23:59:59-06:00,2026-09-26T08:00:00-06:00,2026-06-29T00:00:00-06:00,,1,,false,ACTIVE,,,VALID,CURRENT,coolit-synthetic-v2.0.0,ALL_SYNTHETIC_CUSTOMERS,ALL_SYNTHETIC_PROGRAMS,P-PUMP-004,SYNTHETIC_INTERNAL,SNP-COOLIT-20260925-BL,SCN-BASELINE,INB-0014,ASN-0014,CAR-02,2025-07-11T09:00:00-06:00,2025-07-14T10:00:00-06:00,DOCK-2,ON_TIME,synthetic://inbound/INB-0014
TEN-COOLIT-SYN-001,SITE-COOLIT-SYN-01,ERP,INBOUND_SHIPMENT,INB-0015,ASN-0015,RESOLVED,2026-09-25T23:59:59-06:00,2026-09-26T08:00:00-06:00,2026-06-29T00:00:00-06:00,,1,,false,ACTIVE,,,VALID,CURRENT,coolit-synthetic-v2.0.0,ALL_SYNTHETIC_CUSTOMERS,ALL_SYNTHETIC_PROGRAMS,P-PUMP-005,SYNTHETIC_INTERNAL,SNP-COOLIT-20260925-BL,SCN-BASELINE,INB-0015,ASN-0015,CAR-03,2025-07-19T09:00:00-06:00,2025-07-22T10:00:00-06:00,DOCK-3,ON_TIME,synthetic://inbound/INB-0015
TEN-COOLIT-SYN-001,SITE-COOLIT-SYN-01,ERP,INBOUND_SHIPMENT,INB-0016,ASN-0016,RESOLVED,2026-09-25T23:59:59-06:00,2026-09-26T08:00:00-06:00,2026-06-29T00:00:00-06:00,,1,,false,ACTIVE,,,VALID,CURRENT,coolit-synthetic-v2.0.0,ALL_SYNTHETIC_CUSTOMERS,ALL_SYNTHETIC_PROGRAMS,P-PUMP-006,SYNTHETIC_INTERNAL,SNP-COOLIT-20260925-BL,SCN-BASELINE,INB-0016,ASN-0016,CAR-04,2025-07-27T09:00:00-06:00,2025-07-30T10:00:00-06:00,DOCK-4,ON_TIME,synthetic://inbound/INB-0016
TEN-COOLIT-SYN-001,SITE-COOLIT-SYN-01,ERP,INBOUND_SHIPMENT,INB-0017,ASN-0017,RESOLVED,2026-09-25T23:59:59-06:00,2026-09-26T08:00:00-06:00,2026-06-29T00:00:00-06:00,,1,,false,ACTIVE,,,VALID,CURRENT,coolit-synthetic-v2.0.0,ALL_SYNTHETIC_CUSTOMERS,ALL_SYNTHETIC_PROGRAMS,P-PUMP-007,SYNTHETIC_INTERNAL,SNP-COOLIT-20260925-BL,SCN-BASELINE,INB-0017,ASN-0017,CAR-01,2025-08-04T09:00:00-06:00,2025-08-07T10:00:00-06:00,DOCK-1,ON_TIME,synthetic://inbound/INB-0017
TEN-COOLIT-SYN-001,SITE-COOLIT-SYN-01,ERP,INBOUND_SHIPMENT,INB-0018,ASN-0018,RESOLVED,2026-09-25T23:59:59-06:00,2026-09-26T08:00:00-06:00,2026-06-29T00:00:00-06:00,,1,,false,ACTIVE,,,VALID,CURRENT,coolit-synthetic-v2.0.0,ALL_SYNTHETIC_CUSTOMERS,ALL_SYNTHETIC_PROGRAMS,P-PUMP-008,SYNTHETIC_INTERNAL,SNP-COOLIT-20260925-BL,SCN-BASELINE,INB-0018,ASN-0018,CAR-02,2025-08-12T09:00:00-06:00,2025-08-15T10:00:00-06:00,DOCK-2,ON_TIME,synthetic://inbound/INB-0018
TEN-COOLIT-SYN-001,SITE-COOLIT-SYN-01,ERP,INBOUND_SHIPMENT,INB-0019,ASN-0019,RESOLVED,2026-09-25T23:59:59-06:00,2026-09-26T08:00:00-06:00,2026-06-29T00:00:00-06:00,,1,,false,ACTIVE,,,VALID,CURRENT,coolit-synthetic-v2.0.0,ALL_SYNTHETIC_CUSTOMERS,ALL_SYNTHETIC_PROGRAMS,P-HX-001,SYNTHETIC_INTERNAL,SNP-COOLIT-20260925-BL,SCN-BASELINE,INB-0019,ASN-0019,CAR-03,2025-08-20T09:00:00-06:00,2025-08-23T10:00:00-06:00,DOCK-3,ON_TIME,synthetic://inbound/INB-0019
TEN-COOLIT-SYN-001,SITE-COOLIT-SYN-01,ERP,INBOUND_SHIPMENT,INB-0020,ASN-0020,RESOLVED,2026-09-25T23:59:59-06:00,2026-09-26T08:00:00-06:00,2026-06-29T00:00:00-06:00,,1,,false,ACTIVE,,,VALID,CURRENT,coolit-synthetic-v2.0.0,ALL_SYNTHETIC_CUSTOMERS,ALL_SYNTHETIC_PROGRAMS,P-HX-002,SYNTHETIC_INTERNAL,SNP-COOLIT-20260925-BL,SCN-BASELINE,INB-0020,ASN-0020,CAR-04,2025-08-28T09:00:00-06:00,2025-08-31T10:00:00-06:00,DOCK-4,ON_TIME,synthetic://inbound/INB-0020
TEN-COOLIT-SYN-001,SITE-COOLIT-SYN-01,ERP,INBOUND_SHIPMENT,INB-0021,ASN-0021,RESOLVED,2026-09-25T23:59:59-06:00,2026-09-26T08:00:00-06:00,2026-06-29T00:00:00-06:00,,1,,false,ACTIVE,,,VALID,CURRENT,coolit-synthetic-v2.0.0,ALL_SYNTHETIC_CUSTOMERS,ALL_SYNTHETIC_PROGRAMS,P-HX-003,SYNTHETIC_INTERNAL,SNP-COOLIT-20260925-BL,SCN-BASELINE,INB-0021,ASN-0021,CAR-01,2025-09-05T09:00:00-06:00,2025-09-08T10:00:00-06:00,DOCK-1,ON_TIME,synthetic://inbound/INB-0021
TEN-COOLIT-SYN-001,SITE-COOLIT-SYN-01,ERP,INBOUND_SHIPMENT,INB-0022,ASN-0022,RESOLVED,2026-09-25T23:59:59-06:00,2026-09-26T08:00:00-06:00,2026-06-29T00:00:00-06:00,,1,,false,ACTIVE,,,VALID,CURRENT,coolit-synthetic-v2.0.0,ALL_SYNTHETIC_CUSTOMERS,ALL_SYNTHETIC_PROGRAMS,P-HX-004,SYNTHETIC_INTERNAL,SNP-COOLIT-20260925-BL,SCN-BASELINE,INB-0022,ASN-0022,CAR-02,2025-09-13T09:00:00-06:00,2025-09-16T10:00:00-06:00,DOCK-2,ON_TIME,synthetic://inbound/INB-0022
TEN-COOLIT-SYN-001,SITE-COOLIT-SYN-01,ERP,INBOUND_SHIPMENT,INB-0023,ASN-0023,RESOLVED,2026-09-25T23:59:59-06:00,2026-09-26T08:00:00-06:00,2026-06-29T00:00:00-06:00,,1,,false,ACTIVE,,,VALID,CURRENT,coolit-synthetic-v2.0.0,ALL_SYNTHETIC_CUSTOMERS,ALL_SYNTHETIC_PROGRAMS,P-HX-005,SYNTHETIC_INTERNAL,SNP-COOLIT-20260925-BL,SCN-BASELINE,INB-0023,ASN-0023,CAR-03,2025-09-21T09:00:00-06:00,2025-09-24T10:00:00-06:00,DOCK-3,ON_TIME,synthetic://inbound/INB-0023
TEN-COOLIT-SYN-001,SITE-COOLIT-SYN-01,ERP,INBOUND_SHIPMENT,INB-0024,ASN-0024,RESOLVED,2026-09-25T23:59:59-06:00,2026-09-26T08:00:00-06:00,2026-06-29T00:00:00-06:00,,1,,false,ACTIVE,,,VALID,CURRENT,coolit-synthetic-v2.0.0,ALL_SYNTHETIC_CUSTOMERS,ALL_SYNTHETIC_PROGRAMS,P-HX-006,SYNTHETIC_INTERNAL,SNP-COOLIT-20260925-BL,SCN-BASELINE,INB-0024,ASN-0024,CAR-04,2025-09-29T09:00:00-06:00,2025-10-02T10:00:00-06:00,DOCK-4,LATE_ARRIVAL_RESOLVED,synthetic://inbound/INB-0024
TEN-COOLIT-SYN-001,SITE-COOLIT-SYN-01,ERP,INBOUND_SHIPMENT,INB-0025,ASN-0025,RESOLVED,2026-09-25T23:59:59-06:00,2026-09-26T08:00:00-06:00,2026-06-29T00:00:00-06:00,,1,,false,ACTIVE,,,VALID,CURRENT,coolit-synthetic-v2.0.0,ALL_SYNTHETIC_CUSTOMERS,ALL_SYNTHETIC_PROGRAMS,P-CTRL-001,SYNTHETIC_INTERNAL,SNP-COOLIT-20260925-BL,SCN-BASELINE,INB-0025,ASN-0025,CAR-01,2025-10-07T09:00:00-06:00,2025-10-10T10:00:00-06:00,DOCK-1,ON_TIME,synthetic://inbound/INB-0025
TEN-COOLIT-SYN-001,SITE-COOLIT-SYN-01,ERP,INBOUND_SHIPMENT,INB-0026,ASN-0026,RESOLVED,2026-09-25T23:59:59-06:00,2026-09-26T08:00:00-06:00,2026-06-29T00:00:00-06:00,,1,,false,ACTIVE,,,VALID,CURRENT,coolit-synthetic-v2.0.0,ALL_SYNTHETIC_CUSTOMERS,ALL_SYNTHETIC_PROGRAMS,P-CTRL-002,SYNTHETIC_INTERNAL,SNP-COOLIT-20260925-BL,SCN-BASELINE,INB-0026,ASN-0026,CAR-02,2025-10-15T09:00:00-06:00,2025-10-18T10:00:00-06:00,DOCK-2,ON_TIME,synthetic://inbound/INB-0026
TEN-COOLIT-SYN-001,SITE-COOLIT-SYN-01,ERP,INBOUND_SHIPMENT,INB-0027,ASN-0027,RESOLVED,2026-09-25T23:59:59-06:00,2026-09-26T08:00:00-06:00,2026-06-29T00:00:00-06:00,,1,,false,ACTIVE,,,VALID,CURRENT,coolit-synthetic-v2.0.0,ALL_SYNTHETIC_CUSTOMERS,ALL_SYNTHETIC_PROGRAMS,P-CTRL-003,SYNTHETIC_INTERNAL,SNP-COOLIT-20260925-BL,SCN-BASELINE,INB-0027,ASN-0027,CAR-03,2025-10-23T09:00:00-06:00,2025-10-26T10:00:00-06:00,DOCK-3,ON_TIME,synthetic://inbound/INB-0027
TEN-COOLIT-SYN-001,SITE-COOLIT-SYN-01,ERP,INBOUND_SHIPMENT,INB-0028,ASN-0028,RESOLVED,2026-09-25T23:59:59-06:00,2026-09-26T08:00:00-06:00,2026-06-29T00:00:00-06:00,,1,,false,ACTIVE,,,VALID,CURRENT,coolit-synthetic-v2.0.0,ALL_SYNTHETIC_CUSTOMERS,ALL_SYNTHETIC_PROGRAMS,P-CTRL-004,SYNTHETIC_INTERNAL,SNP-COOLIT-20260925-BL,SCN-BASELINE,INB-0028,ASN-0028,CAR-04,2025-10-31T09:00:00-06:00,2025-11-03T10:00:00-06:00,DOCK-4,ON_TIME,synthetic://inbound/INB-0028
TEN-COOLIT-SYN-001,SITE-COOLIT-SYN-01,ERP,INBOUND_SHIPMENT,INB-0029,ASN-0029,RESOLVED,2026-09-25T23:59:59-06:00,2026-09-26T08:00:00-06:00,2026-06-29T00:00:00-06:00,,1,,false,ACTIVE,,,VALID,CURRENT,coolit-synthetic-v2.0.0,ALL_SYNTHETIC_CUSTOMERS,ALL_SYNTHETIC_PROGRAMS,P-CTRL-005,SYNTHETIC_INTERNAL,SNP-COOLIT-20260925-BL,SCN-BASELINE,INB-0029,ASN-0029,CAR-01,2025-11-08T09:00:00-06:00,2025-11-11T10:00:00-06:00,DOCK-1,ON_TIME,synthetic://inbound/INB-0029
TEN-COOLIT-SYN-001,SITE-COOLIT-SYN-01,ERP,INBOUND_SHIPMENT,INB-0030,ASN-0030,RESOLVED,2026-09-25T23:59:59-06:00,2026-09-26T08:00:00-06:00,2026-06-29T00:00:00-06:00,,1,,false,ACTIVE,,,VALID,CURRENT,coolit-synthetic-v2.0.0,ALL_SYNTHETIC_CUSTOMERS,ALL_SYNTHETIC_PROGRAMS,P-CTRL-006,SYNTHETIC_INTERNAL,SNP-COOLIT-20260925-BL,SCN-BASELINE,INB-0030,ASN-0030,CAR-02,2025-11-16T09:00:00-06:00,2025-11-19T10:00:00-06:00,DOCK-2,ON_TIME,synthetic://inbound/INB-0030
TEN-COOLIT-SYN-001,SITE-COOLIT-SYN-01,ERP,INBOUND_SHIPMENT,INB-0031,ASN-0031,RESOLVED,2026-09-25T23:59:59-06:00,2026-09-26T08:00:00-06:00,2026-06-29T00:00:00-06:00,,1,,false,ACTIVE,,,VALID,CURRENT,coolit-synthetic-v2.0.0,ALL_SYNTHETIC_CUSTOMERS,ALL_SYNTHETIC_PROGRAMS,P-COMP-001,SYNTHETIC_INTERNAL,SNP-COOLIT-20260925-BL,SCN-BASELINE,INB-0031,ASN-0031,CAR-03,2025-11-24T09:00:00-06:00,2025-11-27T10:00:00-06:00,DOCK-3,ON_TIME,synthetic://inbound/INB-0031
TEN-COOLIT-SYN-001,SITE-COOLIT-SYN-01,ERP,INBOUND_SHIPMENT,INB-0032,ASN-0032,RESOLVED,2026-09-25T23:59:59-06:00,2026-09-26T08:00:00-06:00,2026-06-29T00:00:00-06:00,,1,,false,ACTIVE,,,VALID,CURRENT,coolit-synthetic-v2.0.0,ALL_SYNTHETIC_CUSTOMERS,ALL_SYNTHETIC_PROGRAMS,P-COMP-002,SYNTHETIC_INTERNAL,SNP-COOLIT-20260925-BL,SCN-BASELINE,INB-0032,ASN-0032,CAR-04,2025-12-02T09:00:00-06:00,2025-12-05T10:00:00-06:00,DOCK-4,ON_TIME,synthetic://inbound/INB-0032
TEN-COOLIT-SYN-001,SITE-COOLIT-SYN-01,ERP,INBOUND_SHIPMENT,INB-0033,ASN-0033,RESOLVED,2026-09-25T23:59:59-06:00,2026-09-26T08:00:00-06:00,2026-06-29T00:00:00-06:00,,1,,false,ACTIVE,,,VALID,CURRENT,coolit-synthetic-v2.0.0,ALL_SYNTHETIC_CUSTOMERS,ALL_SYNTHETIC_PROGRAMS,P-COMP-003,SYNTHETIC_INTERNAL,SNP-COOLIT-20260925-BL,SCN-BASELINE,INB-0033,ASN-0033,CAR-01,2025-12-10T09:00:00-06:00,2025-12-13T10:00:00-06:00,DOCK-1,ON_TIME,synthetic://inbound/INB-0033
TEN-COOLIT-SYN-001,SITE-COOLIT-SYN-01,ERP,INBOUND_SHIPMENT,INB-0034,ASN-0034,RESOLVED,2026-09-25T23:59:59-06:00,2026-09-26T08:00:00-06:00,2026-06-29T00:00:00-06:00,,1,,false,ACTIVE,,,VALID,CURRENT,coolit-synthetic-v2.0.0,ALL_SYNTHETIC_CUSTOMERS,ALL_SYNTHETIC_PROGRAMS,P-COMP-004,SYNTHETIC_INTERNAL,SNP-COOLIT-20260925-BL,SCN-BASELINE,INB-0034,ASN-0034,CAR-02,2025-12-18T09:00:00-06:00,2025-12-21T10:00:00-06:00,DOCK-2,ON_TIME,synthetic://inbound/INB-0034
TEN-COOLIT-SYN-001,SITE-COOLIT-SYN-01,ERP,INBOUND_SHIPMENT,INB-0035,ASN-0035,RESOLVED,2026-09-25T23:59:59-06:00,2026-09-26T08:00:00-06:00,2026-06-29T00:00:00-06:00,,1,,false,ACTIVE,,,VALID,CURRENT,coolit-synthetic-v2.0.0,ALL_SYNTHETIC_CUSTOMERS,ALL_SYNTHETIC_PROGRAMS,P-COMP-005,SYNTHETIC_INTERNAL,SNP-COOLIT-20260925-BL,SCN-BASELINE,INB-0035,ASN-0035,CAR-03,2025-12-26T09:00:00-06:00,2025-12-29T10:00:00-06:00,DOCK-3,ON_TIME,synthetic://inbound/INB-0035
TEN-COOLIT-SYN-001,SITE-COOLIT-SYN-01,ERP,INBOUND_SHIPMENT,INB-0036,ASN-0036,RESOLVED,2026-09-25T23:59:59-06:00,2026-09-26T08:00:00-06:00,2026-06-29T00:00:00-06:00,,1,,false,ACTIVE,,,VALID,CURRENT,coolit-synthetic-v2.0.0,ALL_SYNTHETIC_CUSTOMERS,ALL_SYNTHETIC_PROGRAMS,P-COMP-006,SYNTHETIC_INTERNAL,SNP-COOLIT-20260925-BL,SCN-BASELINE,INB-0036,ASN-0036,CAR-04,2026-01-03T09:00:00-06:00,2026-01-06T10:00:00-06:00,DOCK-4,ON_TIME,synthetic://inbound/INB-0036
TEN-COOLIT-SYN-001,SITE-COOLIT-SYN-01,ERP,INBOUND_SHIPMENT,INB-0037,ASN-0037,RESOLVED,2026-09-25T23:59:59-06:00,2026-09-26T08:00:00-06:00,2026-06-29T00:00:00-06:00,,1,,false,ACTIVE,,,VALID,CURRENT,coolit-synthetic-v2.0.0,ALL_SYNTHETIC_CUSTOMERS,ALL_SYNTHETIC_PROGRAMS,P-COMP-007,SYNTHETIC_INTERNAL,SNP-COOLIT-20260925-BL,SCN-BASELINE,INB-0037,ASN-0037,CAR-01,2026-01-11T09:00:00-06:00,2026-01-14T10:00:00-06:00,DOCK-1,ON_TIME,synthetic://inbound/INB-0037
TEN-COOLIT-SYN-001,SITE-COOLIT-SYN-01,ERP,INBOUND_SHIPMENT,INB-0038,ASN-0038,RESOLVED,2026-09-25T23:59:59-06:00,2026-09-26T08:00:00-06:00,2026-06-29T00:00:00-06:00,,1,,false,ACTIVE,,,VALID,CURRENT,coolit-synthetic-v2.0.0,ALL_SYNTHETIC_CUSTOMERS,ALL_SYNTHETIC_PROGRAMS,P-COMP-008,SYNTHETIC_INTERNAL,SNP-COOLIT-20260925-BL,SCN-BASELINE,INB-0038,ASN-0038,CAR-02,2026-01-19T09:00:00-06:00,2026-01-22T10:00:00-06:00,DOCK-2,ON_TIME,synthetic://inbound/INB-0038
TEN-COOLIT-SYN-001,SITE-COOLIT-SYN-01,ERP,INBOUND_SHIPMENT,INB-0039,ASN-0039,RESOLVED,2026-09-25T23:59:59-06:00,2026-09-26T08:00:00-06:00,2026-06-29T00:00:00-06:00,,1,,false,ACTIVE,,,VALID,CURRENT,coolit-synthetic-v2.0.0,ALL_SYNTHETIC_CUSTOMERS,ALL_SYNTHETIC_PROGRAMS,P-COMP-009,SYNTHETIC_INTERNAL,SNP-COOLIT-20260925-BL,SCN-BASELINE,INB-0039,ASN-0039,CAR-03,2026-01-27T09:00:00-06:00,2026-01-30T10:00:00-06:00,DOCK-3,ON_TIME,synthetic://inbound/INB-0039
TEN-COOLIT-SYN-001,SITE-COOLIT-SYN-01,ERP,INBOUND_SHIPMENT,INB-0040,ASN-0040,RESOLVED,2026-09-25T23:59:59-06:00,2026-09-26T08:00:00-06:00,2026-06-29T00:00:00-06:00,,1,,false,ACTIVE,,,VALID,CURRENT,coolit-synthetic-v2.0.0,ALL_SYNTHETIC_CUSTOMERS,ALL_SYNTHETIC_PROGRAMS,P-COMP-010,SYNTHETIC_INTERNAL,SNP-COOLIT-20260925-BL,SCN-BASELINE,INB-0040,ASN-0040,CAR-04,2026-02-04T09:00:00-06:00,2026-02-07T10:00:00-06:00,DOCK-4,ON_TIME,synthetic://inbound/INB-0040
TEN-COOLIT-SYN-001,SITE-COOLIT-SYN-01,ERP,INBOUND_SHIPMENT,INB-0041,ASN-0041,RESOLVED,2026-09-25T23:59:59-06:00,2026-09-26T08:00:00-06:00,2026-06-29T00:00:00-06:00,,1,,false,ACTIVE,,,VALID,CURRENT,coolit-synthetic-v2.0.0,ALL_SYNTHETIC_CUSTOMERS,ALL_SYNTHETIC_PROGRAMS,P-COMP-011,SYNTHETIC_INTERNAL,SNP-COOLIT-20260925-BL,SCN-BASELINE,INB-0041,ASN-0041,CAR-01,2026-02-12T09:00:00-06:00,2026-02-15T10:00:00-06:00,DOCK-1,ON_TIME,synthetic://inbound/INB-0041
TEN-COOLIT-SYN-001,SITE-COOLIT-SYN-01,ERP,INBOUND_SHIPMENT,INB-0042,ASN-0042,RESOLVED,2026-09-25T23:59:59-06:00,2026-09-26T08:00:00-06:00,2026-06-29T00:00:00-06:00,,1,,false,ACTIVE,,,VALID,CURRENT,coolit-synthetic-v2.0.0,ALL_SYNTHETIC_CUSTOMERS,ALL_SYNTHETIC_PROGRAMS,P-COMP-012,SYNTHETIC_INTERNAL,SNP-COOLIT-20260925-BL,SCN-BASELINE,INB-0042,ASN-0042,CAR-02,2026-02-20T09:00:00-06:00,2026-02-23T10:00:00-06:00,DOCK-2,ON_TIME,synthetic://inbound/INB-0042
TEN-COOLIT-SYN-001,SITE-COOLIT-SYN-01,ERP,INBOUND_SHIPMENT,INB-0043,ASN-0043,RESOLVED,2026-09-25T23:59:59-06:00,2026-09-26T08:00:00-06:00,2026-06-29T00:00:00-06:00,,1,,false,ACTIVE,,,VALID,CURRENT,coolit-synthetic-v2.0.0,ALL_SYNTHETIC_CUSTOMERS,ALL_SYNTHETIC_PROGRAMS,P-COMP-013,SYNTHETIC_INTERNAL,SNP-COOLIT-20260925-BL,SCN-BASELINE,INB-0043,ASN-0043,CAR-03,2026-02-28T09:00:00-06:00,2026-03-03T10:00:00-06:00,DOCK-3,ON_TIME,synthetic://inbound/INB-0043
TEN-COOLIT-SYN-001,SITE-COOLIT-SYN-01,ERP,INBOUND_SHIPMENT,INB-0044,ASN-0044,RESOLVED,2026-09-25T23:59:59-06:00,2026-09-26T08:00:00-06:00,2026-06-29T00:00:00-06:00,,1,,false,ACTIVE,,,VALID,CURRENT,coolit-synthetic-v2.0.0,ALL_SYNTHETIC_CUSTOMERS,ALL_SYNTHETIC_PROGRAMS,P-COMP-014,SYNTHETIC_INTERNAL,SNP-COOLIT-20260925-BL,SCN-BASELINE,INB-0044,ASN-0044,CAR-04,2026-03-08T09:00:00-06:00,2026-03-11T10:00:00-06:00,DOCK-4,ON_TIME,synthetic://inbound/INB-0044
TEN-COOLIT-SYN-001,SITE-COOLIT-SYN-01,ERP,INBOUND_SHIPMENT,INB-0045,ASN-0045,RESOLVED,2026-09-25T23:59:59-06:00,2026-09-26T08:00:00-06:00,2026-06-29T00:00:00-06:00,,1,,false,ACTIVE,,,VALID,CURRENT,coolit-synthetic-v2.0.0,ALL_SYNTHETIC_CUSTOMERS,ALL_SYNTHETIC_PROGRAMS,P-COMP-015,SYNTHETIC_INTERNAL,SNP-COOLIT-20260925-BL,SCN-BASELINE,INB-0045,ASN-0045,CAR-01,2026-03-16T09:00:00-06:00,2026-03-19T10:00:00-06:00,DOCK-1,ON_TIME,synthetic://inbound/INB-0045
TEN-COOLIT-SYN-001,SITE-COOLIT-SYN-01,ERP,INBOUND_SHIPMENT,INB-0046,ASN-0046,RESOLVED,2026-09-25T23:59:59-06:00,2026-09-26T08:00:00-06:00,2026-06-29T00:00:00-06:00,,1,,false,ACTIVE,,,VALID,CURRENT,coolit-synthetic-v2.0.0,ALL_SYNTHETIC_CUSTOMERS,ALL_SYNTHETIC_PROGRAMS,P-COMP-016,SYNTHETIC_INTERNAL,SNP-COOLIT-20260925-BL,SCN-BASELINE,INB-0046,ASN-0046,CAR-02,2026-03-24T09:00:00-06:00,2026-03-27T10:00:00-06:00,DOCK-2,ON_TIME,synthetic://inbound/INB-0046
TEN-COOLIT-SYN-001,SITE-COOLIT-SYN-01,ERP,INBOUND_SHIPMENT,INB-0047,ASN-0047,RESOLVED,2026-09-25T23:59:59-06:00,2026-09-26T08:00:00-06:00,2026-06-29T00:00:00-06:00,,1,,false,ACTIVE,,,VALID,CURRENT,coolit-synthetic-v2.0.0,ALL_SYNTHETIC_CUSTOMERS,ALL_SYNTHETIC_PROGRAMS,P-COMP-017,SYNTHETIC_INTERNAL,SNP-COOLIT-20260925-BL,SCN-BASELINE,INB-0047,ASN-0047,CAR-03,2026-04-01T09:00:00-06:00,2026-04-04T10:00:00-06:00,DOCK-3,LATE_ARRIVAL_RESOLVED,synthetic://inbound/INB-0047
TEN-COOLIT-SYN-001,SITE-COOLIT-SYN-01,ERP,INBOUND_SHIPMENT,INB-0048,ASN-0048,RESOLVED,2026-09-25T23:59:59-06:00,2026-09-26T08:00:00-06:00,2026-06-29T00:00:00-06:00,,1,,false,ACTIVE,,,VALID,CURRENT,coolit-synthetic-v2.0.0,ALL_SYNTHETIC_CUSTOMERS,ALL_SYNTHETIC_PROGRAMS,P-COMP-018,SYNTHETIC_INTERNAL,SNP-COOLIT-20260925-BL,SCN-BASELINE,INB-0048,ASN-0048,CAR-04,2026-04-09T09:00:00-06:00,2026-04-12T10:00:00-06:00,DOCK-4,ON_TIME,synthetic://inbound/INB-0048
TEN-COOLIT-SYN-001,SITE-COOLIT-SYN-01,ERP,INBOUND_SHIPMENT,INB-0049,ASN-0049,RESOLVED,2026-09-25T23:59:59-06:00,2026-09-26T08:00:00-06:00,2026-06-29T00:00:00-06:00,,1,,false,ACTIVE,,,VALID,CURRENT,coolit-synthetic-v2.0.0,ALL_SYNTHETIC_CUSTOMERS,ALL_SYNTHETIC_PROGRAMS,P-COMP-019,SYNTHETIC_INTERNAL,SNP-COOLIT-20260925-BL,SCN-BASELINE,INB-0049,ASN-0049,CAR-01,2026-04-17T09:00:00-06:00,2026-04-20T10:00:00-06:00,DOCK-1,ON_TIME,synthetic://inbound/INB-0049
TEN-COOLIT-SYN-001,SITE-COOLIT-SYN-01,ERP,INBOUND_SHIPMENT,INB-0050,ASN-0050,RESOLVED,2026-09-25T23:59:59-06:00,2026-09-26T08:00:00-06:00,2026-06-29T00:00:00-06:00,,1,,false,ACTIVE,,,VALID,CURRENT,coolit-synthetic-v2.0.0,ALL_SYNTHETIC_CUSTOMERS,ALL_SYNTHETIC_PROGRAMS,P-COMP-020,SYNTHETIC_INTERNAL,SNP-COOLIT-20260925-BL,SCN-BASELINE,INB-0050,ASN-0050,CAR-02,2026-04-25T09:00:00-06:00,2026-04-28T10:00:00-06:00,DOCK-2,ON_TIME,synthetic://inbound/INB-0050
TEN-COOLIT-SYN-001,SITE-COOLIT-SYN-01,ERP,INBOUND_SHIPMENT,INB-0051,ASN-0051,RESOLVED,2026-09-25T23:59:59-06:00,2026-09-26T08:00:00-06:00,2026-06-29T00:00:00-06:00,,1,,false,ACTIVE,,,VALID,CURRENT,coolit-synthetic-v2.0.0,ALL_SYNTHETIC_CUSTOMERS,ALL_SYNTHETIC_PROGRAMS,P-COMP-021,SYNTHETIC_INTERNAL,SNP-COOLIT-20260925-BL,SCN-BASELINE,INB-0051,ASN-0051,CAR-03,2026-05-03T09:00:00-06:00,2026-05-06T10:00:00-06:00,DOCK-3,ON_TIME,synthetic://inbound/INB-0051
TEN-COOLIT-SYN-001,SITE-COOLIT-SYN-01,ERP,INBOUND_SHIPMENT,INB-0052,ASN-0052,RESOLVED,2026-09-25T23:59:59-06:00,2026-09-26T08:00:00-06:00,2026-06-29T00:00:00-06:00,,1,,false,ACTIVE,,,VALID,CURRENT,coolit-synthetic-v2.0.0,ALL_SYNTHETIC_CUSTOMERS,ALL_SYNTHETIC_PROGRAMS,P-COMP-022,SYNTHETIC_INTERNAL,SNP-COOLIT-20260925-BL,SCN-BASELINE,INB-0052,ASN-0052,CAR-04,2026-05-11T09:00:00-06:00,2026-05-14T10:00:00-06:00,DOCK-4,ON_TIME,synthetic://inbound/INB-0052
TEN-COOLIT-SYN-001,SITE-COOLIT-SYN-01,ERP,INBOUND_SHIPMENT,INB-0053,ASN-0053,RESOLVED,2026-09-25T23:59:59-06:00,2026-09-26T08:00:00-06:00,2026-06-29T00:00:00-06:00,,1,,false,ACTIVE,,,VALID,CURRENT,coolit-synthetic-v2.0.0,ALL_SYNTHETIC_CUSTOMERS,ALL_SYNTHETIC_PROGRAMS,P-COMP-023,SYNTHETIC_INTERNAL,SNP-COOLIT-20260925-BL,SCN-BASELINE,INB-0053,ASN-0053,CAR-01,2026-05-19T09:00:00-06:00,2026-05-22T10:00:00-06:00,DOCK-1,ON_TIME,synthetic://inbound/INB-0053
TEN-COOLIT-SYN-001,SITE-COOLIT-SYN-01,ERP,INBOUND_SHIPMENT,INB-0054,ASN-0054,RESOLVED,2026-09-25T23:59:59-06:00,2026-09-26T08:00:00-06:00,2026-06-29T00:00:00-06:00,,1,,false,ACTIVE,,,VALID,CURRENT,coolit-synthetic-v2.0.0,ALL_SYNTHETIC_CUSTOMERS,ALL_SYNTHETIC_PROGRAMS,P-COMP-024,SYNTHETIC_INTERNAL,SNP-COOLIT-20260925-BL,SCN-BASELINE,INB-0054,ASN-0054,CAR-02,2026-05-27T09:00:00-06:00,2026-05-30T10:00:00-06:00,DOCK-2,ON_TIME,synthetic://inbound/INB-0054
TEN-COOLIT-SYN-001,SITE-COOLIT-SYN-01,ERP,INBOUND_SHIPMENT,INB-0055,ASN-0055,RESOLVED,2026-09-25T23:59:59-06:00,2026-09-26T08:00:00-06:00,2026-06-29T00:00:00-06:00,,1,,false,ACTIVE,,,VALID,CURRENT,coolit-synthetic-v2.0.0,ALL_SYNTHETIC_CUSTOMERS,ALL_SYNTHETIC_PROGRAMS,P-COMP-025,SYNTHETIC_INTERNAL,SNP-COOLIT-20260925-BL,SCN-BASELINE,INB-0055,ASN-0055,CAR-03,2026-06-04T09:00:00-06:00,2026-06-07T10:00:00-06:00,DOCK-3,ON_TIME,synthetic://inbound/INB-0055
TEN-COOLIT-SYN-001,SITE-COOLIT-SYN-01,ERP,INBOUND_SHIPMENT,INB-0056,ASN-0056,RESOLVED,2026-09-25T23:59:59-06:00,2026-09-26T08:00:00-06:00,2026-06-29T00:00:00-06:00,,1,,false,ACTIVE,,,VALID,CURRENT,coolit-synthetic-v2.0.0,ALL_SYNTHETIC_CUSTOMERS,ALL_SYNTHETIC_PROGRAMS,P-COMP-026,SYNTHETIC_INTERNAL,SNP-COOLIT-20260925-BL,SCN-BASELINE,INB-0056,ASN-0056,CAR-04,2026-06-12T09:00:00-06:00,2026-06-15T10:00:00-06:00,DOCK-4,ON_TIME,synthetic://inbound/INB-0056
TEN-COOLIT-SYN-001,SITE-COOLIT-SYN-01,ERP,INBOUND_SHIPMENT,INB-0057,ASN-0057,RESOLVED,2026-09-25T23:59:59-06:00,2026-09-26T08:00:00-06:00,2026-06-29T00:00:00-06:00,,1,,false,ACTIVE,,,VALID,CURRENT,coolit-synthetic-v2.0.0,ALL_SYNTHETIC_CUSTOMERS,ALL_SYNTHETIC_PROGRAMS,P-COMP-027,SYNTHETIC_INTERNAL,SNP-COOLIT-20260925-BL,SCN-BASELINE,INB-0057,ASN-0057,CAR-01,2026-06-20T09:00:00-06:00,2026-06-23T10:00:00-06:00,DOCK-1,ON_TIME,synthetic://inbound/INB-0057
TEN-COOLIT-SYN-001,SITE-COOLIT-SYN-01,ERP,INBOUND_SHIPMENT,INB-0058,ASN-0058,RESOLVED,2026-09-25T23:59:59-06:00,2026-09-26T08:00:00-06:00,2026-06-29T00:00:00-06:00,,1,,false,ACTIVE,,,VALID,CURRENT,coolit-synthetic-v2.0.0,ALL_SYNTHETIC_CUSTOMERS,ALL_SYNTHETIC_PROGRAMS,P-COMP-028,SYNTHETIC_INTERNAL,SNP-COOLIT-20260925-BL,SCN-BASELINE,INB-0058,ASN-0058,CAR-02,2026-06-28T09:00:00-06:00,2026-07-01T10:00:00-06:00,DOCK-2,ON_TIME,synthetic://inbound/INB-0058
TEN-COOLIT-SYN-001,SITE-COOLIT-SYN-01,ERP,INBOUND_SHIPMENT,INB-0059,ASN-0059,RESOLVED,2026-09-25T23:59:59-06:00,2026-09-26T08:00:00-06:00,2026-06-29T00:00:00-06:00,,1,,false,ACTIVE,,,VALID,CURRENT,coolit-synthetic-v2.0.0,ALL_SYNTHETIC_CUSTOMERS,ALL_SYNTHETIC_PROGRAMS,P-COMP-029,SYNTHETIC_INTERNAL,SNP-COOLIT-20260925-BL,SCN-BASELINE,INB-0059,ASN-0059,CAR-03,2026-07-06T09:00:00-06:00,2026-07-09T10:00:00-06:00,DOCK-3,ON_TIME,synthetic://inbound/INB-0059
TEN-COOLIT-SYN-001,SITE-COOLIT-SYN-01,ERP,INBOUND_SHIPMENT,INB-0060,ASN-0060,RESOLVED,2026-09-25T23:59:59-06:00,2026-09-26T08:00:00-06:00,2026-06-29T00:00:00-06:00,,1,,false,ACTIVE,,,VALID,CURRENT,coolit-synthetic-v2.0.0,ALL_SYNTHETIC_CUSTOMERS,ALL_SYNTHETIC_PROGRAMS,P-COMP-030,SYNTHETIC_INTERNAL,SNP-COOLIT-20260925-BL,SCN-BASELINE,INB-0060,ASN-0060,CAR-04,2026-07-14T09:00:00-06:00,2026-07-17T10:00:00-06:00,DOCK-4,ON_TIME,synthetic://inbound/INB-0060
