tenant_id,site_id,source_system,source_object,source_record_id,canonical_id,crosswalk_status,source_event_at,ingested_at,effective_from,effective_to,record_version,supersedes_source_record_id,is_deleted,semantic_status,uom,currency,data_quality_state,freshness_state,transformation_version,customer_scope,program_scope,product_scope,sensitivity_class,snapshot_id,scenario_id,pegging_id,planning_run_id,commitment_id,demand_object_type,demand_object_id,supply_object_type,supply_object_id,pegged_qty,need_date,supply_date,pegging_level,hard_peg_flag
TEN-COOLIT-SYN-001,SITE-COOLIT-SYN-01,ERP,PEGGING_SNAPSHOT,PEG-0001-1,COM-0001,RESOLVED,2026-09-25T23:59:59-06:00,2026-09-26T08:00:00-06:00,2026-06-29T00:00:00-06:00,,1,,false,ACTIVE,EA,,VALID,CURRENT,coolit-synthetic-v2.0.0,CUST-001,PRG-001,CFG-CPL-04,SYNTHETIC_INTERNAL,SNP-COOLIT-20260925-BL,SCN-BASELINE,PEG-0001-1,MRP-0130,COM-0001,SALES_ORDER_SCHEDULE,SO-SCH-0001,WORK_ORDER,WO-0001,4,2026-07-08,2026-07-05,1,false
TEN-COOLIT-SYN-001,SITE-COOLIT-SYN-01,ERP,PEGGING_SNAPSHOT,PEG-0001-2,COM-0001,RESOLVED,2026-09-25T23:59:59-06:00,2026-09-26T08:00:00-06:00,2026-06-29T00:00:00-06:00,,1,,false,ACTIVE,EA,,VALID,CURRENT,coolit-synthetic-v2.0.0,CUST-001,PRG-001,CFG-CPL-04,SYNTHETIC_INTERNAL,SNP-COOLIT-20260925-BL,SCN-BASELINE,PEG-0001-2,MRP-0130,COM-0001,SALES_ORDER_SCHEDULE,SO-SCH-0001,PLANNED_ORDER,PLN-0001,4,2026-07-08,2026-07-07,1,false
TEN-COOLIT-SYN-001,SITE-COOLIT-SYN-01,ERP,PEGGING_SNAPSHOT,PEG-0002-1,COM-0002,RESOLVED,2026-09-25T23:59:59-06:00,2026-09-26T08:00:00-06:00,2026-06-29T00:00:00-06:00,,1,,false,ACTIVE,EA,,VALID,CURRENT,coolit-synthetic-v2.0.0,CUST-002,PRG-002,CFG-CDU-01,SYNTHETIC_INTERNAL,SNP-COOLIT-20260925-BL,SCN-BASELINE,PEG-0002-1,MRP-0130,COM-0002,SALES_ORDER_SCHEDULE,SO-SCH-0002,WORK_ORDER,WO-0002,7,2026-07-10,2026-07-07,1,false
TEN-COOLIT-SYN-001,SITE-COOLIT-SYN-01,ERP,PEGGING_SNAPSHOT,PEG-0002-2,COM-0002,RESOLVED,2026-09-25T23:59:59-06:00,2026-09-26T08:00:00-06:00,2026-06-29T00:00:00-06:00,,1,,false,ACTIVE,EA,,VALID,CURRENT,coolit-synthetic-v2.0.0,CUST-002,PRG-002,CFG-CDU-01,SYNTHETIC_INTERNAL,SNP-COOLIT-20260925-BL,SCN-BASELINE,PEG-0002-2,MRP-0130,COM-0002,SALES_ORDER_SCHEDULE,SO-SCH-0002,PLANNED_ORDER,PLN-0002,5,2026-07-10,2026-07-09,1,false
TEN-COOLIT-SYN-001,SITE-COOLIT-SYN-01,ERP,PEGGING_SNAPSHOT,PEG-0003-1,COM-0003,RESOLVED,2026-09-25T23:59:59-06:00,2026-09-26T08:00:00-06:00,2026-06-29T00:00:00-06:00,,1,,false,ACTIVE,EA,,VALID,CURRENT,coolit-synthetic-v2.0.0,CUST-003,PRG-003,CFG-CPL-02,SYNTHETIC_INTERNAL,SNP-COOLIT-20260925-BL,SCN-BASELINE,PEG-0003-1,MRP-0130,COM-0003,SALES_ORDER_SCHEDULE,SO-SCH-0003,WORK_ORDER,WO-0003,9,2026-07-14,2026-07-11,1,false
TEN-COOLIT-SYN-001,SITE-COOLIT-SYN-01,ERP,PEGGING_SNAPSHOT,PEG-0003-2,COM-0003,RESOLVED,2026-09-25T23:59:59-06:00,2026-09-26T08:00:00-06:00,2026-06-29T00:00:00-06:00,,1,,false,ACTIVE,EA,,VALID,CURRENT,coolit-synthetic-v2.0.0,CUST-003,PRG-003,CFG-CPL-02,SYNTHETIC_INTERNAL,SNP-COOLIT-20260925-BL,SCN-BASELINE,PEG-0003-2,MRP-0130,COM-0003,SALES_ORDER_SCHEDULE,SO-SCH-0003,PLANNED_ORDER,PLN-0003,7,2026-07-14,2026-07-13,1,false
TEN-COOLIT-SYN-001,SITE-COOLIT-SYN-01,ERP,PEGGING_SNAPSHOT,PEG-0004-1,COM-0004,RESOLVED,2026-09-25T23:59:59-06:00,2026-09-26T08:00:00-06:00,2026-06-29T00:00:00-06:00,,1,,false,ACTIVE,EA,,VALID,CURRENT,coolit-synthetic-v2.0.0,CUST-004,PRG-004,CFG-RM-03,SYNTHETIC_INTERNAL,SNP-COOLIT-20260925-BL,SCN-BASELINE,PEG-0004-1,MRP-0130,COM-0004,SALES_ORDER_SCHEDULE,SO-SCH-0004,WORK_ORDER,WO-0004,12,2026-07-18,2026-07-15,1,false
TEN-COOLIT-SYN-001,SITE-COOLIT-SYN-01,ERP,PEGGING_SNAPSHOT,PEG-0004-2,COM-0004,RESOLVED,2026-09-25T23:59:59-06:00,2026-09-26T08:00:00-06:00,2026-06-29T00:00:00-06:00,,1,,false,ACTIVE,EA,,VALID,CURRENT,coolit-synthetic-v2.0.0,CUST-004,PRG-004,CFG-RM-03,SYNTHETIC_INTERNAL,SNP-COOLIT-20260925-BL,SCN-BASELINE,PEG-0004-2,MRP-0130,COM-0004,SALES_ORDER_SCHEDULE,SO-SCH-0004,PLANNED_ORDER,PLN-0004,8,2026-07-18,2026-07-17,1,false
TEN-COOLIT-SYN-001,SITE-COOLIT-SYN-01,ERP,PEGGING_SNAPSHOT,PEG-0005-1,COM-0005,RESOLVED,2026-09-25T23:59:59-06:00,2026-09-26T08:00:00-06:00,2026-06-29T00:00:00-06:00,,1,,false,ACTIVE,EA,,VALID,CURRENT,coolit-synthetic-v2.0.0,CUST-005,PRG-005,CFG-CDU-04,SYNTHETIC_INTERNAL,SNP-COOLIT-20260925-BL,SCN-BASELINE,PEG-0005-1,MRP-0130,COM-0005,SALES_ORDER_SCHEDULE,SO-SCH-0005,WORK_ORDER,WO-0005,14,2026-07-18,2026-07-15,1,false
TEN-COOLIT-SYN-001,SITE-COOLIT-SYN-01,ERP,PEGGING_SNAPSHOT,PEG-0005-2,COM-0005,RESOLVED,2026-09-25T23:59:59-06:00,2026-09-26T08:00:00-06:00,2026-06-29T00:00:00-06:00,,1,,false,ACTIVE,EA,,VALID,CURRENT,coolit-synthetic-v2.0.0,CUST-005,PRG-005,CFG-CDU-04,SYNTHETIC_INTERNAL,SNP-COOLIT-20260925-BL,SCN-BASELINE,PEG-0005-2,MRP-0130,COM-0005,SALES_ORDER_SCHEDULE,SO-SCH-0005,PLANNED_ORDER,PLN-0005,10,2026-07-18,2026-07-17,1,false
TEN-COOLIT-SYN-001,SITE-COOLIT-SYN-01,ERP,PEGGING_SNAPSHOT,PEG-0006-1,COM-0006,RESOLVED,2026-09-25T23:59:59-06:00,2026-09-26T08:00:00-06:00,2026-06-29T00:00:00-06:00,,1,,false,ACTIVE,EA,,VALID,CURRENT,coolit-synthetic-v2.0.0,CUST-006,PRG-006,CFG-RM-01,SYNTHETIC_INTERNAL,SNP-COOLIT-20260925-BL,SCN-BASELINE,PEG-0006-1,MRP-0130,COM-0006,SALES_ORDER_SCHEDULE,SO-SCH-0006,WORK_ORDER,WO-0006,16,2026-07-24,2026-07-21,1,false
TEN-COOLIT-SYN-001,SITE-COOLIT-SYN-01,ERP,PEGGING_SNAPSHOT,PEG-0006-2,COM-0006,RESOLVED,2026-09-25T23:59:59-06:00,2026-09-26T08:00:00-06:00,2026-06-29T00:00:00-06:00,,1,,false,ACTIVE,EA,,VALID,CURRENT,coolit-synthetic-v2.0.0,CUST-006,PRG-006,CFG-RM-01,SYNTHETIC_INTERNAL,SNP-COOLIT-20260925-BL,SCN-BASELINE,PEG-0006-2,MRP-0130,COM-0006,SALES_ORDER_SCHEDULE,SO-SCH-0006,PLANNED_ORDER,PLN-0006,12,2026-07-24,2026-07-23,1,false
TEN-COOLIT-SYN-001,SITE-COOLIT-SYN-01,ERP,PEGGING_SNAPSHOT,PEG-0007-1,COM-0007,RESOLVED,2026-09-25T23:59:59-06:00,2026-09-26T08:00:00-06:00,2026-06-29T00:00:00-06:00,,1,,false,ACTIVE,EA,,VALID,CURRENT,coolit-synthetic-v2.0.0,CUST-007,PRG-007,CFG-CDU-02,SYNTHETIC_INTERNAL,SNP-COOLIT-20260925-BL,SCN-BASELINE,PEG-0007-1,MRP-0130,COM-0007,SALES_ORDER_SCHEDULE,SO-SCH-0007,WORK_ORDER,WO-0007,19,2026-07-26,2026-07-23,1,false
TEN-COOLIT-SYN-001,SITE-COOLIT-SYN-01,ERP,PEGGING_SNAPSHOT,PEG-0007-2,COM-0007,RESOLVED,2026-09-25T23:59:59-06:00,2026-09-26T08:00:00-06:00,2026-06-29T00:00:00-06:00,,1,,false,ACTIVE,EA,,VALID,CURRENT,coolit-synthetic-v2.0.0,CUST-007,PRG-007,CFG-CDU-02,SYNTHETIC_INTERNAL,SNP-COOLIT-20260925-BL,SCN-BASELINE,PEG-0007-2,MRP-0130,COM-0007,SALES_ORDER_SCHEDULE,SO-SCH-0007,PLANNED_ORDER,PLN-0007,13,2026-07-26,2026-07-25,1,false
TEN-COOLIT-SYN-001,SITE-COOLIT-SYN-01,ERP,PEGGING_SNAPSHOT,PEG-0008-1,COM-0008,RESOLVED,2026-09-25T23:59:59-06:00,2026-09-26T08:00:00-06:00,2026-06-29T00:00:00-06:00,,1,,false,ACTIVE,EA,,VALID,CURRENT,coolit-synthetic-v2.0.0,CUST-008,PRG-008,CFG-CPL-03,SYNTHETIC_INTERNAL,SNP-COOLIT-20260925-BL,SCN-BASELINE,PEG-0008-1,MRP-0130,COM-0008,SALES_ORDER_SCHEDULE,SO-SCH-0008,WORK_ORDER,WO-0008,21,2026-07-30,2026-07-27,1,false
TEN-COOLIT-SYN-001,SITE-COOLIT-SYN-01,ERP,PEGGING_SNAPSHOT,PEG-0008-2,COM-0008,RESOLVED,2026-09-25T23:59:59-06:00,2026-09-26T08:00:00-06:00,2026-06-29T00:00:00-06:00,,1,,false,ACTIVE,EA,,VALID,CURRENT,coolit-synthetic-v2.0.0,CUST-008,PRG-008,CFG-CPL-03,SYNTHETIC_INTERNAL,SNP-COOLIT-20260925-BL,SCN-BASELINE,PEG-0008-2,MRP-0130,COM-0008,SALES_ORDER_SCHEDULE,SO-SCH-0008,PLANNED_ORDER,PLN-0008,15,2026-07-30,2026-07-29,1,false
TEN-COOLIT-SYN-001,SITE-COOLIT-SYN-01,ERP,PEGGING_SNAPSHOT,PEG-0009-1,COM-0009,RESOLVED,2026-09-25T23:59:59-06:00,2026-09-26T08:00:00-06:00,2026-06-29T00:00:00-06:00,,1,,false,ACTIVE,EA,,VALID,CURRENT,coolit-synthetic-v2.0.0,CUST-009,PRG-001,CFG-RM-04,SYNTHETIC_INTERNAL,SNP-COOLIT-20260925-BL,SCN-BASELINE,PEG-0009-1,MRP-0130,COM-0009,SALES_ORDER_SCHEDULE,SO-SCH-0009,WORK_ORDER,WO-0009,24,2026-07-30,2026-07-27,1,false
TEN-COOLIT-SYN-001,SITE-COOLIT-SYN-01,ERP,PEGGING_SNAPSHOT,PEG-0009-2,COM-0009,RESOLVED,2026-09-25T23:59:59-06:00,2026-09-26T08:00:00-06:00,2026-06-29T00:00:00-06:00,,1,,false,ACTIVE,EA,,VALID,CURRENT,coolit-synthetic-v2.0.0,CUST-009,PRG-001,CFG-RM-04,SYNTHETIC_INTERNAL,SNP-COOLIT-20260925-BL,SCN-BASELINE,PEG-0009-2,MRP-0130,COM-0009,SALES_ORDER_SCHEDULE,SO-SCH-0009,PLANNED_ORDER,PLN-0009,16,2026-07-30,2026-07-29,1,false
TEN-COOLIT-SYN-001,SITE-COOLIT-SYN-01,ERP,PEGGING_SNAPSHOT,PEG-0010-1,COM-0010,RESOLVED,2026-09-25T23:59:59-06:00,2026-09-26T08:00:00-06:00,2026-06-29T00:00:00-06:00,,1,,false,ACTIVE,EA,,VALID,CURRENT,coolit-synthetic-v2.0.0,CUST-010,PRG-002,CFG-CPL-01,SYNTHETIC_INTERNAL,SNP-COOLIT-20260925-BL,SCN-BASELINE,PEG-0010-1,MRP-0130,COM-0010,SALES_ORDER_SCHEDULE,SO-SCH-0010,WORK_ORDER,WO-0010,26,2026-08-03,2026-07-31,1,false
TEN-COOLIT-SYN-001,SITE-COOLIT-SYN-01,ERP,PEGGING_SNAPSHOT,PEG-0010-2,COM-0010,RESOLVED,2026-09-25T23:59:59-06:00,2026-09-26T08:00:00-06:00,2026-06-29T00:00:00-06:00,,1,,false,ACTIVE,EA,,VALID,CURRENT,coolit-synthetic-v2.0.0,CUST-010,PRG-002,CFG-CPL-01,SYNTHETIC_INTERNAL,SNP-COOLIT-20260925-BL,SCN-BASELINE,PEG-0010-2,MRP-0130,COM-0010,SALES_ORDER_SCHEDULE,SO-SCH-0010,PLANNED_ORDER,PLN-0010,18,2026-08-03,2026-08-02,1,false
TEN-COOLIT-SYN-001,SITE-COOLIT-SYN-01,ERP,PEGGING_SNAPSHOT,PEG-0011-1,COM-0011,RESOLVED,2026-09-25T23:59:59-06:00,2026-09-26T08:00:00-06:00,2026-06-29T00:00:00-06:00,,1,,false,ACTIVE,EA,,VALID,CURRENT,coolit-synthetic-v2.0.0,CUST-001,PRG-003,CFG-RM-02,SYNTHETIC_INTERNAL,SNP-COOLIT-20260925-BL,SCN-BASELINE,PEG-0011-1,MRP-0130,COM-0011,SALES_ORDER_SCHEDULE,SO-SCH-0011,WORK_ORDER,WO-0011,4,2026-08-09,2026-08-06,1,false
TEN-COOLIT-SYN-001,SITE-COOLIT-SYN-01,ERP,PEGGING_SNAPSHOT,PEG-0011-2,COM-0011,RESOLVED,2026-09-25T23:59:59-06:00,2026-09-26T08:00:00-06:00,2026-06-29T00:00:00-06:00,,1,,false,ACTIVE,EA,,VALID,CURRENT,coolit-synthetic-v2.0.0,CUST-001,PRG-003,CFG-RM-02,SYNTHETIC_INTERNAL,SNP-COOLIT-20260925-BL,SCN-BASELINE,PEG-0011-2,MRP-0130,COM-0011,SALES_ORDER_SCHEDULE,SO-SCH-0011,PLANNED_ORDER,PLN-0011,4,2026-08-09,2026-08-08,1,false
TEN-COOLIT-SYN-001,SITE-COOLIT-SYN-01,ERP,PEGGING_SNAPSHOT,PEG-0012-1,COM-0012,RESOLVED,2026-09-25T23:59:59-06:00,2026-09-26T08:00:00-06:00,2026-06-29T00:00:00-06:00,,1,,false,ACTIVE,EA,,VALID,CURRENT,coolit-synthetic-v2.0.0,CUST-002,PRG-004,CFG-CDU-03,SYNTHETIC_INTERNAL,SNP-COOLIT-20260925-BL,SCN-BASELINE,PEG-0012-1,MRP-0130,COM-0012,SALES_ORDER_SCHEDULE,SO-SCH-0012,WORK_ORDER,WO-0012,7,2026-08-11,2026-08-08,1,false
TEN-COOLIT-SYN-001,SITE-COOLIT-SYN-01,ERP,PEGGING_SNAPSHOT,PEG-0012-2,COM-0012,RESOLVED,2026-09-25T23:59:59-06:00,2026-09-26T08:00:00-06:00,2026-06-29T00:00:00-06:00,,1,,false,ACTIVE,EA,,VALID,CURRENT,coolit-synthetic-v2.0.0,CUST-002,PRG-004,CFG-CDU-03,SYNTHETIC_INTERNAL,SNP-COOLIT-20260925-BL,SCN-BASELINE,PEG-0012-2,MRP-0130,COM-0012,SALES_ORDER_SCHEDULE,SO-SCH-0012,PLANNED_ORDER,PLN-0012,5,2026-08-11,2026-08-10,1,false
TEN-COOLIT-SYN-001,SITE-COOLIT-SYN-01,ERP,PEGGING_SNAPSHOT,PEG-0013-1,COM-0013,RESOLVED,2026-09-25T23:59:59-06:00,2026-09-26T08:00:00-06:00,2026-06-29T00:00:00-06:00,,1,,false,ACTIVE,EA,,VALID,CURRENT,coolit-synthetic-v2.0.0,CUST-003,PRG-005,CFG-CPL-04,SYNTHETIC_INTERNAL,SNP-COOLIT-20260925-BL,SCN-BASELINE,PEG-0013-1,MRP-0130,COM-0013,SALES_ORDER_SCHEDULE,SO-SCH-0013,WORK_ORDER,WO-0013,9,2026-08-11,2026-08-08,1,false
TEN-COOLIT-SYN-001,SITE-COOLIT-SYN-01,ERP,PEGGING_SNAPSHOT,PEG-0013-2,COM-0013,RESOLVED,2026-09-25T23:59:59-06:00,2026-09-26T08:00:00-06:00,2026-06-29T00:00:00-06:00,,1,,false,ACTIVE,EA,,VALID,CURRENT,coolit-synthetic-v2.0.0,CUST-003,PRG-005,CFG-CPL-04,SYNTHETIC_INTERNAL,SNP-COOLIT-20260925-BL,SCN-BASELINE,PEG-0013-2,MRP-0130,COM-0013,SALES_ORDER_SCHEDULE,SO-SCH-0013,PLANNED_ORDER,PLN-0013,7,2026-08-11,2026-08-10,1,false
TEN-COOLIT-SYN-001,SITE-COOLIT-SYN-01,ERP,PEGGING_SNAPSHOT,PEG-0014-1,COM-0014,RESOLVED,2026-09-25T23:59:59-06:00,2026-09-26T08:00:00-06:00,2026-06-29T00:00:00-06:00,,1,,false,ACTIVE,EA,,VALID,CURRENT,coolit-synthetic-v2.0.0,CUST-004,PRG-006,CFG-CDU-01,SYNTHETIC_INTERNAL,SNP-COOLIT-20260925-BL,SCN-BASELINE,PEG-0014-1,MRP-0130,COM-0014,SALES_ORDER_SCHEDULE,SO-SCH-0014,WORK_ORDER,WO-0014,12,2026-08-15,2026-08-12,1,false
TEN-COOLIT-SYN-001,SITE-COOLIT-SYN-01,ERP,PEGGING_SNAPSHOT,PEG-0014-2,COM-0014,RESOLVED,2026-09-25T23:59:59-06:00,2026-09-26T08:00:00-06:00,2026-06-29T00:00:00-06:00,,1,,false,ACTIVE,EA,,VALID,CURRENT,coolit-synthetic-v2.0.0,CUST-004,PRG-006,CFG-CDU-01,SYNTHETIC_INTERNAL,SNP-COOLIT-20260925-BL,SCN-BASELINE,PEG-0014-2,MRP-0130,COM-0014,SALES_ORDER_SCHEDULE,SO-SCH-0014,PLANNED_ORDER,PLN-0014,8,2026-08-15,2026-08-14,1,false
TEN-COOLIT-SYN-001,SITE-COOLIT-SYN-01,ERP,PEGGING_SNAPSHOT,PEG-0015-1,COM-0015,RESOLVED,2026-09-25T23:59:59-06:00,2026-09-26T08:00:00-06:00,2026-06-29T00:00:00-06:00,,1,,false,ACTIVE,EA,,VALID,CURRENT,coolit-synthetic-v2.0.0,CUST-005,PRG-007,CFG-CPL-02,SYNTHETIC_INTERNAL,SNP-COOLIT-20260925-BL,SCN-BASELINE,PEG-0015-1,MRP-0130,COM-0015,SALES_ORDER_SCHEDULE,SO-SCH-0015,WORK_ORDER,WO-0015,14,2026-08-19,2026-08-16,1,false
TEN-COOLIT-SYN-001,SITE-COOLIT-SYN-01,ERP,PEGGING_SNAPSHOT,PEG-0015-2,COM-0015,RESOLVED,2026-09-25T23:59:59-06:00,2026-09-26T08:00:00-06:00,2026-06-29T00:00:00-06:00,,1,,false,ACTIVE,EA,,VALID,CURRENT,coolit-synthetic-v2.0.0,CUST-005,PRG-007,CFG-CPL-02,SYNTHETIC_INTERNAL,SNP-COOLIT-20260925-BL,SCN-BASELINE,PEG-0015-2,MRP-0130,COM-0015,SALES_ORDER_SCHEDULE,SO-SCH-0015,PLANNED_ORDER,PLN-0015,10,2026-08-19,2026-08-18,1,false
TEN-COOLIT-SYN-001,SITE-COOLIT-SYN-01,ERP,PEGGING_SNAPSHOT,PEG-0016-1,COM-0016,RESOLVED,2026-09-25T23:59:59-06:00,2026-09-26T08:00:00-06:00,2026-06-29T00:00:00-06:00,,1,,false,ACTIVE,EA,,VALID,CURRENT,coolit-synthetic-v2.0.0,CUST-006,PRG-008,CFG-RM-03,SYNTHETIC_INTERNAL,SNP-COOLIT-20260925-BL,SCN-BASELINE,PEG-0016-1,MRP-0130,COM-0016,SALES_ORDER_SCHEDULE,SO-SCH-0016,WORK_ORDER,WO-0016,16,2026-08-25,2026-08-22,1,false
TEN-COOLIT-SYN-001,SITE-COOLIT-SYN-01,ERP,PEGGING_SNAPSHOT,PEG-0016-2,COM-0016,RESOLVED,2026-09-25T23:59:59-06:00,2026-09-26T08:00:00-06:00,2026-06-29T00:00:00-06:00,,1,,false,ACTIVE,EA,,VALID,CURRENT,coolit-synthetic-v2.0.0,CUST-006,PRG-008,CFG-RM-03,SYNTHETIC_INTERNAL,SNP-COOLIT-20260925-BL,SCN-BASELINE,PEG-0016-2,MRP-0130,COM-0016,SALES_ORDER_SCHEDULE,SO-SCH-0016,PLANNED_ORDER,PLN-0016,12,2026-08-25,2026-08-24,1,false
TEN-COOLIT-SYN-001,SITE-COOLIT-SYN-01,ERP,PEGGING_SNAPSHOT,PEG-0017-1,COM-0017,RESOLVED,2026-09-25T23:59:59-06:00,2026-09-26T08:00:00-06:00,2026-06-29T00:00:00-06:00,,1,,false,ACTIVE,EA,,VALID,CURRENT,coolit-synthetic-v2.0.0,CUST-007,PRG-001,CFG-CDU-04,SYNTHETIC_INTERNAL,SNP-COOLIT-20260925-BL,SCN-BASELINE,PEG-0017-1,MRP-0130,COM-0017,SALES_ORDER_SCHEDULE,SO-SCH-0017,WORK_ORDER,WO-0017,19,2026-08-23,2026-08-20,1,false
TEN-COOLIT-SYN-001,SITE-COOLIT-SYN-01,ERP,PEGGING_SNAPSHOT,PEG-0017-2,COM-0017,RESOLVED,2026-09-25T23:59:59-06:00,2026-09-26T08:00:00-06:00,2026-06-29T00:00:00-06:00,,1,,false,ACTIVE,EA,,VALID,CURRENT,coolit-synthetic-v2.0.0,CUST-007,PRG-001,CFG-CDU-04,SYNTHETIC_INTERNAL,SNP-COOLIT-20260925-BL,SCN-BASELINE,PEG-0017-2,MRP-0130,COM-0017,SALES_ORDER_SCHEDULE,SO-SCH-0017,PLANNED_ORDER,PLN-0017,13,2026-08-23,2026-08-22,1,false
TEN-COOLIT-SYN-001,SITE-COOLIT-SYN-01,ERP,PEGGING_SNAPSHOT,PEG-0018-1,COM-0018,RESOLVED,2026-09-25T23:59:59-06:00,2026-09-26T08:00:00-06:00,2026-06-29T00:00:00-06:00,,1,,false,ACTIVE,EA,,VALID,CURRENT,coolit-synthetic-v2.0.0,CUST-008,PRG-002,CFG-RM-01,SYNTHETIC_INTERNAL,SNP-COOLIT-20260925-BL,SCN-BASELINE,PEG-0018-1,MRP-0130,COM-0018,SALES_ORDER_SCHEDULE,SO-SCH-0018,WORK_ORDER,WO-0018,21,2026-08-27,2026-08-24,1,false
TEN-COOLIT-SYN-001,SITE-COOLIT-SYN-01,ERP,PEGGING_SNAPSHOT,PEG-0018-2,COM-0018,RESOLVED,2026-09-25T23:59:59-06:00,2026-09-26T08:00:00-06:00,2026-06-29T00:00:00-06:00,,1,,false,ACTIVE,EA,,VALID,CURRENT,coolit-synthetic-v2.0.0,CUST-008,PRG-002,CFG-RM-01,SYNTHETIC_INTERNAL,SNP-COOLIT-20260925-BL,SCN-BASELINE,PEG-0018-2,MRP-0130,COM-0018,SALES_ORDER_SCHEDULE,SO-SCH-0018,PLANNED_ORDER,PLN-0018,15,2026-08-27,2026-08-26,1,false
TEN-COOLIT-SYN-001,SITE-COOLIT-SYN-01,ERP,PEGGING_SNAPSHOT,PEG-0019-1,COM-0019,RESOLVED,2026-09-25T23:59:59-06:00,2026-09-26T08:00:00-06:00,2026-06-29T00:00:00-06:00,,1,,false,ACTIVE,EA,,VALID,CURRENT,coolit-synthetic-v2.0.0,CUST-009,PRG-003,CFG-CDU-02,SYNTHETIC_INTERNAL,SNP-COOLIT-20260925-BL,SCN-BASELINE,PEG-0019-1,MRP-0130,COM-0019,SALES_ORDER_SCHEDULE,SO-SCH-0019,WORK_ORDER,WO-0019,24,2026-08-31,2026-08-28,1,false
TEN-COOLIT-SYN-001,SITE-COOLIT-SYN-01,ERP,PEGGING_SNAPSHOT,PEG-0019-2,COM-0019,RESOLVED,2026-09-25T23:59:59-06:00,2026-09-26T08:00:00-06:00,2026-06-29T00:00:00-06:00,,1,,false,ACTIVE,EA,,VALID,CURRENT,coolit-synthetic-v2.0.0,CUST-009,PRG-003,CFG-CDU-02,SYNTHETIC_INTERNAL,SNP-COOLIT-20260925-BL,SCN-BASELINE,PEG-0019-2,MRP-0130,COM-0019,SALES_ORDER_SCHEDULE,SO-SCH-0019,PLANNED_ORDER,PLN-0019,16,2026-08-31,2026-08-30,1,false
TEN-COOLIT-SYN-001,SITE-COOLIT-SYN-01,ERP,PEGGING_SNAPSHOT,PEG-0020-1,COM-0020,RESOLVED,2026-09-25T23:59:59-06:00,2026-09-26T08:00:00-06:00,2026-06-29T00:00:00-06:00,,1,,false,ACTIVE,EA,,VALID,CURRENT,coolit-synthetic-v2.0.0,CUST-010,PRG-004,CFG-CPL-03,SYNTHETIC_INTERNAL,SNP-COOLIT-20260925-BL,SCN-BASELINE,PEG-0020-1,MRP-0130,COM-0020,SALES_ORDER_SCHEDULE,SO-SCH-0020,WORK_ORDER,WO-0020,26,2026-09-04,2026-09-01,1,false
TEN-COOLIT-SYN-001,SITE-COOLIT-SYN-01,ERP,PEGGING_SNAPSHOT,PEG-0020-2,COM-0020,RESOLVED,2026-09-25T23:59:59-06:00,2026-09-26T08:00:00-06:00,2026-06-29T00:00:00-06:00,,1,,false,ACTIVE,EA,,VALID,CURRENT,coolit-synthetic-v2.0.0,CUST-010,PRG-004,CFG-CPL-03,SYNTHETIC_INTERNAL,SNP-COOLIT-20260925-BL,SCN-BASELINE,PEG-0020-2,MRP-0130,COM-0020,SALES_ORDER_SCHEDULE,SO-SCH-0020,PLANNED_ORDER,PLN-0020,18,2026-09-04,2026-09-03,1,false
TEN-COOLIT-SYN-001,SITE-COOLIT-SYN-01,ERP,PEGGING_SNAPSHOT,PEG-0021-1,COM-0021,RESOLVED,2026-09-25T23:59:59-06:00,2026-09-26T08:00:00-06:00,2026-06-29T00:00:00-06:00,,1,,false,ACTIVE,EA,,VALID,CURRENT,coolit-synthetic-v2.0.0,CUST-001,PRG-005,CFG-RM-04,SYNTHETIC_INTERNAL,SNP-COOLIT-20260925-BL,SCN-BASELINE,PEG-0021-1,MRP-0130,COM-0021,SALES_ORDER_SCHEDULE,SO-SCH-0021,WORK_ORDER,WO-0021,4,2026-09-06,2026-09-03,1,false
TEN-COOLIT-SYN-001,SITE-COOLIT-SYN-01,ERP,PEGGING_SNAPSHOT,PEG-0021-2,COM-0021,RESOLVED,2026-09-25T23:59:59-06:00,2026-09-26T08:00:00-06:00,2026-06-29T00:00:00-06:00,,1,,false,ACTIVE,EA,,VALID,CURRENT,coolit-synthetic-v2.0.0,CUST-001,PRG-005,CFG-RM-04,SYNTHETIC_INTERNAL,SNP-COOLIT-20260925-BL,SCN-BASELINE,PEG-0021-2,MRP-0130,COM-0021,SALES_ORDER_SCHEDULE,SO-SCH-0021,PLANNED_ORDER,PLN-0021,4,2026-09-06,2026-09-05,1,false
TEN-COOLIT-SYN-001,SITE-COOLIT-SYN-01,ERP,PEGGING_SNAPSHOT,PEG-0022-1,COM-0022,RESOLVED,2026-09-25T23:59:59-06:00,2026-09-26T08:00:00-06:00,2026-06-29T00:00:00-06:00,,1,,false,ACTIVE,EA,,VALID,CURRENT,coolit-synthetic-v2.0.0,CUST-002,PRG-006,CFG-CPL-01,SYNTHETIC_INTERNAL,SNP-COOLIT-20260925-BL,SCN-BASELINE,PEG-0022-1,MRP-0130,COM-0022,SALES_ORDER_SCHEDULE,SO-SCH-0022,WORK_ORDER,WO-0022,7,2026-09-08,2026-09-05,1,false
TEN-COOLIT-SYN-001,SITE-COOLIT-SYN-01,ERP,PEGGING_SNAPSHOT,PEG-0022-2,COM-0022,RESOLVED,2026-09-25T23:59:59-06:00,2026-09-26T08:00:00-06:00,2026-06-29T00:00:00-06:00,,1,,false,ACTIVE,EA,,VALID,CURRENT,coolit-synthetic-v2.0.0,CUST-002,PRG-006,CFG-CPL-01,SYNTHETIC_INTERNAL,SNP-COOLIT-20260925-BL,SCN-BASELINE,PEG-0022-2,MRP-0130,COM-0022,SALES_ORDER_SCHEDULE,SO-SCH-0022,PLANNED_ORDER,PLN-0022,5,2026-09-08,2026-09-07,1,false
TEN-COOLIT-SYN-001,SITE-COOLIT-SYN-01,ERP,PEGGING_SNAPSHOT,PEG-0023-1,COM-0023,RESOLVED,2026-09-25T23:59:59-06:00,2026-09-26T08:00:00-06:00,2026-06-29T00:00:00-06:00,,1,,false,ACTIVE,EA,,VALID,CURRENT,coolit-synthetic-v2.0.0,CUST-003,PRG-007,CFG-RM-02,SYNTHETIC_INTERNAL,SNP-COOLIT-20260925-BL,SCN-BASELINE,PEG-0023-1,MRP-0130,COM-0023,SALES_ORDER_SCHEDULE,SO-SCH-0023,WORK_ORDER,WO-0023,9,2026-09-12,2026-09-09,1,false
TEN-COOLIT-SYN-001,SITE-COOLIT-SYN-01,ERP,PEGGING_SNAPSHOT,PEG-0023-2,COM-0023,RESOLVED,2026-09-25T23:59:59-06:00,2026-09-26T08:00:00-06:00,2026-06-29T00:00:00-06:00,,1,,false,ACTIVE,EA,,VALID,CURRENT,coolit-synthetic-v2.0.0,CUST-003,PRG-007,CFG-RM-02,SYNTHETIC_INTERNAL,SNP-COOLIT-20260925-BL,SCN-BASELINE,PEG-0023-2,MRP-0130,COM-0023,SALES_ORDER_SCHEDULE,SO-SCH-0023,PLANNED_ORDER,PLN-0023,7,2026-09-12,2026-09-11,1,false
TEN-COOLIT-SYN-001,SITE-COOLIT-SYN-01,ERP,PEGGING_SNAPSHOT,PEG-0024-1,COM-0024,RESOLVED,2026-09-25T23:59:59-06:00,2026-09-26T08:00:00-06:00,2026-06-29T00:00:00-06:00,,1,,false,ACTIVE,EA,,VALID,CURRENT,coolit-synthetic-v2.0.0,CUST-004,PRG-008,CFG-CDU-03,SYNTHETIC_INTERNAL,SNP-COOLIT-20260925-BL,SCN-BASELINE,PEG-0024-1,MRP-0130,COM-0024,SALES_ORDER_SCHEDULE,SO-SCH-0024,WORK_ORDER,WO-0024,12,2026-09-16,2026-09-13,1,false
TEN-COOLIT-SYN-001,SITE-COOLIT-SYN-01,ERP,PEGGING_SNAPSHOT,PEG-0024-2,COM-0024,RESOLVED,2026-09-25T23:59:59-06:00,2026-09-26T08:00:00-06:00,2026-06-29T00:00:00-06:00,,1,,false,ACTIVE,EA,,VALID,CURRENT,coolit-synthetic-v2.0.0,CUST-004,PRG-008,CFG-CDU-03,SYNTHETIC_INTERNAL,SNP-COOLIT-20260925-BL,SCN-BASELINE,PEG-0024-2,MRP-0130,COM-0024,SALES_ORDER_SCHEDULE,SO-SCH-0024,PLANNED_ORDER,PLN-0024,8,2026-09-16,2026-09-15,1,false
TEN-COOLIT-SYN-001,SITE-COOLIT-SYN-01,ERP,PEGGING_SNAPSHOT,PEG-0025-1,COM-0025,RESOLVED,2026-09-25T23:59:59-06:00,2026-09-26T08:00:00-06:00,2026-06-29T00:00:00-06:00,,1,,false,ACTIVE,EA,,VALID,CURRENT,coolit-synthetic-v2.0.0,CUST-005,PRG-001,CFG-CPL-04,SYNTHETIC_INTERNAL,SNP-COOLIT-20260925-BL,SCN-BASELINE,PEG-0025-1,MRP-0130,COM-0025,SALES_ORDER_SCHEDULE,SO-SCH-0025,WORK_ORDER,WO-0025,14,2026-10-02,2026-09-29,1,true
TEN-COOLIT-SYN-001,SITE-COOLIT-SYN-01,ERP,PEGGING_SNAPSHOT,PEG-0025-2,COM-0025,RESOLVED,2026-09-25T23:59:59-06:00,2026-09-26T08:00:00-06:00,2026-06-29T00:00:00-06:00,,1,,false,ACTIVE,EA,,VALID,CURRENT,coolit-synthetic-v2.0.0,CUST-005,PRG-001,CFG-CPL-04,SYNTHETIC_INTERNAL,SNP-COOLIT-20260925-BL,SCN-BASELINE,PEG-0025-2,MRP-0130,COM-0025,SALES_ORDER_SCHEDULE,SO-SCH-0025,PLANNED_ORDER,PLN-0025,10,2026-10-02,2026-10-01,1,true
TEN-COOLIT-SYN-001,SITE-COOLIT-SYN-01,ERP,PEGGING_SNAPSHOT,PEG-0026-1,COM-0026,RESOLVED,2026-09-25T23:59:59-06:00,2026-09-26T08:00:00-06:00,2026-06-29T00:00:00-06:00,,1,,false,ACTIVE,EA,,VALID,CURRENT,coolit-synthetic-v2.0.0,CUST-006,PRG-002,CFG-CDU-01,SYNTHETIC_INTERNAL,SNP-COOLIT-20260925-BL,SCN-BASELINE,PEG-0026-1,MRP-0130,COM-0026,SALES_ORDER_SCHEDULE,SO-SCH-0026,WORK_ORDER,WO-0026,16,2026-10-08,2026-10-05,1,true
TEN-COOLIT-SYN-001,SITE-COOLIT-SYN-01,ERP,PEGGING_SNAPSHOT,PEG-0026-2,COM-0026,RESOLVED,2026-09-25T23:59:59-06:00,2026-09-26T08:00:00-06:00,2026-06-29T00:00:00-06:00,,1,,false,ACTIVE,EA,,VALID,CURRENT,coolit-synthetic-v2.0.0,CUST-006,PRG-002,CFG-CDU-01,SYNTHETIC_INTERNAL,SNP-COOLIT-20260925-BL,SCN-BASELINE,PEG-0026-2,MRP-0130,COM-0026,SALES_ORDER_SCHEDULE,SO-SCH-0026,PLANNED_ORDER,PLN-0026,12,2026-10-08,2026-10-07,1,true
TEN-COOLIT-SYN-001,SITE-COOLIT-SYN-01,ERP,PEGGING_SNAPSHOT,PEG-0027-1,COM-0027,RESOLVED,2026-09-25T23:59:59-06:00,2026-09-26T08:00:00-06:00,2026-06-29T00:00:00-06:00,,1,,false,ACTIVE,EA,,VALID,CURRENT,coolit-synthetic-v2.0.0,CUST-007,PRG-003,CFG-CPL-02,SYNTHETIC_INTERNAL,SNP-COOLIT-20260925-BL,SCN-BASELINE,PEG-0027-1,MRP-0130,COM-0027,SALES_ORDER_SCHEDULE,SO-SCH-0027,WORK_ORDER,WO-0027,19,2026-10-10,2026-10-07,1,true
TEN-COOLIT-SYN-001,SITE-COOLIT-SYN-01,ERP,PEGGING_SNAPSHOT,PEG-0027-2,COM-0027,RESOLVED,2026-09-25T23:59:59-06:00,2026-09-26T08:00:00-06:00,2026-06-29T00:00:00-06:00,,1,,false,ACTIVE,EA,,VALID,CURRENT,coolit-synthetic-v2.0.0,CUST-007,PRG-003,CFG-CPL-02,SYNTHETIC_INTERNAL,SNP-COOLIT-20260925-BL,SCN-BASELINE,PEG-0027-2,MRP-0130,COM-0027,SALES_ORDER_SCHEDULE,SO-SCH-0027,PLANNED_ORDER,PLN-0027,13,2026-10-10,2026-10-09,1,true
TEN-COOLIT-SYN-001,SITE-COOLIT-SYN-01,ERP,PEGGING_SNAPSHOT,PEG-0028-1,COM-0028,RESOLVED,2026-09-25T23:59:59-06:00,2026-09-26T08:00:00-06:00,2026-06-29T00:00:00-06:00,,1,,false,ACTIVE,EA,,VALID,CURRENT,coolit-synthetic-v2.0.0,CUST-008,PRG-004,CFG-RM-03,SYNTHETIC_INTERNAL,SNP-COOLIT-20260925-BL,SCN-BASELINE,PEG-0028-1,MRP-0130,COM-0028,SALES_ORDER_SCHEDULE,SO-SCH-0028,WORK_ORDER,WO-0028,21,2026-10-14,2026-10-11,1,true
TEN-COOLIT-SYN-001,SITE-COOLIT-SYN-01,ERP,PEGGING_SNAPSHOT,PEG-0028-2,COM-0028,RESOLVED,2026-09-25T23:59:59-06:00,2026-09-26T08:00:00-06:00,2026-06-29T00:00:00-06:00,,1,,false,ACTIVE,EA,,VALID,CURRENT,coolit-synthetic-v2.0.0,CUST-008,PRG-004,CFG-RM-03,SYNTHETIC_INTERNAL,SNP-COOLIT-20260925-BL,SCN-BASELINE,PEG-0028-2,MRP-0130,COM-0028,SALES_ORDER_SCHEDULE,SO-SCH-0028,PLANNED_ORDER,PLN-0028,15,2026-10-14,2026-10-13,1,true
TEN-COOLIT-SYN-001,SITE-COOLIT-SYN-01,ERP,PEGGING_SNAPSHOT,PEG-0029-1,COM-0029,RESOLVED,2026-09-25T23:59:59-06:00,2026-09-26T08:00:00-06:00,2026-06-29T00:00:00-06:00,,1,,false,ACTIVE,EA,,VALID,CURRENT,coolit-synthetic-v2.0.0,CUST-009,PRG-005,CFG-CDU-04,SYNTHETIC_INTERNAL,SNP-COOLIT-20260925-BL,SCN-BASELINE,PEG-0029-1,MRP-0130,COM-0029,SALES_ORDER_SCHEDULE,SO-SCH-0029,WORK_ORDER,WO-0029,24,2026-10-14,2026-10-11,1,true
TEN-COOLIT-SYN-001,SITE-COOLIT-SYN-01,ERP,PEGGING_SNAPSHOT,PEG-0029-2,COM-0029,RESOLVED,2026-09-25T23:59:59-06:00,2026-09-26T08:00:00-06:00,2026-06-29T00:00:00-06:00,,1,,false,ACTIVE,EA,,VALID,CURRENT,coolit-synthetic-v2.0.0,CUST-009,PRG-005,CFG-CDU-04,SYNTHETIC_INTERNAL,SNP-COOLIT-20260925-BL,SCN-BASELINE,PEG-0029-2,MRP-0130,COM-0029,SALES_ORDER_SCHEDULE,SO-SCH-0029,PLANNED_ORDER,PLN-0029,16,2026-10-14,2026-10-13,1,true
TEN-COOLIT-SYN-001,SITE-COOLIT-SYN-01,ERP,PEGGING_SNAPSHOT,PEG-0030-1,COM-0030,RESOLVED,2026-09-25T23:59:59-06:00,2026-09-26T08:00:00-06:00,2026-06-29T00:00:00-06:00,,1,,false,ACTIVE,EA,,VALID,CURRENT,coolit-synthetic-v2.0.0,CUST-010,PRG-006,CFG-RM-01,SYNTHETIC_INTERNAL,SNP-COOLIT-20260925-BL,SCN-BASELINE,PEG-0030-1,MRP-0130,COM-0030,SALES_ORDER_SCHEDULE,SO-SCH-0030,WORK_ORDER,WO-0030,26,2026-10-18,2026-10-15,1,true
TEN-COOLIT-SYN-001,SITE-COOLIT-SYN-01,ERP,PEGGING_SNAPSHOT,PEG-0030-2,COM-0030,RESOLVED,2026-09-25T23:59:59-06:00,2026-09-26T08:00:00-06:00,2026-06-29T00:00:00-06:00,,1,,false,ACTIVE,EA,,VALID,CURRENT,coolit-synthetic-v2.0.0,CUST-010,PRG-006,CFG-RM-01,SYNTHETIC_INTERNAL,SNP-COOLIT-20260925-BL,SCN-BASELINE,PEG-0030-2,MRP-0130,COM-0030,SALES_ORDER_SCHEDULE,SO-SCH-0030,PLANNED_ORDER,PLN-0030,18,2026-10-18,2026-10-17,1,true
TEN-COOLIT-SYN-001,SITE-COOLIT-SYN-01,ERP,PEGGING_SNAPSHOT,PEG-0031-1,COM-0031,RESOLVED,2026-09-25T23:59:59-06:00,2026-09-26T08:00:00-06:00,2026-06-29T00:00:00-06:00,,1,,false,ACTIVE,EA,,VALID,CURRENT,coolit-synthetic-v2.0.0,CUST-001,PRG-007,CFG-CDU-02,SYNTHETIC_INTERNAL,SNP-COOLIT-20260925-BL,SCN-BASELINE,PEG-0031-1,MRP-0130,COM-0031,SALES_ORDER_SCHEDULE,SO-SCH-0031,WORK_ORDER,WO-0031,4,2026-10-24,2026-10-21,1,true
TEN-COOLIT-SYN-001,SITE-COOLIT-SYN-01,ERP,PEGGING_SNAPSHOT,PEG-0031-2,COM-0031,RESOLVED,2026-09-25T23:59:59-06:00,2026-09-26T08:00:00-06:00,2026-06-29T00:00:00-06:00,,1,,false,ACTIVE,EA,,VALID,CURRENT,coolit-synthetic-v2.0.0,CUST-001,PRG-007,CFG-CDU-02,SYNTHETIC_INTERNAL,SNP-COOLIT-20260925-BL,SCN-BASELINE,PEG-0031-2,MRP-0130,COM-0031,SALES_ORDER_SCHEDULE,SO-SCH-0031,PLANNED_ORDER,PLN-0031,4,2026-10-24,2026-10-23,1,true
TEN-COOLIT-SYN-001,SITE-COOLIT-SYN-01,ERP,PEGGING_SNAPSHOT,PEG-0032-1,COM-0032,RESOLVED,2026-09-25T23:59:59-06:00,2026-09-26T08:00:00-06:00,2026-06-29T00:00:00-06:00,,1,,false,ACTIVE,EA,,VALID,CURRENT,coolit-synthetic-v2.0.0,CUST-002,PRG-008,CFG-CPL-03,SYNTHETIC_INTERNAL,SNP-COOLIT-20260925-BL,SCN-BASELINE,PEG-0032-1,MRP-0130,COM-0032,SALES_ORDER_SCHEDULE,SO-SCH-0032,WORK_ORDER,WO-0032,7,2026-10-26,2026-10-23,1,true
TEN-COOLIT-SYN-001,SITE-COOLIT-SYN-01,ERP,PEGGING_SNAPSHOT,PEG-0032-2,COM-0032,RESOLVED,2026-09-25T23:59:59-06:00,2026-09-26T08:00:00-06:00,2026-06-29T00:00:00-06:00,,1,,false,ACTIVE,EA,,VALID,CURRENT,coolit-synthetic-v2.0.0,CUST-002,PRG-008,CFG-CPL-03,SYNTHETIC_INTERNAL,SNP-COOLIT-20260925-BL,SCN-BASELINE,PEG-0032-2,MRP-0130,COM-0032,SALES_ORDER_SCHEDULE,SO-SCH-0032,PLANNED_ORDER,PLN-0032,5,2026-10-26,2026-10-25,1,true
TEN-COOLIT-SYN-001,SITE-COOLIT-SYN-01,ERP,PEGGING_SNAPSHOT,PEG-0033-1,COM-0033,RESOLVED,2026-09-25T23:59:59-06:00,2026-09-26T08:00:00-06:00,2026-06-29T00:00:00-06:00,,1,,false,ACTIVE,EA,,VALID,CURRENT,coolit-synthetic-v2.0.0,CUST-003,PRG-001,CFG-RM-04,SYNTHETIC_INTERNAL,SNP-COOLIT-20260925-BL,SCN-BASELINE,PEG-0033-1,MRP-0130,COM-0033,SALES_ORDER_SCHEDULE,SO-SCH-0033,WORK_ORDER,WO-0033,9,2026-10-26,2026-10-23,1,true
TEN-COOLIT-SYN-001,SITE-COOLIT-SYN-01,ERP,PEGGING_SNAPSHOT,PEG-0033-2,COM-0033,RESOLVED,2026-09-25T23:59:59-06:00,2026-09-26T08:00:00-06:00,2026-06-29T00:00:00-06:00,,1,,false,ACTIVE,EA,,VALID,CURRENT,coolit-synthetic-v2.0.0,CUST-003,PRG-001,CFG-RM-04,SYNTHETIC_INTERNAL,SNP-COOLIT-20260925-BL,SCN-BASELINE,PEG-0033-2,MRP-0130,COM-0033,SALES_ORDER_SCHEDULE,SO-SCH-0033,PLANNED_ORDER,PLN-0033,7,2026-10-26,2026-10-25,1,true
TEN-COOLIT-SYN-001,SITE-COOLIT-SYN-01,ERP,PEGGING_SNAPSHOT,PEG-0034-1,COM-0034,RESOLVED,2026-09-25T23:59:59-06:00,2026-09-26T08:00:00-06:00,2026-06-29T00:00:00-06:00,,1,,false,ACTIVE,EA,,VALID,CURRENT,coolit-synthetic-v2.0.0,CUST-004,PRG-002,CFG-CPL-01,SYNTHETIC_INTERNAL,SNP-COOLIT-20260925-BL,SCN-BASELINE,PEG-0034-1,MRP-0130,COM-0034,SALES_ORDER_SCHEDULE,SO-SCH-0034,WORK_ORDER,WO-0034,12,2026-10-30,2026-10-27,1,true
TEN-COOLIT-SYN-001,SITE-COOLIT-SYN-01,ERP,PEGGING_SNAPSHOT,PEG-0034-2,COM-0034,RESOLVED,2026-09-25T23:59:59-06:00,2026-09-26T08:00:00-06:00,2026-06-29T00:00:00-06:00,,1,,false,ACTIVE,EA,,VALID,CURRENT,coolit-synthetic-v2.0.0,CUST-004,PRG-002,CFG-CPL-01,SYNTHETIC_INTERNAL,SNP-COOLIT-20260925-BL,SCN-BASELINE,PEG-0034-2,MRP-0130,COM-0034,SALES_ORDER_SCHEDULE,SO-SCH-0034,PLANNED_ORDER,PLN-0034,8,2026-10-30,2026-10-29,1,true
TEN-COOLIT-SYN-001,SITE-COOLIT-SYN-01,ERP,PEGGING_SNAPSHOT,PEG-0035-1,COM-0035,RESOLVED,2026-09-25T23:59:59-06:00,2026-09-26T08:00:00-06:00,2026-06-29T00:00:00-06:00,,1,,false,ACTIVE,EA,,VALID,CURRENT,coolit-synthetic-v2.0.0,CUST-005,PRG-003,CFG-RM-02,SYNTHETIC_INTERNAL,SNP-COOLIT-20260925-BL,SCN-BASELINE,PEG-0035-1,MRP-0130,COM-0035,SALES_ORDER_SCHEDULE,SO-SCH-0035,WORK_ORDER,WO-0035,14,2026-11-03,2026-10-31,1,true
TEN-COOLIT-SYN-001,SITE-COOLIT-SYN-01,ERP,PEGGING_SNAPSHOT,PEG-0035-2,COM-0035,RESOLVED,2026-09-25T23:59:59-06:00,2026-09-26T08:00:00-06:00,2026-06-29T00:00:00-06:00,,1,,false,ACTIVE,EA,,VALID,CURRENT,coolit-synthetic-v2.0.0,CUST-005,PRG-003,CFG-RM-02,SYNTHETIC_INTERNAL,SNP-COOLIT-20260925-BL,SCN-BASELINE,PEG-0035-2,MRP-0130,COM-0035,SALES_ORDER_SCHEDULE,SO-SCH-0035,PLANNED_ORDER,PLN-0035,10,2026-11-03,2026-11-02,1,true
TEN-COOLIT-SYN-001,SITE-COOLIT-SYN-01,ERP,PEGGING_SNAPSHOT,PEG-0036-1,COM-0036,RESOLVED,2026-09-25T23:59:59-06:00,2026-09-26T08:00:00-06:00,2026-06-29T00:00:00-06:00,,1,,false,ACTIVE,EA,,VALID,CURRENT,coolit-synthetic-v2.0.0,CUST-006,PRG-004,CFG-CDU-03,SYNTHETIC_INTERNAL,SNP-COOLIT-20260925-BL,SCN-BASELINE,PEG-0036-1,MRP-0130,COM-0036,SALES_ORDER_SCHEDULE,SO-SCH-0036,WORK_ORDER,WO-0036,16,2026-11-09,2026-11-06,1,true
TEN-COOLIT-SYN-001,SITE-COOLIT-SYN-01,ERP,PEGGING_SNAPSHOT,PEG-0036-2,COM-0036,RESOLVED,2026-09-25T23:59:59-06:00,2026-09-26T08:00:00-06:00,2026-06-29T00:00:00-06:00,,1,,false,ACTIVE,EA,,VALID,CURRENT,coolit-synthetic-v2.0.0,CUST-006,PRG-004,CFG-CDU-03,SYNTHETIC_INTERNAL,SNP-COOLIT-20260925-BL,SCN-BASELINE,PEG-0036-2,MRP-0130,COM-0036,SALES_ORDER_SCHEDULE,SO-SCH-0036,PLANNED_ORDER,PLN-0036,12,2026-11-09,2026-11-08,1,true
TEN-COOLIT-SYN-001,SITE-COOLIT-SYN-01,ERP,PEGGING_SNAPSHOT,PEG-0037-1,COM-0037,RESOLVED,2026-09-25T23:59:59-06:00,2026-09-26T08:00:00-06:00,2026-06-29T00:00:00-06:00,,1,,false,ACTIVE,EA,,VALID,CURRENT,coolit-synthetic-v2.0.0,CUST-007,PRG-005,CFG-CPL-04,SYNTHETIC_INTERNAL,SNP-COOLIT-20260925-BL,SCN-BASELINE,PEG-0037-1,MRP-0130,COM-0037,SALES_ORDER_SCHEDULE,SO-SCH-0037,WORK_ORDER,WO-0037,19,2026-11-07,2026-11-04,1,true
TEN-COOLIT-SYN-001,SITE-COOLIT-SYN-01,ERP,PEGGING_SNAPSHOT,PEG-0037-2,COM-0037,RESOLVED,2026-09-25T23:59:59-06:00,2026-09-26T08:00:00-06:00,2026-06-29T00:00:00-06:00,,1,,false,ACTIVE,EA,,VALID,CURRENT,coolit-synthetic-v2.0.0,CUST-007,PRG-005,CFG-CPL-04,SYNTHETIC_INTERNAL,SNP-COOLIT-20260925-BL,SCN-BASELINE,PEG-0037-2,MRP-0130,COM-0037,SALES_ORDER_SCHEDULE,SO-SCH-0037,PLANNED_ORDER,PLN-0037,13,2026-11-07,2026-11-06,1,true
TEN-COOLIT-SYN-001,SITE-COOLIT-SYN-01,ERP,PEGGING_SNAPSHOT,PEG-0038-1,COM-0038,RESOLVED,2026-09-25T23:59:59-06:00,2026-09-26T08:00:00-06:00,2026-06-29T00:00:00-06:00,,1,,false,ACTIVE,EA,,VALID,CURRENT,coolit-synthetic-v2.0.0,CUST-008,PRG-006,CFG-CDU-01,SYNTHETIC_INTERNAL,SNP-COOLIT-20260925-BL,SCN-BASELINE,PEG-0038-1,MRP-0130,COM-0038,SALES_ORDER_SCHEDULE,SO-SCH-0038,WORK_ORDER,WO-0038,21,2026-11-11,2026-11-08,1,true
TEN-COOLIT-SYN-001,SITE-COOLIT-SYN-01,ERP,PEGGING_SNAPSHOT,PEG-0038-2,COM-0038,RESOLVED,2026-09-25T23:59:59-06:00,2026-09-26T08:00:00-06:00,2026-06-29T00:00:00-06:00,,1,,false,ACTIVE,EA,,VALID,CURRENT,coolit-synthetic-v2.0.0,CUST-008,PRG-006,CFG-CDU-01,SYNTHETIC_INTERNAL,SNP-COOLIT-20260925-BL,SCN-BASELINE,PEG-0038-2,MRP-0130,COM-0038,SALES_ORDER_SCHEDULE,SO-SCH-0038,PLANNED_ORDER,PLN-0038,15,2026-11-11,2026-11-10,1,true
TEN-COOLIT-SYN-001,SITE-COOLIT-SYN-01,ERP,PEGGING_SNAPSHOT,PEG-0039-1,COM-0039,RESOLVED,2026-09-25T23:59:59-06:00,2026-09-26T08:00:00-06:00,2026-06-29T00:00:00-06:00,,1,,false,ACTIVE,EA,,VALID,CURRENT,coolit-synthetic-v2.0.0,CUST-009,PRG-007,CFG-CPL-02,SYNTHETIC_INTERNAL,SNP-COOLIT-20260925-BL,SCN-BASELINE,PEG-0039-1,MRP-0130,COM-0039,SALES_ORDER_SCHEDULE,SO-SCH-0039,WORK_ORDER,WO-0039,24,2026-11-15,2026-11-12,1,false
TEN-COOLIT-SYN-001,SITE-COOLIT-SYN-01,ERP,PEGGING_SNAPSHOT,PEG-0039-2,COM-0039,RESOLVED,2026-09-25T23:59:59-06:00,2026-09-26T08:00:00-06:00,2026-06-29T00:00:00-06:00,,1,,false,ACTIVE,EA,,VALID,CURRENT,coolit-synthetic-v2.0.0,CUST-009,PRG-007,CFG-CPL-02,SYNTHETIC_INTERNAL,SNP-COOLIT-20260925-BL,SCN-BASELINE,PEG-0039-2,MRP-0130,COM-0039,SALES_ORDER_SCHEDULE,SO-SCH-0039,PLANNED_ORDER,PLN-0039,16,2026-11-15,2026-11-14,1,false
TEN-COOLIT-SYN-001,SITE-COOLIT-SYN-01,ERP,PEGGING_SNAPSHOT,PEG-0040-1,COM-0040,RESOLVED,2026-09-25T23:59:59-06:00,2026-09-26T08:00:00-06:00,2026-06-29T00:00:00-06:00,,1,,false,ACTIVE,EA,,VALID,CURRENT,coolit-synthetic-v2.0.0,CUST-010,PRG-008,CFG-RM-03,SYNTHETIC_INTERNAL,SNP-COOLIT-20260925-BL,SCN-BASELINE,PEG-0040-1,MRP-0130,COM-0040,SALES_ORDER_SCHEDULE,SO-SCH-0040,WORK_ORDER,WO-0040,26,2026-11-19,2026-11-16,1,false
TEN-COOLIT-SYN-001,SITE-COOLIT-SYN-01,ERP,PEGGING_SNAPSHOT,PEG-0040-2,COM-0040,RESOLVED,2026-09-25T23:59:59-06:00,2026-09-26T08:00:00-06:00,2026-06-29T00:00:00-06:00,,1,,false,ACTIVE,EA,,VALID,CURRENT,coolit-synthetic-v2.0.0,CUST-010,PRG-008,CFG-RM-03,SYNTHETIC_INTERNAL,SNP-COOLIT-20260925-BL,SCN-BASELINE,PEG-0040-2,MRP-0130,COM-0040,SALES_ORDER_SCHEDULE,SO-SCH-0040,PLANNED_ORDER,PLN-0040,18,2026-11-19,2026-11-18,1,false
TEN-COOLIT-SYN-001,SITE-COOLIT-SYN-01,ERP,PEGGING_SNAPSHOT,PEG-0041-1,COM-0041,RESOLVED,2026-09-25T23:59:59-06:00,2026-09-26T08:00:00-06:00,2026-06-29T00:00:00-06:00,,1,,false,ACTIVE,EA,,VALID,CURRENT,coolit-synthetic-v2.0.0,CUST-001,PRG-001,CFG-CDU-04,SYNTHETIC_INTERNAL,SNP-COOLIT-20260925-BL,SCN-BASELINE,PEG-0041-1,MRP-0130,COM-0041,SALES_ORDER_SCHEDULE,SO-SCH-0041,WORK_ORDER,WO-0001,4,2026-11-21,2026-11-18,1,false
TEN-COOLIT-SYN-001,SITE-COOLIT-SYN-01,ERP,PEGGING_SNAPSHOT,PEG-0041-2,COM-0041,RESOLVED,2026-09-25T23:59:59-06:00,2026-09-26T08:00:00-06:00,2026-06-29T00:00:00-06:00,,1,,false,ACTIVE,EA,,VALID,CURRENT,coolit-synthetic-v2.0.0,CUST-001,PRG-001,CFG-CDU-04,SYNTHETIC_INTERNAL,SNP-COOLIT-20260925-BL,SCN-BASELINE,PEG-0041-2,MRP-0130,COM-0041,SALES_ORDER_SCHEDULE,SO-SCH-0041,PLANNED_ORDER,PLN-0041,4,2026-11-21,2026-11-20,1,false
TEN-COOLIT-SYN-001,SITE-COOLIT-SYN-01,ERP,PEGGING_SNAPSHOT,PEG-0042-1,COM-0042,RESOLVED,2026-09-25T23:59:59-06:00,2026-09-26T08:00:00-06:00,2026-06-29T00:00:00-06:00,,1,,false,ACTIVE,EA,,VALID,CURRENT,coolit-synthetic-v2.0.0,CUST-002,PRG-002,CFG-RM-01,SYNTHETIC_INTERNAL,SNP-COOLIT-20260925-BL,SCN-BASELINE,PEG-0042-1,MRP-0130,COM-0042,SALES_ORDER_SCHEDULE,SO-SCH-0042,WORK_ORDER,WO-0002,7,2026-11-23,2026-11-20,1,false
TEN-COOLIT-SYN-001,SITE-COOLIT-SYN-01,ERP,PEGGING_SNAPSHOT,PEG-0042-2,COM-0042,RESOLVED,2026-09-25T23:59:59-06:00,2026-09-26T08:00:00-06:00,2026-06-29T00:00:00-06:00,,1,,false,ACTIVE,EA,,VALID,CURRENT,coolit-synthetic-v2.0.0,CUST-002,PRG-002,CFG-RM-01,SYNTHETIC_INTERNAL,SNP-COOLIT-20260925-BL,SCN-BASELINE,PEG-0042-2,MRP-0130,COM-0042,SALES_ORDER_SCHEDULE,SO-SCH-0042,PLANNED_ORDER,PLN-0042,5,2026-11-23,2026-11-22,1,false
TEN-COOLIT-SYN-001,SITE-COOLIT-SYN-01,ERP,PEGGING_SNAPSHOT,PEG-0043-1,COM-0043,RESOLVED,2026-09-25T23:59:59-06:00,2026-09-26T08:00:00-06:00,2026-06-29T00:00:00-06:00,,1,,false,ACTIVE,EA,,VALID,CURRENT,coolit-synthetic-v2.0.0,CUST-003,PRG-003,CFG-CDU-02,SYNTHETIC_INTERNAL,SNP-COOLIT-20260925-BL,SCN-BASELINE,PEG-0043-1,MRP-0130,COM-0043,SALES_ORDER_SCHEDULE,SO-SCH-0043,WORK_ORDER,WO-0003,9,2026-11-27,2026-11-24,1,false
TEN-COOLIT-SYN-001,SITE-COOLIT-SYN-01,ERP,PEGGING_SNAPSHOT,PEG-0043-2,COM-0043,RESOLVED,2026-09-25T23:59:59-06:00,2026-09-26T08:00:00-06:00,2026-06-29T00:00:00-06:00,,1,,false,ACTIVE,EA,,VALID,CURRENT,coolit-synthetic-v2.0.0,CUST-003,PRG-003,CFG-CDU-02,SYNTHETIC_INTERNAL,SNP-COOLIT-20260925-BL,SCN-BASELINE,PEG-0043-2,MRP-0130,COM-0043,SALES_ORDER_SCHEDULE,SO-SCH-0043,PLANNED_ORDER,PLN-0043,7,2026-11-27,2026-11-26,1,false
TEN-COOLIT-SYN-001,SITE-COOLIT-SYN-01,ERP,PEGGING_SNAPSHOT,PEG-0044-1,COM-0044,RESOLVED,2026-09-25T23:59:59-06:00,2026-09-26T08:00:00-06:00,2026-06-29T00:00:00-06:00,,1,,false,ACTIVE,EA,,VALID,CURRENT,coolit-synthetic-v2.0.0,CUST-004,PRG-004,CFG-CPL-03,SYNTHETIC_INTERNAL,SNP-COOLIT-20260925-BL,SCN-BASELINE,PEG-0044-1,MRP-0130,COM-0044,SALES_ORDER_SCHEDULE,SO-SCH-0044,WORK_ORDER,WO-0004,12,2026-12-01,2026-11-28,1,false
TEN-COOLIT-SYN-001,SITE-COOLIT-SYN-01,ERP,PEGGING_SNAPSHOT,PEG-0044-2,COM-0044,RESOLVED,2026-09-25T23:59:59-06:00,2026-09-26T08:00:00-06:00,2026-06-29T00:00:00-06:00,,1,,false,ACTIVE,EA,,VALID,CURRENT,coolit-synthetic-v2.0.0,CUST-004,PRG-004,CFG-CPL-03,SYNTHETIC_INTERNAL,SNP-COOLIT-20260925-BL,SCN-BASELINE,PEG-0044-2,MRP-0130,COM-0044,SALES_ORDER_SCHEDULE,SO-SCH-0044,PLANNED_ORDER,PLN-0044,8,2026-12-01,2026-11-30,1,false
TEN-COOLIT-SYN-001,SITE-COOLIT-SYN-01,ERP,PEGGING_SNAPSHOT,PEG-0045-1,COM-0045,RESOLVED,2026-09-25T23:59:59-06:00,2026-09-26T08:00:00-06:00,2026-06-29T00:00:00-06:00,,1,,false,ACTIVE,EA,,VALID,CURRENT,coolit-synthetic-v2.0.0,CUST-005,PRG-005,CFG-RM-04,SYNTHETIC_INTERNAL,SNP-COOLIT-20260925-BL,SCN-BASELINE,PEG-0045-1,MRP-0130,COM-0045,SALES_ORDER_SCHEDULE,SO-SCH-0045,WORK_ORDER,WO-0005,14,2026-12-01,2026-11-28,1,false
TEN-COOLIT-SYN-001,SITE-COOLIT-SYN-01,ERP,PEGGING_SNAPSHOT,PEG-0045-2,COM-0045,RESOLVED,2026-09-25T23:59:59-06:00,2026-09-26T08:00:00-06:00,2026-06-29T00:00:00-06:00,,1,,false,ACTIVE,EA,,VALID,CURRENT,coolit-synthetic-v2.0.0,CUST-005,PRG-005,CFG-RM-04,SYNTHETIC_INTERNAL,SNP-COOLIT-20260925-BL,SCN-BASELINE,PEG-0045-2,MRP-0130,COM-0045,SALES_ORDER_SCHEDULE,SO-SCH-0045,PLANNED_ORDER,PLN-0045,10,2026-12-01,2026-11-30,1,false
TEN-COOLIT-SYN-001,SITE-COOLIT-SYN-01,ERP,PEGGING_SNAPSHOT,PEG-0046-1,COM-0046,RESOLVED,2026-09-25T23:59:59-06:00,2026-09-26T08:00:00-06:00,2026-06-29T00:00:00-06:00,,1,,false,ACTIVE,EA,,VALID,CURRENT,coolit-synthetic-v2.0.0,CUST-006,PRG-006,CFG-CPL-01,SYNTHETIC_INTERNAL,SNP-COOLIT-20260925-BL,SCN-BASELINE,PEG-0046-1,MRP-0130,COM-0046,SALES_ORDER_SCHEDULE,SO-SCH-0046,WORK_ORDER,WO-0006,16,2026-12-07,2026-12-04,1,false
TEN-COOLIT-SYN-001,SITE-COOLIT-SYN-01,ERP,PEGGING_SNAPSHOT,PEG-0046-2,COM-0046,RESOLVED,2026-09-25T23:59:59-06:00,2026-09-26T08:00:00-06:00,2026-06-29T00:00:00-06:00,,1,,false,ACTIVE,EA,,VALID,CURRENT,coolit-synthetic-v2.0.0,CUST-006,PRG-006,CFG-CPL-01,SYNTHETIC_INTERNAL,SNP-COOLIT-20260925-BL,SCN-BASELINE,PEG-0046-2,MRP-0130,COM-0046,SALES_ORDER_SCHEDULE,SO-SCH-0046,PLANNED_ORDER,PLN-0046,12,2026-12-07,2026-12-06,1,false
TEN-COOLIT-SYN-001,SITE-COOLIT-SYN-01,ERP,PEGGING_SNAPSHOT,PEG-0047-1,COM-0047,RESOLVED,2026-09-25T23:59:59-06:00,2026-09-26T08:00:00-06:00,2026-06-29T00:00:00-06:00,,1,,false,ACTIVE,EA,,VALID,CURRENT,coolit-synthetic-v2.0.0,CUST-007,PRG-007,CFG-RM-02,SYNTHETIC_INTERNAL,SNP-COOLIT-20260925-BL,SCN-BASELINE,PEG-0047-1,MRP-0130,COM-0047,SALES_ORDER_SCHEDULE,SO-SCH-0047,WORK_ORDER,WO-0007,19,2026-12-09,2026-12-06,1,false
TEN-COOLIT-SYN-001,SITE-COOLIT-SYN-01,ERP,PEGGING_SNAPSHOT,PEG-0047-2,COM-0047,RESOLVED,2026-09-25T23:59:59-06:00,2026-09-26T08:00:00-06:00,2026-06-29T00:00:00-06:00,,1,,false,ACTIVE,EA,,VALID,CURRENT,coolit-synthetic-v2.0.0,CUST-007,PRG-007,CFG-RM-02,SYNTHETIC_INTERNAL,SNP-COOLIT-20260925-BL,SCN-BASELINE,PEG-0047-2,MRP-0130,COM-0047,SALES_ORDER_SCHEDULE,SO-SCH-0047,PLANNED_ORDER,PLN-0047,13,2026-12-09,2026-12-08,1,false
TEN-COOLIT-SYN-001,SITE-COOLIT-SYN-01,ERP,PEGGING_SNAPSHOT,PEG-0048-1,COM-0048,RESOLVED,2026-09-25T23:59:59-06:00,2026-09-26T08:00:00-06:00,2026-06-29T00:00:00-06:00,,1,,false,ACTIVE,EA,,VALID,CURRENT,coolit-synthetic-v2.0.0,CUST-008,PRG-008,CFG-CDU-03,SYNTHETIC_INTERNAL,SNP-COOLIT-20260925-BL,SCN-BASELINE,PEG-0048-1,MRP-0130,COM-0048,SALES_ORDER_SCHEDULE,SO-SCH-0048,WORK_ORDER,WO-0008,21,2026-12-13,2026-12-10,1,false
TEN-COOLIT-SYN-001,SITE-COOLIT-SYN-01,ERP,PEGGING_SNAPSHOT,PEG-0048-2,COM-0048,RESOLVED,2026-09-25T23:59:59-06:00,2026-09-26T08:00:00-06:00,2026-06-29T00:00:00-06:00,,1,,false,ACTIVE,EA,,VALID,CURRENT,coolit-synthetic-v2.0.0,CUST-008,PRG-008,CFG-CDU-03,SYNTHETIC_INTERNAL,SNP-COOLIT-20260925-BL,SCN-BASELINE,PEG-0048-2,MRP-0130,COM-0048,SALES_ORDER_SCHEDULE,SO-SCH-0048,PLANNED_ORDER,PLN-0048,15,2026-12-13,2026-12-12,1,false
TEN-COOLIT-SYN-001,SITE-COOLIT-SYN-01,ERP,PEGGING_SNAPSHOT,PEG-0049-1,COM-0049,RESOLVED,2026-09-25T23:59:59-06:00,2026-09-26T08:00:00-06:00,2026-06-29T00:00:00-06:00,,1,,false,ACTIVE,EA,,VALID,CURRENT,coolit-synthetic-v2.0.0,CUST-009,PRG-001,CFG-CPL-04,SYNTHETIC_INTERNAL,SNP-COOLIT-20260925-BL,SCN-BASELINE,PEG-0049-1,MRP-0130,COM-0049,SALES_ORDER_SCHEDULE,SO-SCH-0049,WORK_ORDER,WO-0009,24,2026-12-13,2026-12-10,1,false
TEN-COOLIT-SYN-001,SITE-COOLIT-SYN-01,ERP,PEGGING_SNAPSHOT,PEG-0049-2,COM-0049,RESOLVED,2026-09-25T23:59:59-06:00,2026-09-26T08:00:00-06:00,2026-06-29T00:00:00-06:00,,1,,false,ACTIVE,EA,,VALID,CURRENT,coolit-synthetic-v2.0.0,CUST-009,PRG-001,CFG-CPL-04,SYNTHETIC_INTERNAL,SNP-COOLIT-20260925-BL,SCN-BASELINE,PEG-0049-2,MRP-0130,COM-0049,SALES_ORDER_SCHEDULE,SO-SCH-0049,PLANNED_ORDER,PLN-0049,16,2026-12-13,2026-12-12,1,false
TEN-COOLIT-SYN-001,SITE-COOLIT-SYN-01,ERP,PEGGING_SNAPSHOT,PEG-0050-1,COM-0050,RESOLVED,2026-09-25T23:59:59-06:00,2026-09-26T08:00:00-06:00,2026-06-29T00:00:00-06:00,,1,,false,ACTIVE,EA,,VALID,CURRENT,coolit-synthetic-v2.0.0,CUST-010,PRG-002,CFG-CDU-01,SYNTHETIC_INTERNAL,SNP-COOLIT-20260925-BL,SCN-BASELINE,PEG-0050-1,MRP-0130,COM-0050,SALES_ORDER_SCHEDULE,SO-SCH-0050,WORK_ORDER,WO-0010,26,2026-12-17,2026-12-14,1,false
TEN-COOLIT-SYN-001,SITE-COOLIT-SYN-01,ERP,PEGGING_SNAPSHOT,PEG-0050-2,COM-0050,RESOLVED,2026-09-25T23:59:59-06:00,2026-09-26T08:00:00-06:00,2026-06-29T00:00:00-06:00,,1,,false,ACTIVE,EA,,VALID,CURRENT,coolit-synthetic-v2.0.0,CUST-010,PRG-002,CFG-CDU-01,SYNTHETIC_INTERNAL,SNP-COOLIT-20260925-BL,SCN-BASELINE,PEG-0050-2,MRP-0130,COM-0050,SALES_ORDER_SCHEDULE,SO-SCH-0050,PLANNED_ORDER,PLN-0050,18,2026-12-17,2026-12-16,1,false
TEN-COOLIT-SYN-001,SITE-COOLIT-SYN-01,ERP,PEGGING_SNAPSHOT,PEG-0051-1,COM-0051,RESOLVED,2026-09-25T23:59:59-06:00,2026-09-26T08:00:00-06:00,2026-06-29T00:00:00-06:00,,1,,false,ACTIVE,EA,,VALID,CURRENT,coolit-synthetic-v2.0.0,CUST-001,PRG-003,CFG-CPL-02,SYNTHETIC_INTERNAL,SNP-COOLIT-20260925-BL,SCN-BASELINE,PEG-0051-1,MRP-0130,COM-0051,SALES_ORDER_SCHEDULE,SO-SCH-0051,WORK_ORDER,WO-0011,4,2026-12-23,2026-12-20,1,false
TEN-COOLIT-SYN-001,SITE-COOLIT-SYN-01,ERP,PEGGING_SNAPSHOT,PEG-0051-2,COM-0051,RESOLVED,2026-09-25T23:59:59-06:00,2026-09-26T08:00:00-06:00,2026-06-29T00:00:00-06:00,,1,,false,ACTIVE,EA,,VALID,CURRENT,coolit-synthetic-v2.0.0,CUST-001,PRG-003,CFG-CPL-02,SYNTHETIC_INTERNAL,SNP-COOLIT-20260925-BL,SCN-BASELINE,PEG-0051-2,MRP-0130,COM-0051,SALES_ORDER_SCHEDULE,SO-SCH-0051,PLANNED_ORDER,PLN-0051,4,2026-12-23,2026-12-22,1,false
TEN-COOLIT-SYN-001,SITE-COOLIT-SYN-01,ERP,PEGGING_SNAPSHOT,PEG-0052-1,COM-0052,RESOLVED,2026-09-25T23:59:59-06:00,2026-09-26T08:00:00-06:00,2026-06-29T00:00:00-06:00,,1,,false,ACTIVE,EA,,VALID,CURRENT,coolit-synthetic-v2.0.0,CUST-002,PRG-004,CFG-RM-03,SYNTHETIC_INTERNAL,SNP-COOLIT-20260925-BL,SCN-BASELINE,PEG-0052-1,MRP-0130,COM-0052,SALES_ORDER_SCHEDULE,SO-SCH-0052,WORK_ORDER,WO-0012,7,2026-12-25,2026-12-22,1,false
TEN-COOLIT-SYN-001,SITE-COOLIT-SYN-01,ERP,PEGGING_SNAPSHOT,PEG-0052-2,COM-0052,RESOLVED,2026-09-25T23:59:59-06:00,2026-09-26T08:00:00-06:00,2026-06-29T00:00:00-06:00,,1,,false,ACTIVE,EA,,VALID,CURRENT,coolit-synthetic-v2.0.0,CUST-002,PRG-004,CFG-RM-03,SYNTHETIC_INTERNAL,SNP-COOLIT-20260925-BL,SCN-BASELINE,PEG-0052-2,MRP-0130,COM-0052,SALES_ORDER_SCHEDULE,SO-SCH-0052,PLANNED_ORDER,PLN-0052,5,2026-12-25,2026-12-24,1,false
TEN-COOLIT-SYN-001,SITE-COOLIT-SYN-01,ERP,PEGGING_SNAPSHOT,PEG-0053-1,COM-0053,RESOLVED,2026-09-25T23:59:59-06:00,2026-09-26T08:00:00-06:00,2026-06-29T00:00:00-06:00,,1,,false,ACTIVE,EA,,VALID,CURRENT,coolit-synthetic-v2.0.0,CUST-003,PRG-005,CFG-CDU-04,SYNTHETIC_INTERNAL,SNP-COOLIT-20260925-BL,SCN-BASELINE,PEG-0053-1,MRP-0130,COM-0053,SALES_ORDER_SCHEDULE,SO-SCH-0053,WORK_ORDER,WO-0013,9,2026-12-25,2026-12-22,1,false
TEN-COOLIT-SYN-001,SITE-COOLIT-SYN-01,ERP,PEGGING_SNAPSHOT,PEG-0053-2,COM-0053,RESOLVED,2026-09-25T23:59:59-06:00,2026-09-26T08:00:00-06:00,2026-06-29T00:00:00-06:00,,1,,false,ACTIVE,EA,,VALID,CURRENT,coolit-synthetic-v2.0.0,CUST-003,PRG-005,CFG-CDU-04,SYNTHETIC_INTERNAL,SNP-COOLIT-20260925-BL,SCN-BASELINE,PEG-0053-2,MRP-0130,COM-0053,SALES_ORDER_SCHEDULE,SO-SCH-0053,PLANNED_ORDER,PLN-0053,7,2026-12-25,2026-12-24,1,false
TEN-COOLIT-SYN-001,SITE-COOLIT-SYN-01,ERP,PEGGING_SNAPSHOT,PEG-0054-1,COM-0054,RESOLVED,2026-09-25T23:59:59-06:00,2026-09-26T08:00:00-06:00,2026-06-29T00:00:00-06:00,,1,,false,ACTIVE,EA,,VALID,CURRENT,coolit-synthetic-v2.0.0,CUST-004,PRG-006,CFG-RM-01,SYNTHETIC_INTERNAL,SNP-COOLIT-20260925-BL,SCN-BASELINE,PEG-0054-1,MRP-0130,COM-0054,SALES_ORDER_SCHEDULE,SO-SCH-0054,WORK_ORDER,WO-0014,12,2026-12-29,2026-12-26,1,false
TEN-COOLIT-SYN-001,SITE-COOLIT-SYN-01,ERP,PEGGING_SNAPSHOT,PEG-0054-2,COM-0054,RESOLVED,2026-09-25T23:59:59-06:00,2026-09-26T08:00:00-06:00,2026-06-29T00:00:00-06:00,,1,,false,ACTIVE,EA,,VALID,CURRENT,coolit-synthetic-v2.0.0,CUST-004,PRG-006,CFG-RM-01,SYNTHETIC_INTERNAL,SNP-COOLIT-20260925-BL,SCN-BASELINE,PEG-0054-2,MRP-0130,COM-0054,SALES_ORDER_SCHEDULE,SO-SCH-0054,PLANNED_ORDER,PLN-0054,8,2026-12-29,2026-12-28,1,false
TEN-COOLIT-SYN-001,SITE-COOLIT-SYN-01,ERP,PEGGING_SNAPSHOT,PEG-0055-1,COM-0055,RESOLVED,2026-09-25T23:59:59-06:00,2026-09-26T08:00:00-06:00,2026-06-29T00:00:00-06:00,,1,,false,ACTIVE,EA,,VALID,CURRENT,coolit-synthetic-v2.0.0,CUST-005,PRG-007,CFG-CDU-02,SYNTHETIC_INTERNAL,SNP-COOLIT-20260925-BL,SCN-BASELINE,PEG-0055-1,MRP-0130,COM-0055,SALES_ORDER_SCHEDULE,SO-SCH-0055,WORK_ORDER,WO-0015,14,2027-01-02,2026-12-30,1,false
TEN-COOLIT-SYN-001,SITE-COOLIT-SYN-01,ERP,PEGGING_SNAPSHOT,PEG-0055-2,COM-0055,RESOLVED,2026-09-25T23:59:59-06:00,2026-09-26T08:00:00-06:00,2026-06-29T00:00:00-06:00,,1,,false,ACTIVE,EA,,VALID,CURRENT,coolit-synthetic-v2.0.0,CUST-005,PRG-007,CFG-CDU-02,SYNTHETIC_INTERNAL,SNP-COOLIT-20260925-BL,SCN-BASELINE,PEG-0055-2,MRP-0130,COM-0055,SALES_ORDER_SCHEDULE,SO-SCH-0055,PLANNED_ORDER,PLN-0055,10,2027-01-02,2027-01-01,1,false
TEN-COOLIT-SYN-001,SITE-COOLIT-SYN-01,ERP,PEGGING_SNAPSHOT,PEG-0056-1,COM-0056,RESOLVED,2026-09-25T23:59:59-06:00,2026-09-26T08:00:00-06:00,2026-06-29T00:00:00-06:00,,1,,false,ACTIVE,EA,,VALID,CURRENT,coolit-synthetic-v2.0.0,CUST-006,PRG-008,CFG-CPL-03,SYNTHETIC_INTERNAL,SNP-COOLIT-20260925-BL,SCN-BASELINE,PEG-0056-1,MRP-0130,COM-0056,SALES_ORDER_SCHEDULE,SO-SCH-0056,WORK_ORDER,WO-0016,16,2027-01-08,2027-01-05,1,false
TEN-COOLIT-SYN-001,SITE-COOLIT-SYN-01,ERP,PEGGING_SNAPSHOT,PEG-0056-2,COM-0056,RESOLVED,2026-09-25T23:59:59-06:00,2026-09-26T08:00:00-06:00,2026-06-29T00:00:00-06:00,,1,,false,ACTIVE,EA,,VALID,CURRENT,coolit-synthetic-v2.0.0,CUST-006,PRG-008,CFG-CPL-03,SYNTHETIC_INTERNAL,SNP-COOLIT-20260925-BL,SCN-BASELINE,PEG-0056-2,MRP-0130,COM-0056,SALES_ORDER_SCHEDULE,SO-SCH-0056,PLANNED_ORDER,PLN-0056,12,2027-01-08,2027-01-07,1,false
TEN-COOLIT-SYN-001,SITE-COOLIT-SYN-01,ERP,PEGGING_SNAPSHOT,PEG-0057-1,COM-0057,RESOLVED,2026-09-25T23:59:59-06:00,2026-09-26T08:00:00-06:00,2026-06-29T00:00:00-06:00,,1,,false,ACTIVE,EA,,VALID,CURRENT,coolit-synthetic-v2.0.0,CUST-007,PRG-001,CFG-RM-04,SYNTHETIC_INTERNAL,SNP-COOLIT-20260925-BL,SCN-BASELINE,PEG-0057-1,MRP-0130,COM-0057,SALES_ORDER_SCHEDULE,SO-SCH-0057,WORK_ORDER,WO-0017,19,2027-01-06,2027-01-03,1,false
TEN-COOLIT-SYN-001,SITE-COOLIT-SYN-01,ERP,PEGGING_SNAPSHOT,PEG-0057-2,COM-0057,RESOLVED,2026-09-25T23:59:59-06:00,2026-09-26T08:00:00-06:00,2026-06-29T00:00:00-06:00,,1,,false,ACTIVE,EA,,VALID,CURRENT,coolit-synthetic-v2.0.0,CUST-007,PRG-001,CFG-RM-04,SYNTHETIC_INTERNAL,SNP-COOLIT-20260925-BL,SCN-BASELINE,PEG-0057-2,MRP-0130,COM-0057,SALES_ORDER_SCHEDULE,SO-SCH-0057,PLANNED_ORDER,PLN-0057,13,2027-01-06,2027-01-05,1,false
TEN-COOLIT-SYN-001,SITE-COOLIT-SYN-01,ERP,PEGGING_SNAPSHOT,PEG-0058-1,COM-0058,RESOLVED,2026-09-25T23:59:59-06:00,2026-09-26T08:00:00-06:00,2026-06-29T00:00:00-06:00,,1,,false,ACTIVE,EA,,VALID,CURRENT,coolit-synthetic-v2.0.0,CUST-008,PRG-002,CFG-CPL-01,SYNTHETIC_INTERNAL,SNP-COOLIT-20260925-BL,SCN-BASELINE,PEG-0058-1,MRP-0130,COM-0058,SALES_ORDER_SCHEDULE,SO-SCH-0058,WORK_ORDER,WO-0018,21,2027-01-10,2027-01-07,1,false
TEN-COOLIT-SYN-001,SITE-COOLIT-SYN-01,ERP,PEGGING_SNAPSHOT,PEG-0058-2,COM-0058,RESOLVED,2026-09-25T23:59:59-06:00,2026-09-26T08:00:00-06:00,2026-06-29T00:00:00-06:00,,1,,false,ACTIVE,EA,,VALID,CURRENT,coolit-synthetic-v2.0.0,CUST-008,PRG-002,CFG-CPL-01,SYNTHETIC_INTERNAL,SNP-COOLIT-20260925-BL,SCN-BASELINE,PEG-0058-2,MRP-0130,COM-0058,SALES_ORDER_SCHEDULE,SO-SCH-0058,PLANNED_ORDER,PLN-0058,15,2027-01-10,2027-01-09,1,false
TEN-COOLIT-SYN-001,SITE-COOLIT-SYN-01,ERP,PEGGING_SNAPSHOT,PEG-0059-1,COM-0059,RESOLVED,2026-09-25T23:59:59-06:00,2026-09-26T08:00:00-06:00,2026-06-29T00:00:00-06:00,,1,,false,ACTIVE,EA,,VALID,CURRENT,coolit-synthetic-v2.0.0,CUST-009,PRG-003,CFG-RM-02,SYNTHETIC_INTERNAL,SNP-COOLIT-20260925-BL,SCN-BASELINE,PEG-0059-1,MRP-0130,COM-0059,SALES_ORDER_SCHEDULE,SO-SCH-0059,WORK_ORDER,WO-0019,24,2027-01-14,2027-01-11,1,false
TEN-COOLIT-SYN-001,SITE-COOLIT-SYN-01,ERP,PEGGING_SNAPSHOT,PEG-0059-2,COM-0059,RESOLVED,2026-09-25T23:59:59-06:00,2026-09-26T08:00:00-06:00,2026-06-29T00:00:00-06:00,,1,,false,ACTIVE,EA,,VALID,CURRENT,coolit-synthetic-v2.0.0,CUST-009,PRG-003,CFG-RM-02,SYNTHETIC_INTERNAL,SNP-COOLIT-20260925-BL,SCN-BASELINE,PEG-0059-2,MRP-0130,COM-0059,SALES_ORDER_SCHEDULE,SO-SCH-0059,PLANNED_ORDER,PLN-0059,16,2027-01-14,2027-01-13,1,false
TEN-COOLIT-SYN-001,SITE-COOLIT-SYN-01,ERP,PEGGING_SNAPSHOT,PEG-0060-1,COM-0060,RESOLVED,2026-09-25T23:59:59-06:00,2026-09-26T08:00:00-06:00,2026-06-29T00:00:00-06:00,,1,,false,ACTIVE,EA,,VALID,CURRENT,coolit-synthetic-v2.0.0,CUST-010,PRG-004,CFG-CDU-03,SYNTHETIC_INTERNAL,SNP-COOLIT-20260925-BL,SCN-BASELINE,PEG-0060-1,MRP-0130,COM-0060,SALES_ORDER_SCHEDULE,SO-SCH-0060,WORK_ORDER,WO-0020,26,2027-01-18,2027-01-15,1,false
TEN-COOLIT-SYN-001,SITE-COOLIT-SYN-01,ERP,PEGGING_SNAPSHOT,PEG-0060-2,COM-0060,RESOLVED,2026-09-25T23:59:59-06:00,2026-09-26T08:00:00-06:00,2026-06-29T00:00:00-06:00,,1,,false,ACTIVE,EA,,VALID,CURRENT,coolit-synthetic-v2.0.0,CUST-010,PRG-004,CFG-CDU-03,SYNTHETIC_INTERNAL,SNP-COOLIT-20260925-BL,SCN-BASELINE,PEG-0060-2,MRP-0130,COM-0060,SALES_ORDER_SCHEDULE,SO-SCH-0060,PLANNED_ORDER,PLN-0060,18,2027-01-18,2027-01-17,1,false
