tenant_id,site_id,source_system,source_object,source_record_id,canonical_id,crosswalk_status,source_event_at,ingested_at,effective_from,effective_to,record_version,supersedes_source_record_id,is_deleted,semantic_status,uom,currency,data_quality_state,freshness_state,transformation_version,customer_scope,program_scope,product_scope,sensitivity_class,snapshot_id,scenario_id,location_id,parent_location_id,location_level,location_name,inventory_status_allowed,active_flag
TEN-COOLIT-SYN-001,SITE-COOLIT-SYN-01,REFERENCE,LOCATION_HIERARCHY,WH-MAIN,WH-MAIN,RESOLVED,2026-09-25T23:59:59-06:00,2026-09-26T08:00:00-06:00,2026-06-29T00:00:00-06:00,,1,,false,ACTIVE,,,VALID,CURRENT,coolit-synthetic-v2.0.0,ALL_SYNTHETIC_CUSTOMERS,ALL_SYNTHETIC_PROGRAMS,ALL_SYNTHETIC_PRODUCTS,SYNTHETIC_INTERNAL,SNP-COOLIT-20260925-BL,SCN-BASELINE,WH-MAIN,SITE-COOLIT-SYN-01,WAREHOUSE,MAIN_WAREHOUSE,ALL_CONTROLLED,true
TEN-COOLIT-SYN-001,SITE-COOLIT-SYN-01,REFERENCE,LOCATION_HIERARCHY,WH-MAIN-RECEIVING,WH-MAIN-RECEIVING,RESOLVED,2026-09-25T23:59:59-06:00,2026-09-26T08:00:00-06:00,2026-06-29T00:00:00-06:00,,1,,false,ACTIVE,,,VALID,CURRENT,coolit-synthetic-v2.0.0,ALL_SYNTHETIC_CUSTOMERS,ALL_SYNTHETIC_PROGRAMS,ALL_SYNTHETIC_PRODUCTS,SYNTHETIC_INTERNAL,SNP-COOLIT-20260925-BL,SCN-BASELINE,WH-MAIN-RECEIVING,WH-MAIN,ZONE,RECEIVING,AVAILABLE|RESTRICTED,true
TEN-COOLIT-SYN-001,SITE-COOLIT-SYN-01,REFERENCE,LOCATION_HIERARCHY,WH-MAIN-RECEIVING-B01,WH-MAIN-RECEIVING-B01,RESOLVED,2026-09-25T23:59:59-06:00,2026-09-26T08:00:00-06:00,2026-06-29T00:00:00-06:00,,1,,false,ACTIVE,,,VALID,CURRENT,coolit-synthetic-v2.0.0,ALL_SYNTHETIC_CUSTOMERS,ALL_SYNTHETIC_PROGRAMS,ALL_SYNTHETIC_PRODUCTS,SYNTHETIC_INTERNAL,SNP-COOLIT-20260925-BL,SCN-BASELINE,WH-MAIN-RECEIVING-B01,WH-MAIN-RECEIVING,BIN,BIN 01,AVAILABLE|RESTRICTED,true
TEN-COOLIT-SYN-001,SITE-COOLIT-SYN-01,REFERENCE,LOCATION_HIERARCHY,WH-MAIN-RECEIVING-B02,WH-MAIN-RECEIVING-B02,RESOLVED,2026-09-25T23:59:59-06:00,2026-09-26T08:00:00-06:00,2026-06-29T00:00:00-06:00,,1,,false,ACTIVE,,,VALID,CURRENT,coolit-synthetic-v2.0.0,ALL_SYNTHETIC_CUSTOMERS,ALL_SYNTHETIC_PROGRAMS,ALL_SYNTHETIC_PRODUCTS,SYNTHETIC_INTERNAL,SNP-COOLIT-20260925-BL,SCN-BASELINE,WH-MAIN-RECEIVING-B02,WH-MAIN-RECEIVING,BIN,BIN 02,AVAILABLE|RESTRICTED,true
TEN-COOLIT-SYN-001,SITE-COOLIT-SYN-01,REFERENCE,LOCATION_HIERARCHY,WH-MAIN-RECEIVING-B03,WH-MAIN-RECEIVING-B03,RESOLVED,2026-09-25T23:59:59-06:00,2026-09-26T08:00:00-06:00,2026-06-29T00:00:00-06:00,,1,,false,ACTIVE,,,VALID,CURRENT,coolit-synthetic-v2.0.0,ALL_SYNTHETIC_CUSTOMERS,ALL_SYNTHETIC_PROGRAMS,ALL_SYNTHETIC_PRODUCTS,SYNTHETIC_INTERNAL,SNP-COOLIT-20260925-BL,SCN-BASELINE,WH-MAIN-RECEIVING-B03,WH-MAIN-RECEIVING,BIN,BIN 03,AVAILABLE|RESTRICTED,true
TEN-COOLIT-SYN-001,SITE-COOLIT-SYN-01,REFERENCE,LOCATION_HIERARCHY,WH-MAIN-STORAGE,WH-MAIN-STORAGE,RESOLVED,2026-09-25T23:59:59-06:00,2026-09-26T08:00:00-06:00,2026-06-29T00:00:00-06:00,,1,,false,ACTIVE,,,VALID,CURRENT,coolit-synthetic-v2.0.0,ALL_SYNTHETIC_CUSTOMERS,ALL_SYNTHETIC_PROGRAMS,ALL_SYNTHETIC_PRODUCTS,SYNTHETIC_INTERNAL,SNP-COOLIT-20260925-BL,SCN-BASELINE,WH-MAIN-STORAGE,WH-MAIN,ZONE,STORAGE,AVAILABLE|RESTRICTED,true
TEN-COOLIT-SYN-001,SITE-COOLIT-SYN-01,REFERENCE,LOCATION_HIERARCHY,WH-MAIN-STORAGE-B01,WH-MAIN-STORAGE-B01,RESOLVED,2026-09-25T23:59:59-06:00,2026-09-26T08:00:00-06:00,2026-06-29T00:00:00-06:00,,1,,false,ACTIVE,,,VALID,CURRENT,coolit-synthetic-v2.0.0,ALL_SYNTHETIC_CUSTOMERS,ALL_SYNTHETIC_PROGRAMS,ALL_SYNTHETIC_PRODUCTS,SYNTHETIC_INTERNAL,SNP-COOLIT-20260925-BL,SCN-BASELINE,WH-MAIN-STORAGE-B01,WH-MAIN-STORAGE,BIN,BIN 01,AVAILABLE|RESTRICTED,true
TEN-COOLIT-SYN-001,SITE-COOLIT-SYN-01,REFERENCE,LOCATION_HIERARCHY,WH-MAIN-STORAGE-B02,WH-MAIN-STORAGE-B02,RESOLVED,2026-09-25T23:59:59-06:00,2026-09-26T08:00:00-06:00,2026-06-29T00:00:00-06:00,,1,,false,ACTIVE,,,VALID,CURRENT,coolit-synthetic-v2.0.0,ALL_SYNTHETIC_CUSTOMERS,ALL_SYNTHETIC_PROGRAMS,ALL_SYNTHETIC_PRODUCTS,SYNTHETIC_INTERNAL,SNP-COOLIT-20260925-BL,SCN-BASELINE,WH-MAIN-STORAGE-B02,WH-MAIN-STORAGE,BIN,BIN 02,AVAILABLE|RESTRICTED,true
TEN-COOLIT-SYN-001,SITE-COOLIT-SYN-01,REFERENCE,LOCATION_HIERARCHY,WH-MAIN-STORAGE-B03,WH-MAIN-STORAGE-B03,RESOLVED,2026-09-25T23:59:59-06:00,2026-09-26T08:00:00-06:00,2026-06-29T00:00:00-06:00,,1,,false,ACTIVE,,,VALID,CURRENT,coolit-synthetic-v2.0.0,ALL_SYNTHETIC_CUSTOMERS,ALL_SYNTHETIC_PROGRAMS,ALL_SYNTHETIC_PRODUCTS,SYNTHETIC_INTERNAL,SNP-COOLIT-20260925-BL,SCN-BASELINE,WH-MAIN-STORAGE-B03,WH-MAIN-STORAGE,BIN,BIN 03,AVAILABLE|RESTRICTED,true
TEN-COOLIT-SYN-001,SITE-COOLIT-SYN-01,REFERENCE,LOCATION_HIERARCHY,WH-MAIN-PICK,WH-MAIN-PICK,RESOLVED,2026-09-25T23:59:59-06:00,2026-09-26T08:00:00-06:00,2026-06-29T00:00:00-06:00,,1,,false,ACTIVE,,,VALID,CURRENT,coolit-synthetic-v2.0.0,ALL_SYNTHETIC_CUSTOMERS,ALL_SYNTHETIC_PROGRAMS,ALL_SYNTHETIC_PRODUCTS,SYNTHETIC_INTERNAL,SNP-COOLIT-20260925-BL,SCN-BASELINE,WH-MAIN-PICK,WH-MAIN,ZONE,PICK,AVAILABLE|RESTRICTED,true
TEN-COOLIT-SYN-001,SITE-COOLIT-SYN-01,REFERENCE,LOCATION_HIERARCHY,WH-MAIN-PICK-B01,WH-MAIN-PICK-B01,RESOLVED,2026-09-25T23:59:59-06:00,2026-09-26T08:00:00-06:00,2026-06-29T00:00:00-06:00,,1,,false,ACTIVE,,,VALID,CURRENT,coolit-synthetic-v2.0.0,ALL_SYNTHETIC_CUSTOMERS,ALL_SYNTHETIC_PROGRAMS,ALL_SYNTHETIC_PRODUCTS,SYNTHETIC_INTERNAL,SNP-COOLIT-20260925-BL,SCN-BASELINE,WH-MAIN-PICK-B01,WH-MAIN-PICK,BIN,BIN 01,AVAILABLE|RESTRICTED,true
TEN-COOLIT-SYN-001,SITE-COOLIT-SYN-01,REFERENCE,LOCATION_HIERARCHY,WH-MAIN-PICK-B02,WH-MAIN-PICK-B02,RESOLVED,2026-09-25T23:59:59-06:00,2026-09-26T08:00:00-06:00,2026-06-29T00:00:00-06:00,,1,,false,ACTIVE,,,VALID,CURRENT,coolit-synthetic-v2.0.0,ALL_SYNTHETIC_CUSTOMERS,ALL_SYNTHETIC_PROGRAMS,ALL_SYNTHETIC_PRODUCTS,SYNTHETIC_INTERNAL,SNP-COOLIT-20260925-BL,SCN-BASELINE,WH-MAIN-PICK-B02,WH-MAIN-PICK,BIN,BIN 02,AVAILABLE|RESTRICTED,true
TEN-COOLIT-SYN-001,SITE-COOLIT-SYN-01,REFERENCE,LOCATION_HIERARCHY,WH-MAIN-PICK-B03,WH-MAIN-PICK-B03,RESOLVED,2026-09-25T23:59:59-06:00,2026-09-26T08:00:00-06:00,2026-06-29T00:00:00-06:00,,1,,false,ACTIVE,,,VALID,CURRENT,coolit-synthetic-v2.0.0,ALL_SYNTHETIC_CUSTOMERS,ALL_SYNTHETIC_PROGRAMS,ALL_SYNTHETIC_PRODUCTS,SYNTHETIC_INTERNAL,SNP-COOLIT-20260925-BL,SCN-BASELINE,WH-MAIN-PICK-B03,WH-MAIN-PICK,BIN,BIN 03,AVAILABLE|RESTRICTED,true
TEN-COOLIT-SYN-001,SITE-COOLIT-SYN-01,REFERENCE,LOCATION_HIERARCHY,WH-MAIN-POINT_OF_USE,WH-MAIN-POINT_OF_USE,RESOLVED,2026-09-25T23:59:59-06:00,2026-09-26T08:00:00-06:00,2026-06-29T00:00:00-06:00,,1,,false,ACTIVE,,,VALID,CURRENT,coolit-synthetic-v2.0.0,ALL_SYNTHETIC_CUSTOMERS,ALL_SYNTHETIC_PROGRAMS,ALL_SYNTHETIC_PRODUCTS,SYNTHETIC_INTERNAL,SNP-COOLIT-20260925-BL,SCN-BASELINE,WH-MAIN-POINT_OF_USE,WH-MAIN,ZONE,POINT_OF_USE,AVAILABLE|RESTRICTED,true
TEN-COOLIT-SYN-001,SITE-COOLIT-SYN-01,REFERENCE,LOCATION_HIERARCHY,WH-MAIN-POINT_OF_USE-B01,WH-MAIN-POINT_OF_USE-B01,RESOLVED,2026-09-25T23:59:59-06:00,2026-09-26T08:00:00-06:00,2026-06-29T00:00:00-06:00,,1,,false,ACTIVE,,,VALID,CURRENT,coolit-synthetic-v2.0.0,ALL_SYNTHETIC_CUSTOMERS,ALL_SYNTHETIC_PROGRAMS,ALL_SYNTHETIC_PRODUCTS,SYNTHETIC_INTERNAL,SNP-COOLIT-20260925-BL,SCN-BASELINE,WH-MAIN-POINT_OF_USE-B01,WH-MAIN-POINT_OF_USE,BIN,BIN 01,AVAILABLE|RESTRICTED,true
TEN-COOLIT-SYN-001,SITE-COOLIT-SYN-01,REFERENCE,LOCATION_HIERARCHY,WH-MAIN-POINT_OF_USE-B02,WH-MAIN-POINT_OF_USE-B02,RESOLVED,2026-09-25T23:59:59-06:00,2026-09-26T08:00:00-06:00,2026-06-29T00:00:00-06:00,,1,,false,ACTIVE,,,VALID,CURRENT,coolit-synthetic-v2.0.0,ALL_SYNTHETIC_CUSTOMERS,ALL_SYNTHETIC_PROGRAMS,ALL_SYNTHETIC_PRODUCTS,SYNTHETIC_INTERNAL,SNP-COOLIT-20260925-BL,SCN-BASELINE,WH-MAIN-POINT_OF_USE-B02,WH-MAIN-POINT_OF_USE,BIN,BIN 02,AVAILABLE|RESTRICTED,true
TEN-COOLIT-SYN-001,SITE-COOLIT-SYN-01,REFERENCE,LOCATION_HIERARCHY,WH-MAIN-POINT_OF_USE-B03,WH-MAIN-POINT_OF_USE-B03,RESOLVED,2026-09-25T23:59:59-06:00,2026-09-26T08:00:00-06:00,2026-06-29T00:00:00-06:00,,1,,false,ACTIVE,,,VALID,CURRENT,coolit-synthetic-v2.0.0,ALL_SYNTHETIC_CUSTOMERS,ALL_SYNTHETIC_PROGRAMS,ALL_SYNTHETIC_PRODUCTS,SYNTHETIC_INTERNAL,SNP-COOLIT-20260925-BL,SCN-BASELINE,WH-MAIN-POINT_OF_USE-B03,WH-MAIN-POINT_OF_USE,BIN,BIN 03,AVAILABLE|RESTRICTED,true
TEN-COOLIT-SYN-001,SITE-COOLIT-SYN-01,REFERENCE,LOCATION_HIERARCHY,WH-QA,WH-QA,RESOLVED,2026-09-25T23:59:59-06:00,2026-09-26T08:00:00-06:00,2026-06-29T00:00:00-06:00,,1,,false,ACTIVE,,,VALID,CURRENT,coolit-synthetic-v2.0.0,ALL_SYNTHETIC_CUSTOMERS,ALL_SYNTHETIC_PROGRAMS,ALL_SYNTHETIC_PRODUCTS,SYNTHETIC_INTERNAL,SNP-COOLIT-20260925-BL,SCN-BASELINE,WH-QA,SITE-COOLIT-SYN-01,WAREHOUSE,QUALITY_WAREHOUSE,ALL_CONTROLLED,true
TEN-COOLIT-SYN-001,SITE-COOLIT-SYN-01,REFERENCE,LOCATION_HIERARCHY,WH-QA-INSPECTION,WH-QA-INSPECTION,RESOLVED,2026-09-25T23:59:59-06:00,2026-09-26T08:00:00-06:00,2026-06-29T00:00:00-06:00,,1,,false,ACTIVE,,,VALID,CURRENT,coolit-synthetic-v2.0.0,ALL_SYNTHETIC_CUSTOMERS,ALL_SYNTHETIC_PROGRAMS,ALL_SYNTHETIC_PRODUCTS,SYNTHETIC_INTERNAL,SNP-COOLIT-20260925-BL,SCN-BASELINE,WH-QA-INSPECTION,WH-QA,ZONE,INSPECTION,AVAILABLE|RESTRICTED,true
TEN-COOLIT-SYN-001,SITE-COOLIT-SYN-01,REFERENCE,LOCATION_HIERARCHY,WH-QA-INSPECTION-B01,WH-QA-INSPECTION-B01,RESOLVED,2026-09-25T23:59:59-06:00,2026-09-26T08:00:00-06:00,2026-06-29T00:00:00-06:00,,1,,false,ACTIVE,,,VALID,CURRENT,coolit-synthetic-v2.0.0,ALL_SYNTHETIC_CUSTOMERS,ALL_SYNTHETIC_PROGRAMS,ALL_SYNTHETIC_PRODUCTS,SYNTHETIC_INTERNAL,SNP-COOLIT-20260925-BL,SCN-BASELINE,WH-QA-INSPECTION-B01,WH-QA-INSPECTION,BIN,BIN 01,AVAILABLE|RESTRICTED,true
TEN-COOLIT-SYN-001,SITE-COOLIT-SYN-01,REFERENCE,LOCATION_HIERARCHY,WH-QA-INSPECTION-B02,WH-QA-INSPECTION-B02,RESOLVED,2026-09-25T23:59:59-06:00,2026-09-26T08:00:00-06:00,2026-06-29T00:00:00-06:00,,1,,false,ACTIVE,,,VALID,CURRENT,coolit-synthetic-v2.0.0,ALL_SYNTHETIC_CUSTOMERS,ALL_SYNTHETIC_PROGRAMS,ALL_SYNTHETIC_PRODUCTS,SYNTHETIC_INTERNAL,SNP-COOLIT-20260925-BL,SCN-BASELINE,WH-QA-INSPECTION-B02,WH-QA-INSPECTION,BIN,BIN 02,AVAILABLE|RESTRICTED,true
TEN-COOLIT-SYN-001,SITE-COOLIT-SYN-01,REFERENCE,LOCATION_HIERARCHY,WH-QA-INSPECTION-B03,WH-QA-INSPECTION-B03,RESOLVED,2026-09-25T23:59:59-06:00,2026-09-26T08:00:00-06:00,2026-06-29T00:00:00-06:00,,1,,false,ACTIVE,,,VALID,CURRENT,coolit-synthetic-v2.0.0,ALL_SYNTHETIC_CUSTOMERS,ALL_SYNTHETIC_PROGRAMS,ALL_SYNTHETIC_PRODUCTS,SYNTHETIC_INTERNAL,SNP-COOLIT-20260925-BL,SCN-BASELINE,WH-QA-INSPECTION-B03,WH-QA-INSPECTION,BIN,BIN 03,AVAILABLE|RESTRICTED,true
TEN-COOLIT-SYN-001,SITE-COOLIT-SYN-01,REFERENCE,LOCATION_HIERARCHY,WH-QA-QUARANTINE,WH-QA-QUARANTINE,RESOLVED,2026-09-25T23:59:59-06:00,2026-09-26T08:00:00-06:00,2026-06-29T00:00:00-06:00,,1,,false,ACTIVE,,,VALID,CURRENT,coolit-synthetic-v2.0.0,ALL_SYNTHETIC_CUSTOMERS,ALL_SYNTHETIC_PROGRAMS,ALL_SYNTHETIC_PRODUCTS,SYNTHETIC_INTERNAL,SNP-COOLIT-20260925-BL,SCN-BASELINE,WH-QA-QUARANTINE,WH-QA,ZONE,QUARANTINE,HOLD,true
TEN-COOLIT-SYN-001,SITE-COOLIT-SYN-01,REFERENCE,LOCATION_HIERARCHY,WH-QA-QUARANTINE-B01,WH-QA-QUARANTINE-B01,RESOLVED,2026-09-25T23:59:59-06:00,2026-09-26T08:00:00-06:00,2026-06-29T00:00:00-06:00,,1,,false,ACTIVE,,,VALID,CURRENT,coolit-synthetic-v2.0.0,ALL_SYNTHETIC_CUSTOMERS,ALL_SYNTHETIC_PROGRAMS,ALL_SYNTHETIC_PRODUCTS,SYNTHETIC_INTERNAL,SNP-COOLIT-20260925-BL,SCN-BASELINE,WH-QA-QUARANTINE-B01,WH-QA-QUARANTINE,BIN,BIN 01,HOLD,true
TEN-COOLIT-SYN-001,SITE-COOLIT-SYN-01,REFERENCE,LOCATION_HIERARCHY,WH-QA-QUARANTINE-B02,WH-QA-QUARANTINE-B02,RESOLVED,2026-09-25T23:59:59-06:00,2026-09-26T08:00:00-06:00,2026-06-29T00:00:00-06:00,,1,,false,ACTIVE,,,VALID,CURRENT,coolit-synthetic-v2.0.0,ALL_SYNTHETIC_CUSTOMERS,ALL_SYNTHETIC_PROGRAMS,ALL_SYNTHETIC_PRODUCTS,SYNTHETIC_INTERNAL,SNP-COOLIT-20260925-BL,SCN-BASELINE,WH-QA-QUARANTINE-B02,WH-QA-QUARANTINE,BIN,BIN 02,HOLD,true
TEN-COOLIT-SYN-001,SITE-COOLIT-SYN-01,REFERENCE,LOCATION_HIERARCHY,WH-QA-QUARANTINE-B03,WH-QA-QUARANTINE-B03,RESOLVED,2026-09-25T23:59:59-06:00,2026-09-26T08:00:00-06:00,2026-06-29T00:00:00-06:00,,1,,false,ACTIVE,,,VALID,CURRENT,coolit-synthetic-v2.0.0,ALL_SYNTHETIC_CUSTOMERS,ALL_SYNTHETIC_PROGRAMS,ALL_SYNTHETIC_PRODUCTS,SYNTHETIC_INTERNAL,SNP-COOLIT-20260925-BL,SCN-BASELINE,WH-QA-QUARANTINE-B03,WH-QA-QUARANTINE,BIN,BIN 03,HOLD,true
TEN-COOLIT-SYN-001,SITE-COOLIT-SYN-01,REFERENCE,LOCATION_HIERARCHY,WH-QA-RELEASED,WH-QA-RELEASED,RESOLVED,2026-09-25T23:59:59-06:00,2026-09-26T08:00:00-06:00,2026-06-29T00:00:00-06:00,,1,,false,ACTIVE,,,VALID,CURRENT,coolit-synthetic-v2.0.0,ALL_SYNTHETIC_CUSTOMERS,ALL_SYNTHETIC_PROGRAMS,ALL_SYNTHETIC_PRODUCTS,SYNTHETIC_INTERNAL,SNP-COOLIT-20260925-BL,SCN-BASELINE,WH-QA-RELEASED,WH-QA,ZONE,RELEASED,AVAILABLE|RESTRICTED,true
TEN-COOLIT-SYN-001,SITE-COOLIT-SYN-01,REFERENCE,LOCATION_HIERARCHY,WH-QA-RELEASED-B01,WH-QA-RELEASED-B01,RESOLVED,2026-09-25T23:59:59-06:00,2026-09-26T08:00:00-06:00,2026-06-29T00:00:00-06:00,,1,,false,ACTIVE,,,VALID,CURRENT,coolit-synthetic-v2.0.0,ALL_SYNTHETIC_CUSTOMERS,ALL_SYNTHETIC_PROGRAMS,ALL_SYNTHETIC_PRODUCTS,SYNTHETIC_INTERNAL,SNP-COOLIT-20260925-BL,SCN-BASELINE,WH-QA-RELEASED-B01,WH-QA-RELEASED,BIN,BIN 01,AVAILABLE|RESTRICTED,true
TEN-COOLIT-SYN-001,SITE-COOLIT-SYN-01,REFERENCE,LOCATION_HIERARCHY,WH-QA-RELEASED-B02,WH-QA-RELEASED-B02,RESOLVED,2026-09-25T23:59:59-06:00,2026-09-26T08:00:00-06:00,2026-06-29T00:00:00-06:00,,1,,false,ACTIVE,,,VALID,CURRENT,coolit-synthetic-v2.0.0,ALL_SYNTHETIC_CUSTOMERS,ALL_SYNTHETIC_PROGRAMS,ALL_SYNTHETIC_PRODUCTS,SYNTHETIC_INTERNAL,SNP-COOLIT-20260925-BL,SCN-BASELINE,WH-QA-RELEASED-B02,WH-QA-RELEASED,BIN,BIN 02,AVAILABLE|RESTRICTED,true
TEN-COOLIT-SYN-001,SITE-COOLIT-SYN-01,REFERENCE,LOCATION_HIERARCHY,WH-QA-RELEASED-B03,WH-QA-RELEASED-B03,RESOLVED,2026-09-25T23:59:59-06:00,2026-09-26T08:00:00-06:00,2026-06-29T00:00:00-06:00,,1,,false,ACTIVE,,,VALID,CURRENT,coolit-synthetic-v2.0.0,ALL_SYNTHETIC_CUSTOMERS,ALL_SYNTHETIC_PROGRAMS,ALL_SYNTHETIC_PRODUCTS,SYNTHETIC_INTERNAL,SNP-COOLIT-20260925-BL,SCN-BASELINE,WH-QA-RELEASED-B03,WH-QA-RELEASED,BIN,BIN 03,AVAILABLE|RESTRICTED,true
TEN-COOLIT-SYN-001,SITE-COOLIT-SYN-01,REFERENCE,LOCATION_HIERARCHY,WH-QA-REJECTED,WH-QA-REJECTED,RESOLVED,2026-09-25T23:59:59-06:00,2026-09-26T08:00:00-06:00,2026-06-29T00:00:00-06:00,,1,,false,ACTIVE,,,VALID,CURRENT,coolit-synthetic-v2.0.0,ALL_SYNTHETIC_CUSTOMERS,ALL_SYNTHETIC_PROGRAMS,ALL_SYNTHETIC_PRODUCTS,SYNTHETIC_INTERNAL,SNP-COOLIT-20260925-BL,SCN-BASELINE,WH-QA-REJECTED,WH-QA,ZONE,REJECTED,AVAILABLE|RESTRICTED,true
TEN-COOLIT-SYN-001,SITE-COOLIT-SYN-01,REFERENCE,LOCATION_HIERARCHY,WH-QA-REJECTED-B01,WH-QA-REJECTED-B01,RESOLVED,2026-09-25T23:59:59-06:00,2026-09-26T08:00:00-06:00,2026-06-29T00:00:00-06:00,,1,,false,ACTIVE,,,VALID,CURRENT,coolit-synthetic-v2.0.0,ALL_SYNTHETIC_CUSTOMERS,ALL_SYNTHETIC_PROGRAMS,ALL_SYNTHETIC_PRODUCTS,SYNTHETIC_INTERNAL,SNP-COOLIT-20260925-BL,SCN-BASELINE,WH-QA-REJECTED-B01,WH-QA-REJECTED,BIN,BIN 01,AVAILABLE|RESTRICTED,true
TEN-COOLIT-SYN-001,SITE-COOLIT-SYN-01,REFERENCE,LOCATION_HIERARCHY,WH-QA-REJECTED-B02,WH-QA-REJECTED-B02,RESOLVED,2026-09-25T23:59:59-06:00,2026-09-26T08:00:00-06:00,2026-06-29T00:00:00-06:00,,1,,false,ACTIVE,,,VALID,CURRENT,coolit-synthetic-v2.0.0,ALL_SYNTHETIC_CUSTOMERS,ALL_SYNTHETIC_PROGRAMS,ALL_SYNTHETIC_PRODUCTS,SYNTHETIC_INTERNAL,SNP-COOLIT-20260925-BL,SCN-BASELINE,WH-QA-REJECTED-B02,WH-QA-REJECTED,BIN,BIN 02,AVAILABLE|RESTRICTED,true
TEN-COOLIT-SYN-001,SITE-COOLIT-SYN-01,REFERENCE,LOCATION_HIERARCHY,WH-QA-REJECTED-B03,WH-QA-REJECTED-B03,RESOLVED,2026-09-25T23:59:59-06:00,2026-09-26T08:00:00-06:00,2026-06-29T00:00:00-06:00,,1,,false,ACTIVE,,,VALID,CURRENT,coolit-synthetic-v2.0.0,ALL_SYNTHETIC_CUSTOMERS,ALL_SYNTHETIC_PROGRAMS,ALL_SYNTHETIC_PRODUCTS,SYNTHETIC_INTERNAL,SNP-COOLIT-20260925-BL,SCN-BASELINE,WH-QA-REJECTED-B03,WH-QA-REJECTED,BIN,BIN 03,AVAILABLE|RESTRICTED,true
