tenant_id,site_id,source_system,source_object,source_record_id,canonical_id,crosswalk_status,source_event_at,ingested_at,effective_from,effective_to,record_version,supersedes_source_record_id,is_deleted,semantic_status,uom,currency,data_quality_state,freshness_state,transformation_version,customer_scope,program_scope,product_scope,sensitivity_class,snapshot_id,scenario_id,system_inventory_id,domain,discovered_product_name,deployment_state,authoritative_object_families,accountable_owner_role,extraction_pattern,retention_policy_state,authentication_state,owner_approval_state
TEN-COOLIT-SYN-001,SITE-COOLIT-SYN-01,REFERENCE,SYSTEM_INVENTORY,SYSINV-001,SYSINV-001,RESOLVED,2026-09-25T23:59:59-06:00,2026-09-26T08:00:00-06:00,2026-06-29T00:00:00-06:00,,1,,false,DISCOVERY_REQUIRED,,,VALID,CURRENT,coolit-synthetic-v2.0.0,ALL_SYNTHETIC_CUSTOMERS,ALL_SYNTHETIC_PROGRAMS,ALL_SYNTHETIC_PRODUCTS,SYNTHETIC_INTERNAL,SNP-COOLIT-20260925-BL,SCN-BASELINE,SYSINV-001,ERP,ERP_DISCOVERY_PLACEHOLDER,UNVERIFIED_DISCOVERY_PLACEHOLDER,ORDER|INVENTORY|PROCUREMENT|PLANNING|COST,Enterprise Data Architect,API_OR_FILE_TO_CONFIRM,TO_BE_CONFIRMED,NOT_CONNECTED_SYNTHETIC_ONLY,PENDING_DISCOVERY
TEN-COOLIT-SYN-001,SITE-COOLIT-SYN-01,REFERENCE,SYSTEM_INVENTORY,SYSINV-002,SYSINV-002,RESOLVED,2026-09-25T23:59:59-06:00,2026-09-26T08:00:00-06:00,2026-06-29T00:00:00-06:00,,1,,false,DISCOVERY_REQUIRED,,,VALID,CURRENT,coolit-synthetic-v2.0.0,ALL_SYNTHETIC_CUSTOMERS,ALL_SYNTHETIC_PROGRAMS,ALL_SYNTHETIC_PRODUCTS,SYNTHETIC_INTERNAL,SNP-COOLIT-20260925-BL,SCN-BASELINE,SYSINV-002,CRM,CRM_DISCOVERY_PLACEHOLDER,UNVERIFIED_DISCOVERY_PLACEHOLDER,ACCOUNT|OPPORTUNITY|QUOTE|CONTRACT|SERVICE,Revenue Operations Lead,CDC_OR_INCREMENTAL_TO_CONFIRM,TO_BE_CONFIRMED,NOT_CONNECTED_SYNTHETIC_ONLY,PENDING_DISCOVERY
TEN-COOLIT-SYN-001,SITE-COOLIT-SYN-01,REFERENCE,SYSTEM_INVENTORY,SYSINV-003,SYSINV-003,RESOLVED,2026-09-25T23:59:59-06:00,2026-09-26T08:00:00-06:00,2026-06-29T00:00:00-06:00,,1,,false,DISCOVERY_REQUIRED,,,VALID,CURRENT,coolit-synthetic-v2.0.0,ALL_SYNTHETIC_CUSTOMERS,ALL_SYNTHETIC_PROGRAMS,ALL_SYNTHETIC_PRODUCTS,SYNTHETIC_INTERNAL,SNP-COOLIT-20260925-BL,SCN-BASELINE,SYSINV-003,MES,MES_DISCOVERY_PLACEHOLDER,UNVERIFIED_DISCOVERY_PLACEHOLDER,DISPATCH|EXECUTION|LABOR|EQUIPMENT|GENEALOGY,MES Product Owner,API_OR_FILE_TO_CONFIRM,TO_BE_CONFIRMED,NOT_CONNECTED_SYNTHETIC_ONLY,PENDING_DISCOVERY
TEN-COOLIT-SYN-001,SITE-COOLIT-SYN-01,REFERENCE,SYSTEM_INVENTORY,SYSINV-004,SYSINV-004,RESOLVED,2026-09-25T23:59:59-06:00,2026-09-26T08:00:00-06:00,2026-06-29T00:00:00-06:00,,1,,false,DISCOVERY_REQUIRED,,,VALID,CURRENT,coolit-synthetic-v2.0.0,ALL_SYNTHETIC_CUSTOMERS,ALL_SYNTHETIC_PROGRAMS,ALL_SYNTHETIC_PRODUCTS,SYNTHETIC_INTERNAL,SNP-COOLIT-20260925-BL,SCN-BASELINE,SYSINV-004,PLM,PLM_DISCOVERY_PLACEHOLDER,UNVERIFIED_DISCOVERY_PLACEHOLDER,ITEM|BOM|ROUTING|ECO|SPECIFICATION,PLM Product Owner,CDC_OR_INCREMENTAL_TO_CONFIRM,TO_BE_CONFIRMED,NOT_CONNECTED_SYNTHETIC_ONLY,PENDING_DISCOVERY
TEN-COOLIT-SYN-001,SITE-COOLIT-SYN-01,REFERENCE,SYSTEM_INVENTORY,SYSINV-005,SYSINV-005,RESOLVED,2026-09-25T23:59:59-06:00,2026-09-26T08:00:00-06:00,2026-06-29T00:00:00-06:00,,1,,false,DISCOVERY_REQUIRED,,,VALID,CURRENT,coolit-synthetic-v2.0.0,ALL_SYNTHETIC_CUSTOMERS,ALL_SYNTHETIC_PROGRAMS,ALL_SYNTHETIC_PRODUCTS,SYNTHETIC_INTERNAL,SNP-COOLIT-20260925-BL,SCN-BASELINE,SYSINV-005,QMS,QMS_DISCOVERY_PLACEHOLDER,UNVERIFIED_DISCOVERY_PLACEHOLDER,NCR|DEVIATION|CAPA|CALIBRATION|AUDIT,Quality Systems Lead,API_OR_FILE_TO_CONFIRM,TO_BE_CONFIRMED,NOT_CONNECTED_SYNTHETIC_ONLY,PENDING_DISCOVERY
TEN-COOLIT-SYN-001,SITE-COOLIT-SYN-01,REFERENCE,SYSTEM_INVENTORY,SYSINV-006,SYSINV-006,RESOLVED,2026-09-25T23:59:59-06:00,2026-09-26T08:00:00-06:00,2026-06-29T00:00:00-06:00,,1,,false,DISCOVERY_REQUIRED,,,VALID,CURRENT,coolit-synthetic-v2.0.0,ALL_SYNTHETIC_CUSTOMERS,ALL_SYNTHETIC_PROGRAMS,ALL_SYNTHETIC_PRODUCTS,SYNTHETIC_INTERNAL,SNP-COOLIT-20260925-BL,SCN-BASELINE,SYSINV-006,WMS,WMS_DISCOVERY_PLACEHOLDER,UNVERIFIED_DISCOVERY_PLACEHOLDER,LOCATION|LPN|MOVE|COUNT|QUARANTINE,Warehouse Systems Lead,CDC_OR_INCREMENTAL_TO_CONFIRM,TO_BE_CONFIRMED,NOT_CONNECTED_SYNTHETIC_ONLY,PENDING_DISCOVERY
TEN-COOLIT-SYN-001,SITE-COOLIT-SYN-01,REFERENCE,SYSTEM_INVENTORY,SYSINV-007,SYSINV-007,RESOLVED,2026-09-25T23:59:59-06:00,2026-09-26T08:00:00-06:00,2026-06-29T00:00:00-06:00,,1,,false,DISCOVERY_REQUIRED,,,VALID,CURRENT,coolit-synthetic-v2.0.0,ALL_SYNTHETIC_CUSTOMERS,ALL_SYNTHETIC_PROGRAMS,ALL_SYNTHETIC_PRODUCTS,SYNTHETIC_INTERNAL,SNP-COOLIT-20260925-BL,SCN-BASELINE,SYSINV-007,TEST,TEST_PLATFORM_DISCOVERY_PLACEHOLDER,UNVERIFIED_DISCOVERY_PLACEHOLDER,RECIPE|MEASUREMENT|LIMIT|RESULT|EVIDENCE,Test Engineering Lead,API_OR_FILE_TO_CONFIRM,TO_BE_CONFIRMED,NOT_CONNECTED_SYNTHETIC_ONLY,PENDING_DISCOVERY
TEN-COOLIT-SYN-001,SITE-COOLIT-SYN-01,REFERENCE,SYSTEM_INVENTORY,SYSINV-008,SYSINV-008,RESOLVED,2026-09-25T23:59:59-06:00,2026-09-26T08:00:00-06:00,2026-06-29T00:00:00-06:00,,1,,false,DISCOVERY_REQUIRED,,,VALID,CURRENT,coolit-synthetic-v2.0.0,ALL_SYNTHETIC_CUSTOMERS,ALL_SYNTHETIC_PROGRAMS,ALL_SYNTHETIC_PRODUCTS,SYNTHETIC_INTERNAL,SNP-COOLIT-20260925-BL,SCN-BASELINE,SYSINV-008,PROJECT,PROJECT_PLATFORM_DISCOVERY_PLACEHOLDER,UNVERIFIED_DISCOVERY_PLACEHOLDER,MILESTONE|READINESS|DEPENDENCY|ACCEPTANCE,Program Operations Lead,CDC_OR_INCREMENTAL_TO_CONFIRM,TO_BE_CONFIRMED,NOT_CONNECTED_SYNTHETIC_ONLY,PENDING_DISCOVERY
TEN-COOLIT-SYN-001,SITE-COOLIT-SYN-01,REFERENCE,SYSTEM_INVENTORY,SYSINV-009,SYSINV-009,RESOLVED,2026-09-25T23:59:59-06:00,2026-09-26T08:00:00-06:00,2026-06-29T00:00:00-06:00,,1,,false,DISCOVERY_REQUIRED,,,VALID,CURRENT,coolit-synthetic-v2.0.0,ALL_SYNTHETIC_CUSTOMERS,ALL_SYNTHETIC_PROGRAMS,ALL_SYNTHETIC_PRODUCTS,SYNTHETIC_INTERNAL,SNP-COOLIT-20260925-BL,SCN-BASELINE,SYSINV-009,ANALYTICS,ANALYTICS_DISCOVERY_PLACEHOLDER,UNVERIFIED_DISCOVERY_PLACEHOLDER,INGESTION|TRANSFORM|OBSERVABILITY|LINEAGE|REPLAY,Data Platform Lead,API_OR_FILE_TO_CONFIRM,TO_BE_CONFIRMED,NOT_CONNECTED_SYNTHETIC_ONLY,PENDING_DISCOVERY
