tenant_id,site_id,source_system,source_object,source_record_id,canonical_id,crosswalk_status,source_event_at,ingested_at,effective_from,effective_to,record_version,supersedes_source_record_id,is_deleted,semantic_status,uom,currency,data_quality_state,freshness_state,transformation_version,customer_scope,program_scope,product_scope,sensitivity_class,snapshot_id,scenario_id,uom_conversion_id,from_uom,to_uom,conversion_factor,offset,rounding_scale,conversion_state,effective_from_date,owner_role
TEN-COOLIT-SYN-001,SITE-COOLIT-SYN-01,REFERENCE,UOM_CONVERSION,UOM-001,UOM-EA-EA,RESOLVED,2026-09-25T23:59:59-06:00,2026-09-26T08:00:00-06:00,2026-06-29T00:00:00-06:00,,1,,false,ACTIVE,,,VALID,CURRENT,coolit-synthetic-v2.0.0,ALL_SYNTHETIC_CUSTOMERS,ALL_SYNTHETIC_PROGRAMS,ALL_SYNTHETIC_PRODUCTS,SYNTHETIC_INTERNAL,SNP-COOLIT-20260925-BL,SCN-BASELINE,UOM-001,EA,EA,1,0,0,APPROVED,2024-09-30,Master Data Steward
TEN-COOLIT-SYN-001,SITE-COOLIT-SYN-01,REFERENCE,UOM_CONVERSION,UOM-002,UOM-M-MM,RESOLVED,2026-09-25T23:59:59-06:00,2026-09-26T08:00:00-06:00,2026-06-29T00:00:00-06:00,,1,,false,ACTIVE,,,VALID,CURRENT,coolit-synthetic-v2.0.0,ALL_SYNTHETIC_CUSTOMERS,ALL_SYNTHETIC_PROGRAMS,ALL_SYNTHETIC_PRODUCTS,SYNTHETIC_INTERNAL,SNP-COOLIT-20260925-BL,SCN-BASELINE,UOM-002,M,MM,1000,0,3,APPROVED,2024-09-30,Master Data Steward
TEN-COOLIT-SYN-001,SITE-COOLIT-SYN-01,REFERENCE,UOM_CONVERSION,UOM-003,UOM-MM-M,RESOLVED,2026-09-25T23:59:59-06:00,2026-09-26T08:00:00-06:00,2026-06-29T00:00:00-06:00,,1,,false,ACTIVE,,,VALID,CURRENT,coolit-synthetic-v2.0.0,ALL_SYNTHETIC_CUSTOMERS,ALL_SYNTHETIC_PROGRAMS,ALL_SYNTHETIC_PRODUCTS,SYNTHETIC_INTERNAL,SNP-COOLIT-20260925-BL,SCN-BASELINE,UOM-003,MM,M,0.001,0,3,APPROVED,2024-09-30,Master Data Steward
TEN-COOLIT-SYN-001,SITE-COOLIT-SYN-01,REFERENCE,UOM_CONVERSION,UOM-004,UOM-L-ML,RESOLVED,2026-09-25T23:59:59-06:00,2026-09-26T08:00:00-06:00,2026-06-29T00:00:00-06:00,,1,,false,ACTIVE,,,VALID,CURRENT,coolit-synthetic-v2.0.0,ALL_SYNTHETIC_CUSTOMERS,ALL_SYNTHETIC_PROGRAMS,ALL_SYNTHETIC_PRODUCTS,SYNTHETIC_INTERNAL,SNP-COOLIT-20260925-BL,SCN-BASELINE,UOM-004,L,ML,1000,0,2,APPROVED,2024-09-30,Master Data Steward
TEN-COOLIT-SYN-001,SITE-COOLIT-SYN-01,REFERENCE,UOM_CONVERSION,UOM-005,UOM-ML-L,RESOLVED,2026-09-25T23:59:59-06:00,2026-09-26T08:00:00-06:00,2026-06-29T00:00:00-06:00,,1,,false,ACTIVE,,,VALID,CURRENT,coolit-synthetic-v2.0.0,ALL_SYNTHETIC_CUSTOMERS,ALL_SYNTHETIC_PROGRAMS,ALL_SYNTHETIC_PRODUCTS,SYNTHETIC_INTERNAL,SNP-COOLIT-20260925-BL,SCN-BASELINE,UOM-005,ML,L,0.001,0,0,APPROVED,2024-09-30,Master Data Steward
TEN-COOLIT-SYN-001,SITE-COOLIT-SYN-01,REFERENCE,UOM_CONVERSION,UOM-006,UOM-KG-G,RESOLVED,2026-09-25T23:59:59-06:00,2026-09-26T08:00:00-06:00,2026-06-29T00:00:00-06:00,,1,,false,ACTIVE,,,VALID,CURRENT,coolit-synthetic-v2.0.0,ALL_SYNTHETIC_CUSTOMERS,ALL_SYNTHETIC_PROGRAMS,ALL_SYNTHETIC_PRODUCTS,SYNTHETIC_INTERNAL,SNP-COOLIT-20260925-BL,SCN-BASELINE,UOM-006,KG,G,1000,0,3,APPROVED,2024-09-30,Master Data Steward
TEN-COOLIT-SYN-001,SITE-COOLIT-SYN-01,REFERENCE,UOM_CONVERSION,UOM-007,UOM-G-KG,RESOLVED,2026-09-25T23:59:59-06:00,2026-09-26T08:00:00-06:00,2026-06-29T00:00:00-06:00,,1,,false,ACTIVE,,,VALID,CURRENT,coolit-synthetic-v2.0.0,ALL_SYNTHETIC_CUSTOMERS,ALL_SYNTHETIC_PROGRAMS,ALL_SYNTHETIC_PRODUCTS,SYNTHETIC_INTERNAL,SNP-COOLIT-20260925-BL,SCN-BASELINE,UOM-007,G,KG,0.001,0,3,APPROVED,2024-09-30,Master Data Steward
TEN-COOLIT-SYN-001,SITE-COOLIT-SYN-01,REFERENCE,UOM_CONVERSION,UOM-008,UOM-HR-MIN,RESOLVED,2026-09-25T23:59:59-06:00,2026-09-26T08:00:00-06:00,2026-06-29T00:00:00-06:00,,1,,false,ACTIVE,,,VALID,CURRENT,coolit-synthetic-v2.0.0,ALL_SYNTHETIC_CUSTOMERS,ALL_SYNTHETIC_PROGRAMS,ALL_SYNTHETIC_PRODUCTS,SYNTHETIC_INTERNAL,SNP-COOLIT-20260925-BL,SCN-BASELINE,UOM-008,HR,MIN,60,0,2,APPROVED,2024-09-30,Master Data Steward
TEN-COOLIT-SYN-001,SITE-COOLIT-SYN-01,REFERENCE,UOM_CONVERSION,UOM-009,UOM-MIN-SEC,RESOLVED,2026-09-25T23:59:59-06:00,2026-09-26T08:00:00-06:00,2026-06-29T00:00:00-06:00,,1,,false,ACTIVE,,,VALID,CURRENT,coolit-synthetic-v2.0.0,ALL_SYNTHETIC_CUSTOMERS,ALL_SYNTHETIC_PROGRAMS,ALL_SYNTHETIC_PRODUCTS,SYNTHETIC_INTERNAL,SNP-COOLIT-20260925-BL,SCN-BASELINE,UOM-009,MIN,SEC,60,0,0,APPROVED,2024-09-30,Master Data Steward
TEN-COOLIT-SYN-001,SITE-COOLIT-SYN-01,REFERENCE,UOM_CONVERSION,UOM-010,UOM-CAD-CAD,RESOLVED,2026-09-25T23:59:59-06:00,2026-09-26T08:00:00-06:00,2026-06-29T00:00:00-06:00,,1,,false,ACTIVE,,,VALID,CURRENT,coolit-synthetic-v2.0.0,ALL_SYNTHETIC_CUSTOMERS,ALL_SYNTHETIC_PROGRAMS,ALL_SYNTHETIC_PRODUCTS,SYNTHETIC_INTERNAL,SNP-COOLIT-20260925-BL,SCN-BASELINE,UOM-010,CAD,CAD,1,0,3,APPROVED,2024-09-30,Master Data Steward
TEN-COOLIT-SYN-001,SITE-COOLIT-SYN-01,REFERENCE,UOM_CONVERSION,UOM-011,UOM-USD-USD,RESOLVED,2026-09-25T23:59:59-06:00,2026-09-26T08:00:00-06:00,2026-06-29T00:00:00-06:00,,1,,false,ACTIVE,,,VALID,CURRENT,coolit-synthetic-v2.0.0,ALL_SYNTHETIC_CUSTOMERS,ALL_SYNTHETIC_PROGRAMS,ALL_SYNTHETIC_PRODUCTS,SYNTHETIC_INTERNAL,SNP-COOLIT-20260925-BL,SCN-BASELINE,UOM-011,USD,USD,1,0,3,APPROVED,2024-09-30,Master Data Steward
TEN-COOLIT-SYN-001,SITE-COOLIT-SYN-01,REFERENCE,UOM_CONVERSION,UOM-012,UOM-KPA-PA,RESOLVED,2026-09-25T23:59:59-06:00,2026-09-26T08:00:00-06:00,2026-06-29T00:00:00-06:00,,1,,false,ACTIVE,,,VALID,CURRENT,coolit-synthetic-v2.0.0,ALL_SYNTHETIC_CUSTOMERS,ALL_SYNTHETIC_PROGRAMS,ALL_SYNTHETIC_PRODUCTS,SYNTHETIC_INTERNAL,SNP-COOLIT-20260925-BL,SCN-BASELINE,UOM-012,KPA,PA,1000,0,2,APPROVED,2024-09-30,Master Data Steward
