tenant_id,site_id,source_system,source_object,source_record_id,canonical_id,crosswalk_status,source_event_at,ingested_at,effective_from,effective_to,record_version,supersedes_source_record_id,is_deleted,semantic_status,uom,currency,data_quality_state,freshness_state,transformation_version,customer_scope,program_scope,product_scope,sensitivity_class,snapshot_id,scenario_id,carrier_event_id,shipment_id,delivery_line_id,carrier_id,milestone_type,event_at,location_code,exception_code,proof_hash
TEN-COOLIT-SYN-001,SITE-COOLIT-SYN-01,ERP,CARRIER_EVENT,CAREVT-0001-1,SHP-0001,RESOLVED,2026-09-25T23:59:59-06:00,2026-09-26T08:00:00-06:00,2026-06-29T00:00:00-06:00,,1,,false,ACTIVE,,,VALID,CURRENT,coolit-synthetic-v2.0.0,CUST-001,PRG-001,CFG-CPL-04,SYNTHETIC_INTERNAL,SNP-COOLIT-20260925-BL,SCN-BASELINE,CAREVT-0001-1,SHP-0001,DLV-0001,CAR-01,PICKED_UP,2026-07-07T09:00:00-06:00,ORIGIN_SYN,,
TEN-COOLIT-SYN-001,SITE-COOLIT-SYN-01,ERP,CARRIER_EVENT,CAREVT-0001-2,SHP-0001,RESOLVED,2026-09-25T23:59:59-06:00,2026-09-26T08:00:00-06:00,2026-06-29T00:00:00-06:00,,1,,false,ACTIVE,,,VALID,CURRENT,coolit-synthetic-v2.0.0,CUST-001,PRG-001,CFG-CPL-04,SYNTHETIC_INTERNAL,SNP-COOLIT-20260925-BL,SCN-BASELINE,CAREVT-0001-2,SHP-0001,DLV-0001,CAR-01,DEPARTED_ORIGIN,2026-07-08T10:00:00-06:00,ORIGIN_SYN,,
TEN-COOLIT-SYN-001,SITE-COOLIT-SYN-01,ERP,CARRIER_EVENT,CAREVT-0001-3,SHP-0001,RESOLVED,2026-09-25T23:59:59-06:00,2026-09-26T08:00:00-06:00,2026-06-29T00:00:00-06:00,,1,,false,ACTIVE,,,VALID,CURRENT,coolit-synthetic-v2.0.0,CUST-001,PRG-001,CFG-CPL-04,SYNTHETIC_INTERNAL,SNP-COOLIT-20260925-BL,SCN-BASELINE,CAREVT-0001-3,SHP-0001,DLV-0001,CAR-01,ARRIVED_DESTINATION,2026-07-09T11:00:00-06:00,DESTINATION_SYN,,
TEN-COOLIT-SYN-001,SITE-COOLIT-SYN-01,ERP,CARRIER_EVENT,CAREVT-0001-4,SHP-0001,RESOLVED,2026-09-25T23:59:59-06:00,2026-09-26T08:00:00-06:00,2026-06-29T00:00:00-06:00,,1,,false,ACTIVE,,,VALID,CURRENT,coolit-synthetic-v2.0.0,CUST-001,PRG-001,CFG-CPL-04,SYNTHETIC_INTERNAL,SNP-COOLIT-20260925-BL,SCN-BASELINE,CAREVT-0001-4,SHP-0001,DLV-0001,CAR-01,DELIVERED,2026-07-10T12:00:00-06:00,DESTINATION_SYN,,
TEN-COOLIT-SYN-001,SITE-COOLIT-SYN-01,ERP,CARRIER_EVENT,CAREVT-0001-5,SHP-0001,RESOLVED,2026-09-25T23:59:59-06:00,2026-09-26T08:00:00-06:00,2026-06-29T00:00:00-06:00,,1,,false,ACTIVE,,,VALID,CURRENT,coolit-synthetic-v2.0.0,CUST-001,PRG-001,CFG-CPL-04,SYNTHETIC_INTERNAL,SNP-COOLIT-20260925-BL,SCN-BASELINE,CAREVT-0001-5,SHP-0001,DLV-0001,CAR-01,PROOF_CONFIRMED,2026-07-11T13:00:00-06:00,DESTINATION_SYN,,b479ab11d30d00e2a197a742b120650b4df9c47a4f20dff2f9aa138cb2a372d8
TEN-COOLIT-SYN-001,SITE-COOLIT-SYN-01,ERP,CARRIER_EVENT,CAREVT-0002-1,SHP-0002,RESOLVED,2026-09-25T23:59:59-06:00,2026-09-26T08:00:00-06:00,2026-06-29T00:00:00-06:00,,1,,false,ACTIVE,,,VALID,CURRENT,coolit-synthetic-v2.0.0,CUST-002,PRG-002,CFG-CDU-01,SYNTHETIC_INTERNAL,SNP-COOLIT-20260925-BL,SCN-BASELINE,CAREVT-0002-1,SHP-0002,DLV-0002,CAR-02,PICKED_UP,2026-07-09T09:00:00-06:00,ORIGIN_SYN,,
TEN-COOLIT-SYN-001,SITE-COOLIT-SYN-01,ERP,CARRIER_EVENT,CAREVT-0002-2,SHP-0002,RESOLVED,2026-09-25T23:59:59-06:00,2026-09-26T08:00:00-06:00,2026-06-29T00:00:00-06:00,,1,,false,ACTIVE,,,VALID,CURRENT,coolit-synthetic-v2.0.0,CUST-002,PRG-002,CFG-CDU-01,SYNTHETIC_INTERNAL,SNP-COOLIT-20260925-BL,SCN-BASELINE,CAREVT-0002-2,SHP-0002,DLV-0002,CAR-02,DEPARTED_ORIGIN,2026-07-10T10:00:00-06:00,ORIGIN_SYN,,
TEN-COOLIT-SYN-001,SITE-COOLIT-SYN-01,ERP,CARRIER_EVENT,CAREVT-0002-3,SHP-0002,RESOLVED,2026-09-25T23:59:59-06:00,2026-09-26T08:00:00-06:00,2026-06-29T00:00:00-06:00,,1,,false,ACTIVE,,,VALID,CURRENT,coolit-synthetic-v2.0.0,CUST-002,PRG-002,CFG-CDU-01,SYNTHETIC_INTERNAL,SNP-COOLIT-20260925-BL,SCN-BASELINE,CAREVT-0002-3,SHP-0002,DLV-0002,CAR-02,ARRIVED_DESTINATION,2026-07-11T11:00:00-06:00,DESTINATION_SYN,,
TEN-COOLIT-SYN-001,SITE-COOLIT-SYN-01,ERP,CARRIER_EVENT,CAREVT-0002-4,SHP-0002,RESOLVED,2026-09-25T23:59:59-06:00,2026-09-26T08:00:00-06:00,2026-06-29T00:00:00-06:00,,1,,false,ACTIVE,,,VALID,CURRENT,coolit-synthetic-v2.0.0,CUST-002,PRG-002,CFG-CDU-01,SYNTHETIC_INTERNAL,SNP-COOLIT-20260925-BL,SCN-BASELINE,CAREVT-0002-4,SHP-0002,DLV-0002,CAR-02,DELIVERED,2026-07-12T12:00:00-06:00,DESTINATION_SYN,,
TEN-COOLIT-SYN-001,SITE-COOLIT-SYN-01,ERP,CARRIER_EVENT,CAREVT-0002-5,SHP-0002,RESOLVED,2026-09-25T23:59:59-06:00,2026-09-26T08:00:00-06:00,2026-06-29T00:00:00-06:00,,1,,false,ACTIVE,,,VALID,CURRENT,coolit-synthetic-v2.0.0,CUST-002,PRG-002,CFG-CDU-01,SYNTHETIC_INTERNAL,SNP-COOLIT-20260925-BL,SCN-BASELINE,CAREVT-0002-5,SHP-0002,DLV-0002,CAR-02,PROOF_CONFIRMED,2026-07-13T13:00:00-06:00,DESTINATION_SYN,,b697eeede185f276614dd17be93d91a49a755935f091c2e9e64837f1e8f6f934
TEN-COOLIT-SYN-001,SITE-COOLIT-SYN-01,ERP,CARRIER_EVENT,CAREVT-0003-1,SHP-0003,RESOLVED,2026-09-25T23:59:59-06:00,2026-09-26T08:00:00-06:00,2026-06-29T00:00:00-06:00,,1,,false,ACTIVE,,,VALID,CURRENT,coolit-synthetic-v2.0.0,CUST-003,PRG-003,CFG-CPL-02,SYNTHETIC_INTERNAL,SNP-COOLIT-20260925-BL,SCN-BASELINE,CAREVT-0003-1,SHP-0003,DLV-0003,CAR-03,PICKED_UP,2026-07-13T09:00:00-06:00,ORIGIN_SYN,,
TEN-COOLIT-SYN-001,SITE-COOLIT-SYN-01,ERP,CARRIER_EVENT,CAREVT-0003-2,SHP-0003,RESOLVED,2026-09-25T23:59:59-06:00,2026-09-26T08:00:00-06:00,2026-06-29T00:00:00-06:00,,1,,false,ACTIVE,,,VALID,CURRENT,coolit-synthetic-v2.0.0,CUST-003,PRG-003,CFG-CPL-02,SYNTHETIC_INTERNAL,SNP-COOLIT-20260925-BL,SCN-BASELINE,CAREVT-0003-2,SHP-0003,DLV-0003,CAR-03,DEPARTED_ORIGIN,2026-07-14T10:00:00-06:00,ORIGIN_SYN,,
TEN-COOLIT-SYN-001,SITE-COOLIT-SYN-01,ERP,CARRIER_EVENT,CAREVT-0003-3,SHP-0003,RESOLVED,2026-09-25T23:59:59-06:00,2026-09-26T08:00:00-06:00,2026-06-29T00:00:00-06:00,,1,,false,ACTIVE,,,VALID,CURRENT,coolit-synthetic-v2.0.0,CUST-003,PRG-003,CFG-CPL-02,SYNTHETIC_INTERNAL,SNP-COOLIT-20260925-BL,SCN-BASELINE,CAREVT-0003-3,SHP-0003,DLV-0003,CAR-03,ARRIVED_DESTINATION,2026-07-15T11:00:00-06:00,DESTINATION_SYN,,
TEN-COOLIT-SYN-001,SITE-COOLIT-SYN-01,ERP,CARRIER_EVENT,CAREVT-0003-4,SHP-0003,RESOLVED,2026-09-25T23:59:59-06:00,2026-09-26T08:00:00-06:00,2026-06-29T00:00:00-06:00,,1,,false,ACTIVE,,,VALID,CURRENT,coolit-synthetic-v2.0.0,CUST-003,PRG-003,CFG-CPL-02,SYNTHETIC_INTERNAL,SNP-COOLIT-20260925-BL,SCN-BASELINE,CAREVT-0003-4,SHP-0003,DLV-0003,CAR-03,DELIVERED,2026-07-16T12:00:00-06:00,DESTINATION_SYN,,
TEN-COOLIT-SYN-001,SITE-COOLIT-SYN-01,ERP,CARRIER_EVENT,CAREVT-0003-5,SHP-0003,RESOLVED,2026-09-25T23:59:59-06:00,2026-09-26T08:00:00-06:00,2026-06-29T00:00:00-06:00,,1,,false,ACTIVE,,,VALID,CURRENT,coolit-synthetic-v2.0.0,CUST-003,PRG-003,CFG-CPL-02,SYNTHETIC_INTERNAL,SNP-COOLIT-20260925-BL,SCN-BASELINE,CAREVT-0003-5,SHP-0003,DLV-0003,CAR-03,PROOF_CONFIRMED,2026-07-17T13:00:00-06:00,DESTINATION_SYN,,f57916881b686756dd1c86394584f63e856ffa25382485df28c13c29ad062f14
TEN-COOLIT-SYN-001,SITE-COOLIT-SYN-01,ERP,CARRIER_EVENT,CAREVT-0004-1,SHP-0004,RESOLVED,2026-09-25T23:59:59-06:00,2026-09-26T08:00:00-06:00,2026-06-29T00:00:00-06:00,,1,,false,ACTIVE,,,VALID,CURRENT,coolit-synthetic-v2.0.0,CUST-004,PRG-004,CFG-RM-03,SYNTHETIC_INTERNAL,SNP-COOLIT-20260925-BL,SCN-BASELINE,CAREVT-0004-1,SHP-0004,DLV-0004,CAR-04,PICKED_UP,2026-07-17T09:00:00-06:00,ORIGIN_SYN,,
TEN-COOLIT-SYN-001,SITE-COOLIT-SYN-01,ERP,CARRIER_EVENT,CAREVT-0004-2,SHP-0004,RESOLVED,2026-09-25T23:59:59-06:00,2026-09-26T08:00:00-06:00,2026-06-29T00:00:00-06:00,,1,,false,ACTIVE,,,VALID,CURRENT,coolit-synthetic-v2.0.0,CUST-004,PRG-004,CFG-RM-03,SYNTHETIC_INTERNAL,SNP-COOLIT-20260925-BL,SCN-BASELINE,CAREVT-0004-2,SHP-0004,DLV-0004,CAR-04,DEPARTED_ORIGIN,2026-07-18T10:00:00-06:00,ORIGIN_SYN,,
TEN-COOLIT-SYN-001,SITE-COOLIT-SYN-01,ERP,CARRIER_EVENT,CAREVT-0004-3,SHP-0004,RESOLVED,2026-09-25T23:59:59-06:00,2026-09-26T08:00:00-06:00,2026-06-29T00:00:00-06:00,,1,,false,ACTIVE,,,VALID,CURRENT,coolit-synthetic-v2.0.0,CUST-004,PRG-004,CFG-RM-03,SYNTHETIC_INTERNAL,SNP-COOLIT-20260925-BL,SCN-BASELINE,CAREVT-0004-3,SHP-0004,DLV-0004,CAR-04,ARRIVED_DESTINATION,2026-07-19T11:00:00-06:00,DESTINATION_SYN,,
TEN-COOLIT-SYN-001,SITE-COOLIT-SYN-01,ERP,CARRIER_EVENT,CAREVT-0004-4,SHP-0004,RESOLVED,2026-09-25T23:59:59-06:00,2026-09-26T08:00:00-06:00,2026-06-29T00:00:00-06:00,,1,,false,ACTIVE,,,VALID,CURRENT,coolit-synthetic-v2.0.0,CUST-004,PRG-004,CFG-RM-03,SYNTHETIC_INTERNAL,SNP-COOLIT-20260925-BL,SCN-BASELINE,CAREVT-0004-4,SHP-0004,DLV-0004,CAR-04,DELIVERED,2026-07-20T12:00:00-06:00,DESTINATION_SYN,,
TEN-COOLIT-SYN-001,SITE-COOLIT-SYN-01,ERP,CARRIER_EVENT,CAREVT-0004-5,SHP-0004,RESOLVED,2026-09-25T23:59:59-06:00,2026-09-26T08:00:00-06:00,2026-06-29T00:00:00-06:00,,1,,false,ACTIVE,,,VALID,CURRENT,coolit-synthetic-v2.0.0,CUST-004,PRG-004,CFG-RM-03,SYNTHETIC_INTERNAL,SNP-COOLIT-20260925-BL,SCN-BASELINE,CAREVT-0004-5,SHP-0004,DLV-0004,CAR-04,PROOF_CONFIRMED,2026-07-21T13:00:00-06:00,DESTINATION_SYN,,50d381a7b5023c962251b2020ca6481c01273f8e88e877c897a757ec7c7d33fd
TEN-COOLIT-SYN-001,SITE-COOLIT-SYN-01,ERP,CARRIER_EVENT,CAREVT-0005-1,SHP-0005,RESOLVED,2026-09-25T23:59:59-06:00,2026-09-26T08:00:00-06:00,2026-06-29T00:00:00-06:00,,1,,false,ACTIVE,,,VALID,CURRENT,coolit-synthetic-v2.0.0,CUST-005,PRG-005,CFG-CDU-04,SYNTHETIC_INTERNAL,SNP-COOLIT-20260925-BL,SCN-BASELINE,CAREVT-0005-1,SHP-0005,DLV-0005,CAR-01,PICKED_UP,2026-07-17T09:00:00-06:00,ORIGIN_SYN,,
TEN-COOLIT-SYN-001,SITE-COOLIT-SYN-01,ERP,CARRIER_EVENT,CAREVT-0005-2,SHP-0005,RESOLVED,2026-09-25T23:59:59-06:00,2026-09-26T08:00:00-06:00,2026-06-29T00:00:00-06:00,,1,,false,ACTIVE,,,VALID,CURRENT,coolit-synthetic-v2.0.0,CUST-005,PRG-005,CFG-CDU-04,SYNTHETIC_INTERNAL,SNP-COOLIT-20260925-BL,SCN-BASELINE,CAREVT-0005-2,SHP-0005,DLV-0005,CAR-01,DEPARTED_ORIGIN,2026-07-18T10:00:00-06:00,ORIGIN_SYN,,
TEN-COOLIT-SYN-001,SITE-COOLIT-SYN-01,ERP,CARRIER_EVENT,CAREVT-0005-3,SHP-0005,RESOLVED,2026-09-25T23:59:59-06:00,2026-09-26T08:00:00-06:00,2026-06-29T00:00:00-06:00,,1,,false,ACTIVE,,,VALID,CURRENT,coolit-synthetic-v2.0.0,CUST-005,PRG-005,CFG-CDU-04,SYNTHETIC_INTERNAL,SNP-COOLIT-20260925-BL,SCN-BASELINE,CAREVT-0005-3,SHP-0005,DLV-0005,CAR-01,ARRIVED_DESTINATION,2026-07-19T11:00:00-06:00,DESTINATION_SYN,,
TEN-COOLIT-SYN-001,SITE-COOLIT-SYN-01,ERP,CARRIER_EVENT,CAREVT-0005-4,SHP-0005,RESOLVED,2026-09-25T23:59:59-06:00,2026-09-26T08:00:00-06:00,2026-06-29T00:00:00-06:00,,1,,false,ACTIVE,,,VALID,CURRENT,coolit-synthetic-v2.0.0,CUST-005,PRG-005,CFG-CDU-04,SYNTHETIC_INTERNAL,SNP-COOLIT-20260925-BL,SCN-BASELINE,CAREVT-0005-4,SHP-0005,DLV-0005,CAR-01,DELIVERED,2026-07-20T12:00:00-06:00,DESTINATION_SYN,,
TEN-COOLIT-SYN-001,SITE-COOLIT-SYN-01,ERP,CARRIER_EVENT,CAREVT-0005-5,SHP-0005,RESOLVED,2026-09-25T23:59:59-06:00,2026-09-26T08:00:00-06:00,2026-06-29T00:00:00-06:00,,1,,false,ACTIVE,,,VALID,CURRENT,coolit-synthetic-v2.0.0,CUST-005,PRG-005,CFG-CDU-04,SYNTHETIC_INTERNAL,SNP-COOLIT-20260925-BL,SCN-BASELINE,CAREVT-0005-5,SHP-0005,DLV-0005,CAR-01,PROOF_CONFIRMED,2026-07-21T13:00:00-06:00,DESTINATION_SYN,,4f4f05838a86de36806542c455c9c9432217796d007975d0d0bd34d85db74261
TEN-COOLIT-SYN-001,SITE-COOLIT-SYN-01,ERP,CARRIER_EVENT,CAREVT-0006-1,SHP-0006,RESOLVED,2026-09-25T23:59:59-06:00,2026-09-26T08:00:00-06:00,2026-06-29T00:00:00-06:00,,1,,false,ACTIVE,,,VALID,CURRENT,coolit-synthetic-v2.0.0,CUST-006,PRG-006,CFG-RM-01,SYNTHETIC_INTERNAL,SNP-COOLIT-20260925-BL,SCN-BASELINE,CAREVT-0006-1,SHP-0006,DLV-0006,CAR-02,PICKED_UP,2026-07-23T09:00:00-06:00,ORIGIN_SYN,,
TEN-COOLIT-SYN-001,SITE-COOLIT-SYN-01,ERP,CARRIER_EVENT,CAREVT-0006-2,SHP-0006,RESOLVED,2026-09-25T23:59:59-06:00,2026-09-26T08:00:00-06:00,2026-06-29T00:00:00-06:00,,1,,false,ACTIVE,,,VALID,CURRENT,coolit-synthetic-v2.0.0,CUST-006,PRG-006,CFG-RM-01,SYNTHETIC_INTERNAL,SNP-COOLIT-20260925-BL,SCN-BASELINE,CAREVT-0006-2,SHP-0006,DLV-0006,CAR-02,DEPARTED_ORIGIN,2026-07-24T10:00:00-06:00,ORIGIN_SYN,,
TEN-COOLIT-SYN-001,SITE-COOLIT-SYN-01,ERP,CARRIER_EVENT,CAREVT-0006-3,SHP-0006,RESOLVED,2026-09-25T23:59:59-06:00,2026-09-26T08:00:00-06:00,2026-06-29T00:00:00-06:00,,1,,false,ACTIVE,,,VALID,CURRENT,coolit-synthetic-v2.0.0,CUST-006,PRG-006,CFG-RM-01,SYNTHETIC_INTERNAL,SNP-COOLIT-20260925-BL,SCN-BASELINE,CAREVT-0006-3,SHP-0006,DLV-0006,CAR-02,ARRIVED_DESTINATION,2026-07-25T11:00:00-06:00,DESTINATION_SYN,,
TEN-COOLIT-SYN-001,SITE-COOLIT-SYN-01,ERP,CARRIER_EVENT,CAREVT-0006-4,SHP-0006,RESOLVED,2026-09-25T23:59:59-06:00,2026-09-26T08:00:00-06:00,2026-06-29T00:00:00-06:00,,1,,false,ACTIVE,,,VALID,CURRENT,coolit-synthetic-v2.0.0,CUST-006,PRG-006,CFG-RM-01,SYNTHETIC_INTERNAL,SNP-COOLIT-20260925-BL,SCN-BASELINE,CAREVT-0006-4,SHP-0006,DLV-0006,CAR-02,DELIVERED,2026-07-26T12:00:00-06:00,DESTINATION_SYN,,
TEN-COOLIT-SYN-001,SITE-COOLIT-SYN-01,ERP,CARRIER_EVENT,CAREVT-0006-5,SHP-0006,RESOLVED,2026-09-25T23:59:59-06:00,2026-09-26T08:00:00-06:00,2026-06-29T00:00:00-06:00,,1,,false,ACTIVE,,,VALID,CURRENT,coolit-synthetic-v2.0.0,CUST-006,PRG-006,CFG-RM-01,SYNTHETIC_INTERNAL,SNP-COOLIT-20260925-BL,SCN-BASELINE,CAREVT-0006-5,SHP-0006,DLV-0006,CAR-02,PROOF_CONFIRMED,2026-07-27T13:00:00-06:00,DESTINATION_SYN,,964ec2b29e3f4d1daed524cb28a725ee265eb59807b09b0bab1872cfc7ff4edd
TEN-COOLIT-SYN-001,SITE-COOLIT-SYN-01,ERP,CARRIER_EVENT,CAREVT-0007-1,SHP-0007,RESOLVED,2026-09-25T23:59:59-06:00,2026-09-26T08:00:00-06:00,2026-06-29T00:00:00-06:00,,1,,false,ACTIVE,,,VALID,CURRENT,coolit-synthetic-v2.0.0,CUST-007,PRG-007,CFG-CDU-02,SYNTHETIC_INTERNAL,SNP-COOLIT-20260925-BL,SCN-BASELINE,CAREVT-0007-1,SHP-0007,DLV-0007,CAR-03,PICKED_UP,2026-07-25T09:00:00-06:00,ORIGIN_SYN,,
TEN-COOLIT-SYN-001,SITE-COOLIT-SYN-01,ERP,CARRIER_EVENT,CAREVT-0007-2,SHP-0007,RESOLVED,2026-09-25T23:59:59-06:00,2026-09-26T08:00:00-06:00,2026-06-29T00:00:00-06:00,,1,,false,ACTIVE,,,VALID,CURRENT,coolit-synthetic-v2.0.0,CUST-007,PRG-007,CFG-CDU-02,SYNTHETIC_INTERNAL,SNP-COOLIT-20260925-BL,SCN-BASELINE,CAREVT-0007-2,SHP-0007,DLV-0007,CAR-03,DEPARTED_ORIGIN,2026-07-26T10:00:00-06:00,ORIGIN_SYN,,
TEN-COOLIT-SYN-001,SITE-COOLIT-SYN-01,ERP,CARRIER_EVENT,CAREVT-0007-3,SHP-0007,RESOLVED,2026-09-25T23:59:59-06:00,2026-09-26T08:00:00-06:00,2026-06-29T00:00:00-06:00,,1,,false,ACTIVE,,,VALID,CURRENT,coolit-synthetic-v2.0.0,CUST-007,PRG-007,CFG-CDU-02,SYNTHETIC_INTERNAL,SNP-COOLIT-20260925-BL,SCN-BASELINE,CAREVT-0007-3,SHP-0007,DLV-0007,CAR-03,ARRIVED_DESTINATION,2026-07-27T11:00:00-06:00,DESTINATION_SYN,,
TEN-COOLIT-SYN-001,SITE-COOLIT-SYN-01,ERP,CARRIER_EVENT,CAREVT-0007-4,SHP-0007,RESOLVED,2026-09-25T23:59:59-06:00,2026-09-26T08:00:00-06:00,2026-06-29T00:00:00-06:00,,1,,false,ACTIVE,,,VALID,CURRENT,coolit-synthetic-v2.0.0,CUST-007,PRG-007,CFG-CDU-02,SYNTHETIC_INTERNAL,SNP-COOLIT-20260925-BL,SCN-BASELINE,CAREVT-0007-4,SHP-0007,DLV-0007,CAR-03,DELIVERED,2026-07-28T12:00:00-06:00,DESTINATION_SYN,,
TEN-COOLIT-SYN-001,SITE-COOLIT-SYN-01,ERP,CARRIER_EVENT,CAREVT-0007-5,SHP-0007,RESOLVED,2026-09-25T23:59:59-06:00,2026-09-26T08:00:00-06:00,2026-06-29T00:00:00-06:00,,1,,false,ACTIVE,,,VALID,CURRENT,coolit-synthetic-v2.0.0,CUST-007,PRG-007,CFG-CDU-02,SYNTHETIC_INTERNAL,SNP-COOLIT-20260925-BL,SCN-BASELINE,CAREVT-0007-5,SHP-0007,DLV-0007,CAR-03,PROOF_CONFIRMED,2026-07-29T13:00:00-06:00,DESTINATION_SYN,,5b5b0db14e5e08f2294a780cf68d781e25c0e251a63c027af28260b64475262a
TEN-COOLIT-SYN-001,SITE-COOLIT-SYN-01,ERP,CARRIER_EVENT,CAREVT-0008-1,SHP-0008,RESOLVED,2026-09-25T23:59:59-06:00,2026-09-26T08:00:00-06:00,2026-06-29T00:00:00-06:00,,1,,false,ACTIVE,,,VALID,CURRENT,coolit-synthetic-v2.0.0,CUST-008,PRG-008,CFG-CPL-03,SYNTHETIC_INTERNAL,SNP-COOLIT-20260925-BL,SCN-BASELINE,CAREVT-0008-1,SHP-0008,DLV-0008,CAR-04,PICKED_UP,2026-07-29T09:00:00-06:00,ORIGIN_SYN,,
TEN-COOLIT-SYN-001,SITE-COOLIT-SYN-01,ERP,CARRIER_EVENT,CAREVT-0008-2,SHP-0008,RESOLVED,2026-09-25T23:59:59-06:00,2026-09-26T08:00:00-06:00,2026-06-29T00:00:00-06:00,,1,,false,ACTIVE,,,VALID,CURRENT,coolit-synthetic-v2.0.0,CUST-008,PRG-008,CFG-CPL-03,SYNTHETIC_INTERNAL,SNP-COOLIT-20260925-BL,SCN-BASELINE,CAREVT-0008-2,SHP-0008,DLV-0008,CAR-04,DEPARTED_ORIGIN,2026-07-30T10:00:00-06:00,ORIGIN_SYN,,
TEN-COOLIT-SYN-001,SITE-COOLIT-SYN-01,ERP,CARRIER_EVENT,CAREVT-0008-3,SHP-0008,RESOLVED,2026-09-25T23:59:59-06:00,2026-09-26T08:00:00-06:00,2026-06-29T00:00:00-06:00,,1,,false,ACTIVE,,,VALID,CURRENT,coolit-synthetic-v2.0.0,CUST-008,PRG-008,CFG-CPL-03,SYNTHETIC_INTERNAL,SNP-COOLIT-20260925-BL,SCN-BASELINE,CAREVT-0008-3,SHP-0008,DLV-0008,CAR-04,ARRIVED_DESTINATION,2026-07-31T11:00:00-06:00,DESTINATION_SYN,,
TEN-COOLIT-SYN-001,SITE-COOLIT-SYN-01,ERP,CARRIER_EVENT,CAREVT-0008-4,SHP-0008,RESOLVED,2026-09-25T23:59:59-06:00,2026-09-26T08:00:00-06:00,2026-06-29T00:00:00-06:00,,1,,false,ACTIVE,,,VALID,CURRENT,coolit-synthetic-v2.0.0,CUST-008,PRG-008,CFG-CPL-03,SYNTHETIC_INTERNAL,SNP-COOLIT-20260925-BL,SCN-BASELINE,CAREVT-0008-4,SHP-0008,DLV-0008,CAR-04,DELIVERED,2026-08-01T12:00:00-06:00,DESTINATION_SYN,,
TEN-COOLIT-SYN-001,SITE-COOLIT-SYN-01,ERP,CARRIER_EVENT,CAREVT-0008-5,SHP-0008,RESOLVED,2026-09-25T23:59:59-06:00,2026-09-26T08:00:00-06:00,2026-06-29T00:00:00-06:00,,1,,false,ACTIVE,,,VALID,CURRENT,coolit-synthetic-v2.0.0,CUST-008,PRG-008,CFG-CPL-03,SYNTHETIC_INTERNAL,SNP-COOLIT-20260925-BL,SCN-BASELINE,CAREVT-0008-5,SHP-0008,DLV-0008,CAR-04,PROOF_CONFIRMED,2026-08-02T13:00:00-06:00,DESTINATION_SYN,,5580f41d5d10c6e9b970fe955fda084451a4fa3cfbd9beeb9da971c5920fc211
TEN-COOLIT-SYN-001,SITE-COOLIT-SYN-01,ERP,CARRIER_EVENT,CAREVT-0009-1,SHP-0009,RESOLVED,2026-09-25T23:59:59-06:00,2026-09-26T08:00:00-06:00,2026-06-29T00:00:00-06:00,,1,,false,ACTIVE,,,VALID,CURRENT,coolit-synthetic-v2.0.0,CUST-009,PRG-001,CFG-RM-04,SYNTHETIC_INTERNAL,SNP-COOLIT-20260925-BL,SCN-BASELINE,CAREVT-0009-1,SHP-0009,DLV-0009,CAR-01,PICKED_UP,2026-07-29T09:00:00-06:00,ORIGIN_SYN,,
TEN-COOLIT-SYN-001,SITE-COOLIT-SYN-01,ERP,CARRIER_EVENT,CAREVT-0009-2,SHP-0009,RESOLVED,2026-09-25T23:59:59-06:00,2026-09-26T08:00:00-06:00,2026-06-29T00:00:00-06:00,,1,,false,ACTIVE,,,VALID,CURRENT,coolit-synthetic-v2.0.0,CUST-009,PRG-001,CFG-RM-04,SYNTHETIC_INTERNAL,SNP-COOLIT-20260925-BL,SCN-BASELINE,CAREVT-0009-2,SHP-0009,DLV-0009,CAR-01,DEPARTED_ORIGIN,2026-07-30T10:00:00-06:00,ORIGIN_SYN,,
TEN-COOLIT-SYN-001,SITE-COOLIT-SYN-01,ERP,CARRIER_EVENT,CAREVT-0009-3,SHP-0009,RESOLVED,2026-09-25T23:59:59-06:00,2026-09-26T08:00:00-06:00,2026-06-29T00:00:00-06:00,,1,,false,ACTIVE,,,VALID,CURRENT,coolit-synthetic-v2.0.0,CUST-009,PRG-001,CFG-RM-04,SYNTHETIC_INTERNAL,SNP-COOLIT-20260925-BL,SCN-BASELINE,CAREVT-0009-3,SHP-0009,DLV-0009,CAR-01,ARRIVED_DESTINATION,2026-07-31T11:00:00-06:00,DESTINATION_SYN,,
TEN-COOLIT-SYN-001,SITE-COOLIT-SYN-01,ERP,CARRIER_EVENT,CAREVT-0009-4,SHP-0009,RESOLVED,2026-09-25T23:59:59-06:00,2026-09-26T08:00:00-06:00,2026-06-29T00:00:00-06:00,,1,,false,ACTIVE,,,VALID,CURRENT,coolit-synthetic-v2.0.0,CUST-009,PRG-001,CFG-RM-04,SYNTHETIC_INTERNAL,SNP-COOLIT-20260925-BL,SCN-BASELINE,CAREVT-0009-4,SHP-0009,DLV-0009,CAR-01,DELIVERED,2026-08-01T12:00:00-06:00,DESTINATION_SYN,,
TEN-COOLIT-SYN-001,SITE-COOLIT-SYN-01,ERP,CARRIER_EVENT,CAREVT-0009-5,SHP-0009,RESOLVED,2026-09-25T23:59:59-06:00,2026-09-26T08:00:00-06:00,2026-06-29T00:00:00-06:00,,1,,false,ACTIVE,,,VALID,CURRENT,coolit-synthetic-v2.0.0,CUST-009,PRG-001,CFG-RM-04,SYNTHETIC_INTERNAL,SNP-COOLIT-20260925-BL,SCN-BASELINE,CAREVT-0009-5,SHP-0009,DLV-0009,CAR-01,PROOF_CONFIRMED,2026-08-02T13:00:00-06:00,DESTINATION_SYN,,3b9ef82195d8610e4faaeca5e35724aa371caf0f08688932f79f37d0be0f8f48
TEN-COOLIT-SYN-001,SITE-COOLIT-SYN-01,ERP,CARRIER_EVENT,CAREVT-0010-1,SHP-0010,RESOLVED,2026-09-25T23:59:59-06:00,2026-09-26T08:00:00-06:00,2026-06-29T00:00:00-06:00,,1,,false,ACTIVE,,,VALID,CURRENT,coolit-synthetic-v2.0.0,CUST-010,PRG-002,CFG-CPL-01,SYNTHETIC_INTERNAL,SNP-COOLIT-20260925-BL,SCN-BASELINE,CAREVT-0010-1,SHP-0010,DLV-0010,CAR-02,PICKED_UP,2026-08-02T09:00:00-06:00,ORIGIN_SYN,,
TEN-COOLIT-SYN-001,SITE-COOLIT-SYN-01,ERP,CARRIER_EVENT,CAREVT-0010-2,SHP-0010,RESOLVED,2026-09-25T23:59:59-06:00,2026-09-26T08:00:00-06:00,2026-06-29T00:00:00-06:00,,1,,false,ACTIVE,,,VALID,CURRENT,coolit-synthetic-v2.0.0,CUST-010,PRG-002,CFG-CPL-01,SYNTHETIC_INTERNAL,SNP-COOLIT-20260925-BL,SCN-BASELINE,CAREVT-0010-2,SHP-0010,DLV-0010,CAR-02,DEPARTED_ORIGIN,2026-08-03T10:00:00-06:00,ORIGIN_SYN,,
TEN-COOLIT-SYN-001,SITE-COOLIT-SYN-01,ERP,CARRIER_EVENT,CAREVT-0010-3,SHP-0010,RESOLVED,2026-09-25T23:59:59-06:00,2026-09-26T08:00:00-06:00,2026-06-29T00:00:00-06:00,,1,,false,ACTIVE,,,VALID,CURRENT,coolit-synthetic-v2.0.0,CUST-010,PRG-002,CFG-CPL-01,SYNTHETIC_INTERNAL,SNP-COOLIT-20260925-BL,SCN-BASELINE,CAREVT-0010-3,SHP-0010,DLV-0010,CAR-02,ARRIVED_DESTINATION,2026-08-04T11:00:00-06:00,DESTINATION_SYN,,
TEN-COOLIT-SYN-001,SITE-COOLIT-SYN-01,ERP,CARRIER_EVENT,CAREVT-0010-4,SHP-0010,RESOLVED,2026-09-25T23:59:59-06:00,2026-09-26T08:00:00-06:00,2026-06-29T00:00:00-06:00,,1,,false,ACTIVE,,,VALID,CURRENT,coolit-synthetic-v2.0.0,CUST-010,PRG-002,CFG-CPL-01,SYNTHETIC_INTERNAL,SNP-COOLIT-20260925-BL,SCN-BASELINE,CAREVT-0010-4,SHP-0010,DLV-0010,CAR-02,DELIVERED,2026-08-05T12:00:00-06:00,DESTINATION_SYN,,
TEN-COOLIT-SYN-001,SITE-COOLIT-SYN-01,ERP,CARRIER_EVENT,CAREVT-0010-5,SHP-0010,RESOLVED,2026-09-25T23:59:59-06:00,2026-09-26T08:00:00-06:00,2026-06-29T00:00:00-06:00,,1,,false,ACTIVE,,,VALID,CURRENT,coolit-synthetic-v2.0.0,CUST-010,PRG-002,CFG-CPL-01,SYNTHETIC_INTERNAL,SNP-COOLIT-20260925-BL,SCN-BASELINE,CAREVT-0010-5,SHP-0010,DLV-0010,CAR-02,PROOF_CONFIRMED,2026-08-06T13:00:00-06:00,DESTINATION_SYN,,738e91e9dcd0500b2b4be72563902787460f38a484b98c9ffc5f7d9bc883cdbf
TEN-COOLIT-SYN-001,SITE-COOLIT-SYN-01,ERP,CARRIER_EVENT,CAREVT-0011-1,SHP-0011,RESOLVED,2026-09-25T23:59:59-06:00,2026-09-26T08:00:00-06:00,2026-06-29T00:00:00-06:00,,1,,false,ACTIVE,,,VALID,CURRENT,coolit-synthetic-v2.0.0,CUST-001,PRG-003,CFG-RM-02,SYNTHETIC_INTERNAL,SNP-COOLIT-20260925-BL,SCN-BASELINE,CAREVT-0011-1,SHP-0011,DLV-0011,CAR-03,PICKED_UP,2026-08-08T09:00:00-06:00,ORIGIN_SYN,,
TEN-COOLIT-SYN-001,SITE-COOLIT-SYN-01,ERP,CARRIER_EVENT,CAREVT-0011-2,SHP-0011,RESOLVED,2026-09-25T23:59:59-06:00,2026-09-26T08:00:00-06:00,2026-06-29T00:00:00-06:00,,1,,false,ACTIVE,,,VALID,CURRENT,coolit-synthetic-v2.0.0,CUST-001,PRG-003,CFG-RM-02,SYNTHETIC_INTERNAL,SNP-COOLIT-20260925-BL,SCN-BASELINE,CAREVT-0011-2,SHP-0011,DLV-0011,CAR-03,DEPARTED_ORIGIN,2026-08-09T10:00:00-06:00,ORIGIN_SYN,,
TEN-COOLIT-SYN-001,SITE-COOLIT-SYN-01,ERP,CARRIER_EVENT,CAREVT-0011-3,SHP-0011,RESOLVED,2026-09-25T23:59:59-06:00,2026-09-26T08:00:00-06:00,2026-06-29T00:00:00-06:00,,1,,false,ACTIVE,,,VALID,CURRENT,coolit-synthetic-v2.0.0,CUST-001,PRG-003,CFG-RM-02,SYNTHETIC_INTERNAL,SNP-COOLIT-20260925-BL,SCN-BASELINE,CAREVT-0011-3,SHP-0011,DLV-0011,CAR-03,ARRIVED_DESTINATION,2026-08-10T11:00:00-06:00,DESTINATION_SYN,,
TEN-COOLIT-SYN-001,SITE-COOLIT-SYN-01,ERP,CARRIER_EVENT,CAREVT-0011-4,SHP-0011,RESOLVED,2026-09-25T23:59:59-06:00,2026-09-26T08:00:00-06:00,2026-06-29T00:00:00-06:00,,1,,false,ACTIVE,,,VALID,CURRENT,coolit-synthetic-v2.0.0,CUST-001,PRG-003,CFG-RM-02,SYNTHETIC_INTERNAL,SNP-COOLIT-20260925-BL,SCN-BASELINE,CAREVT-0011-4,SHP-0011,DLV-0011,CAR-03,DELIVERED,2026-08-11T12:00:00-06:00,DESTINATION_SYN,,
TEN-COOLIT-SYN-001,SITE-COOLIT-SYN-01,ERP,CARRIER_EVENT,CAREVT-0011-5,SHP-0011,RESOLVED,2026-09-25T23:59:59-06:00,2026-09-26T08:00:00-06:00,2026-06-29T00:00:00-06:00,,1,,false,ACTIVE,,,VALID,CURRENT,coolit-synthetic-v2.0.0,CUST-001,PRG-003,CFG-RM-02,SYNTHETIC_INTERNAL,SNP-COOLIT-20260925-BL,SCN-BASELINE,CAREVT-0011-5,SHP-0011,DLV-0011,CAR-03,PROOF_CONFIRMED,2026-08-12T13:00:00-06:00,DESTINATION_SYN,,3e23dde19ce18e332eccd73595e72ccb8768a15de982380c599e00c5cf6d9610
TEN-COOLIT-SYN-001,SITE-COOLIT-SYN-01,ERP,CARRIER_EVENT,CAREVT-0012-1,SHP-0012,RESOLVED,2026-09-25T23:59:59-06:00,2026-09-26T08:00:00-06:00,2026-06-29T00:00:00-06:00,,1,,false,ACTIVE,,,VALID,CURRENT,coolit-synthetic-v2.0.0,CUST-002,PRG-004,CFG-CDU-03,SYNTHETIC_INTERNAL,SNP-COOLIT-20260925-BL,SCN-BASELINE,CAREVT-0012-1,SHP-0012,DLV-0012,CAR-04,PICKED_UP,2026-08-10T09:00:00-06:00,ORIGIN_SYN,,
TEN-COOLIT-SYN-001,SITE-COOLIT-SYN-01,ERP,CARRIER_EVENT,CAREVT-0012-2,SHP-0012,RESOLVED,2026-09-25T23:59:59-06:00,2026-09-26T08:00:00-06:00,2026-06-29T00:00:00-06:00,,1,,false,ACTIVE,,,VALID,CURRENT,coolit-synthetic-v2.0.0,CUST-002,PRG-004,CFG-CDU-03,SYNTHETIC_INTERNAL,SNP-COOLIT-20260925-BL,SCN-BASELINE,CAREVT-0012-2,SHP-0012,DLV-0012,CAR-04,DEPARTED_ORIGIN,2026-08-11T10:00:00-06:00,ORIGIN_SYN,,
TEN-COOLIT-SYN-001,SITE-COOLIT-SYN-01,ERP,CARRIER_EVENT,CAREVT-0012-3,SHP-0012,RESOLVED,2026-09-25T23:59:59-06:00,2026-09-26T08:00:00-06:00,2026-06-29T00:00:00-06:00,,1,,false,ACTIVE,,,VALID,CURRENT,coolit-synthetic-v2.0.0,CUST-002,PRG-004,CFG-CDU-03,SYNTHETIC_INTERNAL,SNP-COOLIT-20260925-BL,SCN-BASELINE,CAREVT-0012-3,SHP-0012,DLV-0012,CAR-04,ARRIVED_DESTINATION,2026-08-12T11:00:00-06:00,DESTINATION_SYN,,
TEN-COOLIT-SYN-001,SITE-COOLIT-SYN-01,ERP,CARRIER_EVENT,CAREVT-0012-4,SHP-0012,RESOLVED,2026-09-25T23:59:59-06:00,2026-09-26T08:00:00-06:00,2026-06-29T00:00:00-06:00,,1,,false,ACTIVE,,,VALID,CURRENT,coolit-synthetic-v2.0.0,CUST-002,PRG-004,CFG-CDU-03,SYNTHETIC_INTERNAL,SNP-COOLIT-20260925-BL,SCN-BASELINE,CAREVT-0012-4,SHP-0012,DLV-0012,CAR-04,DELIVERED,2026-08-13T12:00:00-06:00,DESTINATION_SYN,,
TEN-COOLIT-SYN-001,SITE-COOLIT-SYN-01,ERP,CARRIER_EVENT,CAREVT-0012-5,SHP-0012,RESOLVED,2026-09-25T23:59:59-06:00,2026-09-26T08:00:00-06:00,2026-06-29T00:00:00-06:00,,1,,false,ACTIVE,,,VALID,CURRENT,coolit-synthetic-v2.0.0,CUST-002,PRG-004,CFG-CDU-03,SYNTHETIC_INTERNAL,SNP-COOLIT-20260925-BL,SCN-BASELINE,CAREVT-0012-5,SHP-0012,DLV-0012,CAR-04,PROOF_CONFIRMED,2026-08-14T13:00:00-06:00,DESTINATION_SYN,,07f907fd737bf5181b479728160a1ad30c7b9adf061b7399d6a9317db6c47094
TEN-COOLIT-SYN-001,SITE-COOLIT-SYN-01,ERP,CARRIER_EVENT,CAREVT-0013-1,SHP-0013,RESOLVED,2026-09-25T23:59:59-06:00,2026-09-26T08:00:00-06:00,2026-06-29T00:00:00-06:00,,1,,false,ACTIVE,,,VALID,CURRENT,coolit-synthetic-v2.0.0,CUST-003,PRG-005,CFG-CPL-04,SYNTHETIC_INTERNAL,SNP-COOLIT-20260925-BL,SCN-BASELINE,CAREVT-0013-1,SHP-0013,DLV-0013,CAR-01,PICKED_UP,2026-08-10T09:00:00-06:00,ORIGIN_SYN,,
TEN-COOLIT-SYN-001,SITE-COOLIT-SYN-01,ERP,CARRIER_EVENT,CAREVT-0013-2,SHP-0013,RESOLVED,2026-09-25T23:59:59-06:00,2026-09-26T08:00:00-06:00,2026-06-29T00:00:00-06:00,,1,,false,ACTIVE,,,VALID,CURRENT,coolit-synthetic-v2.0.0,CUST-003,PRG-005,CFG-CPL-04,SYNTHETIC_INTERNAL,SNP-COOLIT-20260925-BL,SCN-BASELINE,CAREVT-0013-2,SHP-0013,DLV-0013,CAR-01,DEPARTED_ORIGIN,2026-08-11T10:00:00-06:00,ORIGIN_SYN,,
TEN-COOLIT-SYN-001,SITE-COOLIT-SYN-01,ERP,CARRIER_EVENT,CAREVT-0013-3,SHP-0013,RESOLVED,2026-09-25T23:59:59-06:00,2026-09-26T08:00:00-06:00,2026-06-29T00:00:00-06:00,,1,,false,ACTIVE,,,VALID,CURRENT,coolit-synthetic-v2.0.0,CUST-003,PRG-005,CFG-CPL-04,SYNTHETIC_INTERNAL,SNP-COOLIT-20260925-BL,SCN-BASELINE,CAREVT-0013-3,SHP-0013,DLV-0013,CAR-01,ARRIVED_DESTINATION,2026-08-12T11:00:00-06:00,DESTINATION_SYN,,
TEN-COOLIT-SYN-001,SITE-COOLIT-SYN-01,ERP,CARRIER_EVENT,CAREVT-0013-4,SHP-0013,RESOLVED,2026-09-25T23:59:59-06:00,2026-09-26T08:00:00-06:00,2026-06-29T00:00:00-06:00,,1,,false,ACTIVE,,,VALID,CURRENT,coolit-synthetic-v2.0.0,CUST-003,PRG-005,CFG-CPL-04,SYNTHETIC_INTERNAL,SNP-COOLIT-20260925-BL,SCN-BASELINE,CAREVT-0013-4,SHP-0013,DLV-0013,CAR-01,DELIVERED,2026-08-13T12:00:00-06:00,DESTINATION_SYN,,
TEN-COOLIT-SYN-001,SITE-COOLIT-SYN-01,ERP,CARRIER_EVENT,CAREVT-0013-5,SHP-0013,RESOLVED,2026-09-25T23:59:59-06:00,2026-09-26T08:00:00-06:00,2026-06-29T00:00:00-06:00,,1,,false,ACTIVE,,,VALID,CURRENT,coolit-synthetic-v2.0.0,CUST-003,PRG-005,CFG-CPL-04,SYNTHETIC_INTERNAL,SNP-COOLIT-20260925-BL,SCN-BASELINE,CAREVT-0013-5,SHP-0013,DLV-0013,CAR-01,PROOF_CONFIRMED,2026-08-14T13:00:00-06:00,DESTINATION_SYN,,4a4bcecbaebfc27477d1f22a1a838122daed5a9289a21ce7234360ce0273f707
TEN-COOLIT-SYN-001,SITE-COOLIT-SYN-01,ERP,CARRIER_EVENT,CAREVT-0014-1,SHP-0014,RESOLVED,2026-09-25T23:59:59-06:00,2026-09-26T08:00:00-06:00,2026-06-29T00:00:00-06:00,,1,,false,ACTIVE,,,VALID,CURRENT,coolit-synthetic-v2.0.0,CUST-004,PRG-006,CFG-CDU-01,SYNTHETIC_INTERNAL,SNP-COOLIT-20260925-BL,SCN-BASELINE,CAREVT-0014-1,SHP-0014,DLV-0014,CAR-02,PICKED_UP,2026-08-14T09:00:00-06:00,ORIGIN_SYN,,
TEN-COOLIT-SYN-001,SITE-COOLIT-SYN-01,ERP,CARRIER_EVENT,CAREVT-0014-2,SHP-0014,RESOLVED,2026-09-25T23:59:59-06:00,2026-09-26T08:00:00-06:00,2026-06-29T00:00:00-06:00,,1,,false,ACTIVE,,,VALID,CURRENT,coolit-synthetic-v2.0.0,CUST-004,PRG-006,CFG-CDU-01,SYNTHETIC_INTERNAL,SNP-COOLIT-20260925-BL,SCN-BASELINE,CAREVT-0014-2,SHP-0014,DLV-0014,CAR-02,DEPARTED_ORIGIN,2026-08-15T10:00:00-06:00,ORIGIN_SYN,,
TEN-COOLIT-SYN-001,SITE-COOLIT-SYN-01,ERP,CARRIER_EVENT,CAREVT-0014-3,SHP-0014,RESOLVED,2026-09-25T23:59:59-06:00,2026-09-26T08:00:00-06:00,2026-06-29T00:00:00-06:00,,1,,false,ACTIVE,,,VALID,CURRENT,coolit-synthetic-v2.0.0,CUST-004,PRG-006,CFG-CDU-01,SYNTHETIC_INTERNAL,SNP-COOLIT-20260925-BL,SCN-BASELINE,CAREVT-0014-3,SHP-0014,DLV-0014,CAR-02,ARRIVED_DESTINATION,2026-08-16T11:00:00-06:00,DESTINATION_SYN,,
TEN-COOLIT-SYN-001,SITE-COOLIT-SYN-01,ERP,CARRIER_EVENT,CAREVT-0014-4,SHP-0014,RESOLVED,2026-09-25T23:59:59-06:00,2026-09-26T08:00:00-06:00,2026-06-29T00:00:00-06:00,,1,,false,ACTIVE,,,VALID,CURRENT,coolit-synthetic-v2.0.0,CUST-004,PRG-006,CFG-CDU-01,SYNTHETIC_INTERNAL,SNP-COOLIT-20260925-BL,SCN-BASELINE,CAREVT-0014-4,SHP-0014,DLV-0014,CAR-02,DELIVERED,2026-08-17T12:00:00-06:00,DESTINATION_SYN,,
TEN-COOLIT-SYN-001,SITE-COOLIT-SYN-01,ERP,CARRIER_EVENT,CAREVT-0014-5,SHP-0014,RESOLVED,2026-09-25T23:59:59-06:00,2026-09-26T08:00:00-06:00,2026-06-29T00:00:00-06:00,,1,,false,ACTIVE,,,VALID,CURRENT,coolit-synthetic-v2.0.0,CUST-004,PRG-006,CFG-CDU-01,SYNTHETIC_INTERNAL,SNP-COOLIT-20260925-BL,SCN-BASELINE,CAREVT-0014-5,SHP-0014,DLV-0014,CAR-02,PROOF_CONFIRMED,2026-08-18T13:00:00-06:00,DESTINATION_SYN,,c2cf843db0ef5a338c756be6fc28a786f5c0f35611993c0aa5dee559c38403e0
TEN-COOLIT-SYN-001,SITE-COOLIT-SYN-01,ERP,CARRIER_EVENT,CAREVT-0015-1,SHP-0015,RESOLVED,2026-09-25T23:59:59-06:00,2026-09-26T08:00:00-06:00,2026-06-29T00:00:00-06:00,,1,,false,ACTIVE,,,VALID,CURRENT,coolit-synthetic-v2.0.0,CUST-005,PRG-007,CFG-CPL-02,SYNTHETIC_INTERNAL,SNP-COOLIT-20260925-BL,SCN-BASELINE,CAREVT-0015-1,SHP-0015,DLV-0015,CAR-03,PICKED_UP,2026-08-18T09:00:00-06:00,ORIGIN_SYN,,
TEN-COOLIT-SYN-001,SITE-COOLIT-SYN-01,ERP,CARRIER_EVENT,CAREVT-0015-2,SHP-0015,RESOLVED,2026-09-25T23:59:59-06:00,2026-09-26T08:00:00-06:00,2026-06-29T00:00:00-06:00,,1,,false,ACTIVE,,,VALID,CURRENT,coolit-synthetic-v2.0.0,CUST-005,PRG-007,CFG-CPL-02,SYNTHETIC_INTERNAL,SNP-COOLIT-20260925-BL,SCN-BASELINE,CAREVT-0015-2,SHP-0015,DLV-0015,CAR-03,DEPARTED_ORIGIN,2026-08-19T10:00:00-06:00,ORIGIN_SYN,,
TEN-COOLIT-SYN-001,SITE-COOLIT-SYN-01,ERP,CARRIER_EVENT,CAREVT-0015-3,SHP-0015,RESOLVED,2026-09-25T23:59:59-06:00,2026-09-26T08:00:00-06:00,2026-06-29T00:00:00-06:00,,1,,false,ACTIVE,,,VALID,CURRENT,coolit-synthetic-v2.0.0,CUST-005,PRG-007,CFG-CPL-02,SYNTHETIC_INTERNAL,SNP-COOLIT-20260925-BL,SCN-BASELINE,CAREVT-0015-3,SHP-0015,DLV-0015,CAR-03,ARRIVED_DESTINATION,2026-08-20T11:00:00-06:00,DESTINATION_SYN,,
TEN-COOLIT-SYN-001,SITE-COOLIT-SYN-01,ERP,CARRIER_EVENT,CAREVT-0015-4,SHP-0015,RESOLVED,2026-09-25T23:59:59-06:00,2026-09-26T08:00:00-06:00,2026-06-29T00:00:00-06:00,,1,,false,ACTIVE,,,VALID,CURRENT,coolit-synthetic-v2.0.0,CUST-005,PRG-007,CFG-CPL-02,SYNTHETIC_INTERNAL,SNP-COOLIT-20260925-BL,SCN-BASELINE,CAREVT-0015-4,SHP-0015,DLV-0015,CAR-03,DELIVERED,2026-08-21T12:00:00-06:00,DESTINATION_SYN,,
TEN-COOLIT-SYN-001,SITE-COOLIT-SYN-01,ERP,CARRIER_EVENT,CAREVT-0015-5,SHP-0015,RESOLVED,2026-09-25T23:59:59-06:00,2026-09-26T08:00:00-06:00,2026-06-29T00:00:00-06:00,,1,,false,ACTIVE,,,VALID,CURRENT,coolit-synthetic-v2.0.0,CUST-005,PRG-007,CFG-CPL-02,SYNTHETIC_INTERNAL,SNP-COOLIT-20260925-BL,SCN-BASELINE,CAREVT-0015-5,SHP-0015,DLV-0015,CAR-03,PROOF_CONFIRMED,2026-08-22T13:00:00-06:00,DESTINATION_SYN,,2877df9c93ae99f542eee3a37af2213b1a618f2a5d013e9442adf18b798feb0d
TEN-COOLIT-SYN-001,SITE-COOLIT-SYN-01,ERP,CARRIER_EVENT,CAREVT-0016-1,SHP-0016,RESOLVED,2026-09-25T23:59:59-06:00,2026-09-26T08:00:00-06:00,2026-06-29T00:00:00-06:00,,1,,false,ACTIVE,,,VALID,CURRENT,coolit-synthetic-v2.0.0,CUST-006,PRG-008,CFG-RM-03,SYNTHETIC_INTERNAL,SNP-COOLIT-20260925-BL,SCN-BASELINE,CAREVT-0016-1,SHP-0016,DLV-0016,CAR-04,PICKED_UP,2026-08-24T09:00:00-06:00,ORIGIN_SYN,,
TEN-COOLIT-SYN-001,SITE-COOLIT-SYN-01,ERP,CARRIER_EVENT,CAREVT-0016-2,SHP-0016,RESOLVED,2026-09-25T23:59:59-06:00,2026-09-26T08:00:00-06:00,2026-06-29T00:00:00-06:00,,1,,false,ACTIVE,,,VALID,CURRENT,coolit-synthetic-v2.0.0,CUST-006,PRG-008,CFG-RM-03,SYNTHETIC_INTERNAL,SNP-COOLIT-20260925-BL,SCN-BASELINE,CAREVT-0016-2,SHP-0016,DLV-0016,CAR-04,DEPARTED_ORIGIN,2026-08-25T10:00:00-06:00,ORIGIN_SYN,,
TEN-COOLIT-SYN-001,SITE-COOLIT-SYN-01,ERP,CARRIER_EVENT,CAREVT-0016-3,SHP-0016,RESOLVED,2026-09-25T23:59:59-06:00,2026-09-26T08:00:00-06:00,2026-06-29T00:00:00-06:00,,1,,false,ACTIVE,,,VALID,CURRENT,coolit-synthetic-v2.0.0,CUST-006,PRG-008,CFG-RM-03,SYNTHETIC_INTERNAL,SNP-COOLIT-20260925-BL,SCN-BASELINE,CAREVT-0016-3,SHP-0016,DLV-0016,CAR-04,ARRIVED_DESTINATION,2026-08-26T11:00:00-06:00,DESTINATION_SYN,,
TEN-COOLIT-SYN-001,SITE-COOLIT-SYN-01,ERP,CARRIER_EVENT,CAREVT-0016-4,SHP-0016,RESOLVED,2026-09-25T23:59:59-06:00,2026-09-26T08:00:00-06:00,2026-06-29T00:00:00-06:00,,1,,false,ACTIVE,,,VALID,CURRENT,coolit-synthetic-v2.0.0,CUST-006,PRG-008,CFG-RM-03,SYNTHETIC_INTERNAL,SNP-COOLIT-20260925-BL,SCN-BASELINE,CAREVT-0016-4,SHP-0016,DLV-0016,CAR-04,DELIVERED,2026-08-27T12:00:00-06:00,DESTINATION_SYN,,
TEN-COOLIT-SYN-001,SITE-COOLIT-SYN-01,ERP,CARRIER_EVENT,CAREVT-0016-5,SHP-0016,RESOLVED,2026-09-25T23:59:59-06:00,2026-09-26T08:00:00-06:00,2026-06-29T00:00:00-06:00,,1,,false,ACTIVE,,,VALID,CURRENT,coolit-synthetic-v2.0.0,CUST-006,PRG-008,CFG-RM-03,SYNTHETIC_INTERNAL,SNP-COOLIT-20260925-BL,SCN-BASELINE,CAREVT-0016-5,SHP-0016,DLV-0016,CAR-04,PROOF_CONFIRMED,2026-08-28T13:00:00-06:00,DESTINATION_SYN,,145dae7ec0322720c2a7e77b53b2db0582aae85ed2ed676c6b926348ed55e9f4
TEN-COOLIT-SYN-001,SITE-COOLIT-SYN-01,ERP,CARRIER_EVENT,CAREVT-0017-1,SHP-0017,RESOLVED,2026-09-25T23:59:59-06:00,2026-09-26T08:00:00-06:00,2026-06-29T00:00:00-06:00,,1,,false,ACTIVE,,,VALID,CURRENT,coolit-synthetic-v2.0.0,CUST-007,PRG-001,CFG-CDU-04,SYNTHETIC_INTERNAL,SNP-COOLIT-20260925-BL,SCN-BASELINE,CAREVT-0017-1,SHP-0017,DLV-0017,CAR-01,PICKED_UP,2026-08-22T09:00:00-06:00,ORIGIN_SYN,,
TEN-COOLIT-SYN-001,SITE-COOLIT-SYN-01,ERP,CARRIER_EVENT,CAREVT-0017-2,SHP-0017,RESOLVED,2026-09-25T23:59:59-06:00,2026-09-26T08:00:00-06:00,2026-06-29T00:00:00-06:00,,1,,false,ACTIVE,,,VALID,CURRENT,coolit-synthetic-v2.0.0,CUST-007,PRG-001,CFG-CDU-04,SYNTHETIC_INTERNAL,SNP-COOLIT-20260925-BL,SCN-BASELINE,CAREVT-0017-2,SHP-0017,DLV-0017,CAR-01,DEPARTED_ORIGIN,2026-08-23T10:00:00-06:00,ORIGIN_SYN,,
TEN-COOLIT-SYN-001,SITE-COOLIT-SYN-01,ERP,CARRIER_EVENT,CAREVT-0017-3,SHP-0017,RESOLVED,2026-09-25T23:59:59-06:00,2026-09-26T08:00:00-06:00,2026-06-29T00:00:00-06:00,,1,,false,ACTIVE,,,VALID,CURRENT,coolit-synthetic-v2.0.0,CUST-007,PRG-001,CFG-CDU-04,SYNTHETIC_INTERNAL,SNP-COOLIT-20260925-BL,SCN-BASELINE,CAREVT-0017-3,SHP-0017,DLV-0017,CAR-01,ARRIVED_DESTINATION,2026-08-24T11:00:00-06:00,DESTINATION_SYN,,
TEN-COOLIT-SYN-001,SITE-COOLIT-SYN-01,ERP,CARRIER_EVENT,CAREVT-0017-4,SHP-0017,RESOLVED,2026-09-25T23:59:59-06:00,2026-09-26T08:00:00-06:00,2026-06-29T00:00:00-06:00,,1,,false,ACTIVE,,,VALID,CURRENT,coolit-synthetic-v2.0.0,CUST-007,PRG-001,CFG-CDU-04,SYNTHETIC_INTERNAL,SNP-COOLIT-20260925-BL,SCN-BASELINE,CAREVT-0017-4,SHP-0017,DLV-0017,CAR-01,DELIVERED,2026-08-25T12:00:00-06:00,DESTINATION_SYN,,
TEN-COOLIT-SYN-001,SITE-COOLIT-SYN-01,ERP,CARRIER_EVENT,CAREVT-0017-5,SHP-0017,RESOLVED,2026-09-25T23:59:59-06:00,2026-09-26T08:00:00-06:00,2026-06-29T00:00:00-06:00,,1,,false,ACTIVE,,,VALID,CURRENT,coolit-synthetic-v2.0.0,CUST-007,PRG-001,CFG-CDU-04,SYNTHETIC_INTERNAL,SNP-COOLIT-20260925-BL,SCN-BASELINE,CAREVT-0017-5,SHP-0017,DLV-0017,CAR-01,PROOF_CONFIRMED,2026-08-26T13:00:00-06:00,DESTINATION_SYN,,cfeb8ca7309c97f7c5deb0dd20a545d5c5db92ed1f2f5fd1ab547dcf976f0934
TEN-COOLIT-SYN-001,SITE-COOLIT-SYN-01,ERP,CARRIER_EVENT,CAREVT-0018-1,SHP-0018,RESOLVED,2026-09-25T23:59:59-06:00,2026-09-26T08:00:00-06:00,2026-06-29T00:00:00-06:00,,1,,false,ACTIVE,,,VALID,CURRENT,coolit-synthetic-v2.0.0,CUST-008,PRG-002,CFG-RM-01,SYNTHETIC_INTERNAL,SNP-COOLIT-20260925-BL,SCN-BASELINE,CAREVT-0018-1,SHP-0018,DLV-0018,CAR-02,PICKED_UP,2026-08-26T09:00:00-06:00,ORIGIN_SYN,,
TEN-COOLIT-SYN-001,SITE-COOLIT-SYN-01,ERP,CARRIER_EVENT,CAREVT-0018-2,SHP-0018,RESOLVED,2026-09-25T23:59:59-06:00,2026-09-26T08:00:00-06:00,2026-06-29T00:00:00-06:00,,1,,false,ACTIVE,,,VALID,CURRENT,coolit-synthetic-v2.0.0,CUST-008,PRG-002,CFG-RM-01,SYNTHETIC_INTERNAL,SNP-COOLIT-20260925-BL,SCN-BASELINE,CAREVT-0018-2,SHP-0018,DLV-0018,CAR-02,DEPARTED_ORIGIN,2026-08-27T10:00:00-06:00,ORIGIN_SYN,,
TEN-COOLIT-SYN-001,SITE-COOLIT-SYN-01,ERP,CARRIER_EVENT,CAREVT-0018-3,SHP-0018,RESOLVED,2026-09-25T23:59:59-06:00,2026-09-26T08:00:00-06:00,2026-06-29T00:00:00-06:00,,1,,false,ACTIVE,,,VALID,CURRENT,coolit-synthetic-v2.0.0,CUST-008,PRG-002,CFG-RM-01,SYNTHETIC_INTERNAL,SNP-COOLIT-20260925-BL,SCN-BASELINE,CAREVT-0018-3,SHP-0018,DLV-0018,CAR-02,ARRIVED_DESTINATION,2026-08-28T11:00:00-06:00,DESTINATION_SYN,,
TEN-COOLIT-SYN-001,SITE-COOLIT-SYN-01,ERP,CARRIER_EVENT,CAREVT-0018-4,SHP-0018,RESOLVED,2026-09-25T23:59:59-06:00,2026-09-26T08:00:00-06:00,2026-06-29T00:00:00-06:00,,1,,false,ACTIVE,,,VALID,CURRENT,coolit-synthetic-v2.0.0,CUST-008,PRG-002,CFG-RM-01,SYNTHETIC_INTERNAL,SNP-COOLIT-20260925-BL,SCN-BASELINE,CAREVT-0018-4,SHP-0018,DLV-0018,CAR-02,DELIVERED,2026-08-29T12:00:00-06:00,DESTINATION_SYN,,
TEN-COOLIT-SYN-001,SITE-COOLIT-SYN-01,ERP,CARRIER_EVENT,CAREVT-0018-5,SHP-0018,RESOLVED,2026-09-25T23:59:59-06:00,2026-09-26T08:00:00-06:00,2026-06-29T00:00:00-06:00,,1,,false,ACTIVE,,,VALID,CURRENT,coolit-synthetic-v2.0.0,CUST-008,PRG-002,CFG-RM-01,SYNTHETIC_INTERNAL,SNP-COOLIT-20260925-BL,SCN-BASELINE,CAREVT-0018-5,SHP-0018,DLV-0018,CAR-02,PROOF_CONFIRMED,2026-08-30T13:00:00-06:00,DESTINATION_SYN,,ce401f533f3b8c30311b5cde87669a2b2a81b932d054cb6380a389e7b2875c8a
TEN-COOLIT-SYN-001,SITE-COOLIT-SYN-01,ERP,CARRIER_EVENT,CAREVT-0019-1,SHP-0019,RESOLVED,2026-09-25T23:59:59-06:00,2026-09-26T08:00:00-06:00,2026-06-29T00:00:00-06:00,,1,,false,ACTIVE,,,VALID,CURRENT,coolit-synthetic-v2.0.0,CUST-009,PRG-003,CFG-CDU-02,SYNTHETIC_INTERNAL,SNP-COOLIT-20260925-BL,SCN-BASELINE,CAREVT-0019-1,SHP-0019,DLV-0019,CAR-03,PICKED_UP,2026-08-30T09:00:00-06:00,ORIGIN_SYN,,
TEN-COOLIT-SYN-001,SITE-COOLIT-SYN-01,ERP,CARRIER_EVENT,CAREVT-0019-2,SHP-0019,RESOLVED,2026-09-25T23:59:59-06:00,2026-09-26T08:00:00-06:00,2026-06-29T00:00:00-06:00,,1,,false,ACTIVE,,,VALID,CURRENT,coolit-synthetic-v2.0.0,CUST-009,PRG-003,CFG-CDU-02,SYNTHETIC_INTERNAL,SNP-COOLIT-20260925-BL,SCN-BASELINE,CAREVT-0019-2,SHP-0019,DLV-0019,CAR-03,DEPARTED_ORIGIN,2026-08-31T10:00:00-06:00,ORIGIN_SYN,,
TEN-COOLIT-SYN-001,SITE-COOLIT-SYN-01,ERP,CARRIER_EVENT,CAREVT-0019-3,SHP-0019,RESOLVED,2026-09-25T23:59:59-06:00,2026-09-26T08:00:00-06:00,2026-06-29T00:00:00-06:00,,1,,false,ACTIVE,,,VALID,CURRENT,coolit-synthetic-v2.0.0,CUST-009,PRG-003,CFG-CDU-02,SYNTHETIC_INTERNAL,SNP-COOLIT-20260925-BL,SCN-BASELINE,CAREVT-0019-3,SHP-0019,DLV-0019,CAR-03,ARRIVED_DESTINATION,2026-09-01T11:00:00-06:00,DESTINATION_SYN,,
TEN-COOLIT-SYN-001,SITE-COOLIT-SYN-01,ERP,CARRIER_EVENT,CAREVT-0019-4,SHP-0019,RESOLVED,2026-09-25T23:59:59-06:00,2026-09-26T08:00:00-06:00,2026-06-29T00:00:00-06:00,,1,,false,ACTIVE,,,VALID,CURRENT,coolit-synthetic-v2.0.0,CUST-009,PRG-003,CFG-CDU-02,SYNTHETIC_INTERNAL,SNP-COOLIT-20260925-BL,SCN-BASELINE,CAREVT-0019-4,SHP-0019,DLV-0019,CAR-03,DELIVERED,2026-09-02T12:00:00-06:00,DESTINATION_SYN,,
TEN-COOLIT-SYN-001,SITE-COOLIT-SYN-01,ERP,CARRIER_EVENT,CAREVT-0019-5,SHP-0019,RESOLVED,2026-09-25T23:59:59-06:00,2026-09-26T08:00:00-06:00,2026-06-29T00:00:00-06:00,,1,,false,ACTIVE,,,VALID,CURRENT,coolit-synthetic-v2.0.0,CUST-009,PRG-003,CFG-CDU-02,SYNTHETIC_INTERNAL,SNP-COOLIT-20260925-BL,SCN-BASELINE,CAREVT-0019-5,SHP-0019,DLV-0019,CAR-03,PROOF_CONFIRMED,2026-09-03T13:00:00-06:00,DESTINATION_SYN,,66fa0ee31668f4e3628c6d5c005c69db8e4dafc15cdfedc90cb944422a8e4548
TEN-COOLIT-SYN-001,SITE-COOLIT-SYN-01,ERP,CARRIER_EVENT,CAREVT-0020-1,SHP-0020,RESOLVED,2026-09-25T23:59:59-06:00,2026-09-26T08:00:00-06:00,2026-06-29T00:00:00-06:00,,1,,false,ACTIVE,,,VALID,CURRENT,coolit-synthetic-v2.0.0,CUST-010,PRG-004,CFG-CPL-03,SYNTHETIC_INTERNAL,SNP-COOLIT-20260925-BL,SCN-BASELINE,CAREVT-0020-1,SHP-0020,DLV-0020,CAR-04,PICKED_UP,2026-09-03T09:00:00-06:00,ORIGIN_SYN,,
TEN-COOLIT-SYN-001,SITE-COOLIT-SYN-01,ERP,CARRIER_EVENT,CAREVT-0020-2,SHP-0020,RESOLVED,2026-09-25T23:59:59-06:00,2026-09-26T08:00:00-06:00,2026-06-29T00:00:00-06:00,,1,,false,ACTIVE,,,VALID,CURRENT,coolit-synthetic-v2.0.0,CUST-010,PRG-004,CFG-CPL-03,SYNTHETIC_INTERNAL,SNP-COOLIT-20260925-BL,SCN-BASELINE,CAREVT-0020-2,SHP-0020,DLV-0020,CAR-04,DEPARTED_ORIGIN,2026-09-04T10:00:00-06:00,ORIGIN_SYN,,
TEN-COOLIT-SYN-001,SITE-COOLIT-SYN-01,ERP,CARRIER_EVENT,CAREVT-0020-3,SHP-0020,RESOLVED,2026-09-25T23:59:59-06:00,2026-09-26T08:00:00-06:00,2026-06-29T00:00:00-06:00,,1,,false,ACTIVE,,,VALID,CURRENT,coolit-synthetic-v2.0.0,CUST-010,PRG-004,CFG-CPL-03,SYNTHETIC_INTERNAL,SNP-COOLIT-20260925-BL,SCN-BASELINE,CAREVT-0020-3,SHP-0020,DLV-0020,CAR-04,ARRIVED_DESTINATION,2026-09-05T11:00:00-06:00,DESTINATION_SYN,,
TEN-COOLIT-SYN-001,SITE-COOLIT-SYN-01,ERP,CARRIER_EVENT,CAREVT-0020-4,SHP-0020,RESOLVED,2026-09-25T23:59:59-06:00,2026-09-26T08:00:00-06:00,2026-06-29T00:00:00-06:00,,1,,false,ACTIVE,,,VALID,CURRENT,coolit-synthetic-v2.0.0,CUST-010,PRG-004,CFG-CPL-03,SYNTHETIC_INTERNAL,SNP-COOLIT-20260925-BL,SCN-BASELINE,CAREVT-0020-4,SHP-0020,DLV-0020,CAR-04,DELIVERED,2026-09-06T12:00:00-06:00,DESTINATION_SYN,,
TEN-COOLIT-SYN-001,SITE-COOLIT-SYN-01,ERP,CARRIER_EVENT,CAREVT-0020-5,SHP-0020,RESOLVED,2026-09-25T23:59:59-06:00,2026-09-26T08:00:00-06:00,2026-06-29T00:00:00-06:00,,1,,false,ACTIVE,,,VALID,CURRENT,coolit-synthetic-v2.0.0,CUST-010,PRG-004,CFG-CPL-03,SYNTHETIC_INTERNAL,SNP-COOLIT-20260925-BL,SCN-BASELINE,CAREVT-0020-5,SHP-0020,DLV-0020,CAR-04,PROOF_CONFIRMED,2026-09-07T13:00:00-06:00,DESTINATION_SYN,,b49874fe0e6cb089facecf1e3799b197b0830ca48af7895f4dd7311190cecd3f
TEN-COOLIT-SYN-001,SITE-COOLIT-SYN-01,ERP,CARRIER_EVENT,CAREVT-0021-1,SHP-0021,RESOLVED,2026-09-25T23:59:59-06:00,2026-09-26T08:00:00-06:00,2026-06-29T00:00:00-06:00,,1,,false,ACTIVE,,,VALID,CURRENT,coolit-synthetic-v2.0.0,CUST-001,PRG-005,CFG-RM-04,SYNTHETIC_INTERNAL,SNP-COOLIT-20260925-BL,SCN-BASELINE,CAREVT-0021-1,SHP-0021,DLV-0021,CAR-01,PICKED_UP,2026-09-05T09:00:00-06:00,ORIGIN_SYN,,
TEN-COOLIT-SYN-001,SITE-COOLIT-SYN-01,ERP,CARRIER_EVENT,CAREVT-0021-2,SHP-0021,RESOLVED,2026-09-25T23:59:59-06:00,2026-09-26T08:00:00-06:00,2026-06-29T00:00:00-06:00,,1,,false,ACTIVE,,,VALID,CURRENT,coolit-synthetic-v2.0.0,CUST-001,PRG-005,CFG-RM-04,SYNTHETIC_INTERNAL,SNP-COOLIT-20260925-BL,SCN-BASELINE,CAREVT-0021-2,SHP-0021,DLV-0021,CAR-01,DEPARTED_ORIGIN,2026-09-06T10:00:00-06:00,ORIGIN_SYN,,
TEN-COOLIT-SYN-001,SITE-COOLIT-SYN-01,ERP,CARRIER_EVENT,CAREVT-0021-3,SHP-0021,RESOLVED,2026-09-25T23:59:59-06:00,2026-09-26T08:00:00-06:00,2026-06-29T00:00:00-06:00,,1,,false,ACTIVE,,,VALID,CURRENT,coolit-synthetic-v2.0.0,CUST-001,PRG-005,CFG-RM-04,SYNTHETIC_INTERNAL,SNP-COOLIT-20260925-BL,SCN-BASELINE,CAREVT-0021-3,SHP-0021,DLV-0021,CAR-01,ARRIVED_DESTINATION,2026-09-07T11:00:00-06:00,DESTINATION_SYN,,
TEN-COOLIT-SYN-001,SITE-COOLIT-SYN-01,ERP,CARRIER_EVENT,CAREVT-0021-4,SHP-0021,RESOLVED,2026-09-25T23:59:59-06:00,2026-09-26T08:00:00-06:00,2026-06-29T00:00:00-06:00,,1,,false,ACTIVE,,,VALID,CURRENT,coolit-synthetic-v2.0.0,CUST-001,PRG-005,CFG-RM-04,SYNTHETIC_INTERNAL,SNP-COOLIT-20260925-BL,SCN-BASELINE,CAREVT-0021-4,SHP-0021,DLV-0021,CAR-01,DELIVERED,2026-09-08T12:00:00-06:00,DESTINATION_SYN,,
TEN-COOLIT-SYN-001,SITE-COOLIT-SYN-01,ERP,CARRIER_EVENT,CAREVT-0021-5,SHP-0021,RESOLVED,2026-09-25T23:59:59-06:00,2026-09-26T08:00:00-06:00,2026-06-29T00:00:00-06:00,,1,,false,ACTIVE,,,VALID,CURRENT,coolit-synthetic-v2.0.0,CUST-001,PRG-005,CFG-RM-04,SYNTHETIC_INTERNAL,SNP-COOLIT-20260925-BL,SCN-BASELINE,CAREVT-0021-5,SHP-0021,DLV-0021,CAR-01,PROOF_CONFIRMED,2026-09-09T13:00:00-06:00,DESTINATION_SYN,,d82188201959ab9f6467f7beec0a19df6f48eda238ac0618d1ee43eefc57dc4e
TEN-COOLIT-SYN-001,SITE-COOLIT-SYN-01,ERP,CARRIER_EVENT,CAREVT-0022-1,SHP-0022,RESOLVED,2026-09-25T23:59:59-06:00,2026-09-26T08:00:00-06:00,2026-06-29T00:00:00-06:00,,1,,false,ACTIVE,,,VALID,CURRENT,coolit-synthetic-v2.0.0,CUST-002,PRG-006,CFG-CPL-01,SYNTHETIC_INTERNAL,SNP-COOLIT-20260925-BL,SCN-BASELINE,CAREVT-0022-1,SHP-0022,DLV-0022,CAR-02,PICKED_UP,2026-09-07T09:00:00-06:00,ORIGIN_SYN,,
TEN-COOLIT-SYN-001,SITE-COOLIT-SYN-01,ERP,CARRIER_EVENT,CAREVT-0022-2,SHP-0022,RESOLVED,2026-09-25T23:59:59-06:00,2026-09-26T08:00:00-06:00,2026-06-29T00:00:00-06:00,,1,,false,ACTIVE,,,VALID,CURRENT,coolit-synthetic-v2.0.0,CUST-002,PRG-006,CFG-CPL-01,SYNTHETIC_INTERNAL,SNP-COOLIT-20260925-BL,SCN-BASELINE,CAREVT-0022-2,SHP-0022,DLV-0022,CAR-02,DEPARTED_ORIGIN,2026-09-08T10:00:00-06:00,ORIGIN_SYN,,
TEN-COOLIT-SYN-001,SITE-COOLIT-SYN-01,ERP,CARRIER_EVENT,CAREVT-0022-3,SHP-0022,RESOLVED,2026-09-25T23:59:59-06:00,2026-09-26T08:00:00-06:00,2026-06-29T00:00:00-06:00,,1,,false,ACTIVE,,,VALID,CURRENT,coolit-synthetic-v2.0.0,CUST-002,PRG-006,CFG-CPL-01,SYNTHETIC_INTERNAL,SNP-COOLIT-20260925-BL,SCN-BASELINE,CAREVT-0022-3,SHP-0022,DLV-0022,CAR-02,ARRIVED_DESTINATION,2026-09-09T11:00:00-06:00,DESTINATION_SYN,,
TEN-COOLIT-SYN-001,SITE-COOLIT-SYN-01,ERP,CARRIER_EVENT,CAREVT-0022-4,SHP-0022,RESOLVED,2026-09-25T23:59:59-06:00,2026-09-26T08:00:00-06:00,2026-06-29T00:00:00-06:00,,1,,false,ACTIVE,,,VALID,CURRENT,coolit-synthetic-v2.0.0,CUST-002,PRG-006,CFG-CPL-01,SYNTHETIC_INTERNAL,SNP-COOLIT-20260925-BL,SCN-BASELINE,CAREVT-0022-4,SHP-0022,DLV-0022,CAR-02,DELIVERED,2026-09-10T12:00:00-06:00,DESTINATION_SYN,,
TEN-COOLIT-SYN-001,SITE-COOLIT-SYN-01,ERP,CARRIER_EVENT,CAREVT-0022-5,SHP-0022,RESOLVED,2026-09-25T23:59:59-06:00,2026-09-26T08:00:00-06:00,2026-06-29T00:00:00-06:00,,1,,false,ACTIVE,,,VALID,CURRENT,coolit-synthetic-v2.0.0,CUST-002,PRG-006,CFG-CPL-01,SYNTHETIC_INTERNAL,SNP-COOLIT-20260925-BL,SCN-BASELINE,CAREVT-0022-5,SHP-0022,DLV-0022,CAR-02,PROOF_CONFIRMED,2026-09-11T13:00:00-06:00,DESTINATION_SYN,,d1aa890c2222b5d26862311a19a1acf256453af019579cf753bbf6e0ab0638fa
TEN-COOLIT-SYN-001,SITE-COOLIT-SYN-01,ERP,CARRIER_EVENT,CAREVT-0023-1,SHP-0023,RESOLVED,2026-09-25T23:59:59-06:00,2026-09-26T08:00:00-06:00,2026-06-29T00:00:00-06:00,,1,,false,ACTIVE,,,VALID,CURRENT,coolit-synthetic-v2.0.0,CUST-003,PRG-007,CFG-RM-02,SYNTHETIC_INTERNAL,SNP-COOLIT-20260925-BL,SCN-BASELINE,CAREVT-0023-1,SHP-0023,DLV-0023,CAR-03,PICKED_UP,2026-09-11T09:00:00-06:00,ORIGIN_SYN,,
TEN-COOLIT-SYN-001,SITE-COOLIT-SYN-01,ERP,CARRIER_EVENT,CAREVT-0023-2,SHP-0023,RESOLVED,2026-09-25T23:59:59-06:00,2026-09-26T08:00:00-06:00,2026-06-29T00:00:00-06:00,,1,,false,ACTIVE,,,VALID,CURRENT,coolit-synthetic-v2.0.0,CUST-003,PRG-007,CFG-RM-02,SYNTHETIC_INTERNAL,SNP-COOLIT-20260925-BL,SCN-BASELINE,CAREVT-0023-2,SHP-0023,DLV-0023,CAR-03,DEPARTED_ORIGIN,2026-09-12T10:00:00-06:00,ORIGIN_SYN,,
TEN-COOLIT-SYN-001,SITE-COOLIT-SYN-01,ERP,CARRIER_EVENT,CAREVT-0023-3,SHP-0023,RESOLVED,2026-09-25T23:59:59-06:00,2026-09-26T08:00:00-06:00,2026-06-29T00:00:00-06:00,,1,,false,ACTIVE,,,VALID,CURRENT,coolit-synthetic-v2.0.0,CUST-003,PRG-007,CFG-RM-02,SYNTHETIC_INTERNAL,SNP-COOLIT-20260925-BL,SCN-BASELINE,CAREVT-0023-3,SHP-0023,DLV-0023,CAR-03,ARRIVED_DESTINATION,2026-09-13T11:00:00-06:00,DESTINATION_SYN,,
TEN-COOLIT-SYN-001,SITE-COOLIT-SYN-01,ERP,CARRIER_EVENT,CAREVT-0023-4,SHP-0023,RESOLVED,2026-09-25T23:59:59-06:00,2026-09-26T08:00:00-06:00,2026-06-29T00:00:00-06:00,,1,,false,ACTIVE,,,VALID,CURRENT,coolit-synthetic-v2.0.0,CUST-003,PRG-007,CFG-RM-02,SYNTHETIC_INTERNAL,SNP-COOLIT-20260925-BL,SCN-BASELINE,CAREVT-0023-4,SHP-0023,DLV-0023,CAR-03,DELIVERED,2026-09-14T12:00:00-06:00,DESTINATION_SYN,,
TEN-COOLIT-SYN-001,SITE-COOLIT-SYN-01,ERP,CARRIER_EVENT,CAREVT-0023-5,SHP-0023,RESOLVED,2026-09-25T23:59:59-06:00,2026-09-26T08:00:00-06:00,2026-06-29T00:00:00-06:00,,1,,false,ACTIVE,,,VALID,CURRENT,coolit-synthetic-v2.0.0,CUST-003,PRG-007,CFG-RM-02,SYNTHETIC_INTERNAL,SNP-COOLIT-20260925-BL,SCN-BASELINE,CAREVT-0023-5,SHP-0023,DLV-0023,CAR-03,PROOF_CONFIRMED,2026-09-15T13:00:00-06:00,DESTINATION_SYN,,b735f1bcf712e141cb6111e89ffe684b17565e2fc05809ebd90f587cf545c88d
TEN-COOLIT-SYN-001,SITE-COOLIT-SYN-01,ERP,CARRIER_EVENT,CAREVT-0024-1,SHP-0024,RESOLVED,2026-09-25T23:59:59-06:00,2026-09-26T08:00:00-06:00,2026-06-29T00:00:00-06:00,,1,,false,ACTIVE,,,VALID,CURRENT,coolit-synthetic-v2.0.0,CUST-004,PRG-008,CFG-CDU-03,SYNTHETIC_INTERNAL,SNP-COOLIT-20260925-BL,SCN-BASELINE,CAREVT-0024-1,SHP-0024,DLV-0024,CAR-04,PICKED_UP,2026-09-15T09:00:00-06:00,ORIGIN_SYN,,
TEN-COOLIT-SYN-001,SITE-COOLIT-SYN-01,ERP,CARRIER_EVENT,CAREVT-0024-2,SHP-0024,RESOLVED,2026-09-25T23:59:59-06:00,2026-09-26T08:00:00-06:00,2026-06-29T00:00:00-06:00,,1,,false,ACTIVE,,,VALID,CURRENT,coolit-synthetic-v2.0.0,CUST-004,PRG-008,CFG-CDU-03,SYNTHETIC_INTERNAL,SNP-COOLIT-20260925-BL,SCN-BASELINE,CAREVT-0024-2,SHP-0024,DLV-0024,CAR-04,DEPARTED_ORIGIN,2026-09-16T10:00:00-06:00,ORIGIN_SYN,,
TEN-COOLIT-SYN-001,SITE-COOLIT-SYN-01,ERP,CARRIER_EVENT,CAREVT-0024-3,SHP-0024,RESOLVED,2026-09-25T23:59:59-06:00,2026-09-26T08:00:00-06:00,2026-06-29T00:00:00-06:00,,1,,false,ACTIVE,,,VALID,CURRENT,coolit-synthetic-v2.0.0,CUST-004,PRG-008,CFG-CDU-03,SYNTHETIC_INTERNAL,SNP-COOLIT-20260925-BL,SCN-BASELINE,CAREVT-0024-3,SHP-0024,DLV-0024,CAR-04,ARRIVED_DESTINATION,2026-09-17T11:00:00-06:00,DESTINATION_SYN,,
TEN-COOLIT-SYN-001,SITE-COOLIT-SYN-01,ERP,CARRIER_EVENT,CAREVT-0024-4,SHP-0024,RESOLVED,2026-09-25T23:59:59-06:00,2026-09-26T08:00:00-06:00,2026-06-29T00:00:00-06:00,,1,,false,ACTIVE,,,VALID,CURRENT,coolit-synthetic-v2.0.0,CUST-004,PRG-008,CFG-CDU-03,SYNTHETIC_INTERNAL,SNP-COOLIT-20260925-BL,SCN-BASELINE,CAREVT-0024-4,SHP-0024,DLV-0024,CAR-04,DELIVERED,2026-09-18T12:00:00-06:00,DESTINATION_SYN,,
TEN-COOLIT-SYN-001,SITE-COOLIT-SYN-01,ERP,CARRIER_EVENT,CAREVT-0024-5,SHP-0024,RESOLVED,2026-09-25T23:59:59-06:00,2026-09-26T08:00:00-06:00,2026-06-29T00:00:00-06:00,,1,,false,ACTIVE,,,VALID,CURRENT,coolit-synthetic-v2.0.0,CUST-004,PRG-008,CFG-CDU-03,SYNTHETIC_INTERNAL,SNP-COOLIT-20260925-BL,SCN-BASELINE,CAREVT-0024-5,SHP-0024,DLV-0024,CAR-04,PROOF_CONFIRMED,2026-09-19T13:00:00-06:00,DESTINATION_SYN,,876ec83621567ba0150a0b8970a0e93814a56277eff484ece7b42a2109525057
