tenant_id,site_id,source_system,source_object,source_record_id,canonical_id,crosswalk_status,source_event_at,ingested_at,effective_from,effective_to,record_version,supersedes_source_record_id,is_deleted,semantic_status,uom,currency,data_quality_state,freshness_state,transformation_version,customer_scope,program_scope,product_scope,sensitivity_class,snapshot_id,scenario_id,customer_invoice_line_id,commitment_id,delivery_line_id,invoice_reference,invoiced_qty,unit_price_usd,merchandise_amount_usd,freight_amount_usd,tax_amount_usd,credit_amount_usd,invoice_date,posting_state,collection_state
TEN-COOLIT-SYN-001,SITE-COOLIT-SYN-01,ERP,CUSTOMER_INVOICE,CINV-0001,COM-0001,RESOLVED,2026-09-25T23:59:59-06:00,2026-09-26T08:00:00-06:00,2026-06-29T00:00:00-06:00,,1,,false,ACTIVE,,USD,VALID,CURRENT,coolit-synthetic-v2.0.0,CUST-001,PRG-001,CFG-CPL-04,SYNTHETIC_INTERNAL,SNP-COOLIT-20260925-BL,SCN-BASELINE,CINV-0001,COM-0001,DLV-0001,INV-SYN-00001,8,6500,52000,780,0,0,2026-07-08,POSTED_SYNTHETIC,PAID_SYNTHETIC
TEN-COOLIT-SYN-001,SITE-COOLIT-SYN-01,ERP,CUSTOMER_INVOICE,CINV-0002,COM-0002,RESOLVED,2026-09-25T23:59:59-06:00,2026-09-26T08:00:00-06:00,2026-06-29T00:00:00-06:00,,1,,false,ACTIVE,,USD,VALID,CURRENT,coolit-synthetic-v2.0.0,CUST-002,PRG-002,CFG-CDU-01,SYNTHETIC_INTERNAL,SNP-COOLIT-20260925-BL,SCN-BASELINE,CINV-0002,COM-0002,DLV-0002,INV-SYN-00002,12,85000,1020000,15300,0,0,2026-07-10,POSTED_SYNTHETIC,PAID_SYNTHETIC
TEN-COOLIT-SYN-001,SITE-COOLIT-SYN-01,ERP,CUSTOMER_INVOICE,CINV-0003,COM-0003,RESOLVED,2026-09-25T23:59:59-06:00,2026-09-26T08:00:00-06:00,2026-06-29T00:00:00-06:00,,1,,false,ACTIVE,,USD,VALID,CURRENT,coolit-synthetic-v2.0.0,CUST-003,PRG-003,CFG-CPL-02,SYNTHETIC_INTERNAL,SNP-COOLIT-20260925-BL,SCN-BASELINE,CINV-0003,COM-0003,DLV-0003,INV-SYN-00003,16,6500,104000,1560,0,0,2026-07-14,POSTED_SYNTHETIC,PAID_SYNTHETIC
TEN-COOLIT-SYN-001,SITE-COOLIT-SYN-01,ERP,CUSTOMER_INVOICE,CINV-0004,COM-0004,RESOLVED,2026-09-25T23:59:59-06:00,2026-09-26T08:00:00-06:00,2026-06-29T00:00:00-06:00,,1,,false,ACTIVE,,USD,VALID,CURRENT,coolit-synthetic-v2.0.0,CUST-004,PRG-004,CFG-RM-03,SYNTHETIC_INTERNAL,SNP-COOLIT-20260925-BL,SCN-BASELINE,CINV-0004,COM-0004,DLV-0004,INV-SYN-00004,20,6500,130000,1950,0,0,2026-07-18,POSTED_SYNTHETIC,PAID_SYNTHETIC
TEN-COOLIT-SYN-001,SITE-COOLIT-SYN-01,ERP,CUSTOMER_INVOICE,CINV-0005,COM-0005,RESOLVED,2026-09-25T23:59:59-06:00,2026-09-26T08:00:00-06:00,2026-06-29T00:00:00-06:00,,1,,false,ACTIVE,,USD,VALID,CURRENT,coolit-synthetic-v2.0.0,CUST-005,PRG-005,CFG-CDU-04,SYNTHETIC_INTERNAL,SNP-COOLIT-20260925-BL,SCN-BASELINE,CINV-0005,COM-0005,DLV-0005,INV-SYN-00005,24,85000,2040000,30600,0,0,2026-07-18,POSTED_SYNTHETIC,PAID_SYNTHETIC
TEN-COOLIT-SYN-001,SITE-COOLIT-SYN-01,ERP,CUSTOMER_INVOICE,CINV-0006,COM-0006,RESOLVED,2026-09-25T23:59:59-06:00,2026-09-26T08:00:00-06:00,2026-06-29T00:00:00-06:00,,1,,false,ACTIVE,,USD,VALID,CURRENT,coolit-synthetic-v2.0.0,CUST-006,PRG-006,CFG-RM-01,SYNTHETIC_INTERNAL,SNP-COOLIT-20260925-BL,SCN-BASELINE,CINV-0006,COM-0006,DLV-0006,INV-SYN-00006,28,6500,182000,2730,0,0,2026-07-24,POSTED_SYNTHETIC,PAID_SYNTHETIC
TEN-COOLIT-SYN-001,SITE-COOLIT-SYN-01,ERP,CUSTOMER_INVOICE,CINV-0007,COM-0007,RESOLVED,2026-09-25T23:59:59-06:00,2026-09-26T08:00:00-06:00,2026-06-29T00:00:00-06:00,,1,,false,ACTIVE,,USD,VALID,CURRENT,coolit-synthetic-v2.0.0,CUST-007,PRG-007,CFG-CDU-02,SYNTHETIC_INTERNAL,SNP-COOLIT-20260925-BL,SCN-BASELINE,CINV-0007,COM-0007,DLV-0007,INV-SYN-00007,32,85000,2720000,40800,0,0,2026-07-26,POSTED_SYNTHETIC,PAID_SYNTHETIC
TEN-COOLIT-SYN-001,SITE-COOLIT-SYN-01,ERP,CUSTOMER_INVOICE,CINV-0008,COM-0008,RESOLVED,2026-09-25T23:59:59-06:00,2026-09-26T08:00:00-06:00,2026-06-29T00:00:00-06:00,,1,,false,ACTIVE,,USD,VALID,CURRENT,coolit-synthetic-v2.0.0,CUST-008,PRG-008,CFG-CPL-03,SYNTHETIC_INTERNAL,SNP-COOLIT-20260925-BL,SCN-BASELINE,CINV-0008,COM-0008,DLV-0008,INV-SYN-00008,36,6500,234000,3510,0,0,2026-07-30,POSTED_SYNTHETIC,PAID_SYNTHETIC
TEN-COOLIT-SYN-001,SITE-COOLIT-SYN-01,ERP,CUSTOMER_INVOICE,CINV-0009,COM-0009,RESOLVED,2026-09-25T23:59:59-06:00,2026-09-26T08:00:00-06:00,2026-06-29T00:00:00-06:00,,1,,false,ACTIVE,,USD,VALID,CURRENT,coolit-synthetic-v2.0.0,CUST-009,PRG-001,CFG-RM-04,SYNTHETIC_INTERNAL,SNP-COOLIT-20260925-BL,SCN-BASELINE,CINV-0009,COM-0009,DLV-0009,INV-SYN-00009,40,6500,260000,3900,0,0,2026-07-30,POSTED_SYNTHETIC,PAID_SYNTHETIC
TEN-COOLIT-SYN-001,SITE-COOLIT-SYN-01,ERP,CUSTOMER_INVOICE,CINV-0010,COM-0010,RESOLVED,2026-09-25T23:59:59-06:00,2026-09-26T08:00:00-06:00,2026-06-29T00:00:00-06:00,,1,,false,ACTIVE,,USD,VALID,CURRENT,coolit-synthetic-v2.0.0,CUST-010,PRG-002,CFG-CPL-01,SYNTHETIC_INTERNAL,SNP-COOLIT-20260925-BL,SCN-BASELINE,CINV-0010,COM-0010,DLV-0010,INV-SYN-00010,44,6500,286000,4290,0,0,2026-08-03,POSTED_SYNTHETIC,PAID_SYNTHETIC
TEN-COOLIT-SYN-001,SITE-COOLIT-SYN-01,ERP,CUSTOMER_INVOICE,CINV-0011,COM-0011,RESOLVED,2026-09-25T23:59:59-06:00,2026-09-26T08:00:00-06:00,2026-06-29T00:00:00-06:00,,1,,false,ACTIVE,,USD,VALID,CURRENT,coolit-synthetic-v2.0.0,CUST-001,PRG-003,CFG-RM-02,SYNTHETIC_INTERNAL,SNP-COOLIT-20260925-BL,SCN-BASELINE,CINV-0011,COM-0011,DLV-0011,INV-SYN-00011,8,6500,52000,780,0,0,2026-08-09,POSTED_SYNTHETIC,PAID_SYNTHETIC
TEN-COOLIT-SYN-001,SITE-COOLIT-SYN-01,ERP,CUSTOMER_INVOICE,CINV-0012,COM-0012,RESOLVED,2026-09-25T23:59:59-06:00,2026-09-26T08:00:00-06:00,2026-06-29T00:00:00-06:00,,1,,false,ACTIVE,,USD,VALID,CURRENT,coolit-synthetic-v2.0.0,CUST-002,PRG-004,CFG-CDU-03,SYNTHETIC_INTERNAL,SNP-COOLIT-20260925-BL,SCN-BASELINE,CINV-0012,COM-0012,DLV-0012,INV-SYN-00012,12,85000,1020000,15300,0,0,2026-08-11,POSTED_SYNTHETIC,PAID_SYNTHETIC
TEN-COOLIT-SYN-001,SITE-COOLIT-SYN-01,ERP,CUSTOMER_INVOICE,CINV-0013,COM-0013,RESOLVED,2026-09-25T23:59:59-06:00,2026-09-26T08:00:00-06:00,2026-06-29T00:00:00-06:00,,1,,false,ACTIVE,,USD,VALID,CURRENT,coolit-synthetic-v2.0.0,CUST-003,PRG-005,CFG-CPL-04,SYNTHETIC_INTERNAL,SNP-COOLIT-20260925-BL,SCN-BASELINE,CINV-0013,COM-0013,DLV-0013,INV-SYN-00013,16,6500,104000,1560,0,0,2026-08-11,POSTED_SYNTHETIC,PAID_SYNTHETIC
TEN-COOLIT-SYN-001,SITE-COOLIT-SYN-01,ERP,CUSTOMER_INVOICE,CINV-0014,COM-0014,RESOLVED,2026-09-25T23:59:59-06:00,2026-09-26T08:00:00-06:00,2026-06-29T00:00:00-06:00,,1,,false,ACTIVE,,USD,VALID,CURRENT,coolit-synthetic-v2.0.0,CUST-004,PRG-006,CFG-CDU-01,SYNTHETIC_INTERNAL,SNP-COOLIT-20260925-BL,SCN-BASELINE,CINV-0014,COM-0014,DLV-0014,INV-SYN-00014,20,85000,1700000,25500,0,0,2026-08-15,POSTED_SYNTHETIC,PAID_SYNTHETIC
TEN-COOLIT-SYN-001,SITE-COOLIT-SYN-01,ERP,CUSTOMER_INVOICE,CINV-0015,COM-0015,RESOLVED,2026-09-25T23:59:59-06:00,2026-09-26T08:00:00-06:00,2026-06-29T00:00:00-06:00,,1,,false,ACTIVE,,USD,VALID,CURRENT,coolit-synthetic-v2.0.0,CUST-005,PRG-007,CFG-CPL-02,SYNTHETIC_INTERNAL,SNP-COOLIT-20260925-BL,SCN-BASELINE,CINV-0015,COM-0015,DLV-0015,INV-SYN-00015,24,6500,156000,2340,0,0,2026-08-19,POSTED_SYNTHETIC,PAID_SYNTHETIC
TEN-COOLIT-SYN-001,SITE-COOLIT-SYN-01,ERP,CUSTOMER_INVOICE,CINV-0016,COM-0016,RESOLVED,2026-09-25T23:59:59-06:00,2026-09-26T08:00:00-06:00,2026-06-29T00:00:00-06:00,,1,,false,ACTIVE,,USD,VALID,CURRENT,coolit-synthetic-v2.0.0,CUST-006,PRG-008,CFG-RM-03,SYNTHETIC_INTERNAL,SNP-COOLIT-20260925-BL,SCN-BASELINE,CINV-0016,COM-0016,DLV-0016,INV-SYN-00016,28,6500,182000,2730,0,0,2026-08-25,POSTED_SYNTHETIC,PAID_SYNTHETIC
TEN-COOLIT-SYN-001,SITE-COOLIT-SYN-01,ERP,CUSTOMER_INVOICE,CINV-0017,COM-0017,RESOLVED,2026-09-25T23:59:59-06:00,2026-09-26T08:00:00-06:00,2026-06-29T00:00:00-06:00,,1,,false,ACTIVE,,USD,VALID,CURRENT,coolit-synthetic-v2.0.0,CUST-007,PRG-001,CFG-CDU-04,SYNTHETIC_INTERNAL,SNP-COOLIT-20260925-BL,SCN-BASELINE,CINV-0017,COM-0017,DLV-0017,INV-SYN-00017,32,85000,2720000,40800,0,0,2026-08-23,POSTED_SYNTHETIC,PAID_SYNTHETIC
TEN-COOLIT-SYN-001,SITE-COOLIT-SYN-01,ERP,CUSTOMER_INVOICE,CINV-0018,COM-0018,RESOLVED,2026-09-25T23:59:59-06:00,2026-09-26T08:00:00-06:00,2026-06-29T00:00:00-06:00,,1,,false,ACTIVE,,USD,VALID,CURRENT,coolit-synthetic-v2.0.0,CUST-008,PRG-002,CFG-RM-01,SYNTHETIC_INTERNAL,SNP-COOLIT-20260925-BL,SCN-BASELINE,CINV-0018,COM-0018,DLV-0018,INV-SYN-00018,36,6500,234000,3510,0,0,2026-08-27,POSTED_SYNTHETIC,PAID_SYNTHETIC
TEN-COOLIT-SYN-001,SITE-COOLIT-SYN-01,ERP,CUSTOMER_INVOICE,CINV-0019,COM-0019,RESOLVED,2026-09-25T23:59:59-06:00,2026-09-26T08:00:00-06:00,2026-06-29T00:00:00-06:00,,1,,false,ACTIVE,,USD,VALID,CURRENT,coolit-synthetic-v2.0.0,CUST-009,PRG-003,CFG-CDU-02,SYNTHETIC_INTERNAL,SNP-COOLIT-20260925-BL,SCN-BASELINE,CINV-0019,COM-0019,DLV-0019,INV-SYN-00019,40,85000,3400000,51000,0,0,2026-08-31,POSTED_SYNTHETIC,OPEN_SYNTHETIC
TEN-COOLIT-SYN-001,SITE-COOLIT-SYN-01,ERP,CUSTOMER_INVOICE,CINV-0020,COM-0020,RESOLVED,2026-09-25T23:59:59-06:00,2026-09-26T08:00:00-06:00,2026-06-29T00:00:00-06:00,,1,,false,ACTIVE,,USD,VALID,CURRENT,coolit-synthetic-v2.0.0,CUST-010,PRG-004,CFG-CPL-03,SYNTHETIC_INTERNAL,SNP-COOLIT-20260925-BL,SCN-BASELINE,CINV-0020,COM-0020,DLV-0020,INV-SYN-00020,44,6500,286000,4290,0,0,2026-09-04,POSTED_SYNTHETIC,OPEN_SYNTHETIC
TEN-COOLIT-SYN-001,SITE-COOLIT-SYN-01,ERP,CUSTOMER_INVOICE,CINV-0021,COM-0021,RESOLVED,2026-09-25T23:59:59-06:00,2026-09-26T08:00:00-06:00,2026-06-29T00:00:00-06:00,,1,,false,ACTIVE,,USD,VALID,CURRENT,coolit-synthetic-v2.0.0,CUST-001,PRG-005,CFG-RM-04,SYNTHETIC_INTERNAL,SNP-COOLIT-20260925-BL,SCN-BASELINE,CINV-0021,COM-0021,DLV-0021,INV-SYN-00021,8,6500,52000,780,0,0,2026-09-06,POSTED_SYNTHETIC,OPEN_SYNTHETIC
TEN-COOLIT-SYN-001,SITE-COOLIT-SYN-01,ERP,CUSTOMER_INVOICE,CINV-0022,COM-0022,RESOLVED,2026-09-25T23:59:59-06:00,2026-09-26T08:00:00-06:00,2026-06-29T00:00:00-06:00,,1,,false,ACTIVE,,USD,VALID,CURRENT,coolit-synthetic-v2.0.0,CUST-002,PRG-006,CFG-CPL-01,SYNTHETIC_INTERNAL,SNP-COOLIT-20260925-BL,SCN-BASELINE,CINV-0022,COM-0022,DLV-0022,INV-SYN-00022,12,6500,78000,1170,0,0,2026-09-08,POSTED_SYNTHETIC,OPEN_SYNTHETIC
TEN-COOLIT-SYN-001,SITE-COOLIT-SYN-01,ERP,CUSTOMER_INVOICE,CINV-0023,COM-0023,RESOLVED,2026-09-25T23:59:59-06:00,2026-09-26T08:00:00-06:00,2026-06-29T00:00:00-06:00,,1,,false,ACTIVE,,USD,VALID,CURRENT,coolit-synthetic-v2.0.0,CUST-003,PRG-007,CFG-RM-02,SYNTHETIC_INTERNAL,SNP-COOLIT-20260925-BL,SCN-BASELINE,CINV-0023,COM-0023,DLV-0023,INV-SYN-00023,16,6500,104000,1560,0,0,2026-09-12,POSTED_SYNTHETIC,OPEN_SYNTHETIC
TEN-COOLIT-SYN-001,SITE-COOLIT-SYN-01,ERP,CUSTOMER_INVOICE,CINV-0024,COM-0024,RESOLVED,2026-09-25T23:59:59-06:00,2026-09-26T08:00:00-06:00,2026-06-29T00:00:00-06:00,,1,,false,ACTIVE,,USD,VALID,CURRENT,coolit-synthetic-v2.0.0,CUST-004,PRG-008,CFG-CDU-03,SYNTHETIC_INTERNAL,SNP-COOLIT-20260925-BL,SCN-BASELINE,CINV-0024,COM-0024,DLV-0024,INV-SYN-00024,20,85000,1700000,25500,0,0,2026-09-16,POSTED_SYNTHETIC,OPEN_SYNTHETIC
