tenant_id,site_id,source_system,source_object,source_record_id,canonical_id,crosswalk_status,source_event_at,ingested_at,effective_from,effective_to,record_version,supersedes_source_record_id,is_deleted,semantic_status,uom,currency,data_quality_state,freshness_state,transformation_version,customer_scope,program_scope,product_scope,sensitivity_class,snapshot_id,scenario_id,eco_approval_id,engineering_change_id,approval_sequence,approver_role,approval_state,approved_at,segregation_of_duties_passed,approval_evidence_hash
TEN-COOLIT-SYN-001,SITE-COOLIT-SYN-01,PLM,ENGINEERING_CHANGE_APPROVAL,ECOAPR-0001-1,ECO-0001,RESOLVED,2026-09-25T23:59:59-06:00,2026-09-26T08:00:00-06:00,2026-06-29T00:00:00-06:00,,1,,false,APPROVED,,,VALID,CURRENT,coolit-synthetic-v2.0.0,ALL_SYNTHETIC_CUSTOMERS,ALL_SYNTHETIC_PROGRAMS,ALL_SYNTHETIC_PRODUCTS,SYNTHETIC_INTERNAL,SNP-COOLIT-20260925-BL,SCN-BASELINE,ECOAPR-0001-1,ECO-0001,1,Engineering Manager,APPROVED,2026-06-27T14:30:00-06:00,true,659e269bdd8e8c57bab8ee5e0ac292a9e04876ff8a4aa3431cca567677bc3a7a
TEN-COOLIT-SYN-001,SITE-COOLIT-SYN-01,PLM,ENGINEERING_CHANGE_APPROVAL,ECOAPR-0001-2,ECO-0001,RESOLVED,2026-09-25T23:59:59-06:00,2026-09-26T08:00:00-06:00,2026-06-29T00:00:00-06:00,,1,,false,APPROVED,,,VALID,CURRENT,coolit-synthetic-v2.0.0,ALL_SYNTHETIC_CUSTOMERS,ALL_SYNTHETIC_PROGRAMS,ALL_SYNTHETIC_PRODUCTS,SYNTHETIC_INTERNAL,SNP-COOLIT-20260925-BL,SCN-BASELINE,ECOAPR-0001-2,ECO-0001,2,Quality Manager,APPROVED,2026-06-28T15:23:00-06:00,true,fb961dc9bc72b43807d0291eadc460170953b919b71360cd16c0356eac31caf1
TEN-COOLIT-SYN-001,SITE-COOLIT-SYN-01,PLM,ENGINEERING_CHANGE_APPROVAL,ECOAPR-0001-3,ECO-0001,RESOLVED,2026-09-25T23:59:59-06:00,2026-09-26T08:00:00-06:00,2026-06-29T00:00:00-06:00,,1,,false,APPROVED,,,VALID,CURRENT,coolit-synthetic-v2.0.0,ALL_SYNTHETIC_CUSTOMERS,ALL_SYNTHETIC_PROGRAMS,ALL_SYNTHETIC_PRODUCTS,SYNTHETIC_INTERNAL,SNP-COOLIT-20260925-BL,SCN-BASELINE,ECOAPR-0001-3,ECO-0001,3,Manufacturing Manager,APPROVED,2026-06-29T16:16:00-06:00,true,be6a2c7ee5326a9e0f997678277c5683d4c18182160ad8d7bcc867dcbb8d046c
TEN-COOLIT-SYN-001,SITE-COOLIT-SYN-01,PLM,ENGINEERING_CHANGE_APPROVAL,ECOAPR-0002-1,ECO-0002,RESOLVED,2026-09-25T23:59:59-06:00,2026-09-26T08:00:00-06:00,2026-06-29T00:00:00-06:00,,1,,false,APPROVED,,,VALID,CURRENT,coolit-synthetic-v2.0.0,ALL_SYNTHETIC_CUSTOMERS,ALL_SYNTHETIC_PROGRAMS,ALL_SYNTHETIC_PRODUCTS,SYNTHETIC_INTERNAL,SNP-COOLIT-20260925-BL,SCN-BASELINE,ECOAPR-0002-1,ECO-0002,1,Engineering Manager,APPROVED,2026-06-30T14:09:00-06:00,true,b51a323dceff50660af254926148a220a71717a596e540d4bedb464c18df6125
TEN-COOLIT-SYN-001,SITE-COOLIT-SYN-01,PLM,ENGINEERING_CHANGE_APPROVAL,ECOAPR-0002-2,ECO-0002,RESOLVED,2026-09-25T23:59:59-06:00,2026-09-26T08:00:00-06:00,2026-06-29T00:00:00-06:00,,1,,false,APPROVED,,,VALID,CURRENT,coolit-synthetic-v2.0.0,ALL_SYNTHETIC_CUSTOMERS,ALL_SYNTHETIC_PROGRAMS,ALL_SYNTHETIC_PRODUCTS,SYNTHETIC_INTERNAL,SNP-COOLIT-20260925-BL,SCN-BASELINE,ECOAPR-0002-2,ECO-0002,2,Quality Manager,APPROVED,2026-07-01T15:02:00-06:00,true,c8ffe21ff718058a4c8d5a1f96729c1def0bd65b8e750e35c1a2501b27ed1fd2
TEN-COOLIT-SYN-001,SITE-COOLIT-SYN-01,PLM,ENGINEERING_CHANGE_APPROVAL,ECOAPR-0002-3,ECO-0002,RESOLVED,2026-09-25T23:59:59-06:00,2026-09-26T08:00:00-06:00,2026-06-29T00:00:00-06:00,,1,,false,APPROVED,,,VALID,CURRENT,coolit-synthetic-v2.0.0,ALL_SYNTHETIC_CUSTOMERS,ALL_SYNTHETIC_PROGRAMS,ALL_SYNTHETIC_PRODUCTS,SYNTHETIC_INTERNAL,SNP-COOLIT-20260925-BL,SCN-BASELINE,ECOAPR-0002-3,ECO-0002,3,Manufacturing Manager,APPROVED,2026-07-02T16:55:00-06:00,true,42d956e06c2c0876d8bba070c8643ccd7e7e75c40b841517f44a3a8ffea66398
TEN-COOLIT-SYN-001,SITE-COOLIT-SYN-01,PLM,ENGINEERING_CHANGE_APPROVAL,ECOAPR-0003-1,ECO-0003,RESOLVED,2026-09-25T23:59:59-06:00,2026-09-26T08:00:00-06:00,2026-06-29T00:00:00-06:00,,1,,false,APPROVED,,,VALID,CURRENT,coolit-synthetic-v2.0.0,ALL_SYNTHETIC_CUSTOMERS,ALL_SYNTHETIC_PROGRAMS,ALL_SYNTHETIC_PRODUCTS,SYNTHETIC_INTERNAL,SNP-COOLIT-20260925-BL,SCN-BASELINE,ECOAPR-0003-1,ECO-0003,1,Engineering Manager,APPROVED,2026-07-03T14:48:00-06:00,true,012cdd63197d70c8ead288b15f203783b71a707a257bdc33458f0203330f121e
TEN-COOLIT-SYN-001,SITE-COOLIT-SYN-01,PLM,ENGINEERING_CHANGE_APPROVAL,ECOAPR-0003-2,ECO-0003,RESOLVED,2026-09-25T23:59:59-06:00,2026-09-26T08:00:00-06:00,2026-06-29T00:00:00-06:00,,1,,false,APPROVED,,,VALID,CURRENT,coolit-synthetic-v2.0.0,ALL_SYNTHETIC_CUSTOMERS,ALL_SYNTHETIC_PROGRAMS,ALL_SYNTHETIC_PRODUCTS,SYNTHETIC_INTERNAL,SNP-COOLIT-20260925-BL,SCN-BASELINE,ECOAPR-0003-2,ECO-0003,2,Quality Manager,APPROVED,2026-07-04T15:41:00-06:00,true,a1a436741c2a91c1e07e0a4c89c7a5277b23df44e5e35e125c9ed341d5f84c24
TEN-COOLIT-SYN-001,SITE-COOLIT-SYN-01,PLM,ENGINEERING_CHANGE_APPROVAL,ECOAPR-0003-3,ECO-0003,RESOLVED,2026-09-25T23:59:59-06:00,2026-09-26T08:00:00-06:00,2026-06-29T00:00:00-06:00,,1,,false,APPROVED,,,VALID,CURRENT,coolit-synthetic-v2.0.0,ALL_SYNTHETIC_CUSTOMERS,ALL_SYNTHETIC_PROGRAMS,ALL_SYNTHETIC_PRODUCTS,SYNTHETIC_INTERNAL,SNP-COOLIT-20260925-BL,SCN-BASELINE,ECOAPR-0003-3,ECO-0003,3,Manufacturing Manager,APPROVED,2026-07-05T16:34:00-06:00,true,c3353a81f098153c3ed292eb5b72a56c1ec8129cfe1e1252b1f89d4510d33dcd
TEN-COOLIT-SYN-001,SITE-COOLIT-SYN-01,PLM,ENGINEERING_CHANGE_APPROVAL,ECOAPR-0004-1,ECO-0004,RESOLVED,2026-09-25T23:59:59-06:00,2026-09-26T08:00:00-06:00,2026-06-29T00:00:00-06:00,,1,,false,APPROVED,,,VALID,CURRENT,coolit-synthetic-v2.0.0,ALL_SYNTHETIC_CUSTOMERS,ALL_SYNTHETIC_PROGRAMS,ALL_SYNTHETIC_PRODUCTS,SYNTHETIC_INTERNAL,SNP-COOLIT-20260925-BL,SCN-BASELINE,ECOAPR-0004-1,ECO-0004,1,Engineering Manager,APPROVED,2026-07-06T14:27:00-06:00,true,a48b8e14e2358a1c98eebbe8cbf8a90a466152e154501d99d149761fb9e6b8a1
TEN-COOLIT-SYN-001,SITE-COOLIT-SYN-01,PLM,ENGINEERING_CHANGE_APPROVAL,ECOAPR-0004-2,ECO-0004,RESOLVED,2026-09-25T23:59:59-06:00,2026-09-26T08:00:00-06:00,2026-06-29T00:00:00-06:00,,1,,false,APPROVED,,,VALID,CURRENT,coolit-synthetic-v2.0.0,ALL_SYNTHETIC_CUSTOMERS,ALL_SYNTHETIC_PROGRAMS,ALL_SYNTHETIC_PRODUCTS,SYNTHETIC_INTERNAL,SNP-COOLIT-20260925-BL,SCN-BASELINE,ECOAPR-0004-2,ECO-0004,2,Quality Manager,APPROVED,2026-07-07T15:20:00-06:00,true,414d5ec32899a192952bc7bd3aa13d4fe9dc2f191c5a96fcb9e71408fef2c903
TEN-COOLIT-SYN-001,SITE-COOLIT-SYN-01,PLM,ENGINEERING_CHANGE_APPROVAL,ECOAPR-0004-3,ECO-0004,RESOLVED,2026-09-25T23:59:59-06:00,2026-09-26T08:00:00-06:00,2026-06-29T00:00:00-06:00,,1,,false,APPROVED,,,VALID,CURRENT,coolit-synthetic-v2.0.0,ALL_SYNTHETIC_CUSTOMERS,ALL_SYNTHETIC_PROGRAMS,ALL_SYNTHETIC_PRODUCTS,SYNTHETIC_INTERNAL,SNP-COOLIT-20260925-BL,SCN-BASELINE,ECOAPR-0004-3,ECO-0004,3,Manufacturing Manager,APPROVED,2026-07-08T16:13:00-06:00,true,b375a0fedf55e3368c532c6d2e1dc6f2e00f4f9963d57f9cff281af43405e0bc
TEN-COOLIT-SYN-001,SITE-COOLIT-SYN-01,PLM,ENGINEERING_CHANGE_APPROVAL,ECOAPR-0005-1,ECO-0005,RESOLVED,2026-09-25T23:59:59-06:00,2026-09-26T08:00:00-06:00,2026-06-29T00:00:00-06:00,,1,,false,APPROVED,,,VALID,CURRENT,coolit-synthetic-v2.0.0,ALL_SYNTHETIC_CUSTOMERS,ALL_SYNTHETIC_PROGRAMS,ALL_SYNTHETIC_PRODUCTS,SYNTHETIC_INTERNAL,SNP-COOLIT-20260925-BL,SCN-BASELINE,ECOAPR-0005-1,ECO-0005,1,Engineering Manager,APPROVED,2026-07-09T14:06:00-06:00,true,b6bf1f69c95c1d50730cbcbb3856b2521efe2584a58df4676fe36bb38c3df39b
TEN-COOLIT-SYN-001,SITE-COOLIT-SYN-01,PLM,ENGINEERING_CHANGE_APPROVAL,ECOAPR-0005-2,ECO-0005,RESOLVED,2026-09-25T23:59:59-06:00,2026-09-26T08:00:00-06:00,2026-06-29T00:00:00-06:00,,1,,false,APPROVED,,,VALID,CURRENT,coolit-synthetic-v2.0.0,ALL_SYNTHETIC_CUSTOMERS,ALL_SYNTHETIC_PROGRAMS,ALL_SYNTHETIC_PRODUCTS,SYNTHETIC_INTERNAL,SNP-COOLIT-20260925-BL,SCN-BASELINE,ECOAPR-0005-2,ECO-0005,2,Quality Manager,APPROVED,2026-07-10T15:59:00-06:00,true,687f8a1154ca56371e5d95d85467a284b9cee9a43e226f5c5ac76e25c0ea540a
TEN-COOLIT-SYN-001,SITE-COOLIT-SYN-01,PLM,ENGINEERING_CHANGE_APPROVAL,ECOAPR-0005-3,ECO-0005,RESOLVED,2026-09-25T23:59:59-06:00,2026-09-26T08:00:00-06:00,2026-06-29T00:00:00-06:00,,1,,false,APPROVED,,,VALID,CURRENT,coolit-synthetic-v2.0.0,ALL_SYNTHETIC_CUSTOMERS,ALL_SYNTHETIC_PROGRAMS,ALL_SYNTHETIC_PRODUCTS,SYNTHETIC_INTERNAL,SNP-COOLIT-20260925-BL,SCN-BASELINE,ECOAPR-0005-3,ECO-0005,3,Manufacturing Manager,APPROVED,2026-07-11T16:52:00-06:00,true,2d812ef8e3de3186843057375a6639a59d2d5953bf068cf4759020e268951429
TEN-COOLIT-SYN-001,SITE-COOLIT-SYN-01,PLM,ENGINEERING_CHANGE_APPROVAL,ECOAPR-0006-1,ECO-0006,RESOLVED,2026-09-25T23:59:59-06:00,2026-09-26T08:00:00-06:00,2026-06-29T00:00:00-06:00,,1,,false,APPROVED,,,VALID,CURRENT,coolit-synthetic-v2.0.0,ALL_SYNTHETIC_CUSTOMERS,ALL_SYNTHETIC_PROGRAMS,ALL_SYNTHETIC_PRODUCTS,SYNTHETIC_INTERNAL,SNP-COOLIT-20260925-BL,SCN-BASELINE,ECOAPR-0006-1,ECO-0006,1,Engineering Manager,APPROVED,2026-07-12T14:45:00-06:00,true,2b67be5c4ec7a94330b4726f61a43c954ac67ceca0fce42b4bcda5d5e463148d
TEN-COOLIT-SYN-001,SITE-COOLIT-SYN-01,PLM,ENGINEERING_CHANGE_APPROVAL,ECOAPR-0006-2,ECO-0006,RESOLVED,2026-09-25T23:59:59-06:00,2026-09-26T08:00:00-06:00,2026-06-29T00:00:00-06:00,,1,,false,APPROVED,,,VALID,CURRENT,coolit-synthetic-v2.0.0,ALL_SYNTHETIC_CUSTOMERS,ALL_SYNTHETIC_PROGRAMS,ALL_SYNTHETIC_PRODUCTS,SYNTHETIC_INTERNAL,SNP-COOLIT-20260925-BL,SCN-BASELINE,ECOAPR-0006-2,ECO-0006,2,Quality Manager,APPROVED,2026-07-13T15:38:00-06:00,true,6414fb6f00e2f3cd0b7e914af2a52806c711c6c5be70882cdba8971ef5426648
TEN-COOLIT-SYN-001,SITE-COOLIT-SYN-01,PLM,ENGINEERING_CHANGE_APPROVAL,ECOAPR-0006-3,ECO-0006,RESOLVED,2026-09-25T23:59:59-06:00,2026-09-26T08:00:00-06:00,2026-06-29T00:00:00-06:00,,1,,false,APPROVED,,,VALID,CURRENT,coolit-synthetic-v2.0.0,ALL_SYNTHETIC_CUSTOMERS,ALL_SYNTHETIC_PROGRAMS,ALL_SYNTHETIC_PRODUCTS,SYNTHETIC_INTERNAL,SNP-COOLIT-20260925-BL,SCN-BASELINE,ECOAPR-0006-3,ECO-0006,3,Manufacturing Manager,APPROVED,2026-07-14T16:31:00-06:00,true,1494c542315abd1ef5a843ed1335b255a6f6bd3da0c29877c9af32dd95585fbb
TEN-COOLIT-SYN-001,SITE-COOLIT-SYN-01,PLM,ENGINEERING_CHANGE_APPROVAL,ECOAPR-0007-1,ECO-0007,RESOLVED,2026-09-25T23:59:59-06:00,2026-09-26T08:00:00-06:00,2026-06-29T00:00:00-06:00,,1,,false,APPROVED,,,VALID,CURRENT,coolit-synthetic-v2.0.0,ALL_SYNTHETIC_CUSTOMERS,ALL_SYNTHETIC_PROGRAMS,ALL_SYNTHETIC_PRODUCTS,SYNTHETIC_INTERNAL,SNP-COOLIT-20260925-BL,SCN-BASELINE,ECOAPR-0007-1,ECO-0007,1,Engineering Manager,APPROVED,2026-07-15T14:24:00-06:00,true,b78e955f63c5947cb72283602df18417376d2d927f5d6c896091b5c04a098364
TEN-COOLIT-SYN-001,SITE-COOLIT-SYN-01,PLM,ENGINEERING_CHANGE_APPROVAL,ECOAPR-0007-2,ECO-0007,RESOLVED,2026-09-25T23:59:59-06:00,2026-09-26T08:00:00-06:00,2026-06-29T00:00:00-06:00,,1,,false,APPROVED,,,VALID,CURRENT,coolit-synthetic-v2.0.0,ALL_SYNTHETIC_CUSTOMERS,ALL_SYNTHETIC_PROGRAMS,ALL_SYNTHETIC_PRODUCTS,SYNTHETIC_INTERNAL,SNP-COOLIT-20260925-BL,SCN-BASELINE,ECOAPR-0007-2,ECO-0007,2,Quality Manager,APPROVED,2026-07-16T15:17:00-06:00,true,e5e3f0e2594520d26de5cbc4961ec67e671e90b5dded93f907586a500fb24b9e
TEN-COOLIT-SYN-001,SITE-COOLIT-SYN-01,PLM,ENGINEERING_CHANGE_APPROVAL,ECOAPR-0007-3,ECO-0007,RESOLVED,2026-09-25T23:59:59-06:00,2026-09-26T08:00:00-06:00,2026-06-29T00:00:00-06:00,,1,,false,APPROVED,,,VALID,CURRENT,coolit-synthetic-v2.0.0,ALL_SYNTHETIC_CUSTOMERS,ALL_SYNTHETIC_PROGRAMS,ALL_SYNTHETIC_PRODUCTS,SYNTHETIC_INTERNAL,SNP-COOLIT-20260925-BL,SCN-BASELINE,ECOAPR-0007-3,ECO-0007,3,Manufacturing Manager,APPROVED,2026-07-17T16:10:00-06:00,true,79cf297d3e52591a817a7507e22e0a22212fd5a6776e716293f2a827699dee09
TEN-COOLIT-SYN-001,SITE-COOLIT-SYN-01,PLM,ENGINEERING_CHANGE_APPROVAL,ECOAPR-0008-1,ECO-0008,RESOLVED,2026-09-25T23:59:59-06:00,2026-09-26T08:00:00-06:00,2026-06-29T00:00:00-06:00,,1,,false,APPROVED,,,VALID,CURRENT,coolit-synthetic-v2.0.0,ALL_SYNTHETIC_CUSTOMERS,ALL_SYNTHETIC_PROGRAMS,ALL_SYNTHETIC_PRODUCTS,SYNTHETIC_INTERNAL,SNP-COOLIT-20260925-BL,SCN-BASELINE,ECOAPR-0008-1,ECO-0008,1,Engineering Manager,APPROVED,2026-07-18T14:03:00-06:00,true,12ce8ad7d6636de8a6c4d9e96f2b75f8b2997a7380cb5bb364e75cca8a023a39
TEN-COOLIT-SYN-001,SITE-COOLIT-SYN-01,PLM,ENGINEERING_CHANGE_APPROVAL,ECOAPR-0008-2,ECO-0008,RESOLVED,2026-09-25T23:59:59-06:00,2026-09-26T08:00:00-06:00,2026-06-29T00:00:00-06:00,,1,,false,APPROVED,,,VALID,CURRENT,coolit-synthetic-v2.0.0,ALL_SYNTHETIC_CUSTOMERS,ALL_SYNTHETIC_PROGRAMS,ALL_SYNTHETIC_PRODUCTS,SYNTHETIC_INTERNAL,SNP-COOLIT-20260925-BL,SCN-BASELINE,ECOAPR-0008-2,ECO-0008,2,Quality Manager,APPROVED,2026-07-19T15:56:00-06:00,true,7aade6333399524307558a058833490d8551fb7d15ad71e7d1cb6d086f81f0c2
TEN-COOLIT-SYN-001,SITE-COOLIT-SYN-01,PLM,ENGINEERING_CHANGE_APPROVAL,ECOAPR-0008-3,ECO-0008,RESOLVED,2026-09-25T23:59:59-06:00,2026-09-26T08:00:00-06:00,2026-06-29T00:00:00-06:00,,1,,false,APPROVED,,,VALID,CURRENT,coolit-synthetic-v2.0.0,ALL_SYNTHETIC_CUSTOMERS,ALL_SYNTHETIC_PROGRAMS,ALL_SYNTHETIC_PRODUCTS,SYNTHETIC_INTERNAL,SNP-COOLIT-20260925-BL,SCN-BASELINE,ECOAPR-0008-3,ECO-0008,3,Manufacturing Manager,APPROVED,2026-07-20T16:49:00-06:00,true,a01566467aca67ceb4b8744c7ed0703d8d7138e241b7befc2c1fc95834b12eb5
TEN-COOLIT-SYN-001,SITE-COOLIT-SYN-01,PLM,ENGINEERING_CHANGE_APPROVAL,ECOAPR-0009-1,ECO-0009,RESOLVED,2026-09-25T23:59:59-06:00,2026-09-26T08:00:00-06:00,2026-06-29T00:00:00-06:00,,1,,false,APPROVED,,,VALID,CURRENT,coolit-synthetic-v2.0.0,ALL_SYNTHETIC_CUSTOMERS,ALL_SYNTHETIC_PROGRAMS,ALL_SYNTHETIC_PRODUCTS,SYNTHETIC_INTERNAL,SNP-COOLIT-20260925-BL,SCN-BASELINE,ECOAPR-0009-1,ECO-0009,1,Engineering Manager,APPROVED,2026-07-21T14:42:00-06:00,true,e905a90986c9548e29952c97192b2ea629d4611646cdf607987f254f957252c4
TEN-COOLIT-SYN-001,SITE-COOLIT-SYN-01,PLM,ENGINEERING_CHANGE_APPROVAL,ECOAPR-0009-2,ECO-0009,RESOLVED,2026-09-25T23:59:59-06:00,2026-09-26T08:00:00-06:00,2026-06-29T00:00:00-06:00,,1,,false,APPROVED,,,VALID,CURRENT,coolit-synthetic-v2.0.0,ALL_SYNTHETIC_CUSTOMERS,ALL_SYNTHETIC_PROGRAMS,ALL_SYNTHETIC_PRODUCTS,SYNTHETIC_INTERNAL,SNP-COOLIT-20260925-BL,SCN-BASELINE,ECOAPR-0009-2,ECO-0009,2,Quality Manager,APPROVED,2026-07-22T15:35:00-06:00,true,0b273ae4be61429dd5186f4767e3a7c919abc35752b08978a6fed2ab9747727c
TEN-COOLIT-SYN-001,SITE-COOLIT-SYN-01,PLM,ENGINEERING_CHANGE_APPROVAL,ECOAPR-0009-3,ECO-0009,RESOLVED,2026-09-25T23:59:59-06:00,2026-09-26T08:00:00-06:00,2026-06-29T00:00:00-06:00,,1,,false,APPROVED,,,VALID,CURRENT,coolit-synthetic-v2.0.0,ALL_SYNTHETIC_CUSTOMERS,ALL_SYNTHETIC_PROGRAMS,ALL_SYNTHETIC_PRODUCTS,SYNTHETIC_INTERNAL,SNP-COOLIT-20260925-BL,SCN-BASELINE,ECOAPR-0009-3,ECO-0009,3,Manufacturing Manager,APPROVED,2026-07-23T16:28:00-06:00,true,d0d7b0def934ba29421756bb48d257db7ef038a0374dc977699576444c896f56
TEN-COOLIT-SYN-001,SITE-COOLIT-SYN-01,PLM,ENGINEERING_CHANGE_APPROVAL,ECOAPR-0010-1,ECO-0010,RESOLVED,2026-09-25T23:59:59-06:00,2026-09-26T08:00:00-06:00,2026-06-29T00:00:00-06:00,,1,,false,APPROVED,,,VALID,CURRENT,coolit-synthetic-v2.0.0,ALL_SYNTHETIC_CUSTOMERS,ALL_SYNTHETIC_PROGRAMS,ALL_SYNTHETIC_PRODUCTS,SYNTHETIC_INTERNAL,SNP-COOLIT-20260925-BL,SCN-BASELINE,ECOAPR-0010-1,ECO-0010,1,Engineering Manager,APPROVED,2026-07-24T14:21:00-06:00,true,35e84162dca49cd7ee16d3c0a76cf50c9b7ae3323cb3c1665946e97faca39c46
TEN-COOLIT-SYN-001,SITE-COOLIT-SYN-01,PLM,ENGINEERING_CHANGE_APPROVAL,ECOAPR-0010-2,ECO-0010,RESOLVED,2026-09-25T23:59:59-06:00,2026-09-26T08:00:00-06:00,2026-06-29T00:00:00-06:00,,1,,false,APPROVED,,,VALID,CURRENT,coolit-synthetic-v2.0.0,ALL_SYNTHETIC_CUSTOMERS,ALL_SYNTHETIC_PROGRAMS,ALL_SYNTHETIC_PRODUCTS,SYNTHETIC_INTERNAL,SNP-COOLIT-20260925-BL,SCN-BASELINE,ECOAPR-0010-2,ECO-0010,2,Quality Manager,APPROVED,2026-07-25T15:14:00-06:00,true,24702ef340e9e4bb0003e96d89486d0af56a8138f1b9461052076cb30ad4a231
TEN-COOLIT-SYN-001,SITE-COOLIT-SYN-01,PLM,ENGINEERING_CHANGE_APPROVAL,ECOAPR-0010-3,ECO-0010,RESOLVED,2026-09-25T23:59:59-06:00,2026-09-26T08:00:00-06:00,2026-06-29T00:00:00-06:00,,1,,false,APPROVED,,,VALID,CURRENT,coolit-synthetic-v2.0.0,ALL_SYNTHETIC_CUSTOMERS,ALL_SYNTHETIC_PROGRAMS,ALL_SYNTHETIC_PRODUCTS,SYNTHETIC_INTERNAL,SNP-COOLIT-20260925-BL,SCN-BASELINE,ECOAPR-0010-3,ECO-0010,3,Manufacturing Manager,APPROVED,2026-07-26T16:07:00-06:00,true,a2cc406d8e447da0a96892a125f618f18e9d89f40613d26e0b8071d6fe93e373
TEN-COOLIT-SYN-001,SITE-COOLIT-SYN-01,PLM,ENGINEERING_CHANGE_APPROVAL,ECOAPR-0011-1,ECO-0011,RESOLVED,2026-09-25T23:59:59-06:00,2026-09-26T08:00:00-06:00,2026-06-29T00:00:00-06:00,,1,,false,APPROVED,,,VALID,CURRENT,coolit-synthetic-v2.0.0,ALL_SYNTHETIC_CUSTOMERS,ALL_SYNTHETIC_PROGRAMS,ALL_SYNTHETIC_PRODUCTS,SYNTHETIC_INTERNAL,SNP-COOLIT-20260925-BL,SCN-BASELINE,ECOAPR-0011-1,ECO-0011,1,Engineering Manager,APPROVED,2026-07-27T14:00:00-06:00,true,58d67a6727a95b3df00737245151e006369d6c2b9c739077f03597fc4d1401c5
TEN-COOLIT-SYN-001,SITE-COOLIT-SYN-01,PLM,ENGINEERING_CHANGE_APPROVAL,ECOAPR-0011-2,ECO-0011,RESOLVED,2026-09-25T23:59:59-06:00,2026-09-26T08:00:00-06:00,2026-06-29T00:00:00-06:00,,1,,false,APPROVED,,,VALID,CURRENT,coolit-synthetic-v2.0.0,ALL_SYNTHETIC_CUSTOMERS,ALL_SYNTHETIC_PROGRAMS,ALL_SYNTHETIC_PRODUCTS,SYNTHETIC_INTERNAL,SNP-COOLIT-20260925-BL,SCN-BASELINE,ECOAPR-0011-2,ECO-0011,2,Quality Manager,APPROVED,2026-07-28T15:53:00-06:00,true,c47123042678aae5c3e00953182aad86f025e43000a60513af175f0ef5aa2559
TEN-COOLIT-SYN-001,SITE-COOLIT-SYN-01,PLM,ENGINEERING_CHANGE_APPROVAL,ECOAPR-0011-3,ECO-0011,RESOLVED,2026-09-25T23:59:59-06:00,2026-09-26T08:00:00-06:00,2026-06-29T00:00:00-06:00,,1,,false,APPROVED,,,VALID,CURRENT,coolit-synthetic-v2.0.0,ALL_SYNTHETIC_CUSTOMERS,ALL_SYNTHETIC_PROGRAMS,ALL_SYNTHETIC_PRODUCTS,SYNTHETIC_INTERNAL,SNP-COOLIT-20260925-BL,SCN-BASELINE,ECOAPR-0011-3,ECO-0011,3,Manufacturing Manager,APPROVED,2026-07-29T16:46:00-06:00,true,84bfe0a0f99f6b6e36c49568da4ec61e74e30f852525d1ca921a32b0ad48d88d
TEN-COOLIT-SYN-001,SITE-COOLIT-SYN-01,PLM,ENGINEERING_CHANGE_APPROVAL,ECOAPR-0012-1,ECO-0012,RESOLVED,2026-09-25T23:59:59-06:00,2026-09-26T08:00:00-06:00,2026-06-29T00:00:00-06:00,,1,,false,APPROVED,,,VALID,CURRENT,coolit-synthetic-v2.0.0,ALL_SYNTHETIC_CUSTOMERS,ALL_SYNTHETIC_PROGRAMS,ALL_SYNTHETIC_PRODUCTS,SYNTHETIC_INTERNAL,SNP-COOLIT-20260925-BL,SCN-BASELINE,ECOAPR-0012-1,ECO-0012,1,Engineering Manager,APPROVED,2026-07-30T14:39:00-06:00,true,0ea723532a01f369a6a259809f2aeb6affb945514480cc791bdae463e8eed317
TEN-COOLIT-SYN-001,SITE-COOLIT-SYN-01,PLM,ENGINEERING_CHANGE_APPROVAL,ECOAPR-0012-2,ECO-0012,RESOLVED,2026-09-25T23:59:59-06:00,2026-09-26T08:00:00-06:00,2026-06-29T00:00:00-06:00,,1,,false,APPROVED,,,VALID,CURRENT,coolit-synthetic-v2.0.0,ALL_SYNTHETIC_CUSTOMERS,ALL_SYNTHETIC_PROGRAMS,ALL_SYNTHETIC_PRODUCTS,SYNTHETIC_INTERNAL,SNP-COOLIT-20260925-BL,SCN-BASELINE,ECOAPR-0012-2,ECO-0012,2,Quality Manager,APPROVED,2026-07-31T15:32:00-06:00,true,d3820e818b5912a96f0a0628f7ee593e04c920213262434fd609ec94091b6993
TEN-COOLIT-SYN-001,SITE-COOLIT-SYN-01,PLM,ENGINEERING_CHANGE_APPROVAL,ECOAPR-0012-3,ECO-0012,RESOLVED,2026-09-25T23:59:59-06:00,2026-09-26T08:00:00-06:00,2026-06-29T00:00:00-06:00,,1,,false,APPROVED,,,VALID,CURRENT,coolit-synthetic-v2.0.0,ALL_SYNTHETIC_CUSTOMERS,ALL_SYNTHETIC_PROGRAMS,ALL_SYNTHETIC_PRODUCTS,SYNTHETIC_INTERNAL,SNP-COOLIT-20260925-BL,SCN-BASELINE,ECOAPR-0012-3,ECO-0012,3,Manufacturing Manager,APPROVED,2026-08-01T16:25:00-06:00,true,85d45f52efeaef57aba14715bce145ce05b0a6194011abf220060c972ff54e70
TEN-COOLIT-SYN-001,SITE-COOLIT-SYN-01,PLM,ENGINEERING_CHANGE_APPROVAL,ECOAPR-0013-1,ECO-0013,RESOLVED,2026-09-25T23:59:59-06:00,2026-09-26T08:00:00-06:00,2026-06-29T00:00:00-06:00,,1,,false,APPROVED,,,VALID,CURRENT,coolit-synthetic-v2.0.0,ALL_SYNTHETIC_CUSTOMERS,ALL_SYNTHETIC_PROGRAMS,ALL_SYNTHETIC_PRODUCTS,SYNTHETIC_INTERNAL,SNP-COOLIT-20260925-BL,SCN-BASELINE,ECOAPR-0013-1,ECO-0013,1,Engineering Manager,APPROVED,2026-08-02T14:18:00-06:00,true,15dba5a2b2fa4fcd8c931baff435eb602482519d0799e613660b559066c44f2f
TEN-COOLIT-SYN-001,SITE-COOLIT-SYN-01,PLM,ENGINEERING_CHANGE_APPROVAL,ECOAPR-0013-2,ECO-0013,RESOLVED,2026-09-25T23:59:59-06:00,2026-09-26T08:00:00-06:00,2026-06-29T00:00:00-06:00,,1,,false,APPROVED,,,VALID,CURRENT,coolit-synthetic-v2.0.0,ALL_SYNTHETIC_CUSTOMERS,ALL_SYNTHETIC_PROGRAMS,ALL_SYNTHETIC_PRODUCTS,SYNTHETIC_INTERNAL,SNP-COOLIT-20260925-BL,SCN-BASELINE,ECOAPR-0013-2,ECO-0013,2,Quality Manager,APPROVED,2026-08-03T15:11:00-06:00,true,7cc99b70a179c6a83a7955ad4ff516a61b7a2ceee9f5ee53061fff51479aa5b7
TEN-COOLIT-SYN-001,SITE-COOLIT-SYN-01,PLM,ENGINEERING_CHANGE_APPROVAL,ECOAPR-0013-3,ECO-0013,RESOLVED,2026-09-25T23:59:59-06:00,2026-09-26T08:00:00-06:00,2026-06-29T00:00:00-06:00,,1,,false,APPROVED,,,VALID,CURRENT,coolit-synthetic-v2.0.0,ALL_SYNTHETIC_CUSTOMERS,ALL_SYNTHETIC_PROGRAMS,ALL_SYNTHETIC_PRODUCTS,SYNTHETIC_INTERNAL,SNP-COOLIT-20260925-BL,SCN-BASELINE,ECOAPR-0013-3,ECO-0013,3,Manufacturing Manager,APPROVED,2026-08-04T16:04:00-06:00,true,bbc2de12a5945dc5debf00d3345ad9ca4358ba074736cab783ff80b05b7d2c2e
TEN-COOLIT-SYN-001,SITE-COOLIT-SYN-01,PLM,ENGINEERING_CHANGE_APPROVAL,ECOAPR-0014-1,ECO-0014,RESOLVED,2026-09-25T23:59:59-06:00,2026-09-26T08:00:00-06:00,2026-06-29T00:00:00-06:00,,1,,false,APPROVED,,,VALID,CURRENT,coolit-synthetic-v2.0.0,ALL_SYNTHETIC_CUSTOMERS,ALL_SYNTHETIC_PROGRAMS,ALL_SYNTHETIC_PRODUCTS,SYNTHETIC_INTERNAL,SNP-COOLIT-20260925-BL,SCN-BASELINE,ECOAPR-0014-1,ECO-0014,1,Engineering Manager,APPROVED,2026-08-05T14:57:00-06:00,true,767fcc35abcdd2963bfa29b39898980646eecb46cc2751a6f44eba9271618848
TEN-COOLIT-SYN-001,SITE-COOLIT-SYN-01,PLM,ENGINEERING_CHANGE_APPROVAL,ECOAPR-0014-2,ECO-0014,RESOLVED,2026-09-25T23:59:59-06:00,2026-09-26T08:00:00-06:00,2026-06-29T00:00:00-06:00,,1,,false,APPROVED,,,VALID,CURRENT,coolit-synthetic-v2.0.0,ALL_SYNTHETIC_CUSTOMERS,ALL_SYNTHETIC_PROGRAMS,ALL_SYNTHETIC_PRODUCTS,SYNTHETIC_INTERNAL,SNP-COOLIT-20260925-BL,SCN-BASELINE,ECOAPR-0014-2,ECO-0014,2,Quality Manager,APPROVED,2026-08-06T15:50:00-06:00,true,8430513102efd28b7ccb57ad21ce29d975599cd307d681d37501cac4d417acd6
TEN-COOLIT-SYN-001,SITE-COOLIT-SYN-01,PLM,ENGINEERING_CHANGE_APPROVAL,ECOAPR-0014-3,ECO-0014,RESOLVED,2026-09-25T23:59:59-06:00,2026-09-26T08:00:00-06:00,2026-06-29T00:00:00-06:00,,1,,false,APPROVED,,,VALID,CURRENT,coolit-synthetic-v2.0.0,ALL_SYNTHETIC_CUSTOMERS,ALL_SYNTHETIC_PROGRAMS,ALL_SYNTHETIC_PRODUCTS,SYNTHETIC_INTERNAL,SNP-COOLIT-20260925-BL,SCN-BASELINE,ECOAPR-0014-3,ECO-0014,3,Manufacturing Manager,APPROVED,2026-08-07T16:43:00-06:00,true,3a22aa0a6ecc5ffee79811deac1e315297308931682880b9c8bf74c455467c01
TEN-COOLIT-SYN-001,SITE-COOLIT-SYN-01,PLM,ENGINEERING_CHANGE_APPROVAL,ECOAPR-0015-1,ECO-0015,RESOLVED,2026-09-25T23:59:59-06:00,2026-09-26T08:00:00-06:00,2026-06-29T00:00:00-06:00,,1,,false,APPROVED,,,VALID,CURRENT,coolit-synthetic-v2.0.0,ALL_SYNTHETIC_CUSTOMERS,ALL_SYNTHETIC_PROGRAMS,ALL_SYNTHETIC_PRODUCTS,SYNTHETIC_INTERNAL,SNP-COOLIT-20260925-BL,SCN-BASELINE,ECOAPR-0015-1,ECO-0015,1,Engineering Manager,APPROVED,2026-08-08T14:36:00-06:00,true,ca7d99953e907b63bd1e87b4de3ce224351ea0eabc774917197e2dfb0a3836f7
TEN-COOLIT-SYN-001,SITE-COOLIT-SYN-01,PLM,ENGINEERING_CHANGE_APPROVAL,ECOAPR-0015-2,ECO-0015,RESOLVED,2026-09-25T23:59:59-06:00,2026-09-26T08:00:00-06:00,2026-06-29T00:00:00-06:00,,1,,false,APPROVED,,,VALID,CURRENT,coolit-synthetic-v2.0.0,ALL_SYNTHETIC_CUSTOMERS,ALL_SYNTHETIC_PROGRAMS,ALL_SYNTHETIC_PRODUCTS,SYNTHETIC_INTERNAL,SNP-COOLIT-20260925-BL,SCN-BASELINE,ECOAPR-0015-2,ECO-0015,2,Quality Manager,APPROVED,2026-08-09T15:29:00-06:00,true,f37d07fea9d42e464bac386f1445122ae102cc10e9595d43ea87fa0c1e55e657
TEN-COOLIT-SYN-001,SITE-COOLIT-SYN-01,PLM,ENGINEERING_CHANGE_APPROVAL,ECOAPR-0015-3,ECO-0015,RESOLVED,2026-09-25T23:59:59-06:00,2026-09-26T08:00:00-06:00,2026-06-29T00:00:00-06:00,,1,,false,APPROVED,,,VALID,CURRENT,coolit-synthetic-v2.0.0,ALL_SYNTHETIC_CUSTOMERS,ALL_SYNTHETIC_PROGRAMS,ALL_SYNTHETIC_PRODUCTS,SYNTHETIC_INTERNAL,SNP-COOLIT-20260925-BL,SCN-BASELINE,ECOAPR-0015-3,ECO-0015,3,Manufacturing Manager,APPROVED,2026-08-10T16:22:00-06:00,true,a9e4ca1251aa27945716e53da5fa722b1287c3748ab750988c80557a0f295252
TEN-COOLIT-SYN-001,SITE-COOLIT-SYN-01,PLM,ENGINEERING_CHANGE_APPROVAL,ECOAPR-0016-1,ECO-0016,RESOLVED,2026-09-25T23:59:59-06:00,2026-09-26T08:00:00-06:00,2026-06-29T00:00:00-06:00,,1,,false,APPROVED,,,VALID,CURRENT,coolit-synthetic-v2.0.0,ALL_SYNTHETIC_CUSTOMERS,ALL_SYNTHETIC_PROGRAMS,ALL_SYNTHETIC_PRODUCTS,SYNTHETIC_INTERNAL,SNP-COOLIT-20260925-BL,SCN-BASELINE,ECOAPR-0016-1,ECO-0016,1,Engineering Manager,APPROVED,2026-08-11T14:15:00-06:00,true,037daf75ac41d456c01f144bf59c961ca7b077bc12567f0d1578de66f193e11d
TEN-COOLIT-SYN-001,SITE-COOLIT-SYN-01,PLM,ENGINEERING_CHANGE_APPROVAL,ECOAPR-0016-2,ECO-0016,RESOLVED,2026-09-25T23:59:59-06:00,2026-09-26T08:00:00-06:00,2026-06-29T00:00:00-06:00,,1,,false,APPROVED,,,VALID,CURRENT,coolit-synthetic-v2.0.0,ALL_SYNTHETIC_CUSTOMERS,ALL_SYNTHETIC_PROGRAMS,ALL_SYNTHETIC_PRODUCTS,SYNTHETIC_INTERNAL,SNP-COOLIT-20260925-BL,SCN-BASELINE,ECOAPR-0016-2,ECO-0016,2,Quality Manager,APPROVED,2026-08-12T15:08:00-06:00,true,9b1b98436c11e4d455415130c7656b3848c397abe1c484224c8b709dcabf5f7a
TEN-COOLIT-SYN-001,SITE-COOLIT-SYN-01,PLM,ENGINEERING_CHANGE_APPROVAL,ECOAPR-0016-3,ECO-0016,RESOLVED,2026-09-25T23:59:59-06:00,2026-09-26T08:00:00-06:00,2026-06-29T00:00:00-06:00,,1,,false,APPROVED,,,VALID,CURRENT,coolit-synthetic-v2.0.0,ALL_SYNTHETIC_CUSTOMERS,ALL_SYNTHETIC_PROGRAMS,ALL_SYNTHETIC_PRODUCTS,SYNTHETIC_INTERNAL,SNP-COOLIT-20260925-BL,SCN-BASELINE,ECOAPR-0016-3,ECO-0016,3,Manufacturing Manager,APPROVED,2026-08-13T16:01:00-06:00,true,b675661b2b6905e1be8220bbc5c8f102ecb225c1210a5449acb6bbe6fa132e3f
TEN-COOLIT-SYN-001,SITE-COOLIT-SYN-01,PLM,ENGINEERING_CHANGE_APPROVAL,ECOAPR-0017-1,ECO-0017,RESOLVED,2026-09-25T23:59:59-06:00,2026-09-26T08:00:00-06:00,2026-06-29T00:00:00-06:00,,1,,false,APPROVED,,,VALID,CURRENT,coolit-synthetic-v2.0.0,ALL_SYNTHETIC_CUSTOMERS,ALL_SYNTHETIC_PROGRAMS,ALL_SYNTHETIC_PRODUCTS,SYNTHETIC_INTERNAL,SNP-COOLIT-20260925-BL,SCN-BASELINE,ECOAPR-0017-1,ECO-0017,1,Engineering Manager,APPROVED,2026-08-14T14:54:00-06:00,true,158ea53e4d011456af333511e3abe2449a1082b88c6b526da8e4a70ee79c6fb2
TEN-COOLIT-SYN-001,SITE-COOLIT-SYN-01,PLM,ENGINEERING_CHANGE_APPROVAL,ECOAPR-0017-2,ECO-0017,RESOLVED,2026-09-25T23:59:59-06:00,2026-09-26T08:00:00-06:00,2026-06-29T00:00:00-06:00,,1,,false,APPROVED,,,VALID,CURRENT,coolit-synthetic-v2.0.0,ALL_SYNTHETIC_CUSTOMERS,ALL_SYNTHETIC_PROGRAMS,ALL_SYNTHETIC_PRODUCTS,SYNTHETIC_INTERNAL,SNP-COOLIT-20260925-BL,SCN-BASELINE,ECOAPR-0017-2,ECO-0017,2,Quality Manager,APPROVED,2026-08-15T15:47:00-06:00,true,a205a2c35558bcdfa06d1a81654c67454d1bc2cf9751e9cabd9195e8b71af063
TEN-COOLIT-SYN-001,SITE-COOLIT-SYN-01,PLM,ENGINEERING_CHANGE_APPROVAL,ECOAPR-0017-3,ECO-0017,RESOLVED,2026-09-25T23:59:59-06:00,2026-09-26T08:00:00-06:00,2026-06-29T00:00:00-06:00,,1,,false,APPROVED,,,VALID,CURRENT,coolit-synthetic-v2.0.0,ALL_SYNTHETIC_CUSTOMERS,ALL_SYNTHETIC_PROGRAMS,ALL_SYNTHETIC_PRODUCTS,SYNTHETIC_INTERNAL,SNP-COOLIT-20260925-BL,SCN-BASELINE,ECOAPR-0017-3,ECO-0017,3,Manufacturing Manager,APPROVED,2026-08-16T16:40:00-06:00,true,66cf93ba71585781ee10ae650aa2dedafed7e6b7ab0f2bf06a1146b33130707e
TEN-COOLIT-SYN-001,SITE-COOLIT-SYN-01,PLM,ENGINEERING_CHANGE_APPROVAL,ECOAPR-0018-1,ECO-0018,RESOLVED,2026-09-25T23:59:59-06:00,2026-09-26T08:00:00-06:00,2026-06-29T00:00:00-06:00,,1,,false,APPROVED,,,VALID,CURRENT,coolit-synthetic-v2.0.0,ALL_SYNTHETIC_CUSTOMERS,ALL_SYNTHETIC_PROGRAMS,ALL_SYNTHETIC_PRODUCTS,SYNTHETIC_INTERNAL,SNP-COOLIT-20260925-BL,SCN-BASELINE,ECOAPR-0018-1,ECO-0018,1,Engineering Manager,APPROVED,2026-08-17T14:33:00-06:00,true,eb051fb3343f59b8a88eb590cb8c0d6da1d02997b746156053f3638270fa970e
TEN-COOLIT-SYN-001,SITE-COOLIT-SYN-01,PLM,ENGINEERING_CHANGE_APPROVAL,ECOAPR-0018-2,ECO-0018,RESOLVED,2026-09-25T23:59:59-06:00,2026-09-26T08:00:00-06:00,2026-06-29T00:00:00-06:00,,1,,false,APPROVED,,,VALID,CURRENT,coolit-synthetic-v2.0.0,ALL_SYNTHETIC_CUSTOMERS,ALL_SYNTHETIC_PROGRAMS,ALL_SYNTHETIC_PRODUCTS,SYNTHETIC_INTERNAL,SNP-COOLIT-20260925-BL,SCN-BASELINE,ECOAPR-0018-2,ECO-0018,2,Quality Manager,APPROVED,2026-08-18T15:26:00-06:00,true,92289ad77433c3d1fc1cf3156b2e866fe526dff443454425f75f46d825f3f6bc
TEN-COOLIT-SYN-001,SITE-COOLIT-SYN-01,PLM,ENGINEERING_CHANGE_APPROVAL,ECOAPR-0018-3,ECO-0018,RESOLVED,2026-09-25T23:59:59-06:00,2026-09-26T08:00:00-06:00,2026-06-29T00:00:00-06:00,,1,,false,APPROVED,,,VALID,CURRENT,coolit-synthetic-v2.0.0,ALL_SYNTHETIC_CUSTOMERS,ALL_SYNTHETIC_PROGRAMS,ALL_SYNTHETIC_PRODUCTS,SYNTHETIC_INTERNAL,SNP-COOLIT-20260925-BL,SCN-BASELINE,ECOAPR-0018-3,ECO-0018,3,Manufacturing Manager,APPROVED,2026-08-19T16:19:00-06:00,true,ce6c124f22af8a99a26c18f51f535fa5bc075f0a59473e20a94659be0356f77d
TEN-COOLIT-SYN-001,SITE-COOLIT-SYN-01,PLM,ENGINEERING_CHANGE_APPROVAL,ECOAPR-0019-1,ECO-0019,RESOLVED,2026-09-25T23:59:59-06:00,2026-09-26T08:00:00-06:00,2026-06-29T00:00:00-06:00,,1,,false,APPROVED,,,VALID,CURRENT,coolit-synthetic-v2.0.0,ALL_SYNTHETIC_CUSTOMERS,ALL_SYNTHETIC_PROGRAMS,ALL_SYNTHETIC_PRODUCTS,SYNTHETIC_INTERNAL,SNP-COOLIT-20260925-BL,SCN-BASELINE,ECOAPR-0019-1,ECO-0019,1,Engineering Manager,APPROVED,2026-08-20T14:12:00-06:00,true,79814b205777828cb53568bd37e20e2900fcd7597a1068ed30a3507baf085659
TEN-COOLIT-SYN-001,SITE-COOLIT-SYN-01,PLM,ENGINEERING_CHANGE_APPROVAL,ECOAPR-0019-2,ECO-0019,RESOLVED,2026-09-25T23:59:59-06:00,2026-09-26T08:00:00-06:00,2026-06-29T00:00:00-06:00,,1,,false,APPROVED,,,VALID,CURRENT,coolit-synthetic-v2.0.0,ALL_SYNTHETIC_CUSTOMERS,ALL_SYNTHETIC_PROGRAMS,ALL_SYNTHETIC_PRODUCTS,SYNTHETIC_INTERNAL,SNP-COOLIT-20260925-BL,SCN-BASELINE,ECOAPR-0019-2,ECO-0019,2,Quality Manager,APPROVED,2026-08-21T15:05:00-06:00,true,8c68b4a729eb81fe1d3a1ebe33db502cec7d67015d14aeb640a8b23ae23ef118
TEN-COOLIT-SYN-001,SITE-COOLIT-SYN-01,PLM,ENGINEERING_CHANGE_APPROVAL,ECOAPR-0019-3,ECO-0019,RESOLVED,2026-09-25T23:59:59-06:00,2026-09-26T08:00:00-06:00,2026-06-29T00:00:00-06:00,,1,,false,APPROVED,,,VALID,CURRENT,coolit-synthetic-v2.0.0,ALL_SYNTHETIC_CUSTOMERS,ALL_SYNTHETIC_PROGRAMS,ALL_SYNTHETIC_PRODUCTS,SYNTHETIC_INTERNAL,SNP-COOLIT-20260925-BL,SCN-BASELINE,ECOAPR-0019-3,ECO-0019,3,Manufacturing Manager,APPROVED,2026-08-22T16:58:00-06:00,true,72a124d9060245f8fb8ab09eeedcff76c1e76e8023a8d6022505cd8a7ea5fea5
TEN-COOLIT-SYN-001,SITE-COOLIT-SYN-01,PLM,ENGINEERING_CHANGE_APPROVAL,ECOAPR-0020-1,ECO-0020,RESOLVED,2026-09-25T23:59:59-06:00,2026-09-26T08:00:00-06:00,2026-06-29T00:00:00-06:00,,1,,false,APPROVED,,,VALID,CURRENT,coolit-synthetic-v2.0.0,ALL_SYNTHETIC_CUSTOMERS,ALL_SYNTHETIC_PROGRAMS,ALL_SYNTHETIC_PRODUCTS,SYNTHETIC_INTERNAL,SNP-COOLIT-20260925-BL,SCN-BASELINE,ECOAPR-0020-1,ECO-0020,1,Engineering Manager,APPROVED,2026-08-23T14:51:00-06:00,true,00dda759779a353ae7c0963731e5c34702cf79726fcc43ba71ba2a785cc1a64e
TEN-COOLIT-SYN-001,SITE-COOLIT-SYN-01,PLM,ENGINEERING_CHANGE_APPROVAL,ECOAPR-0020-2,ECO-0020,RESOLVED,2026-09-25T23:59:59-06:00,2026-09-26T08:00:00-06:00,2026-06-29T00:00:00-06:00,,1,,false,APPROVED,,,VALID,CURRENT,coolit-synthetic-v2.0.0,ALL_SYNTHETIC_CUSTOMERS,ALL_SYNTHETIC_PROGRAMS,ALL_SYNTHETIC_PRODUCTS,SYNTHETIC_INTERNAL,SNP-COOLIT-20260925-BL,SCN-BASELINE,ECOAPR-0020-2,ECO-0020,2,Quality Manager,APPROVED,2026-08-24T15:44:00-06:00,true,8024eb60769f6d6dc297fa7e72405b498eb6da5aae754aa72f059a5735bc9b6d
TEN-COOLIT-SYN-001,SITE-COOLIT-SYN-01,PLM,ENGINEERING_CHANGE_APPROVAL,ECOAPR-0020-3,ECO-0020,RESOLVED,2026-09-25T23:59:59-06:00,2026-09-26T08:00:00-06:00,2026-06-29T00:00:00-06:00,,1,,false,APPROVED,,,VALID,CURRENT,coolit-synthetic-v2.0.0,ALL_SYNTHETIC_CUSTOMERS,ALL_SYNTHETIC_PROGRAMS,ALL_SYNTHETIC_PRODUCTS,SYNTHETIC_INTERNAL,SNP-COOLIT-20260925-BL,SCN-BASELINE,ECOAPR-0020-3,ECO-0020,3,Manufacturing Manager,APPROVED,2026-08-25T16:37:00-06:00,true,1b69ef3a7e3598b997d0f01ee3b8fee64933ac6524d283c2f995cebbed59c9e4
TEN-COOLIT-SYN-001,SITE-COOLIT-SYN-01,PLM,ENGINEERING_CHANGE_APPROVAL,ECOAPR-0021-1,ECO-0021,RESOLVED,2026-09-25T23:59:59-06:00,2026-09-26T08:00:00-06:00,2026-06-29T00:00:00-06:00,,1,,false,APPROVED,,,VALID,CURRENT,coolit-synthetic-v2.0.0,ALL_SYNTHETIC_CUSTOMERS,ALL_SYNTHETIC_PROGRAMS,ALL_SYNTHETIC_PRODUCTS,SYNTHETIC_INTERNAL,SNP-COOLIT-20260925-BL,SCN-BASELINE,ECOAPR-0021-1,ECO-0021,1,Engineering Manager,APPROVED,2026-08-26T14:30:00-06:00,true,07b30f6d894a62172ed1a99e8624e6a3bbb72993fe9a44cd47c00abe0d605f68
TEN-COOLIT-SYN-001,SITE-COOLIT-SYN-01,PLM,ENGINEERING_CHANGE_APPROVAL,ECOAPR-0021-2,ECO-0021,RESOLVED,2026-09-25T23:59:59-06:00,2026-09-26T08:00:00-06:00,2026-06-29T00:00:00-06:00,,1,,false,APPROVED,,,VALID,CURRENT,coolit-synthetic-v2.0.0,ALL_SYNTHETIC_CUSTOMERS,ALL_SYNTHETIC_PROGRAMS,ALL_SYNTHETIC_PRODUCTS,SYNTHETIC_INTERNAL,SNP-COOLIT-20260925-BL,SCN-BASELINE,ECOAPR-0021-2,ECO-0021,2,Quality Manager,APPROVED,2026-08-27T15:23:00-06:00,true,99a5df1bf84fdb8e77ba05e1b6851409edb68de0d3da068438b7c12dec1f1f72
TEN-COOLIT-SYN-001,SITE-COOLIT-SYN-01,PLM,ENGINEERING_CHANGE_APPROVAL,ECOAPR-0021-3,ECO-0021,RESOLVED,2026-09-25T23:59:59-06:00,2026-09-26T08:00:00-06:00,2026-06-29T00:00:00-06:00,,1,,false,APPROVED,,,VALID,CURRENT,coolit-synthetic-v2.0.0,ALL_SYNTHETIC_CUSTOMERS,ALL_SYNTHETIC_PROGRAMS,ALL_SYNTHETIC_PRODUCTS,SYNTHETIC_INTERNAL,SNP-COOLIT-20260925-BL,SCN-BASELINE,ECOAPR-0021-3,ECO-0021,3,Manufacturing Manager,APPROVED,2026-08-28T16:16:00-06:00,true,788b8d5596d7351dccf48dceac0c950bcc6321a1d286ed36de972fa7301acdec
TEN-COOLIT-SYN-001,SITE-COOLIT-SYN-01,PLM,ENGINEERING_CHANGE_APPROVAL,ECOAPR-0022-1,ECO-0022,RESOLVED,2026-09-25T23:59:59-06:00,2026-09-26T08:00:00-06:00,2026-06-29T00:00:00-06:00,,1,,false,APPROVED,,,VALID,CURRENT,coolit-synthetic-v2.0.0,ALL_SYNTHETIC_CUSTOMERS,ALL_SYNTHETIC_PROGRAMS,ALL_SYNTHETIC_PRODUCTS,SYNTHETIC_INTERNAL,SNP-COOLIT-20260925-BL,SCN-BASELINE,ECOAPR-0022-1,ECO-0022,1,Engineering Manager,APPROVED,2026-08-29T14:09:00-06:00,true,6ad8ab127ce27e9d0354ff6dc61c36a1d021f6fd8cce03e86105b7f8d458d521
TEN-COOLIT-SYN-001,SITE-COOLIT-SYN-01,PLM,ENGINEERING_CHANGE_APPROVAL,ECOAPR-0022-2,ECO-0022,RESOLVED,2026-09-25T23:59:59-06:00,2026-09-26T08:00:00-06:00,2026-06-29T00:00:00-06:00,,1,,false,APPROVED,,,VALID,CURRENT,coolit-synthetic-v2.0.0,ALL_SYNTHETIC_CUSTOMERS,ALL_SYNTHETIC_PROGRAMS,ALL_SYNTHETIC_PRODUCTS,SYNTHETIC_INTERNAL,SNP-COOLIT-20260925-BL,SCN-BASELINE,ECOAPR-0022-2,ECO-0022,2,Quality Manager,APPROVED,2026-08-30T15:02:00-06:00,true,c9ac661a5bf8d25e065fb080226eb7abbec71ddbdb7c0658d679ff6b2c20515e
TEN-COOLIT-SYN-001,SITE-COOLIT-SYN-01,PLM,ENGINEERING_CHANGE_APPROVAL,ECOAPR-0022-3,ECO-0022,RESOLVED,2026-09-25T23:59:59-06:00,2026-09-26T08:00:00-06:00,2026-06-29T00:00:00-06:00,,1,,false,APPROVED,,,VALID,CURRENT,coolit-synthetic-v2.0.0,ALL_SYNTHETIC_CUSTOMERS,ALL_SYNTHETIC_PROGRAMS,ALL_SYNTHETIC_PRODUCTS,SYNTHETIC_INTERNAL,SNP-COOLIT-20260925-BL,SCN-BASELINE,ECOAPR-0022-3,ECO-0022,3,Manufacturing Manager,APPROVED,2026-08-31T16:55:00-06:00,true,8c3587984b2e7b2e5db319fd3ae388084774573351d18a92c465f00cc77a959b
TEN-COOLIT-SYN-001,SITE-COOLIT-SYN-01,PLM,ENGINEERING_CHANGE_APPROVAL,ECOAPR-0023-1,ECO-0023,RESOLVED,2026-09-25T23:59:59-06:00,2026-09-26T08:00:00-06:00,2026-06-29T00:00:00-06:00,,1,,false,APPROVED,,,VALID,CURRENT,coolit-synthetic-v2.0.0,ALL_SYNTHETIC_CUSTOMERS,ALL_SYNTHETIC_PROGRAMS,ALL_SYNTHETIC_PRODUCTS,SYNTHETIC_INTERNAL,SNP-COOLIT-20260925-BL,SCN-BASELINE,ECOAPR-0023-1,ECO-0023,1,Engineering Manager,APPROVED,2026-09-01T14:48:00-06:00,true,464002c975550dbade0038bf2f1684f5c1b4757a0d842dc16cbfb42072839b14
TEN-COOLIT-SYN-001,SITE-COOLIT-SYN-01,PLM,ENGINEERING_CHANGE_APPROVAL,ECOAPR-0023-2,ECO-0023,RESOLVED,2026-09-25T23:59:59-06:00,2026-09-26T08:00:00-06:00,2026-06-29T00:00:00-06:00,,1,,false,APPROVED,,,VALID,CURRENT,coolit-synthetic-v2.0.0,ALL_SYNTHETIC_CUSTOMERS,ALL_SYNTHETIC_PROGRAMS,ALL_SYNTHETIC_PRODUCTS,SYNTHETIC_INTERNAL,SNP-COOLIT-20260925-BL,SCN-BASELINE,ECOAPR-0023-2,ECO-0023,2,Quality Manager,APPROVED,2026-09-02T15:41:00-06:00,true,c17daee7b9a2e377e0f18a6709b63b2b5181fe7d0b146cbf70ba00bc8777c666
TEN-COOLIT-SYN-001,SITE-COOLIT-SYN-01,PLM,ENGINEERING_CHANGE_APPROVAL,ECOAPR-0023-3,ECO-0023,RESOLVED,2026-09-25T23:59:59-06:00,2026-09-26T08:00:00-06:00,2026-06-29T00:00:00-06:00,,1,,false,APPROVED,,,VALID,CURRENT,coolit-synthetic-v2.0.0,ALL_SYNTHETIC_CUSTOMERS,ALL_SYNTHETIC_PROGRAMS,ALL_SYNTHETIC_PRODUCTS,SYNTHETIC_INTERNAL,SNP-COOLIT-20260925-BL,SCN-BASELINE,ECOAPR-0023-3,ECO-0023,3,Manufacturing Manager,APPROVED,2026-09-03T16:34:00-06:00,true,fe1b3de3c524128dafd26fa89dc9b6428465b289948fcd006a3db5268805cc2e
TEN-COOLIT-SYN-001,SITE-COOLIT-SYN-01,PLM,ENGINEERING_CHANGE_APPROVAL,ECOAPR-0024-1,ECO-0024,RESOLVED,2026-09-25T23:59:59-06:00,2026-09-26T08:00:00-06:00,2026-06-29T00:00:00-06:00,,1,,false,APPROVED,,,VALID,CURRENT,coolit-synthetic-v2.0.0,ALL_SYNTHETIC_CUSTOMERS,ALL_SYNTHETIC_PROGRAMS,ALL_SYNTHETIC_PRODUCTS,SYNTHETIC_INTERNAL,SNP-COOLIT-20260925-BL,SCN-BASELINE,ECOAPR-0024-1,ECO-0024,1,Engineering Manager,APPROVED,2026-09-04T14:27:00-06:00,true,39fec2591de7b290dc36bd01076547634a764182e7d3d450040cb516da1a62f0
TEN-COOLIT-SYN-001,SITE-COOLIT-SYN-01,PLM,ENGINEERING_CHANGE_APPROVAL,ECOAPR-0024-2,ECO-0024,RESOLVED,2026-09-25T23:59:59-06:00,2026-09-26T08:00:00-06:00,2026-06-29T00:00:00-06:00,,1,,false,APPROVED,,,VALID,CURRENT,coolit-synthetic-v2.0.0,ALL_SYNTHETIC_CUSTOMERS,ALL_SYNTHETIC_PROGRAMS,ALL_SYNTHETIC_PRODUCTS,SYNTHETIC_INTERNAL,SNP-COOLIT-20260925-BL,SCN-BASELINE,ECOAPR-0024-2,ECO-0024,2,Quality Manager,APPROVED,2026-09-05T15:20:00-06:00,true,92d1bf203b27632458394b7d536bb97eb27eedba4e076e106077d57b875d8baa
TEN-COOLIT-SYN-001,SITE-COOLIT-SYN-01,PLM,ENGINEERING_CHANGE_APPROVAL,ECOAPR-0024-3,ECO-0024,RESOLVED,2026-09-25T23:59:59-06:00,2026-09-26T08:00:00-06:00,2026-06-29T00:00:00-06:00,,1,,false,APPROVED,,,VALID,CURRENT,coolit-synthetic-v2.0.0,ALL_SYNTHETIC_CUSTOMERS,ALL_SYNTHETIC_PROGRAMS,ALL_SYNTHETIC_PRODUCTS,SYNTHETIC_INTERNAL,SNP-COOLIT-20260925-BL,SCN-BASELINE,ECOAPR-0024-3,ECO-0024,3,Manufacturing Manager,APPROVED,2026-09-06T16:13:00-06:00,true,8feb26a5ac46b8be8334608d8de0d988702430d19d7781664745eb54f2a1c9cf
