tenant_id,site_id,source_system,source_object,source_record_id,canonical_id,crosswalk_status,source_event_at,ingested_at,effective_from,effective_to,record_version,supersedes_source_record_id,is_deleted,semantic_status,uom,currency,data_quality_state,freshness_state,transformation_version,customer_scope,program_scope,product_scope,sensitivity_class,snapshot_id,scenario_id,invoice_match_id,po_schedule_id,goods_receipt_line_id,supplier_invoice_reference,invoiced_qty,accepted_qty,unit_price_cad,merchandise_amount_cad,freight_amount_cad,tax_amount_cad,quantity_variance_qty,price_variance_cad,tolerance_state,posting_state
TEN-COOLIT-SYN-001,SITE-COOLIT-SYN-01,ERP,INVOICE_MATCH,IMATCH-0001,PO-SCH-0001,RESOLVED,2026-09-25T23:59:59-06:00,2026-09-26T08:00:00-06:00,2026-06-29T00:00:00-06:00,,1,,false,ACTIVE,,CAD,VALID,CURRENT,coolit-synthetic-v2.0.0,ALL_SYNTHETIC_CUSTOMERS,ALL_SYNTHETIC_PROGRAMS,P-QD-001,SYNTHETIC_INTERNAL,SNP-COOLIT-20260925-BL,SCN-BASELINE,IMATCH-0001,PO-SCH-0001,GRN-0001,SINV-00001,40,37,25,1000,20,50,3,0,MATCHED,POSTED_SYNTHETIC
TEN-COOLIT-SYN-001,SITE-COOLIT-SYN-01,ERP,INVOICE_MATCH,IMATCH-0002,PO-SCH-0002,RESOLVED,2026-09-25T23:59:59-06:00,2026-09-26T08:00:00-06:00,2026-06-29T00:00:00-06:00,,1,,false,ACTIVE,,CAD,VALID,CURRENT,coolit-synthetic-v2.0.0,ALL_SYNTHETIC_CUSTOMERS,ALL_SYNTHETIC_PROGRAMS,P-QD-002,SYNTHETIC_INTERNAL,SNP-COOLIT-20260925-BL,SCN-BASELINE,IMATCH-0002,PO-SCH-0002,GRN-0002,SINV-00002,55,55,32.5,1787.5,35.75,89.38,0,0,MATCHED,POSTED_SYNTHETIC
TEN-COOLIT-SYN-001,SITE-COOLIT-SYN-01,ERP,INVOICE_MATCH,IMATCH-0003,PO-SCH-0003,RESOLVED,2026-09-25T23:59:59-06:00,2026-09-26T08:00:00-06:00,2026-06-29T00:00:00-06:00,,1,,false,ACTIVE,,CAD,VALID,CURRENT,coolit-synthetic-v2.0.0,ALL_SYNTHETIC_CUSTOMERS,ALL_SYNTHETIC_PROGRAMS,P-QD-003,SYNTHETIC_INTERNAL,SNP-COOLIT-20260925-BL,SCN-BASELINE,IMATCH-0003,PO-SCH-0003,GRN-0003,SINV-00003,70,70,40,2800,56,140,0,0,MATCHED,POSTED_SYNTHETIC
TEN-COOLIT-SYN-001,SITE-COOLIT-SYN-01,ERP,INVOICE_MATCH,IMATCH-0004,PO-SCH-0004,RESOLVED,2026-09-25T23:59:59-06:00,2026-09-26T08:00:00-06:00,2026-06-29T00:00:00-06:00,,1,,false,ACTIVE,,CAD,VALID,CURRENT,coolit-synthetic-v2.0.0,ALL_SYNTHETIC_CUSTOMERS,ALL_SYNTHETIC_PROGRAMS,P-QD-004,SYNTHETIC_INTERNAL,SNP-COOLIT-20260925-BL,SCN-BASELINE,IMATCH-0004,PO-SCH-0004,GRN-0004,SINV-00004,85,85,47.5,4037.5,80.75,201.88,0,0,MATCHED,POSTED_SYNTHETIC
TEN-COOLIT-SYN-001,SITE-COOLIT-SYN-01,ERP,INVOICE_MATCH,IMATCH-0005,PO-SCH-0005,RESOLVED,2026-09-25T23:59:59-06:00,2026-09-26T08:00:00-06:00,2026-06-29T00:00:00-06:00,,1,,false,ACTIVE,,CAD,VALID,CURRENT,coolit-synthetic-v2.0.0,ALL_SYNTHETIC_CUSTOMERS,ALL_SYNTHETIC_PROGRAMS,P-QD-005,SYNTHETIC_INTERNAL,SNP-COOLIT-20260925-BL,SCN-BASELINE,IMATCH-0005,PO-SCH-0005,GRN-0005,SINV-00005,100,100,55,5500,110,275,0,0,MATCHED,POSTED_SYNTHETIC
TEN-COOLIT-SYN-001,SITE-COOLIT-SYN-01,ERP,INVOICE_MATCH,IMATCH-0006,PO-SCH-0006,RESOLVED,2026-09-25T23:59:59-06:00,2026-09-26T08:00:00-06:00,2026-06-29T00:00:00-06:00,,1,,false,ACTIVE,,CAD,VALID,CURRENT,coolit-synthetic-v2.0.0,ALL_SYNTHETIC_CUSTOMERS,ALL_SYNTHETIC_PROGRAMS,P-QD-006,SYNTHETIC_INTERNAL,SNP-COOLIT-20260925-BL,SCN-BASELINE,IMATCH-0006,PO-SCH-0006,GRN-0006,SINV-00006,115,115,62.5,7187.5,143.75,359.38,0,0,MATCHED,POSTED_SYNTHETIC
TEN-COOLIT-SYN-001,SITE-COOLIT-SYN-01,ERP,INVOICE_MATCH,IMATCH-0007,PO-SCH-0007,RESOLVED,2026-09-25T23:59:59-06:00,2026-09-26T08:00:00-06:00,2026-06-29T00:00:00-06:00,,1,,false,ACTIVE,,CAD,VALID,CURRENT,coolit-synthetic-v2.0.0,ALL_SYNTHETIC_CUSTOMERS,ALL_SYNTHETIC_PROGRAMS,P-QD-007,SYNTHETIC_INTERNAL,SNP-COOLIT-20260925-BL,SCN-BASELINE,IMATCH-0007,PO-SCH-0007,GRN-0007,SINV-00007,130,130,70,9100,182,455,0,0,MATCHED,POSTED_SYNTHETIC
TEN-COOLIT-SYN-001,SITE-COOLIT-SYN-01,ERP,INVOICE_MATCH,IMATCH-0008,PO-SCH-0008,RESOLVED,2026-09-25T23:59:59-06:00,2026-09-26T08:00:00-06:00,2026-06-29T00:00:00-06:00,,1,,false,ACTIVE,,CAD,VALID,CURRENT,coolit-synthetic-v2.0.0,ALL_SYNTHETIC_CUSTOMERS,ALL_SYNTHETIC_PROGRAMS,P-QD-008,SYNTHETIC_INTERNAL,SNP-COOLIT-20260925-BL,SCN-BASELINE,IMATCH-0008,PO-SCH-0008,GRN-0008,SINV-00008,145,145,77.5,11237.5,224.75,561.88,0,0,MATCHED,POSTED_SYNTHETIC
TEN-COOLIT-SYN-001,SITE-COOLIT-SYN-01,ERP,INVOICE_MATCH,IMATCH-0009,PO-SCH-0009,RESOLVED,2026-09-25T23:59:59-06:00,2026-09-26T08:00:00-06:00,2026-06-29T00:00:00-06:00,,1,,false,ACTIVE,,CAD,VALID,CURRENT,coolit-synthetic-v2.0.0,ALL_SYNTHETIC_CUSTOMERS,ALL_SYNTHETIC_PROGRAMS,P-QD-009,SYNTHETIC_INTERNAL,SNP-COOLIT-20260925-BL,SCN-BASELINE,IMATCH-0009,PO-SCH-0009,GRN-0009,SINV-00009,160,160,85,13600,272,680,0,0,MATCHED,POSTED_SYNTHETIC
TEN-COOLIT-SYN-001,SITE-COOLIT-SYN-01,ERP,INVOICE_MATCH,IMATCH-0010,PO-SCH-0010,RESOLVED,2026-09-25T23:59:59-06:00,2026-09-26T08:00:00-06:00,2026-06-29T00:00:00-06:00,,1,,false,ACTIVE,,CAD,VALID,CURRENT,coolit-synthetic-v2.0.0,ALL_SYNTHETIC_CUSTOMERS,ALL_SYNTHETIC_PROGRAMS,P-QD-010,SYNTHETIC_INTERNAL,SNP-COOLIT-20260925-BL,SCN-BASELINE,IMATCH-0010,PO-SCH-0010,GRN-0010,SINV-00010,175,175,92.5,16187.5,323.75,809.38,0,0,MATCHED,POSTED_SYNTHETIC
TEN-COOLIT-SYN-001,SITE-COOLIT-SYN-01,ERP,INVOICE_MATCH,IMATCH-0011,PO-SCH-0011,RESOLVED,2026-09-25T23:59:59-06:00,2026-09-26T08:00:00-06:00,2026-06-29T00:00:00-06:00,,1,,false,ACTIVE,,CAD,VALID,CURRENT,coolit-synthetic-v2.0.0,ALL_SYNTHETIC_CUSTOMERS,ALL_SYNTHETIC_PROGRAMS,P-PUMP-001,SYNTHETIC_INTERNAL,SNP-COOLIT-20260925-BL,SCN-BASELINE,IMATCH-0011,PO-SCH-0011,GRN-0011,SINV-00011,190,190,100,19000,380,950,0,0,MATCHED,POSTED_SYNTHETIC
TEN-COOLIT-SYN-001,SITE-COOLIT-SYN-01,ERP,INVOICE_MATCH,IMATCH-0012,PO-SCH-0012,RESOLVED,2026-09-25T23:59:59-06:00,2026-09-26T08:00:00-06:00,2026-06-29T00:00:00-06:00,,1,,false,ACTIVE,,CAD,VALID,CURRENT,coolit-synthetic-v2.0.0,ALL_SYNTHETIC_CUSTOMERS,ALL_SYNTHETIC_PROGRAMS,P-PUMP-002,SYNTHETIC_INTERNAL,SNP-COOLIT-20260925-BL,SCN-BASELINE,IMATCH-0012,PO-SCH-0012,GRN-0012,SINV-00012,205,205,107.5,22037.5,440.75,1101.88,0,0,MATCHED,POSTED_SYNTHETIC
TEN-COOLIT-SYN-001,SITE-COOLIT-SYN-01,ERP,INVOICE_MATCH,IMATCH-0013,PO-SCH-0013,RESOLVED,2026-09-25T23:59:59-06:00,2026-09-26T08:00:00-06:00,2026-06-29T00:00:00-06:00,,1,,false,ACTIVE,,CAD,VALID,CURRENT,coolit-synthetic-v2.0.0,ALL_SYNTHETIC_CUSTOMERS,ALL_SYNTHETIC_PROGRAMS,P-PUMP-003,SYNTHETIC_INTERNAL,SNP-COOLIT-20260925-BL,SCN-BASELINE,IMATCH-0013,PO-SCH-0013,GRN-0013,SINV-00013,40,40,115,4600,92,230,0,0,MATCHED,POSTED_SYNTHETIC
TEN-COOLIT-SYN-001,SITE-COOLIT-SYN-01,ERP,INVOICE_MATCH,IMATCH-0014,PO-SCH-0014,RESOLVED,2026-09-25T23:59:59-06:00,2026-09-26T08:00:00-06:00,2026-06-29T00:00:00-06:00,,1,,false,ACTIVE,,CAD,VALID,CURRENT,coolit-synthetic-v2.0.0,ALL_SYNTHETIC_CUSTOMERS,ALL_SYNTHETIC_PROGRAMS,P-PUMP-004,SYNTHETIC_INTERNAL,SNP-COOLIT-20260925-BL,SCN-BASELINE,IMATCH-0014,PO-SCH-0014,GRN-0014,SINV-00014,55,55,122.5,6737.5,134.75,336.88,0,0,MATCHED,POSTED_SYNTHETIC
TEN-COOLIT-SYN-001,SITE-COOLIT-SYN-01,ERP,INVOICE_MATCH,IMATCH-0015,PO-SCH-0015,RESOLVED,2026-09-25T23:59:59-06:00,2026-09-26T08:00:00-06:00,2026-06-29T00:00:00-06:00,,1,,false,ACTIVE,,CAD,VALID,CURRENT,coolit-synthetic-v2.0.0,ALL_SYNTHETIC_CUSTOMERS,ALL_SYNTHETIC_PROGRAMS,P-PUMP-005,SYNTHETIC_INTERNAL,SNP-COOLIT-20260925-BL,SCN-BASELINE,IMATCH-0015,PO-SCH-0015,GRN-0015,SINV-00015,70,70,130,9100,182,455,0,0,MATCHED,POSTED_SYNTHETIC
TEN-COOLIT-SYN-001,SITE-COOLIT-SYN-01,ERP,INVOICE_MATCH,IMATCH-0016,PO-SCH-0016,RESOLVED,2026-09-25T23:59:59-06:00,2026-09-26T08:00:00-06:00,2026-06-29T00:00:00-06:00,,1,,false,ACTIVE,,CAD,VALID,CURRENT,coolit-synthetic-v2.0.0,ALL_SYNTHETIC_CUSTOMERS,ALL_SYNTHETIC_PROGRAMS,P-PUMP-006,SYNTHETIC_INTERNAL,SNP-COOLIT-20260925-BL,SCN-BASELINE,IMATCH-0016,PO-SCH-0016,GRN-0016,SINV-00016,85,85,137.5,11687.5,233.75,584.38,0,0,MATCHED,POSTED_SYNTHETIC
TEN-COOLIT-SYN-001,SITE-COOLIT-SYN-01,ERP,INVOICE_MATCH,IMATCH-0017,PO-SCH-0017,RESOLVED,2026-09-25T23:59:59-06:00,2026-09-26T08:00:00-06:00,2026-06-29T00:00:00-06:00,,1,,false,ACTIVE,,CAD,VALID,CURRENT,coolit-synthetic-v2.0.0,ALL_SYNTHETIC_CUSTOMERS,ALL_SYNTHETIC_PROGRAMS,P-PUMP-007,SYNTHETIC_INTERNAL,SNP-COOLIT-20260925-BL,SCN-BASELINE,IMATCH-0017,PO-SCH-0017,GRN-0017,SINV-00017,100,100,145,14500,290,725,0,0,MATCHED,POSTED_SYNTHETIC
TEN-COOLIT-SYN-001,SITE-COOLIT-SYN-01,ERP,INVOICE_MATCH,IMATCH-0018,PO-SCH-0018,RESOLVED,2026-09-25T23:59:59-06:00,2026-09-26T08:00:00-06:00,2026-06-29T00:00:00-06:00,,1,,false,ACTIVE,,CAD,VALID,CURRENT,coolit-synthetic-v2.0.0,ALL_SYNTHETIC_CUSTOMERS,ALL_SYNTHETIC_PROGRAMS,P-PUMP-008,SYNTHETIC_INTERNAL,SNP-COOLIT-20260925-BL,SCN-BASELINE,IMATCH-0018,PO-SCH-0018,GRN-0018,SINV-00018,115,110,152.5,17537.5,350.75,876.88,5,0,MATCHED,POSTED_SYNTHETIC
TEN-COOLIT-SYN-001,SITE-COOLIT-SYN-01,ERP,INVOICE_MATCH,IMATCH-0019,PO-SCH-0019,RESOLVED,2026-09-25T23:59:59-06:00,2026-09-26T08:00:00-06:00,2026-06-29T00:00:00-06:00,,1,,false,ACTIVE,,CAD,VALID,CURRENT,coolit-synthetic-v2.0.0,ALL_SYNTHETIC_CUSTOMERS,ALL_SYNTHETIC_PROGRAMS,P-HX-001,SYNTHETIC_INTERNAL,SNP-COOLIT-20260925-BL,SCN-BASELINE,IMATCH-0019,PO-SCH-0019,GRN-0019,SINV-00019,130,130,160,20800,416,1040,0,0,MATCHED,POSTED_SYNTHETIC
TEN-COOLIT-SYN-001,SITE-COOLIT-SYN-01,ERP,INVOICE_MATCH,IMATCH-0020,PO-SCH-0020,RESOLVED,2026-09-25T23:59:59-06:00,2026-09-26T08:00:00-06:00,2026-06-29T00:00:00-06:00,,1,,false,ACTIVE,,CAD,VALID,CURRENT,coolit-synthetic-v2.0.0,ALL_SYNTHETIC_CUSTOMERS,ALL_SYNTHETIC_PROGRAMS,P-HX-002,SYNTHETIC_INTERNAL,SNP-COOLIT-20260925-BL,SCN-BASELINE,IMATCH-0020,PO-SCH-0020,GRN-0020,SINV-00020,145,141,167.5,24287.5,485.75,1214.38,4,0,MATCHED,POSTED_SYNTHETIC
TEN-COOLIT-SYN-001,SITE-COOLIT-SYN-01,ERP,INVOICE_MATCH,IMATCH-0021,PO-SCH-0021,RESOLVED,2026-09-25T23:59:59-06:00,2026-09-26T08:00:00-06:00,2026-06-29T00:00:00-06:00,,1,,false,ACTIVE,,CAD,VALID,CURRENT,coolit-synthetic-v2.0.0,ALL_SYNTHETIC_CUSTOMERS,ALL_SYNTHETIC_PROGRAMS,P-HX-003,SYNTHETIC_INTERNAL,SNP-COOLIT-20260925-BL,SCN-BASELINE,IMATCH-0021,PO-SCH-0021,GRN-0021,SINV-00021,160,160,25,4000,80,200,0,0,MATCHED,POSTED_SYNTHETIC
TEN-COOLIT-SYN-001,SITE-COOLIT-SYN-01,ERP,INVOICE_MATCH,IMATCH-0022,PO-SCH-0022,RESOLVED,2026-09-25T23:59:59-06:00,2026-09-26T08:00:00-06:00,2026-06-29T00:00:00-06:00,,1,,false,ACTIVE,,CAD,VALID,CURRENT,coolit-synthetic-v2.0.0,ALL_SYNTHETIC_CUSTOMERS,ALL_SYNTHETIC_PROGRAMS,P-HX-004,SYNTHETIC_INTERNAL,SNP-COOLIT-20260925-BL,SCN-BASELINE,IMATCH-0022,PO-SCH-0022,GRN-0022,SINV-00022,175,175,32.5,5687.5,113.75,284.38,0,0,MATCHED,POSTED_SYNTHETIC
TEN-COOLIT-SYN-001,SITE-COOLIT-SYN-01,ERP,INVOICE_MATCH,IMATCH-0023,PO-SCH-0023,RESOLVED,2026-09-25T23:59:59-06:00,2026-09-26T08:00:00-06:00,2026-06-29T00:00:00-06:00,,1,,false,ACTIVE,,CAD,VALID,CURRENT,coolit-synthetic-v2.0.0,ALL_SYNTHETIC_CUSTOMERS,ALL_SYNTHETIC_PROGRAMS,P-HX-005,SYNTHETIC_INTERNAL,SNP-COOLIT-20260925-BL,SCN-BASELINE,IMATCH-0023,PO-SCH-0023,GRN-0023,SINV-00023,190,190,40,7600,152,380,0,0,MATCHED,POSTED_SYNTHETIC
TEN-COOLIT-SYN-001,SITE-COOLIT-SYN-01,ERP,INVOICE_MATCH,IMATCH-0024,PO-SCH-0024,RESOLVED,2026-09-25T23:59:59-06:00,2026-09-26T08:00:00-06:00,2026-06-29T00:00:00-06:00,,1,,false,ACTIVE,,CAD,VALID,CURRENT,coolit-synthetic-v2.0.0,ALL_SYNTHETIC_CUSTOMERS,ALL_SYNTHETIC_PROGRAMS,P-HX-006,SYNTHETIC_INTERNAL,SNP-COOLIT-20260925-BL,SCN-BASELINE,IMATCH-0024,PO-SCH-0024,GRN-0024,SINV-00024,205,205,47.5,9737.5,194.75,486.88,0,0,MATCHED,POSTED_SYNTHETIC
TEN-COOLIT-SYN-001,SITE-COOLIT-SYN-01,ERP,INVOICE_MATCH,IMATCH-0025,PO-SCH-0025,RESOLVED,2026-09-25T23:59:59-06:00,2026-09-26T08:00:00-06:00,2026-06-29T00:00:00-06:00,,1,,false,ACTIVE,,CAD,VALID,CURRENT,coolit-synthetic-v2.0.0,ALL_SYNTHETIC_CUSTOMERS,ALL_SYNTHETIC_PROGRAMS,P-CTRL-001,SYNTHETIC_INTERNAL,SNP-COOLIT-20260925-BL,SCN-BASELINE,IMATCH-0025,PO-SCH-0025,GRN-0025,SINV-00025,40,40,55,2200,44,110,0,0,MATCHED,POSTED_SYNTHETIC
TEN-COOLIT-SYN-001,SITE-COOLIT-SYN-01,ERP,INVOICE_MATCH,IMATCH-0026,PO-SCH-0026,RESOLVED,2026-09-25T23:59:59-06:00,2026-09-26T08:00:00-06:00,2026-06-29T00:00:00-06:00,,1,,false,ACTIVE,,CAD,VALID,CURRENT,coolit-synthetic-v2.0.0,ALL_SYNTHETIC_CUSTOMERS,ALL_SYNTHETIC_PROGRAMS,P-CTRL-002,SYNTHETIC_INTERNAL,SNP-COOLIT-20260925-BL,SCN-BASELINE,IMATCH-0026,PO-SCH-0026,GRN-0026,SINV-00026,55,55,62.5,3437.5,68.75,171.88,0,0,MATCHED,POSTED_SYNTHETIC
TEN-COOLIT-SYN-001,SITE-COOLIT-SYN-01,ERP,INVOICE_MATCH,IMATCH-0027,PO-SCH-0027,RESOLVED,2026-09-25T23:59:59-06:00,2026-09-26T08:00:00-06:00,2026-06-29T00:00:00-06:00,,1,,false,ACTIVE,,CAD,VALID,CURRENT,coolit-synthetic-v2.0.0,ALL_SYNTHETIC_CUSTOMERS,ALL_SYNTHETIC_PROGRAMS,P-CTRL-003,SYNTHETIC_INTERNAL,SNP-COOLIT-20260925-BL,SCN-BASELINE,IMATCH-0027,PO-SCH-0027,GRN-0027,SINV-00027,70,70,70,4900,98,245,0,0,MATCHED,POSTED_SYNTHETIC
TEN-COOLIT-SYN-001,SITE-COOLIT-SYN-01,ERP,INVOICE_MATCH,IMATCH-0028,PO-SCH-0028,RESOLVED,2026-09-25T23:59:59-06:00,2026-09-26T08:00:00-06:00,2026-06-29T00:00:00-06:00,,1,,false,ACTIVE,,CAD,VALID,CURRENT,coolit-synthetic-v2.0.0,ALL_SYNTHETIC_CUSTOMERS,ALL_SYNTHETIC_PROGRAMS,P-CTRL-004,SYNTHETIC_INTERNAL,SNP-COOLIT-20260925-BL,SCN-BASELINE,IMATCH-0028,PO-SCH-0028,GRN-0028,SINV-00028,85,85,77.5,6587.5,131.75,329.38,0,0,MATCHED,POSTED_SYNTHETIC
TEN-COOLIT-SYN-001,SITE-COOLIT-SYN-01,ERP,INVOICE_MATCH,IMATCH-0029,PO-SCH-0029,RESOLVED,2026-09-25T23:59:59-06:00,2026-09-26T08:00:00-06:00,2026-06-29T00:00:00-06:00,,1,,false,ACTIVE,,CAD,VALID,CURRENT,coolit-synthetic-v2.0.0,ALL_SYNTHETIC_CUSTOMERS,ALL_SYNTHETIC_PROGRAMS,P-CTRL-005,SYNTHETIC_INTERNAL,SNP-COOLIT-20260925-BL,SCN-BASELINE,IMATCH-0029,PO-SCH-0029,GRN-0029,SINV-00029,100,100,85,8500,170,425,0,0,MATCHED,POSTED_SYNTHETIC
TEN-COOLIT-SYN-001,SITE-COOLIT-SYN-01,ERP,INVOICE_MATCH,IMATCH-0030,PO-SCH-0030,RESOLVED,2026-09-25T23:59:59-06:00,2026-09-26T08:00:00-06:00,2026-06-29T00:00:00-06:00,,1,,false,ACTIVE,,CAD,VALID,CURRENT,coolit-synthetic-v2.0.0,ALL_SYNTHETIC_CUSTOMERS,ALL_SYNTHETIC_PROGRAMS,P-CTRL-006,SYNTHETIC_INTERNAL,SNP-COOLIT-20260925-BL,SCN-BASELINE,IMATCH-0030,PO-SCH-0030,GRN-0030,SINV-00030,115,115,92.5,10637.5,212.75,531.88,0,0,MATCHED,POSTED_SYNTHETIC
TEN-COOLIT-SYN-001,SITE-COOLIT-SYN-01,ERP,INVOICE_MATCH,IMATCH-0031,PO-SCH-0031,RESOLVED,2026-09-25T23:59:59-06:00,2026-09-26T08:00:00-06:00,2026-06-29T00:00:00-06:00,,1,,false,ACTIVE,,CAD,VALID,CURRENT,coolit-synthetic-v2.0.0,ALL_SYNTHETIC_CUSTOMERS,ALL_SYNTHETIC_PROGRAMS,P-COMP-001,SYNTHETIC_INTERNAL,SNP-COOLIT-20260925-BL,SCN-BASELINE,IMATCH-0031,PO-SCH-0031,GRN-0031,SINV-00031,130,130,100,13000,260,650,0,0,MATCHED,POSTED_SYNTHETIC
TEN-COOLIT-SYN-001,SITE-COOLIT-SYN-01,ERP,INVOICE_MATCH,IMATCH-0032,PO-SCH-0032,RESOLVED,2026-09-25T23:59:59-06:00,2026-09-26T08:00:00-06:00,2026-06-29T00:00:00-06:00,,1,,false,ACTIVE,,CAD,VALID,CURRENT,coolit-synthetic-v2.0.0,ALL_SYNTHETIC_CUSTOMERS,ALL_SYNTHETIC_PROGRAMS,P-COMP-002,SYNTHETIC_INTERNAL,SNP-COOLIT-20260925-BL,SCN-BASELINE,IMATCH-0032,PO-SCH-0032,GRN-0032,SINV-00032,145,145,107.5,15587.5,311.75,779.38,0,0,MATCHED,POSTED_SYNTHETIC
TEN-COOLIT-SYN-001,SITE-COOLIT-SYN-01,ERP,INVOICE_MATCH,IMATCH-0033,PO-SCH-0033,RESOLVED,2026-09-25T23:59:59-06:00,2026-09-26T08:00:00-06:00,2026-06-29T00:00:00-06:00,,1,,false,ACTIVE,,CAD,VALID,CURRENT,coolit-synthetic-v2.0.0,ALL_SYNTHETIC_CUSTOMERS,ALL_SYNTHETIC_PROGRAMS,P-COMP-003,SYNTHETIC_INTERNAL,SNP-COOLIT-20260925-BL,SCN-BASELINE,IMATCH-0033,PO-SCH-0033,GRN-0033,SINV-00033,160,160,115,18400,368,920,0,0,MATCHED,POSTED_SYNTHETIC
TEN-COOLIT-SYN-001,SITE-COOLIT-SYN-01,ERP,INVOICE_MATCH,IMATCH-0034,PO-SCH-0034,RESOLVED,2026-09-25T23:59:59-06:00,2026-09-26T08:00:00-06:00,2026-06-29T00:00:00-06:00,,1,,false,ACTIVE,,CAD,VALID,CURRENT,coolit-synthetic-v2.0.0,ALL_SYNTHETIC_CUSTOMERS,ALL_SYNTHETIC_PROGRAMS,P-COMP-004,SYNTHETIC_INTERNAL,SNP-COOLIT-20260925-BL,SCN-BASELINE,IMATCH-0034,PO-SCH-0034,GRN-0034,SINV-00034,175,175,122.5,21437.5,428.75,1071.88,0,0,MATCHED,POSTED_SYNTHETIC
TEN-COOLIT-SYN-001,SITE-COOLIT-SYN-01,ERP,INVOICE_MATCH,IMATCH-0035,PO-SCH-0035,RESOLVED,2026-09-25T23:59:59-06:00,2026-09-26T08:00:00-06:00,2026-06-29T00:00:00-06:00,,1,,false,ACTIVE,,CAD,VALID,CURRENT,coolit-synthetic-v2.0.0,ALL_SYNTHETIC_CUSTOMERS,ALL_SYNTHETIC_PROGRAMS,P-COMP-005,SYNTHETIC_INTERNAL,SNP-COOLIT-20260925-BL,SCN-BASELINE,IMATCH-0035,PO-SCH-0035,GRN-0035,SINV-00035,190,185,130,24700,494,1235,5,0,MATCHED,POSTED_SYNTHETIC
TEN-COOLIT-SYN-001,SITE-COOLIT-SYN-01,ERP,INVOICE_MATCH,IMATCH-0036,PO-SCH-0036,RESOLVED,2026-09-25T23:59:59-06:00,2026-09-26T08:00:00-06:00,2026-06-29T00:00:00-06:00,,1,,false,ACTIVE,,CAD,VALID,CURRENT,coolit-synthetic-v2.0.0,ALL_SYNTHETIC_CUSTOMERS,ALL_SYNTHETIC_PROGRAMS,P-COMP-006,SYNTHETIC_INTERNAL,SNP-COOLIT-20260925-BL,SCN-BASELINE,IMATCH-0036,PO-SCH-0036,GRN-0036,SINV-00036,205,205,137.5,28187.5,563.75,1409.38,0,0,MATCHED,POSTED_SYNTHETIC
TEN-COOLIT-SYN-001,SITE-COOLIT-SYN-01,ERP,INVOICE_MATCH,IMATCH-0037,PO-SCH-0037,RESOLVED,2026-09-25T23:59:59-06:00,2026-09-26T08:00:00-06:00,2026-06-29T00:00:00-06:00,,1,,false,ACTIVE,,CAD,VALID,CURRENT,coolit-synthetic-v2.0.0,ALL_SYNTHETIC_CUSTOMERS,ALL_SYNTHETIC_PROGRAMS,P-COMP-007,SYNTHETIC_INTERNAL,SNP-COOLIT-20260925-BL,SCN-BASELINE,IMATCH-0037,PO-SCH-0037,GRN-0037,SINV-00037,40,40,145,5800,116,290,0,0,MATCHED,POSTED_SYNTHETIC
TEN-COOLIT-SYN-001,SITE-COOLIT-SYN-01,ERP,INVOICE_MATCH,IMATCH-0038,PO-SCH-0038,RESOLVED,2026-09-25T23:59:59-06:00,2026-09-26T08:00:00-06:00,2026-06-29T00:00:00-06:00,,1,,false,ACTIVE,,CAD,VALID,CURRENT,coolit-synthetic-v2.0.0,ALL_SYNTHETIC_CUSTOMERS,ALL_SYNTHETIC_PROGRAMS,P-COMP-008,SYNTHETIC_INTERNAL,SNP-COOLIT-20260925-BL,SCN-BASELINE,IMATCH-0038,PO-SCH-0038,GRN-0038,SINV-00038,55,55,152.5,8387.5,167.75,419.38,0,0,MATCHED,POSTED_SYNTHETIC
TEN-COOLIT-SYN-001,SITE-COOLIT-SYN-01,ERP,INVOICE_MATCH,IMATCH-0039,PO-SCH-0039,RESOLVED,2026-09-25T23:59:59-06:00,2026-09-26T08:00:00-06:00,2026-06-29T00:00:00-06:00,,1,,false,ACTIVE,,CAD,VALID,CURRENT,coolit-synthetic-v2.0.0,ALL_SYNTHETIC_CUSTOMERS,ALL_SYNTHETIC_PROGRAMS,P-COMP-009,SYNTHETIC_INTERNAL,SNP-COOLIT-20260925-BL,SCN-BASELINE,IMATCH-0039,PO-SCH-0039,GRN-0039,SINV-00039,70,68,160,11200,224,560,2,0,MATCHED,POSTED_SYNTHETIC
TEN-COOLIT-SYN-001,SITE-COOLIT-SYN-01,ERP,INVOICE_MATCH,IMATCH-0040,PO-SCH-0040,RESOLVED,2026-09-25T23:59:59-06:00,2026-09-26T08:00:00-06:00,2026-06-29T00:00:00-06:00,,1,,false,ACTIVE,,CAD,VALID,CURRENT,coolit-synthetic-v2.0.0,ALL_SYNTHETIC_CUSTOMERS,ALL_SYNTHETIC_PROGRAMS,P-COMP-010,SYNTHETIC_INTERNAL,SNP-COOLIT-20260925-BL,SCN-BASELINE,IMATCH-0040,PO-SCH-0040,GRN-0040,SINV-00040,85,85,167.5,14237.5,284.75,711.88,0,0,MATCHED,POSTED_SYNTHETIC
TEN-COOLIT-SYN-001,SITE-COOLIT-SYN-01,ERP,INVOICE_MATCH,IMATCH-0041,PO-SCH-0041,RESOLVED,2026-09-25T23:59:59-06:00,2026-09-26T08:00:00-06:00,2026-06-29T00:00:00-06:00,,1,,false,ACTIVE,,CAD,VALID,CURRENT,coolit-synthetic-v2.0.0,ALL_SYNTHETIC_CUSTOMERS,ALL_SYNTHETIC_PROGRAMS,P-COMP-011,SYNTHETIC_INTERNAL,SNP-COOLIT-20260925-BL,SCN-BASELINE,IMATCH-0041,PO-SCH-0041,GRN-0041,SINV-00041,100,100,25,2500,50,125,0,0,MATCHED,POSTED_SYNTHETIC
TEN-COOLIT-SYN-001,SITE-COOLIT-SYN-01,ERP,INVOICE_MATCH,IMATCH-0042,PO-SCH-0042,RESOLVED,2026-09-25T23:59:59-06:00,2026-09-26T08:00:00-06:00,2026-06-29T00:00:00-06:00,,1,,false,ACTIVE,,CAD,VALID,CURRENT,coolit-synthetic-v2.0.0,ALL_SYNTHETIC_CUSTOMERS,ALL_SYNTHETIC_PROGRAMS,P-COMP-012,SYNTHETIC_INTERNAL,SNP-COOLIT-20260925-BL,SCN-BASELINE,IMATCH-0042,PO-SCH-0042,GRN-0042,SINV-00042,115,115,32.5,3737.5,74.75,186.88,0,0,MATCHED,POSTED_SYNTHETIC
TEN-COOLIT-SYN-001,SITE-COOLIT-SYN-01,ERP,INVOICE_MATCH,IMATCH-0043,PO-SCH-0043,RESOLVED,2026-09-25T23:59:59-06:00,2026-09-26T08:00:00-06:00,2026-06-29T00:00:00-06:00,,1,,false,ACTIVE,,CAD,VALID,CURRENT,coolit-synthetic-v2.0.0,ALL_SYNTHETIC_CUSTOMERS,ALL_SYNTHETIC_PROGRAMS,P-COMP-013,SYNTHETIC_INTERNAL,SNP-COOLIT-20260925-BL,SCN-BASELINE,IMATCH-0043,PO-SCH-0043,GRN-0043,SINV-00043,130,130,40,5200,104,260,0,0,MATCHED,POSTED_SYNTHETIC
TEN-COOLIT-SYN-001,SITE-COOLIT-SYN-01,ERP,INVOICE_MATCH,IMATCH-0044,PO-SCH-0044,RESOLVED,2026-09-25T23:59:59-06:00,2026-09-26T08:00:00-06:00,2026-06-29T00:00:00-06:00,,1,,false,ACTIVE,,CAD,VALID,CURRENT,coolit-synthetic-v2.0.0,ALL_SYNTHETIC_CUSTOMERS,ALL_SYNTHETIC_PROGRAMS,P-COMP-014,SYNTHETIC_INTERNAL,SNP-COOLIT-20260925-BL,SCN-BASELINE,IMATCH-0044,PO-SCH-0044,GRN-0044,SINV-00044,145,145,47.5,6887.5,137.75,344.38,0,0,MATCHED,POSTED_SYNTHETIC
TEN-COOLIT-SYN-001,SITE-COOLIT-SYN-01,ERP,INVOICE_MATCH,IMATCH-0045,PO-SCH-0045,RESOLVED,2026-09-25T23:59:59-06:00,2026-09-26T08:00:00-06:00,2026-06-29T00:00:00-06:00,,1,,false,ACTIVE,,CAD,VALID,CURRENT,coolit-synthetic-v2.0.0,ALL_SYNTHETIC_CUSTOMERS,ALL_SYNTHETIC_PROGRAMS,P-COMP-015,SYNTHETIC_INTERNAL,SNP-COOLIT-20260925-BL,SCN-BASELINE,IMATCH-0045,PO-SCH-0045,GRN-0045,SINV-00045,160,160,55,8800,176,440,0,0,MATCHED,POSTED_SYNTHETIC
TEN-COOLIT-SYN-001,SITE-COOLIT-SYN-01,ERP,INVOICE_MATCH,IMATCH-0046,PO-SCH-0046,RESOLVED,2026-09-25T23:59:59-06:00,2026-09-26T08:00:00-06:00,2026-06-29T00:00:00-06:00,,1,,false,ACTIVE,,CAD,VALID,CURRENT,coolit-synthetic-v2.0.0,ALL_SYNTHETIC_CUSTOMERS,ALL_SYNTHETIC_PROGRAMS,P-COMP-016,SYNTHETIC_INTERNAL,SNP-COOLIT-20260925-BL,SCN-BASELINE,IMATCH-0046,PO-SCH-0046,GRN-0046,SINV-00046,175,175,62.5,10937.5,218.75,546.88,0,0,MATCHED,POSTED_SYNTHETIC
TEN-COOLIT-SYN-001,SITE-COOLIT-SYN-01,ERP,INVOICE_MATCH,IMATCH-0047,PO-SCH-0047,RESOLVED,2026-09-25T23:59:59-06:00,2026-09-26T08:00:00-06:00,2026-06-29T00:00:00-06:00,,1,,false,ACTIVE,,CAD,VALID,CURRENT,coolit-synthetic-v2.0.0,ALL_SYNTHETIC_CUSTOMERS,ALL_SYNTHETIC_PROGRAMS,P-COMP-017,SYNTHETIC_INTERNAL,SNP-COOLIT-20260925-BL,SCN-BASELINE,IMATCH-0047,PO-SCH-0047,GRN-0047,SINV-00047,190,190,70,13300,266,665,0,0,MATCHED,POSTED_SYNTHETIC
TEN-COOLIT-SYN-001,SITE-COOLIT-SYN-01,ERP,INVOICE_MATCH,IMATCH-0048,PO-SCH-0048,RESOLVED,2026-09-25T23:59:59-06:00,2026-09-26T08:00:00-06:00,2026-06-29T00:00:00-06:00,,1,,false,ACTIVE,,CAD,VALID,CURRENT,coolit-synthetic-v2.0.0,ALL_SYNTHETIC_CUSTOMERS,ALL_SYNTHETIC_PROGRAMS,P-COMP-018,SYNTHETIC_INTERNAL,SNP-COOLIT-20260925-BL,SCN-BASELINE,IMATCH-0048,PO-SCH-0048,GRN-0048,SINV-00048,205,205,77.5,15887.5,317.75,794.38,0,0,MATCHED,POSTED_SYNTHETIC
TEN-COOLIT-SYN-001,SITE-COOLIT-SYN-01,ERP,INVOICE_MATCH,IMATCH-0049,PO-SCH-0049,RESOLVED,2026-09-25T23:59:59-06:00,2026-09-26T08:00:00-06:00,2026-06-29T00:00:00-06:00,,1,,false,ACTIVE,,CAD,VALID,CURRENT,coolit-synthetic-v2.0.0,ALL_SYNTHETIC_CUSTOMERS,ALL_SYNTHETIC_PROGRAMS,P-COMP-019,SYNTHETIC_INTERNAL,SNP-COOLIT-20260925-BL,SCN-BASELINE,IMATCH-0049,PO-SCH-0049,GRN-0049,SINV-00049,40,40,85,3400,68,170,0,0,MATCHED,POSTED_SYNTHETIC
TEN-COOLIT-SYN-001,SITE-COOLIT-SYN-01,ERP,INVOICE_MATCH,IMATCH-0050,PO-SCH-0050,RESOLVED,2026-09-25T23:59:59-06:00,2026-09-26T08:00:00-06:00,2026-06-29T00:00:00-06:00,,1,,false,ACTIVE,,CAD,VALID,CURRENT,coolit-synthetic-v2.0.0,ALL_SYNTHETIC_CUSTOMERS,ALL_SYNTHETIC_PROGRAMS,P-COMP-020,SYNTHETIC_INTERNAL,SNP-COOLIT-20260925-BL,SCN-BASELINE,IMATCH-0050,PO-SCH-0050,GRN-0050,SINV-00050,55,55,92.5,5087.5,101.75,254.38,0,0,MATCHED,POSTED_SYNTHETIC
TEN-COOLIT-SYN-001,SITE-COOLIT-SYN-01,ERP,INVOICE_MATCH,IMATCH-0051,PO-SCH-0051,RESOLVED,2026-09-25T23:59:59-06:00,2026-09-26T08:00:00-06:00,2026-06-29T00:00:00-06:00,,1,,false,ACTIVE,,CAD,VALID,CURRENT,coolit-synthetic-v2.0.0,ALL_SYNTHETIC_CUSTOMERS,ALL_SYNTHETIC_PROGRAMS,P-COMP-021,SYNTHETIC_INTERNAL,SNP-COOLIT-20260925-BL,SCN-BASELINE,IMATCH-0051,PO-SCH-0051,GRN-0051,SINV-00051,70,70,100,7000,140,350,0,0,MATCHED,POSTED_SYNTHETIC
TEN-COOLIT-SYN-001,SITE-COOLIT-SYN-01,ERP,INVOICE_MATCH,IMATCH-0052,PO-SCH-0052,RESOLVED,2026-09-25T23:59:59-06:00,2026-09-26T08:00:00-06:00,2026-06-29T00:00:00-06:00,,1,,false,ACTIVE,,CAD,VALID,CURRENT,coolit-synthetic-v2.0.0,ALL_SYNTHETIC_CUSTOMERS,ALL_SYNTHETIC_PROGRAMS,P-COMP-022,SYNTHETIC_INTERNAL,SNP-COOLIT-20260925-BL,SCN-BASELINE,IMATCH-0052,PO-SCH-0052,GRN-0052,SINV-00052,85,81,107.5,9137.5,182.75,456.88,4,0,MATCHED,POSTED_SYNTHETIC
TEN-COOLIT-SYN-001,SITE-COOLIT-SYN-01,ERP,INVOICE_MATCH,IMATCH-0053,PO-SCH-0053,RESOLVED,2026-09-25T23:59:59-06:00,2026-09-26T08:00:00-06:00,2026-06-29T00:00:00-06:00,,1,,false,ACTIVE,,CAD,VALID,CURRENT,coolit-synthetic-v2.0.0,ALL_SYNTHETIC_CUSTOMERS,ALL_SYNTHETIC_PROGRAMS,P-COMP-023,SYNTHETIC_INTERNAL,SNP-COOLIT-20260925-BL,SCN-BASELINE,IMATCH-0053,PO-SCH-0053,GRN-0053,SINV-00053,100,100,115,11500,230,575,0,0,MATCHED,POSTED_SYNTHETIC
TEN-COOLIT-SYN-001,SITE-COOLIT-SYN-01,ERP,INVOICE_MATCH,IMATCH-0054,PO-SCH-0054,RESOLVED,2026-09-25T23:59:59-06:00,2026-09-26T08:00:00-06:00,2026-06-29T00:00:00-06:00,,1,,false,ACTIVE,,CAD,VALID,CURRENT,coolit-synthetic-v2.0.0,ALL_SYNTHETIC_CUSTOMERS,ALL_SYNTHETIC_PROGRAMS,P-COMP-024,SYNTHETIC_INTERNAL,SNP-COOLIT-20260925-BL,SCN-BASELINE,IMATCH-0054,PO-SCH-0054,GRN-0054,SINV-00054,115,115,122.5,14087.5,281.75,704.38,0,0,MATCHED,POSTED_SYNTHETIC
TEN-COOLIT-SYN-001,SITE-COOLIT-SYN-01,ERP,INVOICE_MATCH,IMATCH-0055,PO-SCH-0055,RESOLVED,2026-09-25T23:59:59-06:00,2026-09-26T08:00:00-06:00,2026-06-29T00:00:00-06:00,,1,,false,ACTIVE,,CAD,VALID,CURRENT,coolit-synthetic-v2.0.0,ALL_SYNTHETIC_CUSTOMERS,ALL_SYNTHETIC_PROGRAMS,P-COMP-025,SYNTHETIC_INTERNAL,SNP-COOLIT-20260925-BL,SCN-BASELINE,IMATCH-0055,PO-SCH-0055,GRN-0055,SINV-00055,130,130,130,16900,338,845,0,0,MATCHED,POSTED_SYNTHETIC
TEN-COOLIT-SYN-001,SITE-COOLIT-SYN-01,ERP,INVOICE_MATCH,IMATCH-0056,PO-SCH-0056,RESOLVED,2026-09-25T23:59:59-06:00,2026-09-26T08:00:00-06:00,2026-06-29T00:00:00-06:00,,1,,false,ACTIVE,,CAD,VALID,CURRENT,coolit-synthetic-v2.0.0,ALL_SYNTHETIC_CUSTOMERS,ALL_SYNTHETIC_PROGRAMS,P-COMP-026,SYNTHETIC_INTERNAL,SNP-COOLIT-20260925-BL,SCN-BASELINE,IMATCH-0056,PO-SCH-0056,GRN-0056,SINV-00056,145,145,137.5,19937.5,398.75,996.88,0,0,MATCHED,POSTED_SYNTHETIC
TEN-COOLIT-SYN-001,SITE-COOLIT-SYN-01,ERP,INVOICE_MATCH,IMATCH-0057,PO-SCH-0057,RESOLVED,2026-09-25T23:59:59-06:00,2026-09-26T08:00:00-06:00,2026-06-29T00:00:00-06:00,,1,,false,ACTIVE,,CAD,VALID,CURRENT,coolit-synthetic-v2.0.0,ALL_SYNTHETIC_CUSTOMERS,ALL_SYNTHETIC_PROGRAMS,P-COMP-027,SYNTHETIC_INTERNAL,SNP-COOLIT-20260925-BL,SCN-BASELINE,IMATCH-0057,PO-SCH-0057,GRN-0057,SINV-00057,160,160,145,23200,464,1160,0,0,MATCHED,POSTED_SYNTHETIC
TEN-COOLIT-SYN-001,SITE-COOLIT-SYN-01,ERP,INVOICE_MATCH,IMATCH-0058,PO-SCH-0058,RESOLVED,2026-09-25T23:59:59-06:00,2026-09-26T08:00:00-06:00,2026-06-29T00:00:00-06:00,,1,,false,ACTIVE,,CAD,VALID,CURRENT,coolit-synthetic-v2.0.0,ALL_SYNTHETIC_CUSTOMERS,ALL_SYNTHETIC_PROGRAMS,P-COMP-028,SYNTHETIC_INTERNAL,SNP-COOLIT-20260925-BL,SCN-BASELINE,IMATCH-0058,PO-SCH-0058,GRN-0058,SINV-00058,175,171,152.5,26687.5,533.75,1334.38,4,0,MATCHED,POSTED_SYNTHETIC
TEN-COOLIT-SYN-001,SITE-COOLIT-SYN-01,ERP,INVOICE_MATCH,IMATCH-0059,PO-SCH-0059,RESOLVED,2026-09-25T23:59:59-06:00,2026-09-26T08:00:00-06:00,2026-06-29T00:00:00-06:00,,1,,false,ACTIVE,,CAD,VALID,CURRENT,coolit-synthetic-v2.0.0,ALL_SYNTHETIC_CUSTOMERS,ALL_SYNTHETIC_PROGRAMS,P-COMP-029,SYNTHETIC_INTERNAL,SNP-COOLIT-20260925-BL,SCN-BASELINE,IMATCH-0059,PO-SCH-0059,GRN-0059,SINV-00059,190,190,160,30400,608,1520,0,0,MATCHED,POSTED_SYNTHETIC
TEN-COOLIT-SYN-001,SITE-COOLIT-SYN-01,ERP,INVOICE_MATCH,IMATCH-0060,PO-SCH-0060,RESOLVED,2026-09-25T23:59:59-06:00,2026-09-26T08:00:00-06:00,2026-06-29T00:00:00-06:00,,1,,false,ACTIVE,,CAD,VALID,CURRENT,coolit-synthetic-v2.0.0,ALL_SYNTHETIC_CUSTOMERS,ALL_SYNTHETIC_PROGRAMS,P-COMP-030,SYNTHETIC_INTERNAL,SNP-COOLIT-20260925-BL,SCN-BASELINE,IMATCH-0060,PO-SCH-0060,GRN-0060,SINV-00060,205,205,167.5,34337.5,686.75,1716.88,0,0,MATCHED,POSTED_SYNTHETIC
