tenant_id,site_id,source_system,source_object,source_record_id,canonical_id,crosswalk_status,source_event_at,ingested_at,effective_from,effective_to,record_version,supersedes_source_record_id,is_deleted,semantic_status,uom,currency,data_quality_state,freshness_state,transformation_version,customer_scope,program_scope,product_scope,sensitivity_class,snapshot_id,scenario_id,supplier_id,supplier_name,supplier_site_id,supplier_status,supplier_currency,incoterm,risk_tier,country_code,synthetic_flag
TEN-COOLIT-SYN-001,SITE-COOLIT-SYN-01,ERP,SUPPLIER,SUP-001,SUP-001,RESOLVED,2026-09-25T23:59:59-06:00,2026-09-26T08:00:00-06:00,2026-06-29T00:00:00-06:00,,1,,false,ACTIVE,,USD,VALID,CURRENT,coolit-synthetic-v2.0.0,ALL_SYNTHETIC_CUSTOMERS,ALL_SYNTHETIC_PROGRAMS,ALL_SYNTHETIC_PRODUCTS,SYNTHETIC_INTERNAL,SNP-COOLIT-20260925-BL,SCN-BASELINE,SUP-001,Apex Fluid Connectors (Synthetic),SUPSITE-001,ACTIVE,USD,DAP,LOW,CA,true
TEN-COOLIT-SYN-001,SITE-COOLIT-SYN-01,ERP,SUPPLIER,SUP-002,SUP-002,RESOLVED,2026-09-25T23:59:59-06:00,2026-09-26T08:00:00-06:00,2026-06-29T00:00:00-06:00,,1,,false,ACTIVE,,CAD,VALID,CURRENT,coolit-synthetic-v2.0.0,ALL_SYNTHETIC_CUSTOMERS,ALL_SYNTHETIC_PROGRAMS,ALL_SYNTHETIC_PRODUCTS,SYNTHETIC_INTERNAL,SNP-COOLIT-20260925-BL,SCN-BASELINE,SUP-002,BlueRiver Pump Technologies (Synthetic),SUPSITE-002,ACTIVE,CAD,FCA,MEDIUM,US,true
TEN-COOLIT-SYN-001,SITE-COOLIT-SYN-01,ERP,SUPPLIER,SUP-003,SUP-003,RESOLVED,2026-09-25T23:59:59-06:00,2026-09-26T08:00:00-06:00,2026-06-29T00:00:00-06:00,,1,,false,ACTIVE,,CAD,VALID,CURRENT,coolit-synthetic-v2.0.0,ALL_SYNTHETIC_CUSTOMERS,ALL_SYNTHETIC_PROGRAMS,ALL_SYNTHETIC_PRODUCTS,SYNTHETIC_INTERNAL,SNP-COOLIT-20260925-BL,SCN-BASELINE,SUP-003,CopperPeak Thermal Components (Synthetic),SUPSITE-003,ACTIVE,CAD,DDP,HIGH,MX,true
TEN-COOLIT-SYN-001,SITE-COOLIT-SYN-01,ERP,SUPPLIER,SUP-004,SUP-004,RESOLVED,2026-09-25T23:59:59-06:00,2026-09-26T08:00:00-06:00,2026-06-29T00:00:00-06:00,,1,,false,ACTIVE,,USD,VALID,CURRENT,coolit-synthetic-v2.0.0,ALL_SYNTHETIC_CUSTOMERS,ALL_SYNTHETIC_PROGRAMS,ALL_SYNTHETIC_PRODUCTS,SYNTHETIC_INTERNAL,SNP-COOLIT-20260925-BL,SCN-BASELINE,SUP-004,Evergreen Controls (Synthetic),SUPSITE-004,ACTIVE,USD,DAP,LOW,CA,true
TEN-COOLIT-SYN-001,SITE-COOLIT-SYN-01,ERP,SUPPLIER,SUP-005,SUP-005,RESOLVED,2026-09-25T23:59:59-06:00,2026-09-26T08:00:00-06:00,2026-06-29T00:00:00-06:00,,1,,false,ACTIVE,,CAD,VALID,CURRENT,coolit-synthetic-v2.0.0,ALL_SYNTHETIC_CUSTOMERS,ALL_SYNTHETIC_PROGRAMS,ALL_SYNTHETIC_PRODUCTS,SYNTHETIC_INTERNAL,SNP-COOLIT-20260925-BL,SCN-BASELINE,SUP-005,Frontier Precision Tubing (Synthetic),SUPSITE-005,ACTIVE,CAD,FCA,MEDIUM,US,true
TEN-COOLIT-SYN-001,SITE-COOLIT-SYN-01,ERP,SUPPLIER,SUP-006,SUP-006,RESOLVED,2026-09-25T23:59:59-06:00,2026-09-26T08:00:00-06:00,2026-06-29T00:00:00-06:00,,1,,false,ACTIVE,,CAD,VALID,CURRENT,coolit-synthetic-v2.0.0,ALL_SYNTHETIC_CUSTOMERS,ALL_SYNTHETIC_PROGRAMS,ALL_SYNTHETIC_PRODUCTS,SYNTHETIC_INTERNAL,SNP-COOLIT-20260925-BL,SCN-BASELINE,SUP-006,Glacier Valve Works (Synthetic),SUPSITE-006,ACTIVE,CAD,DDP,HIGH,MX,true
TEN-COOLIT-SYN-001,SITE-COOLIT-SYN-01,ERP,SUPPLIER,SUP-007,SUP-007,RESOLVED,2026-09-25T23:59:59-06:00,2026-09-26T08:00:00-06:00,2026-06-29T00:00:00-06:00,,1,,false,ACTIVE,,USD,VALID,CURRENT,coolit-synthetic-v2.0.0,ALL_SYNTHETIC_CUSTOMERS,ALL_SYNTHETIC_PROGRAMS,ALL_SYNTHETIC_PRODUCTS,SYNTHETIC_INTERNAL,SNP-COOLIT-20260925-BL,SCN-BASELINE,SUP-007,Northline Fabrication (Synthetic),SUPSITE-007,ACTIVE,USD,DAP,LOW,CA,true
TEN-COOLIT-SYN-001,SITE-COOLIT-SYN-01,ERP,SUPPLIER,SUP-008,SUP-008,RESOLVED,2026-09-25T23:59:59-06:00,2026-09-26T08:00:00-06:00,2026-06-29T00:00:00-06:00,,1,,false,ACTIVE,,CAD,VALID,CURRENT,coolit-synthetic-v2.0.0,ALL_SYNTHETIC_CUSTOMERS,ALL_SYNTHETIC_PROGRAMS,ALL_SYNTHETIC_PRODUCTS,SYNTHETIC_INTERNAL,SNP-COOLIT-20260925-BL,SCN-BASELINE,SUP-008,Prairie Sensor Systems (Synthetic),SUPSITE-008,ACTIVE,CAD,FCA,MEDIUM,US,true
TEN-COOLIT-SYN-001,SITE-COOLIT-SYN-01,ERP,SUPPLIER,SUP-009,SUP-009,RESOLVED,2026-09-25T23:59:59-06:00,2026-09-26T08:00:00-06:00,2026-06-29T00:00:00-06:00,,1,,false,ACTIVE,,CAD,VALID,CURRENT,coolit-synthetic-v2.0.0,ALL_SYNTHETIC_CUSTOMERS,ALL_SYNTHETIC_PROGRAMS,ALL_SYNTHETIC_PRODUCTS,SYNTHETIC_INTERNAL,SNP-COOLIT-20260925-BL,SCN-BASELINE,SUP-009,Summit Electrical Assemblies (Synthetic),SUPSITE-009,ACTIVE,CAD,DDP,HIGH,MX,true
TEN-COOLIT-SYN-001,SITE-COOLIT-SYN-01,ERP,SUPPLIER,SUP-010,SUP-010,RESOLVED,2026-09-25T23:59:59-06:00,2026-09-26T08:00:00-06:00,2026-06-29T00:00:00-06:00,,1,,false,ACTIVE,,USD,VALID,CURRENT,coolit-synthetic-v2.0.0,ALL_SYNTHETIC_CUSTOMERS,ALL_SYNTHETIC_PROGRAMS,ALL_SYNTHETIC_PRODUCTS,SYNTHETIC_INTERNAL,SNP-COOLIT-20260925-BL,SCN-BASELINE,SUP-010,Westwind Packaging (Synthetic),SUPSITE-010,ACTIVE,USD,DAP,LOW,CA,true
