tenant_id,site_id,source_system,source_object,source_record_id,canonical_id,crosswalk_status,source_event_at,ingested_at,effective_from,effective_to,record_version,supersedes_source_record_id,is_deleted,semantic_status,uom,currency,data_quality_state,freshness_state,transformation_version,customer_scope,program_scope,product_scope,sensitivity_class,snapshot_id,scenario_id,capacity_bucket_id,resource_id,zone_id,calendar_week_id,business_days,regular_minutes_per_day,derate_factor,available_minutes_per_day,overtime_minutes_per_day,concurrent_units,baseline_capacity_minutes,capacity_minutes,planned_minutes,utilisation,utilisation_band,overload_flag,derate_applied_once,capacity_rule
TEN-COOLIT-SYN-001,SITE-COOLIT-SYN-01,ERP,CAPACITY_BUCKET,CAPB-LINE-CPL-01-2026-P01,LINE-CPL-01,RESOLVED,2026-09-25T23:59:59-06:00,2026-09-26T08:00:00-06:00,2026-06-29T00:00:00-06:00,,1,,false,OVERLOADED,MIN,,VALID,CURRENT,coolit-synthetic-v3.2.0,ALL_SYNTHETIC_CUSTOMERS,ALL_SYNTHETIC_PROGRAMS,ALL_SYNTHETIC_PRODUCTS,SYNTHETIC_INTERNAL,SNP-COOLIT-20260925-BL,SCN-BASELINE,CAPB-LINE-CPL-01-2026-P01,LINE-CPL-01,ZN-04A,2026-P01,5,840,1,960,120,1,4200,4800,8760,1.825,OVERLOADED,true,true,"available_minutes_per_day × business_days × concurrent_units; available already reflects derate and overtime, so derate is never multiplied again"
TEN-COOLIT-SYN-001,SITE-COOLIT-SYN-01,ERP,CAPACITY_BUCKET,CAPB-LINE-CPL-01-2026-P02,LINE-CPL-01,RESOLVED,2026-09-25T23:59:59-06:00,2026-09-26T08:00:00-06:00,2026-06-29T00:00:00-06:00,,1,,false,WITHIN_CAPACITY,MIN,,VALID,CURRENT,coolit-synthetic-v3.2.0,ALL_SYNTHETIC_CUSTOMERS,ALL_SYNTHETIC_PROGRAMS,ALL_SYNTHETIC_PRODUCTS,SYNTHETIC_INTERNAL,SNP-COOLIT-20260925-BL,SCN-BASELINE,CAPB-LINE-CPL-01-2026-P02,LINE-CPL-01,ZN-04A,2026-P02,5,840,1,960,120,1,4200,4800,0,0,OK,false,true,"available_minutes_per_day × business_days × concurrent_units; available already reflects derate and overtime, so derate is never multiplied again"
TEN-COOLIT-SYN-001,SITE-COOLIT-SYN-01,ERP,CAPACITY_BUCKET,CAPB-LINE-CPL-01-2026-P03,LINE-CPL-01,RESOLVED,2026-09-25T23:59:59-06:00,2026-09-26T08:00:00-06:00,2026-06-29T00:00:00-06:00,,1,,false,WITHIN_CAPACITY,MIN,,VALID,CURRENT,coolit-synthetic-v3.2.0,ALL_SYNTHETIC_CUSTOMERS,ALL_SYNTHETIC_PROGRAMS,ALL_SYNTHETIC_PRODUCTS,SYNTHETIC_INTERNAL,SNP-COOLIT-20260925-BL,SCN-BASELINE,CAPB-LINE-CPL-01-2026-P03,LINE-CPL-01,ZN-04A,2026-P03,5,840,1,960,120,1,4200,4800,0,0,OK,false,true,"available_minutes_per_day × business_days × concurrent_units; available already reflects derate and overtime, so derate is never multiplied again"
TEN-COOLIT-SYN-001,SITE-COOLIT-SYN-01,ERP,CAPACITY_BUCKET,CAPB-LINE-CPL-01-2026-P04,LINE-CPL-01,RESOLVED,2026-09-25T23:59:59-06:00,2026-09-26T08:00:00-06:00,2026-06-29T00:00:00-06:00,,1,,false,OVERLOADED,MIN,,VALID,CURRENT,coolit-synthetic-v3.2.0,ALL_SYNTHETIC_CUSTOMERS,ALL_SYNTHETIC_PROGRAMS,ALL_SYNTHETIC_PRODUCTS,SYNTHETIC_INTERNAL,SNP-COOLIT-20260925-BL,SCN-BASELINE,CAPB-LINE-CPL-01-2026-P04,LINE-CPL-01,ZN-04A,2026-P04,5,840,1,960,120,1,4200,4800,19560,4.075,OVERLOADED,true,true,"available_minutes_per_day × business_days × concurrent_units; available already reflects derate and overtime, so derate is never multiplied again"
TEN-COOLIT-SYN-001,SITE-COOLIT-SYN-01,ERP,CAPACITY_BUCKET,CAPB-LINE-CPL-01-2026-P05,LINE-CPL-01,RESOLVED,2026-09-25T23:59:59-06:00,2026-09-26T08:00:00-06:00,2026-06-29T00:00:00-06:00,,1,,false,WITHIN_CAPACITY,MIN,,VALID,CURRENT,coolit-synthetic-v3.2.0,ALL_SYNTHETIC_CUSTOMERS,ALL_SYNTHETIC_PROGRAMS,ALL_SYNTHETIC_PRODUCTS,SYNTHETIC_INTERNAL,SNP-COOLIT-20260925-BL,SCN-BASELINE,CAPB-LINE-CPL-01-2026-P05,LINE-CPL-01,ZN-04A,2026-P05,5,840,1,960,120,1,4200,4800,0,0,OK,false,true,"available_minutes_per_day × business_days × concurrent_units; available already reflects derate and overtime, so derate is never multiplied again"
TEN-COOLIT-SYN-001,SITE-COOLIT-SYN-01,ERP,CAPACITY_BUCKET,CAPB-LINE-CPL-01-2026-P06,LINE-CPL-01,RESOLVED,2026-09-25T23:59:59-06:00,2026-09-26T08:00:00-06:00,2026-06-29T00:00:00-06:00,,1,,false,WITHIN_CAPACITY,MIN,,VALID,CURRENT,coolit-synthetic-v3.2.0,ALL_SYNTHETIC_CUSTOMERS,ALL_SYNTHETIC_PROGRAMS,ALL_SYNTHETIC_PRODUCTS,SYNTHETIC_INTERNAL,SNP-COOLIT-20260925-BL,SCN-BASELINE,CAPB-LINE-CPL-01-2026-P06,LINE-CPL-01,ZN-04A,2026-P06,5,840,1,960,120,1,4200,4800,0,0,OK,false,true,"available_minutes_per_day × business_days × concurrent_units; available already reflects derate and overtime, so derate is never multiplied again"
TEN-COOLIT-SYN-001,SITE-COOLIT-SYN-01,ERP,CAPACITY_BUCKET,CAPB-LINE-CPL-01-2026-P07,LINE-CPL-01,RESOLVED,2026-09-25T23:59:59-06:00,2026-09-26T08:00:00-06:00,2026-06-29T00:00:00-06:00,,1,,false,WITHIN_CAPACITY,MIN,,VALID,CURRENT,coolit-synthetic-v3.2.0,ALL_SYNTHETIC_CUSTOMERS,ALL_SYNTHETIC_PROGRAMS,ALL_SYNTHETIC_PRODUCTS,SYNTHETIC_INTERNAL,SNP-COOLIT-20260925-BL,SCN-BASELINE,CAPB-LINE-CPL-01-2026-P07,LINE-CPL-01,ZN-04A,2026-P07,5,840,1,960,120,1,4200,4800,0,0,OK,false,true,"available_minutes_per_day × business_days × concurrent_units; available already reflects derate and overtime, so derate is never multiplied again"
TEN-COOLIT-SYN-001,SITE-COOLIT-SYN-01,ERP,CAPACITY_BUCKET,CAPB-LINE-CPL-01-2026-P08,LINE-CPL-01,RESOLVED,2026-09-25T23:59:59-06:00,2026-09-26T08:00:00-06:00,2026-06-29T00:00:00-06:00,,1,,false,OVERLOADED,MIN,,VALID,CURRENT,coolit-synthetic-v3.2.0,ALL_SYNTHETIC_CUSTOMERS,ALL_SYNTHETIC_PROGRAMS,ALL_SYNTHETIC_PRODUCTS,SYNTHETIC_INTERNAL,SNP-COOLIT-20260925-BL,SCN-BASELINE,CAPB-LINE-CPL-01-2026-P08,LINE-CPL-01,ZN-04A,2026-P08,5,840,1,960,120,1,4200,4800,17400,3.625,OVERLOADED,true,true,"available_minutes_per_day × business_days × concurrent_units; available already reflects derate and overtime, so derate is never multiplied again"
TEN-COOLIT-SYN-001,SITE-COOLIT-SYN-01,ERP,CAPACITY_BUCKET,CAPB-LINE-CPL-01-2026-P09,LINE-CPL-01,RESOLVED,2026-09-25T23:59:59-06:00,2026-09-26T08:00:00-06:00,2026-06-29T00:00:00-06:00,,1,,false,WITHIN_CAPACITY,MIN,,VALID,CURRENT,coolit-synthetic-v3.2.0,ALL_SYNTHETIC_CUSTOMERS,ALL_SYNTHETIC_PROGRAMS,ALL_SYNTHETIC_PRODUCTS,SYNTHETIC_INTERNAL,SNP-COOLIT-20260925-BL,SCN-BASELINE,CAPB-LINE-CPL-01-2026-P09,LINE-CPL-01,ZN-04A,2026-P09,5,840,1,960,120,1,4200,4800,0,0,OK,false,true,"available_minutes_per_day × business_days × concurrent_units; available already reflects derate and overtime, so derate is never multiplied again"
TEN-COOLIT-SYN-001,SITE-COOLIT-SYN-01,ERP,CAPACITY_BUCKET,CAPB-LINE-CPL-01-2026-P10,LINE-CPL-01,RESOLVED,2026-09-25T23:59:59-06:00,2026-09-26T08:00:00-06:00,2026-06-29T00:00:00-06:00,,1,,false,WITHIN_CAPACITY,MIN,,VALID,CURRENT,coolit-synthetic-v3.2.0,ALL_SYNTHETIC_CUSTOMERS,ALL_SYNTHETIC_PROGRAMS,ALL_SYNTHETIC_PRODUCTS,SYNTHETIC_INTERNAL,SNP-COOLIT-20260925-BL,SCN-BASELINE,CAPB-LINE-CPL-01-2026-P10,LINE-CPL-01,ZN-04A,2026-P10,5,840,1,960,120,1,4200,4800,0,0,OK,false,true,"available_minutes_per_day × business_days × concurrent_units; available already reflects derate and overtime, so derate is never multiplied again"
TEN-COOLIT-SYN-001,SITE-COOLIT-SYN-01,ERP,CAPACITY_BUCKET,CAPB-LINE-CPL-01-2026-P11,LINE-CPL-01,RESOLVED,2026-09-25T23:59:59-06:00,2026-09-26T08:00:00-06:00,2026-06-29T00:00:00-06:00,,1,,false,WITHIN_CAPACITY,MIN,,VALID,CURRENT,coolit-synthetic-v3.2.0,ALL_SYNTHETIC_CUSTOMERS,ALL_SYNTHETIC_PROGRAMS,ALL_SYNTHETIC_PRODUCTS,SYNTHETIC_INTERNAL,SNP-COOLIT-20260925-BL,SCN-BASELINE,CAPB-LINE-CPL-01-2026-P11,LINE-CPL-01,ZN-04A,2026-P11,5,840,1,960,120,1,4200,4800,0,0,OK,false,true,"available_minutes_per_day × business_days × concurrent_units; available already reflects derate and overtime, so derate is never multiplied again"
TEN-COOLIT-SYN-001,SITE-COOLIT-SYN-01,ERP,CAPACITY_BUCKET,CAPB-LINE-CPL-01-2026-P12,LINE-CPL-01,RESOLVED,2026-09-25T23:59:59-06:00,2026-09-26T08:00:00-06:00,2026-06-29T00:00:00-06:00,,1,,false,WITHIN_CAPACITY,MIN,,VALID,CURRENT,coolit-synthetic-v3.2.0,ALL_SYNTHETIC_CUSTOMERS,ALL_SYNTHETIC_PROGRAMS,ALL_SYNTHETIC_PRODUCTS,SYNTHETIC_INTERNAL,SNP-COOLIT-20260925-BL,SCN-BASELINE,CAPB-LINE-CPL-01-2026-P12,LINE-CPL-01,ZN-04A,2026-P12,5,840,1,960,120,1,4200,4800,0,0,OK,false,true,"available_minutes_per_day × business_days × concurrent_units; available already reflects derate and overtime, so derate is never multiplied again"
TEN-COOLIT-SYN-001,SITE-COOLIT-SYN-01,ERP,CAPACITY_BUCKET,CAPB-LINE-CPL-01-2026-P13,LINE-CPL-01,RESOLVED,2026-09-25T23:59:59-06:00,2026-09-26T08:00:00-06:00,2026-06-29T00:00:00-06:00,,1,,false,WITHIN_CAPACITY,MIN,,VALID,CURRENT,coolit-synthetic-v3.2.0,ALL_SYNTHETIC_CUSTOMERS,ALL_SYNTHETIC_PROGRAMS,ALL_SYNTHETIC_PRODUCTS,SYNTHETIC_INTERNAL,SNP-COOLIT-20260925-BL,SCN-BASELINE,CAPB-LINE-CPL-01-2026-P13,LINE-CPL-01,ZN-04A,2026-P13,5,840,1,960,120,1,4200,4800,0,0,OK,false,true,"available_minutes_per_day × business_days × concurrent_units; available already reflects derate and overtime, so derate is never multiplied again"
TEN-COOLIT-SYN-001,SITE-COOLIT-SYN-01,ERP,CAPACITY_BUCKET,CAPB-LINE-CPL-01-2026-P14,LINE-CPL-01,RESOLVED,2026-09-25T23:59:59-06:00,2026-09-26T08:00:00-06:00,2026-06-29T00:00:00-06:00,,1,,false,WITHIN_CAPACITY,MIN,,VALID,CURRENT,coolit-synthetic-v3.2.0,ALL_SYNTHETIC_CUSTOMERS,ALL_SYNTHETIC_PROGRAMS,ALL_SYNTHETIC_PRODUCTS,SYNTHETIC_INTERNAL,SNP-COOLIT-20260925-BL,SCN-BASELINE,CAPB-LINE-CPL-01-2026-P14,LINE-CPL-01,ZN-04A,2026-P14,5,840,1,960,120,1,4200,4800,0,0,OK,false,true,"available_minutes_per_day × business_days × concurrent_units; available already reflects derate and overtime, so derate is never multiplied again"
TEN-COOLIT-SYN-001,SITE-COOLIT-SYN-01,ERP,CAPACITY_BUCKET,CAPB-LINE-CPL-01-2026-P15,LINE-CPL-01,RESOLVED,2026-09-25T23:59:59-06:00,2026-09-26T08:00:00-06:00,2026-06-29T00:00:00-06:00,,1,,false,WITHIN_CAPACITY,MIN,,VALID,CURRENT,coolit-synthetic-v3.2.0,ALL_SYNTHETIC_CUSTOMERS,ALL_SYNTHETIC_PROGRAMS,ALL_SYNTHETIC_PRODUCTS,SYNTHETIC_INTERNAL,SNP-COOLIT-20260925-BL,SCN-BASELINE,CAPB-LINE-CPL-01-2026-P15,LINE-CPL-01,ZN-04A,2026-P15,5,840,1,960,120,1,4200,4800,0,0,OK,false,true,"available_minutes_per_day × business_days × concurrent_units; available already reflects derate and overtime, so derate is never multiplied again"
TEN-COOLIT-SYN-001,SITE-COOLIT-SYN-01,ERP,CAPACITY_BUCKET,CAPB-LINE-CPL-01-2026-P16,LINE-CPL-01,RESOLVED,2026-09-25T23:59:59-06:00,2026-09-26T08:00:00-06:00,2026-06-29T00:00:00-06:00,,1,,false,WITHIN_CAPACITY,MIN,,VALID,CURRENT,coolit-synthetic-v3.2.0,ALL_SYNTHETIC_CUSTOMERS,ALL_SYNTHETIC_PROGRAMS,ALL_SYNTHETIC_PRODUCTS,SYNTHETIC_INTERNAL,SNP-COOLIT-20260925-BL,SCN-BASELINE,CAPB-LINE-CPL-01-2026-P16,LINE-CPL-01,ZN-04A,2026-P16,5,840,1,960,120,1,4200,4800,0,0,OK,false,true,"available_minutes_per_day × business_days × concurrent_units; available already reflects derate and overtime, so derate is never multiplied again"
TEN-COOLIT-SYN-001,SITE-COOLIT-SYN-01,ERP,CAPACITY_BUCKET,CAPB-LINE-CPL-01-2026-P17,LINE-CPL-01,RESOLVED,2026-09-25T23:59:59-06:00,2026-09-26T08:00:00-06:00,2026-06-29T00:00:00-06:00,,1,,false,WITHIN_CAPACITY,MIN,,VALID,CURRENT,coolit-synthetic-v3.2.0,ALL_SYNTHETIC_CUSTOMERS,ALL_SYNTHETIC_PROGRAMS,ALL_SYNTHETIC_PRODUCTS,SYNTHETIC_INTERNAL,SNP-COOLIT-20260925-BL,SCN-BASELINE,CAPB-LINE-CPL-01-2026-P17,LINE-CPL-01,ZN-04A,2026-P17,5,840,1,960,120,1,4200,4800,0,0,OK,false,true,"available_minutes_per_day × business_days × concurrent_units; available already reflects derate and overtime, so derate is never multiplied again"
TEN-COOLIT-SYN-001,SITE-COOLIT-SYN-01,ERP,CAPACITY_BUCKET,CAPB-LINE-CPL-01-2026-P18,LINE-CPL-01,RESOLVED,2026-09-25T23:59:59-06:00,2026-09-26T08:00:00-06:00,2026-06-29T00:00:00-06:00,,1,,false,WITHIN_CAPACITY,MIN,,VALID,CURRENT,coolit-synthetic-v3.2.0,ALL_SYNTHETIC_CUSTOMERS,ALL_SYNTHETIC_PROGRAMS,ALL_SYNTHETIC_PRODUCTS,SYNTHETIC_INTERNAL,SNP-COOLIT-20260925-BL,SCN-BASELINE,CAPB-LINE-CPL-01-2026-P18,LINE-CPL-01,ZN-04A,2026-P18,5,840,1,960,120,1,4200,4800,0,0,OK,false,true,"available_minutes_per_day × business_days × concurrent_units; available already reflects derate and overtime, so derate is never multiplied again"
TEN-COOLIT-SYN-001,SITE-COOLIT-SYN-01,ERP,CAPACITY_BUCKET,CAPB-LINE-CPL-01-2026-P19,LINE-CPL-01,RESOLVED,2026-09-25T23:59:59-06:00,2026-09-26T08:00:00-06:00,2026-06-29T00:00:00-06:00,,1,,false,WITHIN_CAPACITY,MIN,,VALID,CURRENT,coolit-synthetic-v3.2.0,ALL_SYNTHETIC_CUSTOMERS,ALL_SYNTHETIC_PROGRAMS,ALL_SYNTHETIC_PRODUCTS,SYNTHETIC_INTERNAL,SNP-COOLIT-20260925-BL,SCN-BASELINE,CAPB-LINE-CPL-01-2026-P19,LINE-CPL-01,ZN-04A,2026-P19,5,840,1,960,120,1,4200,4800,0,0,OK,false,true,"available_minutes_per_day × business_days × concurrent_units; available already reflects derate and overtime, so derate is never multiplied again"
TEN-COOLIT-SYN-001,SITE-COOLIT-SYN-01,ERP,CAPACITY_BUCKET,CAPB-LINE-CPL-01-2026-P20,LINE-CPL-01,RESOLVED,2026-09-25T23:59:59-06:00,2026-09-26T08:00:00-06:00,2026-06-29T00:00:00-06:00,,1,,false,WITHIN_CAPACITY,MIN,,VALID,CURRENT,coolit-synthetic-v3.2.0,ALL_SYNTHETIC_CUSTOMERS,ALL_SYNTHETIC_PROGRAMS,ALL_SYNTHETIC_PRODUCTS,SYNTHETIC_INTERNAL,SNP-COOLIT-20260925-BL,SCN-BASELINE,CAPB-LINE-CPL-01-2026-P20,LINE-CPL-01,ZN-04A,2026-P20,5,840,1,960,120,1,4200,4800,0,0,OK,false,true,"available_minutes_per_day × business_days × concurrent_units; available already reflects derate and overtime, so derate is never multiplied again"
TEN-COOLIT-SYN-001,SITE-COOLIT-SYN-01,ERP,CAPACITY_BUCKET,CAPB-LINE-CPL-01-2026-P21,LINE-CPL-01,RESOLVED,2026-09-25T23:59:59-06:00,2026-09-26T08:00:00-06:00,2026-06-29T00:00:00-06:00,,1,,false,WITHIN_CAPACITY,MIN,,VALID,CURRENT,coolit-synthetic-v3.2.0,ALL_SYNTHETIC_CUSTOMERS,ALL_SYNTHETIC_PROGRAMS,ALL_SYNTHETIC_PRODUCTS,SYNTHETIC_INTERNAL,SNP-COOLIT-20260925-BL,SCN-BASELINE,CAPB-LINE-CPL-01-2026-P21,LINE-CPL-01,ZN-04A,2026-P21,5,840,1,960,120,1,4200,4800,0,0,OK,false,true,"available_minutes_per_day × business_days × concurrent_units; available already reflects derate and overtime, so derate is never multiplied again"
TEN-COOLIT-SYN-001,SITE-COOLIT-SYN-01,ERP,CAPACITY_BUCKET,CAPB-LINE-CPL-01-2026-P22,LINE-CPL-01,RESOLVED,2026-09-25T23:59:59-06:00,2026-09-26T08:00:00-06:00,2026-06-29T00:00:00-06:00,,1,,false,WITHIN_CAPACITY,MIN,,VALID,CURRENT,coolit-synthetic-v3.2.0,ALL_SYNTHETIC_CUSTOMERS,ALL_SYNTHETIC_PROGRAMS,ALL_SYNTHETIC_PRODUCTS,SYNTHETIC_INTERNAL,SNP-COOLIT-20260925-BL,SCN-BASELINE,CAPB-LINE-CPL-01-2026-P22,LINE-CPL-01,ZN-04A,2026-P22,5,840,1,960,120,1,4200,4800,0,0,OK,false,true,"available_minutes_per_day × business_days × concurrent_units; available already reflects derate and overtime, so derate is never multiplied again"
TEN-COOLIT-SYN-001,SITE-COOLIT-SYN-01,ERP,CAPACITY_BUCKET,CAPB-LINE-CPL-01-2026-P23,LINE-CPL-01,RESOLVED,2026-09-25T23:59:59-06:00,2026-09-26T08:00:00-06:00,2026-06-29T00:00:00-06:00,,1,,false,WITHIN_CAPACITY,MIN,,VALID,CURRENT,coolit-synthetic-v3.2.0,ALL_SYNTHETIC_CUSTOMERS,ALL_SYNTHETIC_PROGRAMS,ALL_SYNTHETIC_PRODUCTS,SYNTHETIC_INTERNAL,SNP-COOLIT-20260925-BL,SCN-BASELINE,CAPB-LINE-CPL-01-2026-P23,LINE-CPL-01,ZN-04A,2026-P23,5,840,1,960,120,1,4200,4800,0,0,OK,false,true,"available_minutes_per_day × business_days × concurrent_units; available already reflects derate and overtime, so derate is never multiplied again"
TEN-COOLIT-SYN-001,SITE-COOLIT-SYN-01,ERP,CAPACITY_BUCKET,CAPB-LINE-CPL-01-2026-P24,LINE-CPL-01,RESOLVED,2026-09-25T23:59:59-06:00,2026-09-26T08:00:00-06:00,2026-06-29T00:00:00-06:00,,1,,false,WITHIN_CAPACITY,MIN,,VALID,CURRENT,coolit-synthetic-v3.2.0,ALL_SYNTHETIC_CUSTOMERS,ALL_SYNTHETIC_PROGRAMS,ALL_SYNTHETIC_PRODUCTS,SYNTHETIC_INTERNAL,SNP-COOLIT-20260925-BL,SCN-BASELINE,CAPB-LINE-CPL-01-2026-P24,LINE-CPL-01,ZN-04A,2026-P24,5,840,1,960,120,1,4200,4800,0,0,OK,false,true,"available_minutes_per_day × business_days × concurrent_units; available already reflects derate and overtime, so derate is never multiplied again"
TEN-COOLIT-SYN-001,SITE-COOLIT-SYN-01,ERP,CAPACITY_BUCKET,CAPB-LINE-CPL-01-2026-P25,LINE-CPL-01,RESOLVED,2026-09-25T23:59:59-06:00,2026-09-26T08:00:00-06:00,2026-06-29T00:00:00-06:00,,1,,false,WITHIN_CAPACITY,MIN,,VALID,CURRENT,coolit-synthetic-v3.2.0,ALL_SYNTHETIC_CUSTOMERS,ALL_SYNTHETIC_PROGRAMS,ALL_SYNTHETIC_PRODUCTS,SYNTHETIC_INTERNAL,SNP-COOLIT-20260925-BL,SCN-BASELINE,CAPB-LINE-CPL-01-2026-P25,LINE-CPL-01,ZN-04A,2026-P25,5,840,1,960,120,1,4200,4800,0,0,OK,false,true,"available_minutes_per_day × business_days × concurrent_units; available already reflects derate and overtime, so derate is never multiplied again"
TEN-COOLIT-SYN-001,SITE-COOLIT-SYN-01,ERP,CAPACITY_BUCKET,CAPB-LINE-CPL-01-2026-P26,LINE-CPL-01,RESOLVED,2026-09-25T23:59:59-06:00,2026-09-26T08:00:00-06:00,2026-06-29T00:00:00-06:00,,1,,false,WITHIN_CAPACITY,MIN,,VALID,CURRENT,coolit-synthetic-v3.2.0,ALL_SYNTHETIC_CUSTOMERS,ALL_SYNTHETIC_PROGRAMS,ALL_SYNTHETIC_PRODUCTS,SYNTHETIC_INTERNAL,SNP-COOLIT-20260925-BL,SCN-BASELINE,CAPB-LINE-CPL-01-2026-P26,LINE-CPL-01,ZN-04A,2026-P26,5,840,1,960,120,1,4200,4800,0,0,OK,false,true,"available_minutes_per_day × business_days × concurrent_units; available already reflects derate and overtime, so derate is never multiplied again"
TEN-COOLIT-SYN-001,SITE-COOLIT-SYN-01,ERP,CAPACITY_BUCKET,CAPB-LINE-RM-01-2026-P01,LINE-RM-01,RESOLVED,2026-09-25T23:59:59-06:00,2026-09-26T08:00:00-06:00,2026-06-29T00:00:00-06:00,,1,,false,WITHIN_CAPACITY,MIN,,VALID,CURRENT,coolit-synthetic-v3.2.0,ALL_SYNTHETIC_CUSTOMERS,ALL_SYNTHETIC_PROGRAMS,ALL_SYNTHETIC_PRODUCTS,SYNTHETIC_INTERNAL,SNP-COOLIT-20260925-BL,SCN-BASELINE,CAPB-LINE-RM-01-2026-P01,LINE-RM-01,ZN-04B,2026-P01,5,840,1,960,120,1,4200,4800,0,0,OK,false,true,"available_minutes_per_day × business_days × concurrent_units; available already reflects derate and overtime, so derate is never multiplied again"
TEN-COOLIT-SYN-001,SITE-COOLIT-SYN-01,ERP,CAPACITY_BUCKET,CAPB-LINE-RM-01-2026-P02,LINE-RM-01,RESOLVED,2026-09-25T23:59:59-06:00,2026-09-26T08:00:00-06:00,2026-06-29T00:00:00-06:00,,1,,false,OVERLOADED,MIN,,VALID,CURRENT,coolit-synthetic-v3.2.0,ALL_SYNTHETIC_CUSTOMERS,ALL_SYNTHETIC_PROGRAMS,ALL_SYNTHETIC_PRODUCTS,SYNTHETIC_INTERNAL,SNP-COOLIT-20260925-BL,SCN-BASELINE,CAPB-LINE-RM-01-2026-P02,LINE-RM-01,ZN-04B,2026-P02,5,840,1,960,120,1,4200,4800,13080,2.725,OVERLOADED,true,true,"available_minutes_per_day × business_days × concurrent_units; available already reflects derate and overtime, so derate is never multiplied again"
TEN-COOLIT-SYN-001,SITE-COOLIT-SYN-01,ERP,CAPACITY_BUCKET,CAPB-LINE-RM-01-2026-P03,LINE-RM-01,RESOLVED,2026-09-25T23:59:59-06:00,2026-09-26T08:00:00-06:00,2026-06-29T00:00:00-06:00,,1,,false,OVERLOADED,MIN,,VALID,CURRENT,coolit-synthetic-v3.2.0,ALL_SYNTHETIC_CUSTOMERS,ALL_SYNTHETIC_PROGRAMS,ALL_SYNTHETIC_PRODUCTS,SYNTHETIC_INTERNAL,SNP-COOLIT-20260925-BL,SCN-BASELINE,CAPB-LINE-RM-01-2026-P03,LINE-RM-01,ZN-04B,2026-P03,5,840,1,960,120,1,4200,4800,17400,3.625,OVERLOADED,true,true,"available_minutes_per_day × business_days × concurrent_units; available already reflects derate and overtime, so derate is never multiplied again"
TEN-COOLIT-SYN-001,SITE-COOLIT-SYN-01,ERP,CAPACITY_BUCKET,CAPB-LINE-RM-01-2026-P04,LINE-RM-01,RESOLVED,2026-09-25T23:59:59-06:00,2026-09-26T08:00:00-06:00,2026-06-29T00:00:00-06:00,,1,,false,WITHIN_CAPACITY,MIN,,VALID,CURRENT,coolit-synthetic-v3.2.0,ALL_SYNTHETIC_CUSTOMERS,ALL_SYNTHETIC_PROGRAMS,ALL_SYNTHETIC_PRODUCTS,SYNTHETIC_INTERNAL,SNP-COOLIT-20260925-BL,SCN-BASELINE,CAPB-LINE-RM-01-2026-P04,LINE-RM-01,ZN-04B,2026-P04,5,840,1,960,120,1,4200,4800,0,0,OK,false,true,"available_minutes_per_day × business_days × concurrent_units; available already reflects derate and overtime, so derate is never multiplied again"
TEN-COOLIT-SYN-001,SITE-COOLIT-SYN-01,ERP,CAPACITY_BUCKET,CAPB-LINE-RM-01-2026-P05,LINE-RM-01,RESOLVED,2026-09-25T23:59:59-06:00,2026-09-26T08:00:00-06:00,2026-06-29T00:00:00-06:00,,1,,false,OVERLOADED,MIN,,VALID,CURRENT,coolit-synthetic-v3.2.0,ALL_SYNTHETIC_CUSTOMERS,ALL_SYNTHETIC_PROGRAMS,ALL_SYNTHETIC_PRODUCTS,SYNTHETIC_INTERNAL,SNP-COOLIT-20260925-BL,SCN-BASELINE,CAPB-LINE-RM-01-2026-P05,LINE-RM-01,ZN-04B,2026-P05,5,840,1,960,120,1,4200,4800,6600,1.375,OVERLOADED,true,true,"available_minutes_per_day × business_days × concurrent_units; available already reflects derate and overtime, so derate is never multiplied again"
TEN-COOLIT-SYN-001,SITE-COOLIT-SYN-01,ERP,CAPACITY_BUCKET,CAPB-LINE-RM-01-2026-P06,LINE-RM-01,RESOLVED,2026-09-25T23:59:59-06:00,2026-09-26T08:00:00-06:00,2026-06-29T00:00:00-06:00,,1,,false,OVERLOADED,MIN,,VALID,CURRENT,coolit-synthetic-v3.2.0,ALL_SYNTHETIC_CUSTOMERS,ALL_SYNTHETIC_PROGRAMS,ALL_SYNTHETIC_PRODUCTS,SYNTHETIC_INTERNAL,SNP-COOLIT-20260925-BL,SCN-BASELINE,CAPB-LINE-RM-01-2026-P06,LINE-RM-01,ZN-04B,2026-P06,5,840,1,960,120,1,4200,4800,10920,2.275,OVERLOADED,true,true,"available_minutes_per_day × business_days × concurrent_units; available already reflects derate and overtime, so derate is never multiplied again"
TEN-COOLIT-SYN-001,SITE-COOLIT-SYN-01,ERP,CAPACITY_BUCKET,CAPB-LINE-RM-01-2026-P07,LINE-RM-01,RESOLVED,2026-09-25T23:59:59-06:00,2026-09-26T08:00:00-06:00,2026-06-29T00:00:00-06:00,,1,,false,WITHIN_CAPACITY,MIN,,VALID,CURRENT,coolit-synthetic-v3.2.0,ALL_SYNTHETIC_CUSTOMERS,ALL_SYNTHETIC_PROGRAMS,ALL_SYNTHETIC_PRODUCTS,SYNTHETIC_INTERNAL,SNP-COOLIT-20260925-BL,SCN-BASELINE,CAPB-LINE-RM-01-2026-P07,LINE-RM-01,ZN-04B,2026-P07,5,840,1,960,120,1,4200,4800,0,0,OK,false,true,"available_minutes_per_day × business_days × concurrent_units; available already reflects derate and overtime, so derate is never multiplied again"
TEN-COOLIT-SYN-001,SITE-COOLIT-SYN-01,ERP,CAPACITY_BUCKET,CAPB-LINE-RM-01-2026-P08,LINE-RM-01,RESOLVED,2026-09-25T23:59:59-06:00,2026-09-26T08:00:00-06:00,2026-06-29T00:00:00-06:00,,1,,false,WITHIN_CAPACITY,MIN,,VALID,CURRENT,coolit-synthetic-v3.2.0,ALL_SYNTHETIC_CUSTOMERS,ALL_SYNTHETIC_PROGRAMS,ALL_SYNTHETIC_PRODUCTS,SYNTHETIC_INTERNAL,SNP-COOLIT-20260925-BL,SCN-BASELINE,CAPB-LINE-RM-01-2026-P08,LINE-RM-01,ZN-04B,2026-P08,5,840,1,960,120,1,4200,4800,0,0,OK,false,true,"available_minutes_per_day × business_days × concurrent_units; available already reflects derate and overtime, so derate is never multiplied again"
TEN-COOLIT-SYN-001,SITE-COOLIT-SYN-01,ERP,CAPACITY_BUCKET,CAPB-LINE-RM-01-2026-P09,LINE-RM-01,RESOLVED,2026-09-25T23:59:59-06:00,2026-09-26T08:00:00-06:00,2026-06-29T00:00:00-06:00,,1,,false,WITHIN_CAPACITY,MIN,,VALID,CURRENT,coolit-synthetic-v3.2.0,ALL_SYNTHETIC_CUSTOMERS,ALL_SYNTHETIC_PROGRAMS,ALL_SYNTHETIC_PRODUCTS,SYNTHETIC_INTERNAL,SNP-COOLIT-20260925-BL,SCN-BASELINE,CAPB-LINE-RM-01-2026-P09,LINE-RM-01,ZN-04B,2026-P09,5,840,1,960,120,1,4200,4800,0,0,OK,false,true,"available_minutes_per_day × business_days × concurrent_units; available already reflects derate and overtime, so derate is never multiplied again"
TEN-COOLIT-SYN-001,SITE-COOLIT-SYN-01,ERP,CAPACITY_BUCKET,CAPB-LINE-RM-01-2026-P10,LINE-RM-01,RESOLVED,2026-09-25T23:59:59-06:00,2026-09-26T08:00:00-06:00,2026-06-29T00:00:00-06:00,,1,,false,WITHIN_CAPACITY,MIN,,VALID,CURRENT,coolit-synthetic-v3.2.0,ALL_SYNTHETIC_CUSTOMERS,ALL_SYNTHETIC_PROGRAMS,ALL_SYNTHETIC_PRODUCTS,SYNTHETIC_INTERNAL,SNP-COOLIT-20260925-BL,SCN-BASELINE,CAPB-LINE-RM-01-2026-P10,LINE-RM-01,ZN-04B,2026-P10,5,840,1,960,120,1,4200,4800,0,0,OK,false,true,"available_minutes_per_day × business_days × concurrent_units; available already reflects derate and overtime, so derate is never multiplied again"
TEN-COOLIT-SYN-001,SITE-COOLIT-SYN-01,ERP,CAPACITY_BUCKET,CAPB-LINE-RM-01-2026-P11,LINE-RM-01,RESOLVED,2026-09-25T23:59:59-06:00,2026-09-26T08:00:00-06:00,2026-06-29T00:00:00-06:00,,1,,false,WITHIN_CAPACITY,MIN,,VALID,CURRENT,coolit-synthetic-v3.2.0,ALL_SYNTHETIC_CUSTOMERS,ALL_SYNTHETIC_PROGRAMS,ALL_SYNTHETIC_PRODUCTS,SYNTHETIC_INTERNAL,SNP-COOLIT-20260925-BL,SCN-BASELINE,CAPB-LINE-RM-01-2026-P11,LINE-RM-01,ZN-04B,2026-P11,5,840,1,960,120,1,4200,4800,0,0,OK,false,true,"available_minutes_per_day × business_days × concurrent_units; available already reflects derate and overtime, so derate is never multiplied again"
TEN-COOLIT-SYN-001,SITE-COOLIT-SYN-01,ERP,CAPACITY_BUCKET,CAPB-LINE-RM-01-2026-P12,LINE-RM-01,RESOLVED,2026-09-25T23:59:59-06:00,2026-09-26T08:00:00-06:00,2026-06-29T00:00:00-06:00,,1,,false,WITHIN_CAPACITY,MIN,,VALID,CURRENT,coolit-synthetic-v3.2.0,ALL_SYNTHETIC_CUSTOMERS,ALL_SYNTHETIC_PROGRAMS,ALL_SYNTHETIC_PRODUCTS,SYNTHETIC_INTERNAL,SNP-COOLIT-20260925-BL,SCN-BASELINE,CAPB-LINE-RM-01-2026-P12,LINE-RM-01,ZN-04B,2026-P12,5,840,1,960,120,1,4200,4800,0,0,OK,false,true,"available_minutes_per_day × business_days × concurrent_units; available already reflects derate and overtime, so derate is never multiplied again"
TEN-COOLIT-SYN-001,SITE-COOLIT-SYN-01,ERP,CAPACITY_BUCKET,CAPB-LINE-RM-01-2026-P13,LINE-RM-01,RESOLVED,2026-09-25T23:59:59-06:00,2026-09-26T08:00:00-06:00,2026-06-29T00:00:00-06:00,,1,,false,WITHIN_CAPACITY,MIN,,VALID,CURRENT,coolit-synthetic-v3.2.0,ALL_SYNTHETIC_CUSTOMERS,ALL_SYNTHETIC_PROGRAMS,ALL_SYNTHETIC_PRODUCTS,SYNTHETIC_INTERNAL,SNP-COOLIT-20260925-BL,SCN-BASELINE,CAPB-LINE-RM-01-2026-P13,LINE-RM-01,ZN-04B,2026-P13,5,840,1,960,120,1,4200,4800,0,0,OK,false,true,"available_minutes_per_day × business_days × concurrent_units; available already reflects derate and overtime, so derate is never multiplied again"
TEN-COOLIT-SYN-001,SITE-COOLIT-SYN-01,ERP,CAPACITY_BUCKET,CAPB-LINE-RM-01-2026-P14,LINE-RM-01,RESOLVED,2026-09-25T23:59:59-06:00,2026-09-26T08:00:00-06:00,2026-06-29T00:00:00-06:00,,1,,false,WITHIN_CAPACITY,MIN,,VALID,CURRENT,coolit-synthetic-v3.2.0,ALL_SYNTHETIC_CUSTOMERS,ALL_SYNTHETIC_PROGRAMS,ALL_SYNTHETIC_PRODUCTS,SYNTHETIC_INTERNAL,SNP-COOLIT-20260925-BL,SCN-BASELINE,CAPB-LINE-RM-01-2026-P14,LINE-RM-01,ZN-04B,2026-P14,5,840,1,960,120,1,4200,4800,0,0,OK,false,true,"available_minutes_per_day × business_days × concurrent_units; available already reflects derate and overtime, so derate is never multiplied again"
TEN-COOLIT-SYN-001,SITE-COOLIT-SYN-01,ERP,CAPACITY_BUCKET,CAPB-LINE-RM-01-2026-P15,LINE-RM-01,RESOLVED,2026-09-25T23:59:59-06:00,2026-09-26T08:00:00-06:00,2026-06-29T00:00:00-06:00,,1,,false,WITHIN_CAPACITY,MIN,,VALID,CURRENT,coolit-synthetic-v3.2.0,ALL_SYNTHETIC_CUSTOMERS,ALL_SYNTHETIC_PROGRAMS,ALL_SYNTHETIC_PRODUCTS,SYNTHETIC_INTERNAL,SNP-COOLIT-20260925-BL,SCN-BASELINE,CAPB-LINE-RM-01-2026-P15,LINE-RM-01,ZN-04B,2026-P15,5,840,1,960,120,1,4200,4800,0,0,OK,false,true,"available_minutes_per_day × business_days × concurrent_units; available already reflects derate and overtime, so derate is never multiplied again"
TEN-COOLIT-SYN-001,SITE-COOLIT-SYN-01,ERP,CAPACITY_BUCKET,CAPB-LINE-RM-01-2026-P16,LINE-RM-01,RESOLVED,2026-09-25T23:59:59-06:00,2026-09-26T08:00:00-06:00,2026-06-29T00:00:00-06:00,,1,,false,WITHIN_CAPACITY,MIN,,VALID,CURRENT,coolit-synthetic-v3.2.0,ALL_SYNTHETIC_CUSTOMERS,ALL_SYNTHETIC_PROGRAMS,ALL_SYNTHETIC_PRODUCTS,SYNTHETIC_INTERNAL,SNP-COOLIT-20260925-BL,SCN-BASELINE,CAPB-LINE-RM-01-2026-P16,LINE-RM-01,ZN-04B,2026-P16,5,840,1,960,120,1,4200,4800,0,0,OK,false,true,"available_minutes_per_day × business_days × concurrent_units; available already reflects derate and overtime, so derate is never multiplied again"
TEN-COOLIT-SYN-001,SITE-COOLIT-SYN-01,ERP,CAPACITY_BUCKET,CAPB-LINE-RM-01-2026-P17,LINE-RM-01,RESOLVED,2026-09-25T23:59:59-06:00,2026-09-26T08:00:00-06:00,2026-06-29T00:00:00-06:00,,1,,false,WITHIN_CAPACITY,MIN,,VALID,CURRENT,coolit-synthetic-v3.2.0,ALL_SYNTHETIC_CUSTOMERS,ALL_SYNTHETIC_PROGRAMS,ALL_SYNTHETIC_PRODUCTS,SYNTHETIC_INTERNAL,SNP-COOLIT-20260925-BL,SCN-BASELINE,CAPB-LINE-RM-01-2026-P17,LINE-RM-01,ZN-04B,2026-P17,5,840,1,960,120,1,4200,4800,0,0,OK,false,true,"available_minutes_per_day × business_days × concurrent_units; available already reflects derate and overtime, so derate is never multiplied again"
TEN-COOLIT-SYN-001,SITE-COOLIT-SYN-01,ERP,CAPACITY_BUCKET,CAPB-LINE-RM-01-2026-P18,LINE-RM-01,RESOLVED,2026-09-25T23:59:59-06:00,2026-09-26T08:00:00-06:00,2026-06-29T00:00:00-06:00,,1,,false,WITHIN_CAPACITY,MIN,,VALID,CURRENT,coolit-synthetic-v3.2.0,ALL_SYNTHETIC_CUSTOMERS,ALL_SYNTHETIC_PROGRAMS,ALL_SYNTHETIC_PRODUCTS,SYNTHETIC_INTERNAL,SNP-COOLIT-20260925-BL,SCN-BASELINE,CAPB-LINE-RM-01-2026-P18,LINE-RM-01,ZN-04B,2026-P18,5,840,1,960,120,1,4200,4800,0,0,OK,false,true,"available_minutes_per_day × business_days × concurrent_units; available already reflects derate and overtime, so derate is never multiplied again"
TEN-COOLIT-SYN-001,SITE-COOLIT-SYN-01,ERP,CAPACITY_BUCKET,CAPB-LINE-RM-01-2026-P19,LINE-RM-01,RESOLVED,2026-09-25T23:59:59-06:00,2026-09-26T08:00:00-06:00,2026-06-29T00:00:00-06:00,,1,,false,WITHIN_CAPACITY,MIN,,VALID,CURRENT,coolit-synthetic-v3.2.0,ALL_SYNTHETIC_CUSTOMERS,ALL_SYNTHETIC_PROGRAMS,ALL_SYNTHETIC_PRODUCTS,SYNTHETIC_INTERNAL,SNP-COOLIT-20260925-BL,SCN-BASELINE,CAPB-LINE-RM-01-2026-P19,LINE-RM-01,ZN-04B,2026-P19,5,840,1,960,120,1,4200,4800,0,0,OK,false,true,"available_minutes_per_day × business_days × concurrent_units; available already reflects derate and overtime, so derate is never multiplied again"
TEN-COOLIT-SYN-001,SITE-COOLIT-SYN-01,ERP,CAPACITY_BUCKET,CAPB-LINE-RM-01-2026-P20,LINE-RM-01,RESOLVED,2026-09-25T23:59:59-06:00,2026-09-26T08:00:00-06:00,2026-06-29T00:00:00-06:00,,1,,false,WITHIN_CAPACITY,MIN,,VALID,CURRENT,coolit-synthetic-v3.2.0,ALL_SYNTHETIC_CUSTOMERS,ALL_SYNTHETIC_PROGRAMS,ALL_SYNTHETIC_PRODUCTS,SYNTHETIC_INTERNAL,SNP-COOLIT-20260925-BL,SCN-BASELINE,CAPB-LINE-RM-01-2026-P20,LINE-RM-01,ZN-04B,2026-P20,5,840,1,960,120,1,4200,4800,0,0,OK,false,true,"available_minutes_per_day × business_days × concurrent_units; available already reflects derate and overtime, so derate is never multiplied again"
TEN-COOLIT-SYN-001,SITE-COOLIT-SYN-01,ERP,CAPACITY_BUCKET,CAPB-LINE-RM-01-2026-P21,LINE-RM-01,RESOLVED,2026-09-25T23:59:59-06:00,2026-09-26T08:00:00-06:00,2026-06-29T00:00:00-06:00,,1,,false,WITHIN_CAPACITY,MIN,,VALID,CURRENT,coolit-synthetic-v3.2.0,ALL_SYNTHETIC_CUSTOMERS,ALL_SYNTHETIC_PROGRAMS,ALL_SYNTHETIC_PRODUCTS,SYNTHETIC_INTERNAL,SNP-COOLIT-20260925-BL,SCN-BASELINE,CAPB-LINE-RM-01-2026-P21,LINE-RM-01,ZN-04B,2026-P21,5,840,1,960,120,1,4200,4800,0,0,OK,false,true,"available_minutes_per_day × business_days × concurrent_units; available already reflects derate and overtime, so derate is never multiplied again"
TEN-COOLIT-SYN-001,SITE-COOLIT-SYN-01,ERP,CAPACITY_BUCKET,CAPB-LINE-RM-01-2026-P22,LINE-RM-01,RESOLVED,2026-09-25T23:59:59-06:00,2026-09-26T08:00:00-06:00,2026-06-29T00:00:00-06:00,,1,,false,WITHIN_CAPACITY,MIN,,VALID,CURRENT,coolit-synthetic-v3.2.0,ALL_SYNTHETIC_CUSTOMERS,ALL_SYNTHETIC_PROGRAMS,ALL_SYNTHETIC_PRODUCTS,SYNTHETIC_INTERNAL,SNP-COOLIT-20260925-BL,SCN-BASELINE,CAPB-LINE-RM-01-2026-P22,LINE-RM-01,ZN-04B,2026-P22,5,840,1,960,120,1,4200,4800,0,0,OK,false,true,"available_minutes_per_day × business_days × concurrent_units; available already reflects derate and overtime, so derate is never multiplied again"
TEN-COOLIT-SYN-001,SITE-COOLIT-SYN-01,ERP,CAPACITY_BUCKET,CAPB-LINE-RM-01-2026-P23,LINE-RM-01,RESOLVED,2026-09-25T23:59:59-06:00,2026-09-26T08:00:00-06:00,2026-06-29T00:00:00-06:00,,1,,false,WITHIN_CAPACITY,MIN,,VALID,CURRENT,coolit-synthetic-v3.2.0,ALL_SYNTHETIC_CUSTOMERS,ALL_SYNTHETIC_PROGRAMS,ALL_SYNTHETIC_PRODUCTS,SYNTHETIC_INTERNAL,SNP-COOLIT-20260925-BL,SCN-BASELINE,CAPB-LINE-RM-01-2026-P23,LINE-RM-01,ZN-04B,2026-P23,5,840,1,960,120,1,4200,4800,0,0,OK,false,true,"available_minutes_per_day × business_days × concurrent_units; available already reflects derate and overtime, so derate is never multiplied again"
TEN-COOLIT-SYN-001,SITE-COOLIT-SYN-01,ERP,CAPACITY_BUCKET,CAPB-LINE-RM-01-2026-P24,LINE-RM-01,RESOLVED,2026-09-25T23:59:59-06:00,2026-09-26T08:00:00-06:00,2026-06-29T00:00:00-06:00,,1,,false,WITHIN_CAPACITY,MIN,,VALID,CURRENT,coolit-synthetic-v3.2.0,ALL_SYNTHETIC_CUSTOMERS,ALL_SYNTHETIC_PROGRAMS,ALL_SYNTHETIC_PRODUCTS,SYNTHETIC_INTERNAL,SNP-COOLIT-20260925-BL,SCN-BASELINE,CAPB-LINE-RM-01-2026-P24,LINE-RM-01,ZN-04B,2026-P24,5,840,1,960,120,1,4200,4800,0,0,OK,false,true,"available_minutes_per_day × business_days × concurrent_units; available already reflects derate and overtime, so derate is never multiplied again"
TEN-COOLIT-SYN-001,SITE-COOLIT-SYN-01,ERP,CAPACITY_BUCKET,CAPB-LINE-RM-01-2026-P25,LINE-RM-01,RESOLVED,2026-09-25T23:59:59-06:00,2026-09-26T08:00:00-06:00,2026-06-29T00:00:00-06:00,,1,,false,WITHIN_CAPACITY,MIN,,VALID,CURRENT,coolit-synthetic-v3.2.0,ALL_SYNTHETIC_CUSTOMERS,ALL_SYNTHETIC_PROGRAMS,ALL_SYNTHETIC_PRODUCTS,SYNTHETIC_INTERNAL,SNP-COOLIT-20260925-BL,SCN-BASELINE,CAPB-LINE-RM-01-2026-P25,LINE-RM-01,ZN-04B,2026-P25,5,840,1,960,120,1,4200,4800,0,0,OK,false,true,"available_minutes_per_day × business_days × concurrent_units; available already reflects derate and overtime, so derate is never multiplied again"
TEN-COOLIT-SYN-001,SITE-COOLIT-SYN-01,ERP,CAPACITY_BUCKET,CAPB-LINE-RM-01-2026-P26,LINE-RM-01,RESOLVED,2026-09-25T23:59:59-06:00,2026-09-26T08:00:00-06:00,2026-06-29T00:00:00-06:00,,1,,false,WITHIN_CAPACITY,MIN,,VALID,CURRENT,coolit-synthetic-v3.2.0,ALL_SYNTHETIC_CUSTOMERS,ALL_SYNTHETIC_PROGRAMS,ALL_SYNTHETIC_PRODUCTS,SYNTHETIC_INTERNAL,SNP-COOLIT-20260925-BL,SCN-BASELINE,CAPB-LINE-RM-01-2026-P26,LINE-RM-01,ZN-04B,2026-P26,5,840,1,960,120,1,4200,4800,0,0,OK,false,true,"available_minutes_per_day × business_days × concurrent_units; available already reflects derate and overtime, so derate is never multiplied again"
TEN-COOLIT-SYN-001,SITE-COOLIT-SYN-01,ERP,CAPACITY_BUCKET,CAPB-LINE-CDU-01-2026-P01,LINE-CDU-01,RESOLVED,2026-09-25T23:59:59-06:00,2026-09-26T08:00:00-06:00,2026-06-29T00:00:00-06:00,,1,,false,WITHIN_CAPACITY,MIN,,VALID,CURRENT,coolit-synthetic-v3.2.0,ALL_SYNTHETIC_CUSTOMERS,ALL_SYNTHETIC_PROGRAMS,ALL_SYNTHETIC_PRODUCTS,SYNTHETIC_INTERNAL,SNP-COOLIT-20260925-BL,SCN-BASELINE,CAPB-LINE-CDU-01-2026-P01,LINE-CDU-01,ZN-04C,2026-P01,5,840,1,960,120,1,4200,4800,0,0,OK,false,true,"available_minutes_per_day × business_days × concurrent_units; available already reflects derate and overtime, so derate is never multiplied again"
TEN-COOLIT-SYN-001,SITE-COOLIT-SYN-01,ERP,CAPACITY_BUCKET,CAPB-LINE-CDU-01-2026-P02,LINE-CDU-01,RESOLVED,2026-09-25T23:59:59-06:00,2026-09-26T08:00:00-06:00,2026-06-29T00:00:00-06:00,,1,,false,WITHIN_CAPACITY,MIN,,VALID,CURRENT,coolit-synthetic-v3.2.0,ALL_SYNTHETIC_CUSTOMERS,ALL_SYNTHETIC_PROGRAMS,ALL_SYNTHETIC_PRODUCTS,SYNTHETIC_INTERNAL,SNP-COOLIT-20260925-BL,SCN-BASELINE,CAPB-LINE-CDU-01-2026-P02,LINE-CDU-01,ZN-04C,2026-P02,5,840,1,960,120,1,4200,4800,0,0,OK,false,true,"available_minutes_per_day × business_days × concurrent_units; available already reflects derate and overtime, so derate is never multiplied again"
TEN-COOLIT-SYN-001,SITE-COOLIT-SYN-01,ERP,CAPACITY_BUCKET,CAPB-LINE-CDU-01-2026-P03,LINE-CDU-01,RESOLVED,2026-09-25T23:59:59-06:00,2026-09-26T08:00:00-06:00,2026-06-29T00:00:00-06:00,,1,,false,WITHIN_CAPACITY,MIN,,VALID,CURRENT,coolit-synthetic-v3.2.0,ALL_SYNTHETIC_CUSTOMERS,ALL_SYNTHETIC_PROGRAMS,ALL_SYNTHETIC_PRODUCTS,SYNTHETIC_INTERNAL,SNP-COOLIT-20260925-BL,SCN-BASELINE,CAPB-LINE-CDU-01-2026-P03,LINE-CDU-01,ZN-04C,2026-P03,5,840,1,960,120,1,4200,4800,0,0,OK,false,true,"available_minutes_per_day × business_days × concurrent_units; available already reflects derate and overtime, so derate is never multiplied again"
TEN-COOLIT-SYN-001,SITE-COOLIT-SYN-01,ERP,CAPACITY_BUCKET,CAPB-LINE-CDU-01-2026-P04,LINE-CDU-01,RESOLVED,2026-09-25T23:59:59-06:00,2026-09-26T08:00:00-06:00,2026-06-29T00:00:00-06:00,,1,,false,WITHIN_CAPACITY,MIN,,VALID,CURRENT,coolit-synthetic-v3.2.0,ALL_SYNTHETIC_CUSTOMERS,ALL_SYNTHETIC_PROGRAMS,ALL_SYNTHETIC_PRODUCTS,SYNTHETIC_INTERNAL,SNP-COOLIT-20260925-BL,SCN-BASELINE,CAPB-LINE-CDU-01-2026-P04,LINE-CDU-01,ZN-04C,2026-P04,5,840,1,960,120,1,4200,4800,4440,0.925,WATCH,false,true,"available_minutes_per_day × business_days × concurrent_units; available already reflects derate and overtime, so derate is never multiplied again"
TEN-COOLIT-SYN-001,SITE-COOLIT-SYN-01,ERP,CAPACITY_BUCKET,CAPB-LINE-CDU-01-2026-P05,LINE-CDU-01,RESOLVED,2026-09-25T23:59:59-06:00,2026-09-26T08:00:00-06:00,2026-06-29T00:00:00-06:00,,1,,false,WITHIN_CAPACITY,MIN,,VALID,CURRENT,coolit-synthetic-v3.2.0,ALL_SYNTHETIC_CUSTOMERS,ALL_SYNTHETIC_PROGRAMS,ALL_SYNTHETIC_PRODUCTS,SYNTHETIC_INTERNAL,SNP-COOLIT-20260925-BL,SCN-BASELINE,CAPB-LINE-CDU-01-2026-P05,LINE-CDU-01,ZN-04C,2026-P05,5,840,1,960,120,1,4200,4800,0,0,OK,false,true,"available_minutes_per_day × business_days × concurrent_units; available already reflects derate and overtime, so derate is never multiplied again"
TEN-COOLIT-SYN-001,SITE-COOLIT-SYN-01,ERP,CAPACITY_BUCKET,CAPB-LINE-CDU-01-2026-P06,LINE-CDU-01,RESOLVED,2026-09-25T23:59:59-06:00,2026-09-26T08:00:00-06:00,2026-06-29T00:00:00-06:00,,1,,false,WITHIN_CAPACITY,MIN,,VALID,CURRENT,coolit-synthetic-v3.2.0,ALL_SYNTHETIC_CUSTOMERS,ALL_SYNTHETIC_PROGRAMS,ALL_SYNTHETIC_PRODUCTS,SYNTHETIC_INTERNAL,SNP-COOLIT-20260925-BL,SCN-BASELINE,CAPB-LINE-CDU-01-2026-P06,LINE-CDU-01,ZN-04C,2026-P06,5,840,1,960,120,1,4200,4800,0,0,OK,false,true,"available_minutes_per_day × business_days × concurrent_units; available already reflects derate and overtime, so derate is never multiplied again"
TEN-COOLIT-SYN-001,SITE-COOLIT-SYN-01,ERP,CAPACITY_BUCKET,CAPB-LINE-CDU-01-2026-P07,LINE-CDU-01,RESOLVED,2026-09-25T23:59:59-06:00,2026-09-26T08:00:00-06:00,2026-06-29T00:00:00-06:00,,1,,false,OVERLOADED,MIN,,VALID,CURRENT,coolit-synthetic-v3.2.0,ALL_SYNTHETIC_CUSTOMERS,ALL_SYNTHETIC_PROGRAMS,ALL_SYNTHETIC_PRODUCTS,SYNTHETIC_INTERNAL,SNP-COOLIT-20260925-BL,SCN-BASELINE,CAPB-LINE-CDU-01-2026-P07,LINE-CDU-01,ZN-04C,2026-P07,5,840,1,960,120,1,4200,4800,15240,3.175,OVERLOADED,true,true,"available_minutes_per_day × business_days × concurrent_units; available already reflects derate and overtime, so derate is never multiplied again"
TEN-COOLIT-SYN-001,SITE-COOLIT-SYN-01,ERP,CAPACITY_BUCKET,CAPB-LINE-CDU-01-2026-P08,LINE-CDU-01,RESOLVED,2026-09-25T23:59:59-06:00,2026-09-26T08:00:00-06:00,2026-06-29T00:00:00-06:00,,1,,false,OVERLOADED,MIN,,VALID,CURRENT,coolit-synthetic-v3.2.0,ALL_SYNTHETIC_CUSTOMERS,ALL_SYNTHETIC_PROGRAMS,ALL_SYNTHETIC_PRODUCTS,SYNTHETIC_INTERNAL,SNP-COOLIT-20260925-BL,SCN-BASELINE,CAPB-LINE-CDU-01-2026-P08,LINE-CDU-01,ZN-04C,2026-P08,5,840,1,960,120,1,4200,4800,19560,4.075,OVERLOADED,true,true,"available_minutes_per_day × business_days × concurrent_units; available already reflects derate and overtime, so derate is never multiplied again"
TEN-COOLIT-SYN-001,SITE-COOLIT-SYN-01,ERP,CAPACITY_BUCKET,CAPB-LINE-CDU-01-2026-P09,LINE-CDU-01,RESOLVED,2026-09-25T23:59:59-06:00,2026-09-26T08:00:00-06:00,2026-06-29T00:00:00-06:00,,1,,false,WITHIN_CAPACITY,MIN,,VALID,CURRENT,coolit-synthetic-v3.2.0,ALL_SYNTHETIC_CUSTOMERS,ALL_SYNTHETIC_PROGRAMS,ALL_SYNTHETIC_PRODUCTS,SYNTHETIC_INTERNAL,SNP-COOLIT-20260925-BL,SCN-BASELINE,CAPB-LINE-CDU-01-2026-P09,LINE-CDU-01,ZN-04C,2026-P09,5,840,1,960,120,1,4200,4800,0,0,OK,false,true,"available_minutes_per_day × business_days × concurrent_units; available already reflects derate and overtime, so derate is never multiplied again"
TEN-COOLIT-SYN-001,SITE-COOLIT-SYN-01,ERP,CAPACITY_BUCKET,CAPB-LINE-CDU-01-2026-P10,LINE-CDU-01,RESOLVED,2026-09-25T23:59:59-06:00,2026-09-26T08:00:00-06:00,2026-06-29T00:00:00-06:00,,1,,false,WITHIN_CAPACITY,MIN,,VALID,CURRENT,coolit-synthetic-v3.2.0,ALL_SYNTHETIC_CUSTOMERS,ALL_SYNTHETIC_PROGRAMS,ALL_SYNTHETIC_PRODUCTS,SYNTHETIC_INTERNAL,SNP-COOLIT-20260925-BL,SCN-BASELINE,CAPB-LINE-CDU-01-2026-P10,LINE-CDU-01,ZN-04C,2026-P10,5,840,1,960,120,1,4200,4800,0,0,OK,false,true,"available_minutes_per_day × business_days × concurrent_units; available already reflects derate and overtime, so derate is never multiplied again"
TEN-COOLIT-SYN-001,SITE-COOLIT-SYN-01,ERP,CAPACITY_BUCKET,CAPB-LINE-CDU-01-2026-P11,LINE-CDU-01,RESOLVED,2026-09-25T23:59:59-06:00,2026-09-26T08:00:00-06:00,2026-06-29T00:00:00-06:00,,1,,false,WITHIN_CAPACITY,MIN,,VALID,CURRENT,coolit-synthetic-v3.2.0,ALL_SYNTHETIC_CUSTOMERS,ALL_SYNTHETIC_PROGRAMS,ALL_SYNTHETIC_PRODUCTS,SYNTHETIC_INTERNAL,SNP-COOLIT-20260925-BL,SCN-BASELINE,CAPB-LINE-CDU-01-2026-P11,LINE-CDU-01,ZN-04C,2026-P11,5,840,1,960,120,1,4200,4800,0,0,OK,false,true,"available_minutes_per_day × business_days × concurrent_units; available already reflects derate and overtime, so derate is never multiplied again"
TEN-COOLIT-SYN-001,SITE-COOLIT-SYN-01,ERP,CAPACITY_BUCKET,CAPB-LINE-CDU-01-2026-P12,LINE-CDU-01,RESOLVED,2026-09-25T23:59:59-06:00,2026-09-26T08:00:00-06:00,2026-06-29T00:00:00-06:00,,1,,false,WITHIN_CAPACITY,MIN,,VALID,CURRENT,coolit-synthetic-v3.2.0,ALL_SYNTHETIC_CUSTOMERS,ALL_SYNTHETIC_PROGRAMS,ALL_SYNTHETIC_PRODUCTS,SYNTHETIC_INTERNAL,SNP-COOLIT-20260925-BL,SCN-BASELINE,CAPB-LINE-CDU-01-2026-P12,LINE-CDU-01,ZN-04C,2026-P12,5,840,1,960,120,1,4200,4800,0,0,OK,false,true,"available_minutes_per_day × business_days × concurrent_units; available already reflects derate and overtime, so derate is never multiplied again"
TEN-COOLIT-SYN-001,SITE-COOLIT-SYN-01,ERP,CAPACITY_BUCKET,CAPB-LINE-CDU-01-2026-P13,LINE-CDU-01,RESOLVED,2026-09-25T23:59:59-06:00,2026-09-26T08:00:00-06:00,2026-06-29T00:00:00-06:00,,1,,false,WITHIN_CAPACITY,MIN,,VALID,CURRENT,coolit-synthetic-v3.2.0,ALL_SYNTHETIC_CUSTOMERS,ALL_SYNTHETIC_PROGRAMS,ALL_SYNTHETIC_PRODUCTS,SYNTHETIC_INTERNAL,SNP-COOLIT-20260925-BL,SCN-BASELINE,CAPB-LINE-CDU-01-2026-P13,LINE-CDU-01,ZN-04C,2026-P13,5,840,1,960,120,1,4200,4800,0,0,OK,false,true,"available_minutes_per_day × business_days × concurrent_units; available already reflects derate and overtime, so derate is never multiplied again"
TEN-COOLIT-SYN-001,SITE-COOLIT-SYN-01,ERP,CAPACITY_BUCKET,CAPB-LINE-CDU-01-2026-P14,LINE-CDU-01,RESOLVED,2026-09-25T23:59:59-06:00,2026-09-26T08:00:00-06:00,2026-06-29T00:00:00-06:00,,1,,false,WITHIN_CAPACITY,MIN,,VALID,CURRENT,coolit-synthetic-v3.2.0,ALL_SYNTHETIC_CUSTOMERS,ALL_SYNTHETIC_PROGRAMS,ALL_SYNTHETIC_PRODUCTS,SYNTHETIC_INTERNAL,SNP-COOLIT-20260925-BL,SCN-BASELINE,CAPB-LINE-CDU-01-2026-P14,LINE-CDU-01,ZN-04C,2026-P14,5,840,1,960,120,1,4200,4800,0,0,OK,false,true,"available_minutes_per_day × business_days × concurrent_units; available already reflects derate and overtime, so derate is never multiplied again"
TEN-COOLIT-SYN-001,SITE-COOLIT-SYN-01,ERP,CAPACITY_BUCKET,CAPB-LINE-CDU-01-2026-P15,LINE-CDU-01,RESOLVED,2026-09-25T23:59:59-06:00,2026-09-26T08:00:00-06:00,2026-06-29T00:00:00-06:00,,1,,false,WITHIN_CAPACITY,MIN,,VALID,CURRENT,coolit-synthetic-v3.2.0,ALL_SYNTHETIC_CUSTOMERS,ALL_SYNTHETIC_PROGRAMS,ALL_SYNTHETIC_PRODUCTS,SYNTHETIC_INTERNAL,SNP-COOLIT-20260925-BL,SCN-BASELINE,CAPB-LINE-CDU-01-2026-P15,LINE-CDU-01,ZN-04C,2026-P15,5,840,1,960,120,1,4200,4800,0,0,OK,false,true,"available_minutes_per_day × business_days × concurrent_units; available already reflects derate and overtime, so derate is never multiplied again"
TEN-COOLIT-SYN-001,SITE-COOLIT-SYN-01,ERP,CAPACITY_BUCKET,CAPB-LINE-CDU-01-2026-P16,LINE-CDU-01,RESOLVED,2026-09-25T23:59:59-06:00,2026-09-26T08:00:00-06:00,2026-06-29T00:00:00-06:00,,1,,false,WITHIN_CAPACITY,MIN,,VALID,CURRENT,coolit-synthetic-v3.2.0,ALL_SYNTHETIC_CUSTOMERS,ALL_SYNTHETIC_PROGRAMS,ALL_SYNTHETIC_PRODUCTS,SYNTHETIC_INTERNAL,SNP-COOLIT-20260925-BL,SCN-BASELINE,CAPB-LINE-CDU-01-2026-P16,LINE-CDU-01,ZN-04C,2026-P16,5,840,1,960,120,1,4200,4800,0,0,OK,false,true,"available_minutes_per_day × business_days × concurrent_units; available already reflects derate and overtime, so derate is never multiplied again"
TEN-COOLIT-SYN-001,SITE-COOLIT-SYN-01,ERP,CAPACITY_BUCKET,CAPB-LINE-CDU-01-2026-P17,LINE-CDU-01,RESOLVED,2026-09-25T23:59:59-06:00,2026-09-26T08:00:00-06:00,2026-06-29T00:00:00-06:00,,1,,false,WITHIN_CAPACITY,MIN,,VALID,CURRENT,coolit-synthetic-v3.2.0,ALL_SYNTHETIC_CUSTOMERS,ALL_SYNTHETIC_PROGRAMS,ALL_SYNTHETIC_PRODUCTS,SYNTHETIC_INTERNAL,SNP-COOLIT-20260925-BL,SCN-BASELINE,CAPB-LINE-CDU-01-2026-P17,LINE-CDU-01,ZN-04C,2026-P17,5,840,1,960,120,1,4200,4800,0,0,OK,false,true,"available_minutes_per_day × business_days × concurrent_units; available already reflects derate and overtime, so derate is never multiplied again"
TEN-COOLIT-SYN-001,SITE-COOLIT-SYN-01,ERP,CAPACITY_BUCKET,CAPB-LINE-CDU-01-2026-P18,LINE-CDU-01,RESOLVED,2026-09-25T23:59:59-06:00,2026-09-26T08:00:00-06:00,2026-06-29T00:00:00-06:00,,1,,false,WITHIN_CAPACITY,MIN,,VALID,CURRENT,coolit-synthetic-v3.2.0,ALL_SYNTHETIC_CUSTOMERS,ALL_SYNTHETIC_PROGRAMS,ALL_SYNTHETIC_PRODUCTS,SYNTHETIC_INTERNAL,SNP-COOLIT-20260925-BL,SCN-BASELINE,CAPB-LINE-CDU-01-2026-P18,LINE-CDU-01,ZN-04C,2026-P18,5,840,1,960,120,1,4200,4800,0,0,OK,false,true,"available_minutes_per_day × business_days × concurrent_units; available already reflects derate and overtime, so derate is never multiplied again"
TEN-COOLIT-SYN-001,SITE-COOLIT-SYN-01,ERP,CAPACITY_BUCKET,CAPB-LINE-CDU-01-2026-P19,LINE-CDU-01,RESOLVED,2026-09-25T23:59:59-06:00,2026-09-26T08:00:00-06:00,2026-06-29T00:00:00-06:00,,1,,false,WITHIN_CAPACITY,MIN,,VALID,CURRENT,coolit-synthetic-v3.2.0,ALL_SYNTHETIC_CUSTOMERS,ALL_SYNTHETIC_PROGRAMS,ALL_SYNTHETIC_PRODUCTS,SYNTHETIC_INTERNAL,SNP-COOLIT-20260925-BL,SCN-BASELINE,CAPB-LINE-CDU-01-2026-P19,LINE-CDU-01,ZN-04C,2026-P19,5,840,1,960,120,1,4200,4800,0,0,OK,false,true,"available_minutes_per_day × business_days × concurrent_units; available already reflects derate and overtime, so derate is never multiplied again"
TEN-COOLIT-SYN-001,SITE-COOLIT-SYN-01,ERP,CAPACITY_BUCKET,CAPB-LINE-CDU-01-2026-P20,LINE-CDU-01,RESOLVED,2026-09-25T23:59:59-06:00,2026-09-26T08:00:00-06:00,2026-06-29T00:00:00-06:00,,1,,false,WITHIN_CAPACITY,MIN,,VALID,CURRENT,coolit-synthetic-v3.2.0,ALL_SYNTHETIC_CUSTOMERS,ALL_SYNTHETIC_PROGRAMS,ALL_SYNTHETIC_PRODUCTS,SYNTHETIC_INTERNAL,SNP-COOLIT-20260925-BL,SCN-BASELINE,CAPB-LINE-CDU-01-2026-P20,LINE-CDU-01,ZN-04C,2026-P20,5,840,1,960,120,1,4200,4800,0,0,OK,false,true,"available_minutes_per_day × business_days × concurrent_units; available already reflects derate and overtime, so derate is never multiplied again"
TEN-COOLIT-SYN-001,SITE-COOLIT-SYN-01,ERP,CAPACITY_BUCKET,CAPB-LINE-CDU-01-2026-P21,LINE-CDU-01,RESOLVED,2026-09-25T23:59:59-06:00,2026-09-26T08:00:00-06:00,2026-06-29T00:00:00-06:00,,1,,false,WITHIN_CAPACITY,MIN,,VALID,CURRENT,coolit-synthetic-v3.2.0,ALL_SYNTHETIC_CUSTOMERS,ALL_SYNTHETIC_PROGRAMS,ALL_SYNTHETIC_PRODUCTS,SYNTHETIC_INTERNAL,SNP-COOLIT-20260925-BL,SCN-BASELINE,CAPB-LINE-CDU-01-2026-P21,LINE-CDU-01,ZN-04C,2026-P21,5,840,1,960,120,1,4200,4800,0,0,OK,false,true,"available_minutes_per_day × business_days × concurrent_units; available already reflects derate and overtime, so derate is never multiplied again"
TEN-COOLIT-SYN-001,SITE-COOLIT-SYN-01,ERP,CAPACITY_BUCKET,CAPB-LINE-CDU-01-2026-P22,LINE-CDU-01,RESOLVED,2026-09-25T23:59:59-06:00,2026-09-26T08:00:00-06:00,2026-06-29T00:00:00-06:00,,1,,false,WITHIN_CAPACITY,MIN,,VALID,CURRENT,coolit-synthetic-v3.2.0,ALL_SYNTHETIC_CUSTOMERS,ALL_SYNTHETIC_PROGRAMS,ALL_SYNTHETIC_PRODUCTS,SYNTHETIC_INTERNAL,SNP-COOLIT-20260925-BL,SCN-BASELINE,CAPB-LINE-CDU-01-2026-P22,LINE-CDU-01,ZN-04C,2026-P22,5,840,1,960,120,1,4200,4800,0,0,OK,false,true,"available_minutes_per_day × business_days × concurrent_units; available already reflects derate and overtime, so derate is never multiplied again"
TEN-COOLIT-SYN-001,SITE-COOLIT-SYN-01,ERP,CAPACITY_BUCKET,CAPB-LINE-CDU-01-2026-P23,LINE-CDU-01,RESOLVED,2026-09-25T23:59:59-06:00,2026-09-26T08:00:00-06:00,2026-06-29T00:00:00-06:00,,1,,false,WITHIN_CAPACITY,MIN,,VALID,CURRENT,coolit-synthetic-v3.2.0,ALL_SYNTHETIC_CUSTOMERS,ALL_SYNTHETIC_PROGRAMS,ALL_SYNTHETIC_PRODUCTS,SYNTHETIC_INTERNAL,SNP-COOLIT-20260925-BL,SCN-BASELINE,CAPB-LINE-CDU-01-2026-P23,LINE-CDU-01,ZN-04C,2026-P23,5,840,1,960,120,1,4200,4800,0,0,OK,false,true,"available_minutes_per_day × business_days × concurrent_units; available already reflects derate and overtime, so derate is never multiplied again"
TEN-COOLIT-SYN-001,SITE-COOLIT-SYN-01,ERP,CAPACITY_BUCKET,CAPB-LINE-CDU-01-2026-P24,LINE-CDU-01,RESOLVED,2026-09-25T23:59:59-06:00,2026-09-26T08:00:00-06:00,2026-06-29T00:00:00-06:00,,1,,false,WITHIN_CAPACITY,MIN,,VALID,CURRENT,coolit-synthetic-v3.2.0,ALL_SYNTHETIC_CUSTOMERS,ALL_SYNTHETIC_PROGRAMS,ALL_SYNTHETIC_PRODUCTS,SYNTHETIC_INTERNAL,SNP-COOLIT-20260925-BL,SCN-BASELINE,CAPB-LINE-CDU-01-2026-P24,LINE-CDU-01,ZN-04C,2026-P24,5,840,1,960,120,1,4200,4800,0,0,OK,false,true,"available_minutes_per_day × business_days × concurrent_units; available already reflects derate and overtime, so derate is never multiplied again"
TEN-COOLIT-SYN-001,SITE-COOLIT-SYN-01,ERP,CAPACITY_BUCKET,CAPB-LINE-CDU-01-2026-P25,LINE-CDU-01,RESOLVED,2026-09-25T23:59:59-06:00,2026-09-26T08:00:00-06:00,2026-06-29T00:00:00-06:00,,1,,false,WITHIN_CAPACITY,MIN,,VALID,CURRENT,coolit-synthetic-v3.2.0,ALL_SYNTHETIC_CUSTOMERS,ALL_SYNTHETIC_PROGRAMS,ALL_SYNTHETIC_PRODUCTS,SYNTHETIC_INTERNAL,SNP-COOLIT-20260925-BL,SCN-BASELINE,CAPB-LINE-CDU-01-2026-P25,LINE-CDU-01,ZN-04C,2026-P25,5,840,1,960,120,1,4200,4800,0,0,OK,false,true,"available_minutes_per_day × business_days × concurrent_units; available already reflects derate and overtime, so derate is never multiplied again"
TEN-COOLIT-SYN-001,SITE-COOLIT-SYN-01,ERP,CAPACITY_BUCKET,CAPB-LINE-CDU-01-2026-P26,LINE-CDU-01,RESOLVED,2026-09-25T23:59:59-06:00,2026-09-26T08:00:00-06:00,2026-06-29T00:00:00-06:00,,1,,false,WITHIN_CAPACITY,MIN,,VALID,CURRENT,coolit-synthetic-v3.2.0,ALL_SYNTHETIC_CUSTOMERS,ALL_SYNTHETIC_PROGRAMS,ALL_SYNTHETIC_PRODUCTS,SYNTHETIC_INTERNAL,SNP-COOLIT-20260925-BL,SCN-BASELINE,CAPB-LINE-CDU-01-2026-P26,LINE-CDU-01,ZN-04C,2026-P26,5,840,1,960,120,1,4200,4800,0,0,OK,false,true,"available_minutes_per_day × business_days × concurrent_units; available already reflects derate and overtime, so derate is never multiplied again"
TEN-COOLIT-SYN-001,SITE-COOLIT-SYN-01,ERP,CAPACITY_BUCKET,CAPB-CELL-ROBOT-01-2026-P01,CELL-ROBOT-01,RESOLVED,2026-09-25T23:59:59-06:00,2026-09-26T08:00:00-06:00,2026-06-29T00:00:00-06:00,,1,,false,WITHIN_CAPACITY,MIN,,VALID,CURRENT,coolit-synthetic-v3.2.0,ALL_SYNTHETIC_CUSTOMERS,ALL_SYNTHETIC_PROGRAMS,ALL_SYNTHETIC_PRODUCTS,SYNTHETIC_INTERNAL,SNP-COOLIT-20260925-BL,SCN-BASELINE,CAPB-CELL-ROBOT-01-2026-P01,CELL-ROBOT-01,ZN-03,2026-P01,5,840,1,960,120,2,8400,9600,4920,0.5125,OK,false,true,"available_minutes_per_day × business_days × concurrent_units; available already reflects derate and overtime, so derate is never multiplied again"
TEN-COOLIT-SYN-001,SITE-COOLIT-SYN-01,ERP,CAPACITY_BUCKET,CAPB-CELL-ROBOT-01-2026-P02,CELL-ROBOT-01,RESOLVED,2026-09-25T23:59:59-06:00,2026-09-26T08:00:00-06:00,2026-06-29T00:00:00-06:00,,1,,false,WITHIN_CAPACITY,MIN,,VALID,CURRENT,coolit-synthetic-v3.2.0,ALL_SYNTHETIC_CUSTOMERS,ALL_SYNTHETIC_PROGRAMS,ALL_SYNTHETIC_PRODUCTS,SYNTHETIC_INTERNAL,SNP-COOLIT-20260925-BL,SCN-BASELINE,CAPB-CELL-ROBOT-01-2026-P02,CELL-ROBOT-01,ZN-03,2026-P02,5,840,1,960,120,2,8400,9600,3270,0.3406,OK,false,true,"available_minutes_per_day × business_days × concurrent_units; available already reflects derate and overtime, so derate is never multiplied again"
TEN-COOLIT-SYN-001,SITE-COOLIT-SYN-01,ERP,CAPACITY_BUCKET,CAPB-CELL-ROBOT-01-2026-P03,CELL-ROBOT-01,RESOLVED,2026-09-25T23:59:59-06:00,2026-09-26T08:00:00-06:00,2026-06-29T00:00:00-06:00,,1,,false,WITHIN_CAPACITY,MIN,,VALID,CURRENT,coolit-synthetic-v3.2.0,ALL_SYNTHETIC_CUSTOMERS,ALL_SYNTHETIC_PROGRAMS,ALL_SYNTHETIC_PRODUCTS,SYNTHETIC_INTERNAL,SNP-COOLIT-20260925-BL,SCN-BASELINE,CAPB-CELL-ROBOT-01-2026-P03,CELL-ROBOT-01,ZN-03,2026-P03,5,840,1,960,120,2,8400,9600,4350,0.4531,OK,false,true,"available_minutes_per_day × business_days × concurrent_units; available already reflects derate and overtime, so derate is never multiplied again"
TEN-COOLIT-SYN-001,SITE-COOLIT-SYN-01,ERP,CAPACITY_BUCKET,CAPB-CELL-ROBOT-01-2026-P04,CELL-ROBOT-01,RESOLVED,2026-09-25T23:59:59-06:00,2026-09-26T08:00:00-06:00,2026-06-29T00:00:00-06:00,,1,,false,WITHIN_CAPACITY,MIN,,VALID,CURRENT,coolit-synthetic-v3.2.0,ALL_SYNTHETIC_CUSTOMERS,ALL_SYNTHETIC_PROGRAMS,ALL_SYNTHETIC_PRODUCTS,SYNTHETIC_INTERNAL,SNP-COOLIT-20260925-BL,SCN-BASELINE,CAPB-CELL-ROBOT-01-2026-P04,CELL-ROBOT-01,ZN-03,2026-P04,5,840,1,960,120,2,8400,9600,1110,0.1156,OK,false,true,"available_minutes_per_day × business_days × concurrent_units; available already reflects derate and overtime, so derate is never multiplied again"
TEN-COOLIT-SYN-001,SITE-COOLIT-SYN-01,ERP,CAPACITY_BUCKET,CAPB-CELL-ROBOT-01-2026-P05,CELL-ROBOT-01,RESOLVED,2026-09-25T23:59:59-06:00,2026-09-26T08:00:00-06:00,2026-06-29T00:00:00-06:00,,1,,false,WITHIN_CAPACITY,MIN,,VALID,CURRENT,coolit-synthetic-v3.2.0,ALL_SYNTHETIC_CUSTOMERS,ALL_SYNTHETIC_PROGRAMS,ALL_SYNTHETIC_PRODUCTS,SYNTHETIC_INTERNAL,SNP-COOLIT-20260925-BL,SCN-BASELINE,CAPB-CELL-ROBOT-01-2026-P05,CELL-ROBOT-01,ZN-03,2026-P05,5,840,1,960,120,2,8400,9600,3840,0.4,OK,false,true,"available_minutes_per_day × business_days × concurrent_units; available already reflects derate and overtime, so derate is never multiplied again"
TEN-COOLIT-SYN-001,SITE-COOLIT-SYN-01,ERP,CAPACITY_BUCKET,CAPB-CELL-ROBOT-01-2026-P06,CELL-ROBOT-01,RESOLVED,2026-09-25T23:59:59-06:00,2026-09-26T08:00:00-06:00,2026-06-29T00:00:00-06:00,,1,,false,WITHIN_CAPACITY,MIN,,VALID,CURRENT,coolit-synthetic-v3.2.0,ALL_SYNTHETIC_CUSTOMERS,ALL_SYNTHETIC_PROGRAMS,ALL_SYNTHETIC_PRODUCTS,SYNTHETIC_INTERNAL,SNP-COOLIT-20260925-BL,SCN-BASELINE,CAPB-CELL-ROBOT-01-2026-P06,CELL-ROBOT-01,ZN-03,2026-P06,5,840,1,960,120,2,8400,9600,2730,0.2844,OK,false,true,"available_minutes_per_day × business_days × concurrent_units; available already reflects derate and overtime, so derate is never multiplied again"
TEN-COOLIT-SYN-001,SITE-COOLIT-SYN-01,ERP,CAPACITY_BUCKET,CAPB-CELL-ROBOT-01-2026-P07,CELL-ROBOT-01,RESOLVED,2026-09-25T23:59:59-06:00,2026-09-26T08:00:00-06:00,2026-06-29T00:00:00-06:00,,1,,false,WITHIN_CAPACITY,MIN,,VALID,CURRENT,coolit-synthetic-v3.2.0,ALL_SYNTHETIC_CUSTOMERS,ALL_SYNTHETIC_PROGRAMS,ALL_SYNTHETIC_PRODUCTS,SYNTHETIC_INTERNAL,SNP-COOLIT-20260925-BL,SCN-BASELINE,CAPB-CELL-ROBOT-01-2026-P07,CELL-ROBOT-01,ZN-03,2026-P07,5,840,1,960,120,2,8400,9600,3810,0.3969,OK,false,true,"available_minutes_per_day × business_days × concurrent_units; available already reflects derate and overtime, so derate is never multiplied again"
TEN-COOLIT-SYN-001,SITE-COOLIT-SYN-01,ERP,CAPACITY_BUCKET,CAPB-CELL-ROBOT-01-2026-P08,CELL-ROBOT-01,RESOLVED,2026-09-25T23:59:59-06:00,2026-09-26T08:00:00-06:00,2026-06-29T00:00:00-06:00,,1,,false,WITHIN_CAPACITY,MIN,,VALID,CURRENT,coolit-synthetic-v3.2.0,ALL_SYNTHETIC_CUSTOMERS,ALL_SYNTHETIC_PROGRAMS,ALL_SYNTHETIC_PRODUCTS,SYNTHETIC_INTERNAL,SNP-COOLIT-20260925-BL,SCN-BASELINE,CAPB-CELL-ROBOT-01-2026-P08,CELL-ROBOT-01,ZN-03,2026-P08,5,840,1,960,120,2,8400,9600,4890,0.5094,OK,false,true,"available_minutes_per_day × business_days × concurrent_units; available already reflects derate and overtime, so derate is never multiplied again"
TEN-COOLIT-SYN-001,SITE-COOLIT-SYN-01,ERP,CAPACITY_BUCKET,CAPB-CELL-ROBOT-01-2026-P09,CELL-ROBOT-01,RESOLVED,2026-09-25T23:59:59-06:00,2026-09-26T08:00:00-06:00,2026-06-29T00:00:00-06:00,,1,,false,WITHIN_CAPACITY,MIN,,VALID,CURRENT,coolit-synthetic-v3.2.0,ALL_SYNTHETIC_CUSTOMERS,ALL_SYNTHETIC_PROGRAMS,ALL_SYNTHETIC_PRODUCTS,SYNTHETIC_INTERNAL,SNP-COOLIT-20260925-BL,SCN-BASELINE,CAPB-CELL-ROBOT-01-2026-P09,CELL-ROBOT-01,ZN-03,2026-P09,5,840,1,960,120,2,8400,9600,0,0,OK,false,true,"available_minutes_per_day × business_days × concurrent_units; available already reflects derate and overtime, so derate is never multiplied again"
TEN-COOLIT-SYN-001,SITE-COOLIT-SYN-01,ERP,CAPACITY_BUCKET,CAPB-CELL-ROBOT-01-2026-P10,CELL-ROBOT-01,RESOLVED,2026-09-25T23:59:59-06:00,2026-09-26T08:00:00-06:00,2026-06-29T00:00:00-06:00,,1,,false,WITHIN_CAPACITY,MIN,,VALID,CURRENT,coolit-synthetic-v3.2.0,ALL_SYNTHETIC_CUSTOMERS,ALL_SYNTHETIC_PROGRAMS,ALL_SYNTHETIC_PRODUCTS,SYNTHETIC_INTERNAL,SNP-COOLIT-20260925-BL,SCN-BASELINE,CAPB-CELL-ROBOT-01-2026-P10,CELL-ROBOT-01,ZN-03,2026-P10,5,840,1,960,120,2,8400,9600,0,0,OK,false,true,"available_minutes_per_day × business_days × concurrent_units; available already reflects derate and overtime, so derate is never multiplied again"
TEN-COOLIT-SYN-001,SITE-COOLIT-SYN-01,ERP,CAPACITY_BUCKET,CAPB-CELL-ROBOT-01-2026-P11,CELL-ROBOT-01,RESOLVED,2026-09-25T23:59:59-06:00,2026-09-26T08:00:00-06:00,2026-06-29T00:00:00-06:00,,1,,false,WITHIN_CAPACITY,MIN,,VALID,CURRENT,coolit-synthetic-v3.2.0,ALL_SYNTHETIC_CUSTOMERS,ALL_SYNTHETIC_PROGRAMS,ALL_SYNTHETIC_PRODUCTS,SYNTHETIC_INTERNAL,SNP-COOLIT-20260925-BL,SCN-BASELINE,CAPB-CELL-ROBOT-01-2026-P11,CELL-ROBOT-01,ZN-03,2026-P11,5,840,1,960,120,2,8400,9600,0,0,OK,false,true,"available_minutes_per_day × business_days × concurrent_units; available already reflects derate and overtime, so derate is never multiplied again"
TEN-COOLIT-SYN-001,SITE-COOLIT-SYN-01,ERP,CAPACITY_BUCKET,CAPB-CELL-ROBOT-01-2026-P12,CELL-ROBOT-01,RESOLVED,2026-09-25T23:59:59-06:00,2026-09-26T08:00:00-06:00,2026-06-29T00:00:00-06:00,,1,,false,WITHIN_CAPACITY,MIN,,VALID,CURRENT,coolit-synthetic-v3.2.0,ALL_SYNTHETIC_CUSTOMERS,ALL_SYNTHETIC_PROGRAMS,ALL_SYNTHETIC_PRODUCTS,SYNTHETIC_INTERNAL,SNP-COOLIT-20260925-BL,SCN-BASELINE,CAPB-CELL-ROBOT-01-2026-P12,CELL-ROBOT-01,ZN-03,2026-P12,5,840,1,960,120,2,8400,9600,0,0,OK,false,true,"available_minutes_per_day × business_days × concurrent_units; available already reflects derate and overtime, so derate is never multiplied again"
TEN-COOLIT-SYN-001,SITE-COOLIT-SYN-01,ERP,CAPACITY_BUCKET,CAPB-CELL-ROBOT-01-2026-P13,CELL-ROBOT-01,RESOLVED,2026-09-25T23:59:59-06:00,2026-09-26T08:00:00-06:00,2026-06-29T00:00:00-06:00,,1,,false,WITHIN_CAPACITY,MIN,,VALID,CURRENT,coolit-synthetic-v3.2.0,ALL_SYNTHETIC_CUSTOMERS,ALL_SYNTHETIC_PROGRAMS,ALL_SYNTHETIC_PRODUCTS,SYNTHETIC_INTERNAL,SNP-COOLIT-20260925-BL,SCN-BASELINE,CAPB-CELL-ROBOT-01-2026-P13,CELL-ROBOT-01,ZN-03,2026-P13,5,840,1,960,120,2,8400,9600,0,0,OK,false,true,"available_minutes_per_day × business_days × concurrent_units; available already reflects derate and overtime, so derate is never multiplied again"
TEN-COOLIT-SYN-001,SITE-COOLIT-SYN-01,ERP,CAPACITY_BUCKET,CAPB-CELL-ROBOT-01-2026-P14,CELL-ROBOT-01,RESOLVED,2026-09-25T23:59:59-06:00,2026-09-26T08:00:00-06:00,2026-06-29T00:00:00-06:00,,1,,false,WITHIN_CAPACITY,MIN,,VALID,CURRENT,coolit-synthetic-v3.2.0,ALL_SYNTHETIC_CUSTOMERS,ALL_SYNTHETIC_PROGRAMS,ALL_SYNTHETIC_PRODUCTS,SYNTHETIC_INTERNAL,SNP-COOLIT-20260925-BL,SCN-BASELINE,CAPB-CELL-ROBOT-01-2026-P14,CELL-ROBOT-01,ZN-03,2026-P14,5,840,1,960,120,2,8400,9600,0,0,OK,false,true,"available_minutes_per_day × business_days × concurrent_units; available already reflects derate and overtime, so derate is never multiplied again"
TEN-COOLIT-SYN-001,SITE-COOLIT-SYN-01,ERP,CAPACITY_BUCKET,CAPB-CELL-ROBOT-01-2026-P15,CELL-ROBOT-01,RESOLVED,2026-09-25T23:59:59-06:00,2026-09-26T08:00:00-06:00,2026-06-29T00:00:00-06:00,,1,,false,WITHIN_CAPACITY,MIN,,VALID,CURRENT,coolit-synthetic-v3.2.0,ALL_SYNTHETIC_CUSTOMERS,ALL_SYNTHETIC_PROGRAMS,ALL_SYNTHETIC_PRODUCTS,SYNTHETIC_INTERNAL,SNP-COOLIT-20260925-BL,SCN-BASELINE,CAPB-CELL-ROBOT-01-2026-P15,CELL-ROBOT-01,ZN-03,2026-P15,5,840,1,960,120,2,8400,9600,0,0,OK,false,true,"available_minutes_per_day × business_days × concurrent_units; available already reflects derate and overtime, so derate is never multiplied again"
TEN-COOLIT-SYN-001,SITE-COOLIT-SYN-01,ERP,CAPACITY_BUCKET,CAPB-CELL-ROBOT-01-2026-P16,CELL-ROBOT-01,RESOLVED,2026-09-25T23:59:59-06:00,2026-09-26T08:00:00-06:00,2026-06-29T00:00:00-06:00,,1,,false,WITHIN_CAPACITY,MIN,,VALID,CURRENT,coolit-synthetic-v3.2.0,ALL_SYNTHETIC_CUSTOMERS,ALL_SYNTHETIC_PROGRAMS,ALL_SYNTHETIC_PRODUCTS,SYNTHETIC_INTERNAL,SNP-COOLIT-20260925-BL,SCN-BASELINE,CAPB-CELL-ROBOT-01-2026-P16,CELL-ROBOT-01,ZN-03,2026-P16,5,840,1,960,120,2,8400,9600,0,0,OK,false,true,"available_minutes_per_day × business_days × concurrent_units; available already reflects derate and overtime, so derate is never multiplied again"
TEN-COOLIT-SYN-001,SITE-COOLIT-SYN-01,ERP,CAPACITY_BUCKET,CAPB-CELL-ROBOT-01-2026-P17,CELL-ROBOT-01,RESOLVED,2026-09-25T23:59:59-06:00,2026-09-26T08:00:00-06:00,2026-06-29T00:00:00-06:00,,1,,false,WITHIN_CAPACITY,MIN,,VALID,CURRENT,coolit-synthetic-v3.2.0,ALL_SYNTHETIC_CUSTOMERS,ALL_SYNTHETIC_PROGRAMS,ALL_SYNTHETIC_PRODUCTS,SYNTHETIC_INTERNAL,SNP-COOLIT-20260925-BL,SCN-BASELINE,CAPB-CELL-ROBOT-01-2026-P17,CELL-ROBOT-01,ZN-03,2026-P17,5,840,1,960,120,2,8400,9600,0,0,OK,false,true,"available_minutes_per_day × business_days × concurrent_units; available already reflects derate and overtime, so derate is never multiplied again"
TEN-COOLIT-SYN-001,SITE-COOLIT-SYN-01,ERP,CAPACITY_BUCKET,CAPB-CELL-ROBOT-01-2026-P18,CELL-ROBOT-01,RESOLVED,2026-09-25T23:59:59-06:00,2026-09-26T08:00:00-06:00,2026-06-29T00:00:00-06:00,,1,,false,WITHIN_CAPACITY,MIN,,VALID,CURRENT,coolit-synthetic-v3.2.0,ALL_SYNTHETIC_CUSTOMERS,ALL_SYNTHETIC_PROGRAMS,ALL_SYNTHETIC_PRODUCTS,SYNTHETIC_INTERNAL,SNP-COOLIT-20260925-BL,SCN-BASELINE,CAPB-CELL-ROBOT-01-2026-P18,CELL-ROBOT-01,ZN-03,2026-P18,5,840,1,960,120,2,8400,9600,0,0,OK,false,true,"available_minutes_per_day × business_days × concurrent_units; available already reflects derate and overtime, so derate is never multiplied again"
TEN-COOLIT-SYN-001,SITE-COOLIT-SYN-01,ERP,CAPACITY_BUCKET,CAPB-CELL-ROBOT-01-2026-P19,CELL-ROBOT-01,RESOLVED,2026-09-25T23:59:59-06:00,2026-09-26T08:00:00-06:00,2026-06-29T00:00:00-06:00,,1,,false,WITHIN_CAPACITY,MIN,,VALID,CURRENT,coolit-synthetic-v3.2.0,ALL_SYNTHETIC_CUSTOMERS,ALL_SYNTHETIC_PROGRAMS,ALL_SYNTHETIC_PRODUCTS,SYNTHETIC_INTERNAL,SNP-COOLIT-20260925-BL,SCN-BASELINE,CAPB-CELL-ROBOT-01-2026-P19,CELL-ROBOT-01,ZN-03,2026-P19,5,840,1,960,120,2,8400,9600,0,0,OK,false,true,"available_minutes_per_day × business_days × concurrent_units; available already reflects derate and overtime, so derate is never multiplied again"
TEN-COOLIT-SYN-001,SITE-COOLIT-SYN-01,ERP,CAPACITY_BUCKET,CAPB-CELL-ROBOT-01-2026-P20,CELL-ROBOT-01,RESOLVED,2026-09-25T23:59:59-06:00,2026-09-26T08:00:00-06:00,2026-06-29T00:00:00-06:00,,1,,false,WITHIN_CAPACITY,MIN,,VALID,CURRENT,coolit-synthetic-v3.2.0,ALL_SYNTHETIC_CUSTOMERS,ALL_SYNTHETIC_PROGRAMS,ALL_SYNTHETIC_PRODUCTS,SYNTHETIC_INTERNAL,SNP-COOLIT-20260925-BL,SCN-BASELINE,CAPB-CELL-ROBOT-01-2026-P20,CELL-ROBOT-01,ZN-03,2026-P20,5,840,1,960,120,2,8400,9600,0,0,OK,false,true,"available_minutes_per_day × business_days × concurrent_units; available already reflects derate and overtime, so derate is never multiplied again"
TEN-COOLIT-SYN-001,SITE-COOLIT-SYN-01,ERP,CAPACITY_BUCKET,CAPB-CELL-ROBOT-01-2026-P21,CELL-ROBOT-01,RESOLVED,2026-09-25T23:59:59-06:00,2026-09-26T08:00:00-06:00,2026-06-29T00:00:00-06:00,,1,,false,WITHIN_CAPACITY,MIN,,VALID,CURRENT,coolit-synthetic-v3.2.0,ALL_SYNTHETIC_CUSTOMERS,ALL_SYNTHETIC_PROGRAMS,ALL_SYNTHETIC_PRODUCTS,SYNTHETIC_INTERNAL,SNP-COOLIT-20260925-BL,SCN-BASELINE,CAPB-CELL-ROBOT-01-2026-P21,CELL-ROBOT-01,ZN-03,2026-P21,5,840,1,960,120,2,8400,9600,0,0,OK,false,true,"available_minutes_per_day × business_days × concurrent_units; available already reflects derate and overtime, so derate is never multiplied again"
TEN-COOLIT-SYN-001,SITE-COOLIT-SYN-01,ERP,CAPACITY_BUCKET,CAPB-CELL-ROBOT-01-2026-P22,CELL-ROBOT-01,RESOLVED,2026-09-25T23:59:59-06:00,2026-09-26T08:00:00-06:00,2026-06-29T00:00:00-06:00,,1,,false,WITHIN_CAPACITY,MIN,,VALID,CURRENT,coolit-synthetic-v3.2.0,ALL_SYNTHETIC_CUSTOMERS,ALL_SYNTHETIC_PROGRAMS,ALL_SYNTHETIC_PRODUCTS,SYNTHETIC_INTERNAL,SNP-COOLIT-20260925-BL,SCN-BASELINE,CAPB-CELL-ROBOT-01-2026-P22,CELL-ROBOT-01,ZN-03,2026-P22,5,840,1,960,120,2,8400,9600,0,0,OK,false,true,"available_minutes_per_day × business_days × concurrent_units; available already reflects derate and overtime, so derate is never multiplied again"
TEN-COOLIT-SYN-001,SITE-COOLIT-SYN-01,ERP,CAPACITY_BUCKET,CAPB-CELL-ROBOT-01-2026-P23,CELL-ROBOT-01,RESOLVED,2026-09-25T23:59:59-06:00,2026-09-26T08:00:00-06:00,2026-06-29T00:00:00-06:00,,1,,false,WITHIN_CAPACITY,MIN,,VALID,CURRENT,coolit-synthetic-v3.2.0,ALL_SYNTHETIC_CUSTOMERS,ALL_SYNTHETIC_PROGRAMS,ALL_SYNTHETIC_PRODUCTS,SYNTHETIC_INTERNAL,SNP-COOLIT-20260925-BL,SCN-BASELINE,CAPB-CELL-ROBOT-01-2026-P23,CELL-ROBOT-01,ZN-03,2026-P23,5,840,1,960,120,2,8400,9600,0,0,OK,false,true,"available_minutes_per_day × business_days × concurrent_units; available already reflects derate and overtime, so derate is never multiplied again"
TEN-COOLIT-SYN-001,SITE-COOLIT-SYN-01,ERP,CAPACITY_BUCKET,CAPB-CELL-ROBOT-01-2026-P24,CELL-ROBOT-01,RESOLVED,2026-09-25T23:59:59-06:00,2026-09-26T08:00:00-06:00,2026-06-29T00:00:00-06:00,,1,,false,WITHIN_CAPACITY,MIN,,VALID,CURRENT,coolit-synthetic-v3.2.0,ALL_SYNTHETIC_CUSTOMERS,ALL_SYNTHETIC_PROGRAMS,ALL_SYNTHETIC_PRODUCTS,SYNTHETIC_INTERNAL,SNP-COOLIT-20260925-BL,SCN-BASELINE,CAPB-CELL-ROBOT-01-2026-P24,CELL-ROBOT-01,ZN-03,2026-P24,5,840,1,960,120,2,8400,9600,0,0,OK,false,true,"available_minutes_per_day × business_days × concurrent_units; available already reflects derate and overtime, so derate is never multiplied again"
TEN-COOLIT-SYN-001,SITE-COOLIT-SYN-01,ERP,CAPACITY_BUCKET,CAPB-CELL-ROBOT-01-2026-P25,CELL-ROBOT-01,RESOLVED,2026-09-25T23:59:59-06:00,2026-09-26T08:00:00-06:00,2026-06-29T00:00:00-06:00,,1,,false,WITHIN_CAPACITY,MIN,,VALID,CURRENT,coolit-synthetic-v3.2.0,ALL_SYNTHETIC_CUSTOMERS,ALL_SYNTHETIC_PROGRAMS,ALL_SYNTHETIC_PRODUCTS,SYNTHETIC_INTERNAL,SNP-COOLIT-20260925-BL,SCN-BASELINE,CAPB-CELL-ROBOT-01-2026-P25,CELL-ROBOT-01,ZN-03,2026-P25,5,840,1,960,120,2,8400,9600,0,0,OK,false,true,"available_minutes_per_day × business_days × concurrent_units; available already reflects derate and overtime, so derate is never multiplied again"
TEN-COOLIT-SYN-001,SITE-COOLIT-SYN-01,ERP,CAPACITY_BUCKET,CAPB-CELL-ROBOT-01-2026-P26,CELL-ROBOT-01,RESOLVED,2026-09-25T23:59:59-06:00,2026-09-26T08:00:00-06:00,2026-06-29T00:00:00-06:00,,1,,false,WITHIN_CAPACITY,MIN,,VALID,CURRENT,coolit-synthetic-v3.2.0,ALL_SYNTHETIC_CUSTOMERS,ALL_SYNTHETIC_PROGRAMS,ALL_SYNTHETIC_PRODUCTS,SYNTHETIC_INTERNAL,SNP-COOLIT-20260925-BL,SCN-BASELINE,CAPB-CELL-ROBOT-01-2026-P26,CELL-ROBOT-01,ZN-03,2026-P26,5,840,1,960,120,2,8400,9600,0,0,OK,false,true,"available_minutes_per_day × business_days × concurrent_units; available already reflects derate and overtime, so derate is never multiplied again"
TEN-COOLIT-SYN-001,SITE-COOLIT-SYN-01,ERP,CAPACITY_BUCKET,CAPB-TEST-LEAK-01-2026-P01,TEST-LEAK-01,RESOLVED,2026-09-25T23:59:59-06:00,2026-09-26T08:00:00-06:00,2026-06-29T00:00:00-06:00,,1,,false,OVERLOADED,MIN,,VALID,CURRENT,coolit-synthetic-v3.2.0,ALL_SYNTHETIC_CUSTOMERS,ALL_SYNTHETIC_PROGRAMS,ALL_SYNTHETIC_PRODUCTS,SYNTHETIC_INTERNAL,SNP-COOLIT-20260925-BL,SCN-BASELINE,CAPB-TEST-LEAK-01-2026-P01,TEST-LEAK-01,ZN-05A,2026-P01,5,840,0.343,288,0,1,4200,1440,6540,4.5417,OVERLOADED,true,true,"available_minutes_per_day × business_days × concurrent_units; available already reflects derate and overtime, so derate is never multiplied again"
TEN-COOLIT-SYN-001,SITE-COOLIT-SYN-01,ERP,CAPACITY_BUCKET,CAPB-TEST-LEAK-01-2026-P02,TEST-LEAK-01,RESOLVED,2026-09-25T23:59:59-06:00,2026-09-26T08:00:00-06:00,2026-06-29T00:00:00-06:00,,1,,false,OVERLOADED,MIN,,VALID,CURRENT,coolit-synthetic-v3.2.0,ALL_SYNTHETIC_CUSTOMERS,ALL_SYNTHETIC_PROGRAMS,ALL_SYNTHETIC_PRODUCTS,SYNTHETIC_INTERNAL,SNP-COOLIT-20260925-BL,SCN-BASELINE,CAPB-TEST-LEAK-01-2026-P02,TEST-LEAK-01,ZN-05A,2026-P02,5,840,1,840,0,1,4200,4200,14310,3.4071,OVERLOADED,true,true,"available_minutes_per_day × business_days × concurrent_units; available already reflects derate and overtime, so derate is never multiplied again"
TEN-COOLIT-SYN-001,SITE-COOLIT-SYN-01,ERP,CAPACITY_BUCKET,CAPB-TEST-LEAK-01-2026-P03,TEST-LEAK-01,RESOLVED,2026-09-25T23:59:59-06:00,2026-09-26T08:00:00-06:00,2026-06-29T00:00:00-06:00,,1,,false,OVERLOADED,MIN,,VALID,CURRENT,coolit-synthetic-v3.2.0,ALL_SYNTHETIC_CUSTOMERS,ALL_SYNTHETIC_PROGRAMS,ALL_SYNTHETIC_PRODUCTS,SYNTHETIC_INTERNAL,SNP-COOLIT-20260925-BL,SCN-BASELINE,CAPB-TEST-LEAK-01-2026-P03,TEST-LEAK-01,ZN-05A,2026-P03,5,840,1,840,0,1,4200,4200,17190,4.0929,OVERLOADED,true,true,"available_minutes_per_day × business_days × concurrent_units; available already reflects derate and overtime, so derate is never multiplied again"
TEN-COOLIT-SYN-001,SITE-COOLIT-SYN-01,ERP,CAPACITY_BUCKET,CAPB-TEST-LEAK-01-2026-P04,TEST-LEAK-01,RESOLVED,2026-09-25T23:59:59-06:00,2026-09-26T08:00:00-06:00,2026-06-29T00:00:00-06:00,,1,,false,OVERLOADED,MIN,,VALID,CURRENT,coolit-synthetic-v3.2.0,ALL_SYNTHETIC_CUSTOMERS,ALL_SYNTHETIC_PROGRAMS,ALL_SYNTHETIC_PRODUCTS,SYNTHETIC_INTERNAL,SNP-COOLIT-20260925-BL,SCN-BASELINE,CAPB-TEST-LEAK-01-2026-P04,TEST-LEAK-01,ZN-05A,2026-P04,5,840,1,840,0,1,4200,4200,14640,3.4857,OVERLOADED,true,true,"available_minutes_per_day × business_days × concurrent_units; available already reflects derate and overtime, so derate is never multiplied again"
TEN-COOLIT-SYN-001,SITE-COOLIT-SYN-01,ERP,CAPACITY_BUCKET,CAPB-TEST-LEAK-01-2026-P05,TEST-LEAK-01,RESOLVED,2026-09-25T23:59:59-06:00,2026-09-26T08:00:00-06:00,2026-06-29T00:00:00-06:00,,1,,false,OVERLOADED,MIN,,VALID,CURRENT,coolit-synthetic-v3.2.0,ALL_SYNTHETIC_CUSTOMERS,ALL_SYNTHETIC_PROGRAMS,ALL_SYNTHETIC_PRODUCTS,SYNTHETIC_INTERNAL,SNP-COOLIT-20260925-BL,SCN-BASELINE,CAPB-TEST-LEAK-01-2026-P05,TEST-LEAK-01,ZN-05A,2026-P05,5,840,1,840,0,1,4200,4200,4920,1.1714,OVERLOADED,true,true,"available_minutes_per_day × business_days × concurrent_units; available already reflects derate and overtime, so derate is never multiplied again"
TEN-COOLIT-SYN-001,SITE-COOLIT-SYN-01,ERP,CAPACITY_BUCKET,CAPB-TEST-LEAK-01-2026-P06,TEST-LEAK-01,RESOLVED,2026-09-25T23:59:59-06:00,2026-09-26T08:00:00-06:00,2026-06-29T00:00:00-06:00,,1,,false,OVERLOADED,MIN,,VALID,CURRENT,coolit-synthetic-v3.2.0,ALL_SYNTHETIC_CUSTOMERS,ALL_SYNTHETIC_PROGRAMS,ALL_SYNTHETIC_PRODUCTS,SYNTHETIC_INTERNAL,SNP-COOLIT-20260925-BL,SCN-BASELINE,CAPB-TEST-LEAK-01-2026-P06,TEST-LEAK-01,ZN-05A,2026-P06,5,840,1,840,0,1,4200,4200,11790,2.8071,OVERLOADED,true,true,"available_minutes_per_day × business_days × concurrent_units; available already reflects derate and overtime, so derate is never multiplied again"
TEN-COOLIT-SYN-001,SITE-COOLIT-SYN-01,ERP,CAPACITY_BUCKET,CAPB-TEST-LEAK-01-2026-P07,TEST-LEAK-01,RESOLVED,2026-09-25T23:59:59-06:00,2026-09-26T08:00:00-06:00,2026-06-29T00:00:00-06:00,,1,,false,OVERLOADED,MIN,,VALID,CURRENT,coolit-synthetic-v3.2.0,ALL_SYNTHETIC_CUSTOMERS,ALL_SYNTHETIC_PROGRAMS,ALL_SYNTHETIC_PRODUCTS,SYNTHETIC_INTERNAL,SNP-COOLIT-20260925-BL,SCN-BASELINE,CAPB-TEST-LEAK-01-2026-P07,TEST-LEAK-01,ZN-05A,2026-P07,5,840,1,840,0,1,4200,4200,14850,3.5357,OVERLOADED,true,true,"available_minutes_per_day × business_days × concurrent_units; available already reflects derate and overtime, so derate is never multiplied again"
TEN-COOLIT-SYN-001,SITE-COOLIT-SYN-01,ERP,CAPACITY_BUCKET,CAPB-TEST-LEAK-01-2026-P08,TEST-LEAK-01,RESOLVED,2026-09-25T23:59:59-06:00,2026-09-26T08:00:00-06:00,2026-06-29T00:00:00-06:00,,1,,false,OVERLOADED,MIN,,VALID,CURRENT,coolit-synthetic-v3.2.0,ALL_SYNTHETIC_CUSTOMERS,ALL_SYNTHETIC_PROGRAMS,ALL_SYNTHETIC_PRODUCTS,SYNTHETIC_INTERNAL,SNP-COOLIT-20260925-BL,SCN-BASELINE,CAPB-TEST-LEAK-01-2026-P08,TEST-LEAK-01,ZN-05A,2026-P08,5,840,1,840,0,1,4200,4200,13020,3.1,OVERLOADED,true,true,"available_minutes_per_day × business_days × concurrent_units; available already reflects derate and overtime, so derate is never multiplied again"
TEN-COOLIT-SYN-001,SITE-COOLIT-SYN-01,ERP,CAPACITY_BUCKET,CAPB-TEST-LEAK-01-2026-P09,TEST-LEAK-01,RESOLVED,2026-09-25T23:59:59-06:00,2026-09-26T08:00:00-06:00,2026-06-29T00:00:00-06:00,,1,,false,WITHIN_CAPACITY,MIN,,VALID,CURRENT,coolit-synthetic-v3.2.0,ALL_SYNTHETIC_CUSTOMERS,ALL_SYNTHETIC_PROGRAMS,ALL_SYNTHETIC_PRODUCTS,SYNTHETIC_INTERNAL,SNP-COOLIT-20260925-BL,SCN-BASELINE,CAPB-TEST-LEAK-01-2026-P09,TEST-LEAK-01,ZN-05A,2026-P09,5,840,1,840,0,1,4200,4200,0,0,OK,false,true,"available_minutes_per_day × business_days × concurrent_units; available already reflects derate and overtime, so derate is never multiplied again"
TEN-COOLIT-SYN-001,SITE-COOLIT-SYN-01,ERP,CAPACITY_BUCKET,CAPB-TEST-LEAK-01-2026-P10,TEST-LEAK-01,RESOLVED,2026-09-25T23:59:59-06:00,2026-09-26T08:00:00-06:00,2026-06-29T00:00:00-06:00,,1,,false,WITHIN_CAPACITY,MIN,,VALID,CURRENT,coolit-synthetic-v3.2.0,ALL_SYNTHETIC_CUSTOMERS,ALL_SYNTHETIC_PROGRAMS,ALL_SYNTHETIC_PRODUCTS,SYNTHETIC_INTERNAL,SNP-COOLIT-20260925-BL,SCN-BASELINE,CAPB-TEST-LEAK-01-2026-P10,TEST-LEAK-01,ZN-05A,2026-P10,5,840,1,840,0,1,4200,4200,0,0,OK,false,true,"available_minutes_per_day × business_days × concurrent_units; available already reflects derate and overtime, so derate is never multiplied again"
TEN-COOLIT-SYN-001,SITE-COOLIT-SYN-01,ERP,CAPACITY_BUCKET,CAPB-TEST-LEAK-01-2026-P11,TEST-LEAK-01,RESOLVED,2026-09-25T23:59:59-06:00,2026-09-26T08:00:00-06:00,2026-06-29T00:00:00-06:00,,1,,false,WITHIN_CAPACITY,MIN,,VALID,CURRENT,coolit-synthetic-v3.2.0,ALL_SYNTHETIC_CUSTOMERS,ALL_SYNTHETIC_PROGRAMS,ALL_SYNTHETIC_PRODUCTS,SYNTHETIC_INTERNAL,SNP-COOLIT-20260925-BL,SCN-BASELINE,CAPB-TEST-LEAK-01-2026-P11,TEST-LEAK-01,ZN-05A,2026-P11,5,840,1,840,0,1,4200,4200,0,0,OK,false,true,"available_minutes_per_day × business_days × concurrent_units; available already reflects derate and overtime, so derate is never multiplied again"
TEN-COOLIT-SYN-001,SITE-COOLIT-SYN-01,ERP,CAPACITY_BUCKET,CAPB-TEST-LEAK-01-2026-P12,TEST-LEAK-01,RESOLVED,2026-09-25T23:59:59-06:00,2026-09-26T08:00:00-06:00,2026-06-29T00:00:00-06:00,,1,,false,WITHIN_CAPACITY,MIN,,VALID,CURRENT,coolit-synthetic-v3.2.0,ALL_SYNTHETIC_CUSTOMERS,ALL_SYNTHETIC_PROGRAMS,ALL_SYNTHETIC_PRODUCTS,SYNTHETIC_INTERNAL,SNP-COOLIT-20260925-BL,SCN-BASELINE,CAPB-TEST-LEAK-01-2026-P12,TEST-LEAK-01,ZN-05A,2026-P12,5,840,1,840,0,1,4200,4200,0,0,OK,false,true,"available_minutes_per_day × business_days × concurrent_units; available already reflects derate and overtime, so derate is never multiplied again"
TEN-COOLIT-SYN-001,SITE-COOLIT-SYN-01,ERP,CAPACITY_BUCKET,CAPB-TEST-LEAK-01-2026-P13,TEST-LEAK-01,RESOLVED,2026-09-25T23:59:59-06:00,2026-09-26T08:00:00-06:00,2026-06-29T00:00:00-06:00,,1,,false,WITHIN_CAPACITY,MIN,,VALID,CURRENT,coolit-synthetic-v3.2.0,ALL_SYNTHETIC_CUSTOMERS,ALL_SYNTHETIC_PROGRAMS,ALL_SYNTHETIC_PRODUCTS,SYNTHETIC_INTERNAL,SNP-COOLIT-20260925-BL,SCN-BASELINE,CAPB-TEST-LEAK-01-2026-P13,TEST-LEAK-01,ZN-05A,2026-P13,5,840,1,840,0,1,4200,4200,0,0,OK,false,true,"available_minutes_per_day × business_days × concurrent_units; available already reflects derate and overtime, so derate is never multiplied again"
TEN-COOLIT-SYN-001,SITE-COOLIT-SYN-01,ERP,CAPACITY_BUCKET,CAPB-TEST-LEAK-01-2026-P14,TEST-LEAK-01,RESOLVED,2026-09-25T23:59:59-06:00,2026-09-26T08:00:00-06:00,2026-06-29T00:00:00-06:00,,1,,false,WITHIN_CAPACITY,MIN,,VALID,CURRENT,coolit-synthetic-v3.2.0,ALL_SYNTHETIC_CUSTOMERS,ALL_SYNTHETIC_PROGRAMS,ALL_SYNTHETIC_PRODUCTS,SYNTHETIC_INTERNAL,SNP-COOLIT-20260925-BL,SCN-BASELINE,CAPB-TEST-LEAK-01-2026-P14,TEST-LEAK-01,ZN-05A,2026-P14,5,840,1,840,0,1,4200,4200,0,0,OK,false,true,"available_minutes_per_day × business_days × concurrent_units; available already reflects derate and overtime, so derate is never multiplied again"
TEN-COOLIT-SYN-001,SITE-COOLIT-SYN-01,ERP,CAPACITY_BUCKET,CAPB-TEST-LEAK-01-2026-P15,TEST-LEAK-01,RESOLVED,2026-09-25T23:59:59-06:00,2026-09-26T08:00:00-06:00,2026-06-29T00:00:00-06:00,,1,,false,WITHIN_CAPACITY,MIN,,VALID,CURRENT,coolit-synthetic-v3.2.0,ALL_SYNTHETIC_CUSTOMERS,ALL_SYNTHETIC_PROGRAMS,ALL_SYNTHETIC_PRODUCTS,SYNTHETIC_INTERNAL,SNP-COOLIT-20260925-BL,SCN-BASELINE,CAPB-TEST-LEAK-01-2026-P15,TEST-LEAK-01,ZN-05A,2026-P15,5,840,1,840,0,1,4200,4200,0,0,OK,false,true,"available_minutes_per_day × business_days × concurrent_units; available already reflects derate and overtime, so derate is never multiplied again"
TEN-COOLIT-SYN-001,SITE-COOLIT-SYN-01,ERP,CAPACITY_BUCKET,CAPB-TEST-LEAK-01-2026-P16,TEST-LEAK-01,RESOLVED,2026-09-25T23:59:59-06:00,2026-09-26T08:00:00-06:00,2026-06-29T00:00:00-06:00,,1,,false,WITHIN_CAPACITY,MIN,,VALID,CURRENT,coolit-synthetic-v3.2.0,ALL_SYNTHETIC_CUSTOMERS,ALL_SYNTHETIC_PROGRAMS,ALL_SYNTHETIC_PRODUCTS,SYNTHETIC_INTERNAL,SNP-COOLIT-20260925-BL,SCN-BASELINE,CAPB-TEST-LEAK-01-2026-P16,TEST-LEAK-01,ZN-05A,2026-P16,5,840,1,840,0,1,4200,4200,0,0,OK,false,true,"available_minutes_per_day × business_days × concurrent_units; available already reflects derate and overtime, so derate is never multiplied again"
TEN-COOLIT-SYN-001,SITE-COOLIT-SYN-01,ERP,CAPACITY_BUCKET,CAPB-TEST-LEAK-01-2026-P17,TEST-LEAK-01,RESOLVED,2026-09-25T23:59:59-06:00,2026-09-26T08:00:00-06:00,2026-06-29T00:00:00-06:00,,1,,false,WITHIN_CAPACITY,MIN,,VALID,CURRENT,coolit-synthetic-v3.2.0,ALL_SYNTHETIC_CUSTOMERS,ALL_SYNTHETIC_PROGRAMS,ALL_SYNTHETIC_PRODUCTS,SYNTHETIC_INTERNAL,SNP-COOLIT-20260925-BL,SCN-BASELINE,CAPB-TEST-LEAK-01-2026-P17,TEST-LEAK-01,ZN-05A,2026-P17,5,840,1,840,0,1,4200,4200,0,0,OK,false,true,"available_minutes_per_day × business_days × concurrent_units; available already reflects derate and overtime, so derate is never multiplied again"
TEN-COOLIT-SYN-001,SITE-COOLIT-SYN-01,ERP,CAPACITY_BUCKET,CAPB-TEST-LEAK-01-2026-P18,TEST-LEAK-01,RESOLVED,2026-09-25T23:59:59-06:00,2026-09-26T08:00:00-06:00,2026-06-29T00:00:00-06:00,,1,,false,WITHIN_CAPACITY,MIN,,VALID,CURRENT,coolit-synthetic-v3.2.0,ALL_SYNTHETIC_CUSTOMERS,ALL_SYNTHETIC_PROGRAMS,ALL_SYNTHETIC_PRODUCTS,SYNTHETIC_INTERNAL,SNP-COOLIT-20260925-BL,SCN-BASELINE,CAPB-TEST-LEAK-01-2026-P18,TEST-LEAK-01,ZN-05A,2026-P18,5,840,1,840,0,1,4200,4200,0,0,OK,false,true,"available_minutes_per_day × business_days × concurrent_units; available already reflects derate and overtime, so derate is never multiplied again"
TEN-COOLIT-SYN-001,SITE-COOLIT-SYN-01,ERP,CAPACITY_BUCKET,CAPB-TEST-LEAK-01-2026-P19,TEST-LEAK-01,RESOLVED,2026-09-25T23:59:59-06:00,2026-09-26T08:00:00-06:00,2026-06-29T00:00:00-06:00,,1,,false,WITHIN_CAPACITY,MIN,,VALID,CURRENT,coolit-synthetic-v3.2.0,ALL_SYNTHETIC_CUSTOMERS,ALL_SYNTHETIC_PROGRAMS,ALL_SYNTHETIC_PRODUCTS,SYNTHETIC_INTERNAL,SNP-COOLIT-20260925-BL,SCN-BASELINE,CAPB-TEST-LEAK-01-2026-P19,TEST-LEAK-01,ZN-05A,2026-P19,5,840,1,840,0,1,4200,4200,0,0,OK,false,true,"available_minutes_per_day × business_days × concurrent_units; available already reflects derate and overtime, so derate is never multiplied again"
TEN-COOLIT-SYN-001,SITE-COOLIT-SYN-01,ERP,CAPACITY_BUCKET,CAPB-TEST-LEAK-01-2026-P20,TEST-LEAK-01,RESOLVED,2026-09-25T23:59:59-06:00,2026-09-26T08:00:00-06:00,2026-06-29T00:00:00-06:00,,1,,false,WITHIN_CAPACITY,MIN,,VALID,CURRENT,coolit-synthetic-v3.2.0,ALL_SYNTHETIC_CUSTOMERS,ALL_SYNTHETIC_PROGRAMS,ALL_SYNTHETIC_PRODUCTS,SYNTHETIC_INTERNAL,SNP-COOLIT-20260925-BL,SCN-BASELINE,CAPB-TEST-LEAK-01-2026-P20,TEST-LEAK-01,ZN-05A,2026-P20,5,840,1,840,0,1,4200,4200,0,0,OK,false,true,"available_minutes_per_day × business_days × concurrent_units; available already reflects derate and overtime, so derate is never multiplied again"
TEN-COOLIT-SYN-001,SITE-COOLIT-SYN-01,ERP,CAPACITY_BUCKET,CAPB-TEST-LEAK-01-2026-P21,TEST-LEAK-01,RESOLVED,2026-09-25T23:59:59-06:00,2026-09-26T08:00:00-06:00,2026-06-29T00:00:00-06:00,,1,,false,WITHIN_CAPACITY,MIN,,VALID,CURRENT,coolit-synthetic-v3.2.0,ALL_SYNTHETIC_CUSTOMERS,ALL_SYNTHETIC_PROGRAMS,ALL_SYNTHETIC_PRODUCTS,SYNTHETIC_INTERNAL,SNP-COOLIT-20260925-BL,SCN-BASELINE,CAPB-TEST-LEAK-01-2026-P21,TEST-LEAK-01,ZN-05A,2026-P21,5,840,1,840,0,1,4200,4200,0,0,OK,false,true,"available_minutes_per_day × business_days × concurrent_units; available already reflects derate and overtime, so derate is never multiplied again"
TEN-COOLIT-SYN-001,SITE-COOLIT-SYN-01,ERP,CAPACITY_BUCKET,CAPB-TEST-LEAK-01-2026-P22,TEST-LEAK-01,RESOLVED,2026-09-25T23:59:59-06:00,2026-09-26T08:00:00-06:00,2026-06-29T00:00:00-06:00,,1,,false,WITHIN_CAPACITY,MIN,,VALID,CURRENT,coolit-synthetic-v3.2.0,ALL_SYNTHETIC_CUSTOMERS,ALL_SYNTHETIC_PROGRAMS,ALL_SYNTHETIC_PRODUCTS,SYNTHETIC_INTERNAL,SNP-COOLIT-20260925-BL,SCN-BASELINE,CAPB-TEST-LEAK-01-2026-P22,TEST-LEAK-01,ZN-05A,2026-P22,5,840,1,840,0,1,4200,4200,0,0,OK,false,true,"available_minutes_per_day × business_days × concurrent_units; available already reflects derate and overtime, so derate is never multiplied again"
TEN-COOLIT-SYN-001,SITE-COOLIT-SYN-01,ERP,CAPACITY_BUCKET,CAPB-TEST-LEAK-01-2026-P23,TEST-LEAK-01,RESOLVED,2026-09-25T23:59:59-06:00,2026-09-26T08:00:00-06:00,2026-06-29T00:00:00-06:00,,1,,false,WITHIN_CAPACITY,MIN,,VALID,CURRENT,coolit-synthetic-v3.2.0,ALL_SYNTHETIC_CUSTOMERS,ALL_SYNTHETIC_PROGRAMS,ALL_SYNTHETIC_PRODUCTS,SYNTHETIC_INTERNAL,SNP-COOLIT-20260925-BL,SCN-BASELINE,CAPB-TEST-LEAK-01-2026-P23,TEST-LEAK-01,ZN-05A,2026-P23,5,840,1,840,0,1,4200,4200,0,0,OK,false,true,"available_minutes_per_day × business_days × concurrent_units; available already reflects derate and overtime, so derate is never multiplied again"
TEN-COOLIT-SYN-001,SITE-COOLIT-SYN-01,ERP,CAPACITY_BUCKET,CAPB-TEST-LEAK-01-2026-P24,TEST-LEAK-01,RESOLVED,2026-09-25T23:59:59-06:00,2026-09-26T08:00:00-06:00,2026-06-29T00:00:00-06:00,,1,,false,WITHIN_CAPACITY,MIN,,VALID,CURRENT,coolit-synthetic-v3.2.0,ALL_SYNTHETIC_CUSTOMERS,ALL_SYNTHETIC_PROGRAMS,ALL_SYNTHETIC_PRODUCTS,SYNTHETIC_INTERNAL,SNP-COOLIT-20260925-BL,SCN-BASELINE,CAPB-TEST-LEAK-01-2026-P24,TEST-LEAK-01,ZN-05A,2026-P24,5,840,1,840,0,1,4200,4200,0,0,OK,false,true,"available_minutes_per_day × business_days × concurrent_units; available already reflects derate and overtime, so derate is never multiplied again"
TEN-COOLIT-SYN-001,SITE-COOLIT-SYN-01,ERP,CAPACITY_BUCKET,CAPB-TEST-LEAK-01-2026-P25,TEST-LEAK-01,RESOLVED,2026-09-25T23:59:59-06:00,2026-09-26T08:00:00-06:00,2026-06-29T00:00:00-06:00,,1,,false,WITHIN_CAPACITY,MIN,,VALID,CURRENT,coolit-synthetic-v3.2.0,ALL_SYNTHETIC_CUSTOMERS,ALL_SYNTHETIC_PROGRAMS,ALL_SYNTHETIC_PRODUCTS,SYNTHETIC_INTERNAL,SNP-COOLIT-20260925-BL,SCN-BASELINE,CAPB-TEST-LEAK-01-2026-P25,TEST-LEAK-01,ZN-05A,2026-P25,5,840,1,840,0,1,4200,4200,0,0,OK,false,true,"available_minutes_per_day × business_days × concurrent_units; available already reflects derate and overtime, so derate is never multiplied again"
TEN-COOLIT-SYN-001,SITE-COOLIT-SYN-01,ERP,CAPACITY_BUCKET,CAPB-TEST-LEAK-01-2026-P26,TEST-LEAK-01,RESOLVED,2026-09-25T23:59:59-06:00,2026-09-26T08:00:00-06:00,2026-06-29T00:00:00-06:00,,1,,false,WITHIN_CAPACITY,MIN,,VALID,CURRENT,coolit-synthetic-v3.2.0,ALL_SYNTHETIC_CUSTOMERS,ALL_SYNTHETIC_PROGRAMS,ALL_SYNTHETIC_PRODUCTS,SYNTHETIC_INTERNAL,SNP-COOLIT-20260925-BL,SCN-BASELINE,CAPB-TEST-LEAK-01-2026-P26,TEST-LEAK-01,ZN-05A,2026-P26,5,840,1,840,0,1,4200,4200,0,0,OK,false,true,"available_minutes_per_day × business_days × concurrent_units; available already reflects derate and overtime, so derate is never multiplied again"
TEN-COOLIT-SYN-001,SITE-COOLIT-SYN-01,ERP,CAPACITY_BUCKET,CAPB-TEST-FUNC-01-2026-P01,TEST-FUNC-01,RESOLVED,2026-09-25T23:59:59-06:00,2026-09-26T08:00:00-06:00,2026-06-29T00:00:00-06:00,,1,,false,WITHIN_CAPACITY,MIN,,VALID,CURRENT,coolit-synthetic-v3.2.0,ALL_SYNTHETIC_CUSTOMERS,ALL_SYNTHETIC_PROGRAMS,ALL_SYNTHETIC_PRODUCTS,SYNTHETIC_INTERNAL,SNP-COOLIT-20260925-BL,SCN-BASELINE,CAPB-TEST-FUNC-01-2026-P01,TEST-FUNC-01,ZN-05B,2026-P01,5,840,1,840,0,1,4200,4200,0,0,OK,false,true,"available_minutes_per_day × business_days × concurrent_units; available already reflects derate and overtime, so derate is never multiplied again"
TEN-COOLIT-SYN-001,SITE-COOLIT-SYN-01,ERP,CAPACITY_BUCKET,CAPB-TEST-FUNC-01-2026-P02,TEST-FUNC-01,RESOLVED,2026-09-25T23:59:59-06:00,2026-09-26T08:00:00-06:00,2026-06-29T00:00:00-06:00,,1,,false,WITHIN_CAPACITY,MIN,,VALID,CURRENT,coolit-synthetic-v3.2.0,ALL_SYNTHETIC_CUSTOMERS,ALL_SYNTHETIC_PROGRAMS,ALL_SYNTHETIC_PRODUCTS,SYNTHETIC_INTERNAL,SNP-COOLIT-20260925-BL,SCN-BASELINE,CAPB-TEST-FUNC-01-2026-P02,TEST-FUNC-01,ZN-05B,2026-P02,5,840,1,840,0,1,4200,4200,0,0,OK,false,true,"available_minutes_per_day × business_days × concurrent_units; available already reflects derate and overtime, so derate is never multiplied again"
TEN-COOLIT-SYN-001,SITE-COOLIT-SYN-01,ERP,CAPACITY_BUCKET,CAPB-TEST-FUNC-01-2026-P03,TEST-FUNC-01,RESOLVED,2026-09-25T23:59:59-06:00,2026-09-26T08:00:00-06:00,2026-06-29T00:00:00-06:00,,1,,false,WITHIN_CAPACITY,MIN,,VALID,CURRENT,coolit-synthetic-v3.2.0,ALL_SYNTHETIC_CUSTOMERS,ALL_SYNTHETIC_PROGRAMS,ALL_SYNTHETIC_PRODUCTS,SYNTHETIC_INTERNAL,SNP-COOLIT-20260925-BL,SCN-BASELINE,CAPB-TEST-FUNC-01-2026-P03,TEST-FUNC-01,ZN-05B,2026-P03,5,840,1,840,0,1,4200,4200,0,0,OK,false,true,"available_minutes_per_day × business_days × concurrent_units; available already reflects derate and overtime, so derate is never multiplied again"
TEN-COOLIT-SYN-001,SITE-COOLIT-SYN-01,ERP,CAPACITY_BUCKET,CAPB-TEST-FUNC-01-2026-P04,TEST-FUNC-01,RESOLVED,2026-09-25T23:59:59-06:00,2026-09-26T08:00:00-06:00,2026-06-29T00:00:00-06:00,,1,,false,WITHIN_CAPACITY,MIN,,VALID,CURRENT,coolit-synthetic-v3.2.0,ALL_SYNTHETIC_CUSTOMERS,ALL_SYNTHETIC_PROGRAMS,ALL_SYNTHETIC_PRODUCTS,SYNTHETIC_INTERNAL,SNP-COOLIT-20260925-BL,SCN-BASELINE,CAPB-TEST-FUNC-01-2026-P04,TEST-FUNC-01,ZN-05B,2026-P04,5,840,1,840,0,1,4200,4200,0,0,OK,false,true,"available_minutes_per_day × business_days × concurrent_units; available already reflects derate and overtime, so derate is never multiplied again"
TEN-COOLIT-SYN-001,SITE-COOLIT-SYN-01,ERP,CAPACITY_BUCKET,CAPB-TEST-FUNC-01-2026-P05,TEST-FUNC-01,RESOLVED,2026-09-25T23:59:59-06:00,2026-09-26T08:00:00-06:00,2026-06-29T00:00:00-06:00,,1,,false,WITHIN_CAPACITY,MIN,,VALID,CURRENT,coolit-synthetic-v3.2.0,ALL_SYNTHETIC_CUSTOMERS,ALL_SYNTHETIC_PROGRAMS,ALL_SYNTHETIC_PRODUCTS,SYNTHETIC_INTERNAL,SNP-COOLIT-20260925-BL,SCN-BASELINE,CAPB-TEST-FUNC-01-2026-P05,TEST-FUNC-01,ZN-05B,2026-P05,5,840,1,840,0,1,4200,4200,0,0,OK,false,true,"available_minutes_per_day × business_days × concurrent_units; available already reflects derate and overtime, so derate is never multiplied again"
TEN-COOLIT-SYN-001,SITE-COOLIT-SYN-01,ERP,CAPACITY_BUCKET,CAPB-TEST-FUNC-01-2026-P06,TEST-FUNC-01,RESOLVED,2026-09-25T23:59:59-06:00,2026-09-26T08:00:00-06:00,2026-06-29T00:00:00-06:00,,1,,false,WITHIN_CAPACITY,MIN,,VALID,CURRENT,coolit-synthetic-v3.2.0,ALL_SYNTHETIC_CUSTOMERS,ALL_SYNTHETIC_PROGRAMS,ALL_SYNTHETIC_PRODUCTS,SYNTHETIC_INTERNAL,SNP-COOLIT-20260925-BL,SCN-BASELINE,CAPB-TEST-FUNC-01-2026-P06,TEST-FUNC-01,ZN-05B,2026-P06,5,840,1,840,0,1,4200,4200,0,0,OK,false,true,"available_minutes_per_day × business_days × concurrent_units; available already reflects derate and overtime, so derate is never multiplied again"
TEN-COOLIT-SYN-001,SITE-COOLIT-SYN-01,ERP,CAPACITY_BUCKET,CAPB-TEST-FUNC-01-2026-P07,TEST-FUNC-01,RESOLVED,2026-09-25T23:59:59-06:00,2026-09-26T08:00:00-06:00,2026-06-29T00:00:00-06:00,,1,,false,WITHIN_CAPACITY,MIN,,VALID,CURRENT,coolit-synthetic-v3.2.0,ALL_SYNTHETIC_CUSTOMERS,ALL_SYNTHETIC_PROGRAMS,ALL_SYNTHETIC_PRODUCTS,SYNTHETIC_INTERNAL,SNP-COOLIT-20260925-BL,SCN-BASELINE,CAPB-TEST-FUNC-01-2026-P07,TEST-FUNC-01,ZN-05B,2026-P07,5,840,1,840,0,1,4200,4200,0,0,OK,false,true,"available_minutes_per_day × business_days × concurrent_units; available already reflects derate and overtime, so derate is never multiplied again"
TEN-COOLIT-SYN-001,SITE-COOLIT-SYN-01,ERP,CAPACITY_BUCKET,CAPB-TEST-FUNC-01-2026-P08,TEST-FUNC-01,RESOLVED,2026-09-25T23:59:59-06:00,2026-09-26T08:00:00-06:00,2026-06-29T00:00:00-06:00,,1,,false,WITHIN_CAPACITY,MIN,,VALID,CURRENT,coolit-synthetic-v3.2.0,ALL_SYNTHETIC_CUSTOMERS,ALL_SYNTHETIC_PROGRAMS,ALL_SYNTHETIC_PRODUCTS,SYNTHETIC_INTERNAL,SNP-COOLIT-20260925-BL,SCN-BASELINE,CAPB-TEST-FUNC-01-2026-P08,TEST-FUNC-01,ZN-05B,2026-P08,5,840,1,840,0,1,4200,4200,0,0,OK,false,true,"available_minutes_per_day × business_days × concurrent_units; available already reflects derate and overtime, so derate is never multiplied again"
TEN-COOLIT-SYN-001,SITE-COOLIT-SYN-01,ERP,CAPACITY_BUCKET,CAPB-TEST-FUNC-01-2026-P09,TEST-FUNC-01,RESOLVED,2026-09-25T23:59:59-06:00,2026-09-26T08:00:00-06:00,2026-06-29T00:00:00-06:00,,1,,false,WITHIN_CAPACITY,MIN,,VALID,CURRENT,coolit-synthetic-v3.2.0,ALL_SYNTHETIC_CUSTOMERS,ALL_SYNTHETIC_PROGRAMS,ALL_SYNTHETIC_PRODUCTS,SYNTHETIC_INTERNAL,SNP-COOLIT-20260925-BL,SCN-BASELINE,CAPB-TEST-FUNC-01-2026-P09,TEST-FUNC-01,ZN-05B,2026-P09,5,840,1,840,0,1,4200,4200,0,0,OK,false,true,"available_minutes_per_day × business_days × concurrent_units; available already reflects derate and overtime, so derate is never multiplied again"
TEN-COOLIT-SYN-001,SITE-COOLIT-SYN-01,ERP,CAPACITY_BUCKET,CAPB-TEST-FUNC-01-2026-P10,TEST-FUNC-01,RESOLVED,2026-09-25T23:59:59-06:00,2026-09-26T08:00:00-06:00,2026-06-29T00:00:00-06:00,,1,,false,WITHIN_CAPACITY,MIN,,VALID,CURRENT,coolit-synthetic-v3.2.0,ALL_SYNTHETIC_CUSTOMERS,ALL_SYNTHETIC_PROGRAMS,ALL_SYNTHETIC_PRODUCTS,SYNTHETIC_INTERNAL,SNP-COOLIT-20260925-BL,SCN-BASELINE,CAPB-TEST-FUNC-01-2026-P10,TEST-FUNC-01,ZN-05B,2026-P10,5,840,1,840,0,1,4200,4200,0,0,OK,false,true,"available_minutes_per_day × business_days × concurrent_units; available already reflects derate and overtime, so derate is never multiplied again"
TEN-COOLIT-SYN-001,SITE-COOLIT-SYN-01,ERP,CAPACITY_BUCKET,CAPB-TEST-FUNC-01-2026-P11,TEST-FUNC-01,RESOLVED,2026-09-25T23:59:59-06:00,2026-09-26T08:00:00-06:00,2026-06-29T00:00:00-06:00,,1,,false,WITHIN_CAPACITY,MIN,,VALID,CURRENT,coolit-synthetic-v3.2.0,ALL_SYNTHETIC_CUSTOMERS,ALL_SYNTHETIC_PROGRAMS,ALL_SYNTHETIC_PRODUCTS,SYNTHETIC_INTERNAL,SNP-COOLIT-20260925-BL,SCN-BASELINE,CAPB-TEST-FUNC-01-2026-P11,TEST-FUNC-01,ZN-05B,2026-P11,5,840,1,840,0,1,4200,4200,0,0,OK,false,true,"available_minutes_per_day × business_days × concurrent_units; available already reflects derate and overtime, so derate is never multiplied again"
TEN-COOLIT-SYN-001,SITE-COOLIT-SYN-01,ERP,CAPACITY_BUCKET,CAPB-TEST-FUNC-01-2026-P12,TEST-FUNC-01,RESOLVED,2026-09-25T23:59:59-06:00,2026-09-26T08:00:00-06:00,2026-06-29T00:00:00-06:00,,1,,false,WITHIN_CAPACITY,MIN,,VALID,CURRENT,coolit-synthetic-v3.2.0,ALL_SYNTHETIC_CUSTOMERS,ALL_SYNTHETIC_PROGRAMS,ALL_SYNTHETIC_PRODUCTS,SYNTHETIC_INTERNAL,SNP-COOLIT-20260925-BL,SCN-BASELINE,CAPB-TEST-FUNC-01-2026-P12,TEST-FUNC-01,ZN-05B,2026-P12,5,840,1,840,0,1,4200,4200,0,0,OK,false,true,"available_minutes_per_day × business_days × concurrent_units; available already reflects derate and overtime, so derate is never multiplied again"
TEN-COOLIT-SYN-001,SITE-COOLIT-SYN-01,ERP,CAPACITY_BUCKET,CAPB-TEST-FUNC-01-2026-P13,TEST-FUNC-01,RESOLVED,2026-09-25T23:59:59-06:00,2026-09-26T08:00:00-06:00,2026-06-29T00:00:00-06:00,,1,,false,WITHIN_CAPACITY,MIN,,VALID,CURRENT,coolit-synthetic-v3.2.0,ALL_SYNTHETIC_CUSTOMERS,ALL_SYNTHETIC_PROGRAMS,ALL_SYNTHETIC_PRODUCTS,SYNTHETIC_INTERNAL,SNP-COOLIT-20260925-BL,SCN-BASELINE,CAPB-TEST-FUNC-01-2026-P13,TEST-FUNC-01,ZN-05B,2026-P13,5,840,1,840,0,1,4200,4200,0,0,OK,false,true,"available_minutes_per_day × business_days × concurrent_units; available already reflects derate and overtime, so derate is never multiplied again"
TEN-COOLIT-SYN-001,SITE-COOLIT-SYN-01,ERP,CAPACITY_BUCKET,CAPB-TEST-FUNC-01-2026-P14,TEST-FUNC-01,RESOLVED,2026-09-25T23:59:59-06:00,2026-09-26T08:00:00-06:00,2026-06-29T00:00:00-06:00,,1,,false,WITHIN_CAPACITY,MIN,,VALID,CURRENT,coolit-synthetic-v3.2.0,ALL_SYNTHETIC_CUSTOMERS,ALL_SYNTHETIC_PROGRAMS,ALL_SYNTHETIC_PRODUCTS,SYNTHETIC_INTERNAL,SNP-COOLIT-20260925-BL,SCN-BASELINE,CAPB-TEST-FUNC-01-2026-P14,TEST-FUNC-01,ZN-05B,2026-P14,5,840,1,840,0,1,4200,4200,0,0,OK,false,true,"available_minutes_per_day × business_days × concurrent_units; available already reflects derate and overtime, so derate is never multiplied again"
TEN-COOLIT-SYN-001,SITE-COOLIT-SYN-01,ERP,CAPACITY_BUCKET,CAPB-TEST-FUNC-01-2026-P15,TEST-FUNC-01,RESOLVED,2026-09-25T23:59:59-06:00,2026-09-26T08:00:00-06:00,2026-06-29T00:00:00-06:00,,1,,false,WITHIN_CAPACITY,MIN,,VALID,CURRENT,coolit-synthetic-v3.2.0,ALL_SYNTHETIC_CUSTOMERS,ALL_SYNTHETIC_PROGRAMS,ALL_SYNTHETIC_PRODUCTS,SYNTHETIC_INTERNAL,SNP-COOLIT-20260925-BL,SCN-BASELINE,CAPB-TEST-FUNC-01-2026-P15,TEST-FUNC-01,ZN-05B,2026-P15,5,840,1,840,0,1,4200,4200,0,0,OK,false,true,"available_minutes_per_day × business_days × concurrent_units; available already reflects derate and overtime, so derate is never multiplied again"
TEN-COOLIT-SYN-001,SITE-COOLIT-SYN-01,ERP,CAPACITY_BUCKET,CAPB-TEST-FUNC-01-2026-P16,TEST-FUNC-01,RESOLVED,2026-09-25T23:59:59-06:00,2026-09-26T08:00:00-06:00,2026-06-29T00:00:00-06:00,,1,,false,WITHIN_CAPACITY,MIN,,VALID,CURRENT,coolit-synthetic-v3.2.0,ALL_SYNTHETIC_CUSTOMERS,ALL_SYNTHETIC_PROGRAMS,ALL_SYNTHETIC_PRODUCTS,SYNTHETIC_INTERNAL,SNP-COOLIT-20260925-BL,SCN-BASELINE,CAPB-TEST-FUNC-01-2026-P16,TEST-FUNC-01,ZN-05B,2026-P16,5,840,1,840,0,1,4200,4200,0,0,OK,false,true,"available_minutes_per_day × business_days × concurrent_units; available already reflects derate and overtime, so derate is never multiplied again"
TEN-COOLIT-SYN-001,SITE-COOLIT-SYN-01,ERP,CAPACITY_BUCKET,CAPB-TEST-FUNC-01-2026-P17,TEST-FUNC-01,RESOLVED,2026-09-25T23:59:59-06:00,2026-09-26T08:00:00-06:00,2026-06-29T00:00:00-06:00,,1,,false,WITHIN_CAPACITY,MIN,,VALID,CURRENT,coolit-synthetic-v3.2.0,ALL_SYNTHETIC_CUSTOMERS,ALL_SYNTHETIC_PROGRAMS,ALL_SYNTHETIC_PRODUCTS,SYNTHETIC_INTERNAL,SNP-COOLIT-20260925-BL,SCN-BASELINE,CAPB-TEST-FUNC-01-2026-P17,TEST-FUNC-01,ZN-05B,2026-P17,5,840,1,840,0,1,4200,4200,0,0,OK,false,true,"available_minutes_per_day × business_days × concurrent_units; available already reflects derate and overtime, so derate is never multiplied again"
TEN-COOLIT-SYN-001,SITE-COOLIT-SYN-01,ERP,CAPACITY_BUCKET,CAPB-TEST-FUNC-01-2026-P18,TEST-FUNC-01,RESOLVED,2026-09-25T23:59:59-06:00,2026-09-26T08:00:00-06:00,2026-06-29T00:00:00-06:00,,1,,false,WITHIN_CAPACITY,MIN,,VALID,CURRENT,coolit-synthetic-v3.2.0,ALL_SYNTHETIC_CUSTOMERS,ALL_SYNTHETIC_PROGRAMS,ALL_SYNTHETIC_PRODUCTS,SYNTHETIC_INTERNAL,SNP-COOLIT-20260925-BL,SCN-BASELINE,CAPB-TEST-FUNC-01-2026-P18,TEST-FUNC-01,ZN-05B,2026-P18,5,840,1,840,0,1,4200,4200,0,0,OK,false,true,"available_minutes_per_day × business_days × concurrent_units; available already reflects derate and overtime, so derate is never multiplied again"
TEN-COOLIT-SYN-001,SITE-COOLIT-SYN-01,ERP,CAPACITY_BUCKET,CAPB-TEST-FUNC-01-2026-P19,TEST-FUNC-01,RESOLVED,2026-09-25T23:59:59-06:00,2026-09-26T08:00:00-06:00,2026-06-29T00:00:00-06:00,,1,,false,WITHIN_CAPACITY,MIN,,VALID,CURRENT,coolit-synthetic-v3.2.0,ALL_SYNTHETIC_CUSTOMERS,ALL_SYNTHETIC_PROGRAMS,ALL_SYNTHETIC_PRODUCTS,SYNTHETIC_INTERNAL,SNP-COOLIT-20260925-BL,SCN-BASELINE,CAPB-TEST-FUNC-01-2026-P19,TEST-FUNC-01,ZN-05B,2026-P19,5,840,1,840,0,1,4200,4200,0,0,OK,false,true,"available_minutes_per_day × business_days × concurrent_units; available already reflects derate and overtime, so derate is never multiplied again"
TEN-COOLIT-SYN-001,SITE-COOLIT-SYN-01,ERP,CAPACITY_BUCKET,CAPB-TEST-FUNC-01-2026-P20,TEST-FUNC-01,RESOLVED,2026-09-25T23:59:59-06:00,2026-09-26T08:00:00-06:00,2026-06-29T00:00:00-06:00,,1,,false,WITHIN_CAPACITY,MIN,,VALID,CURRENT,coolit-synthetic-v3.2.0,ALL_SYNTHETIC_CUSTOMERS,ALL_SYNTHETIC_PROGRAMS,ALL_SYNTHETIC_PRODUCTS,SYNTHETIC_INTERNAL,SNP-COOLIT-20260925-BL,SCN-BASELINE,CAPB-TEST-FUNC-01-2026-P20,TEST-FUNC-01,ZN-05B,2026-P20,5,840,1,840,0,1,4200,4200,0,0,OK,false,true,"available_minutes_per_day × business_days × concurrent_units; available already reflects derate and overtime, so derate is never multiplied again"
TEN-COOLIT-SYN-001,SITE-COOLIT-SYN-01,ERP,CAPACITY_BUCKET,CAPB-TEST-FUNC-01-2026-P21,TEST-FUNC-01,RESOLVED,2026-09-25T23:59:59-06:00,2026-09-26T08:00:00-06:00,2026-06-29T00:00:00-06:00,,1,,false,WITHIN_CAPACITY,MIN,,VALID,CURRENT,coolit-synthetic-v3.2.0,ALL_SYNTHETIC_CUSTOMERS,ALL_SYNTHETIC_PROGRAMS,ALL_SYNTHETIC_PRODUCTS,SYNTHETIC_INTERNAL,SNP-COOLIT-20260925-BL,SCN-BASELINE,CAPB-TEST-FUNC-01-2026-P21,TEST-FUNC-01,ZN-05B,2026-P21,5,840,1,840,0,1,4200,4200,0,0,OK,false,true,"available_minutes_per_day × business_days × concurrent_units; available already reflects derate and overtime, so derate is never multiplied again"
TEN-COOLIT-SYN-001,SITE-COOLIT-SYN-01,ERP,CAPACITY_BUCKET,CAPB-TEST-FUNC-01-2026-P22,TEST-FUNC-01,RESOLVED,2026-09-25T23:59:59-06:00,2026-09-26T08:00:00-06:00,2026-06-29T00:00:00-06:00,,1,,false,WITHIN_CAPACITY,MIN,,VALID,CURRENT,coolit-synthetic-v3.2.0,ALL_SYNTHETIC_CUSTOMERS,ALL_SYNTHETIC_PROGRAMS,ALL_SYNTHETIC_PRODUCTS,SYNTHETIC_INTERNAL,SNP-COOLIT-20260925-BL,SCN-BASELINE,CAPB-TEST-FUNC-01-2026-P22,TEST-FUNC-01,ZN-05B,2026-P22,5,840,1,840,0,1,4200,4200,0,0,OK,false,true,"available_minutes_per_day × business_days × concurrent_units; available already reflects derate and overtime, so derate is never multiplied again"
TEN-COOLIT-SYN-001,SITE-COOLIT-SYN-01,ERP,CAPACITY_BUCKET,CAPB-TEST-FUNC-01-2026-P23,TEST-FUNC-01,RESOLVED,2026-09-25T23:59:59-06:00,2026-09-26T08:00:00-06:00,2026-06-29T00:00:00-06:00,,1,,false,WITHIN_CAPACITY,MIN,,VALID,CURRENT,coolit-synthetic-v3.2.0,ALL_SYNTHETIC_CUSTOMERS,ALL_SYNTHETIC_PROGRAMS,ALL_SYNTHETIC_PRODUCTS,SYNTHETIC_INTERNAL,SNP-COOLIT-20260925-BL,SCN-BASELINE,CAPB-TEST-FUNC-01-2026-P23,TEST-FUNC-01,ZN-05B,2026-P23,5,840,1,840,0,1,4200,4200,0,0,OK,false,true,"available_minutes_per_day × business_days × concurrent_units; available already reflects derate and overtime, so derate is never multiplied again"
TEN-COOLIT-SYN-001,SITE-COOLIT-SYN-01,ERP,CAPACITY_BUCKET,CAPB-TEST-FUNC-01-2026-P24,TEST-FUNC-01,RESOLVED,2026-09-25T23:59:59-06:00,2026-09-26T08:00:00-06:00,2026-06-29T00:00:00-06:00,,1,,false,WITHIN_CAPACITY,MIN,,VALID,CURRENT,coolit-synthetic-v3.2.0,ALL_SYNTHETIC_CUSTOMERS,ALL_SYNTHETIC_PROGRAMS,ALL_SYNTHETIC_PRODUCTS,SYNTHETIC_INTERNAL,SNP-COOLIT-20260925-BL,SCN-BASELINE,CAPB-TEST-FUNC-01-2026-P24,TEST-FUNC-01,ZN-05B,2026-P24,5,840,1,840,0,1,4200,4200,0,0,OK,false,true,"available_minutes_per_day × business_days × concurrent_units; available already reflects derate and overtime, so derate is never multiplied again"
TEN-COOLIT-SYN-001,SITE-COOLIT-SYN-01,ERP,CAPACITY_BUCKET,CAPB-TEST-FUNC-01-2026-P25,TEST-FUNC-01,RESOLVED,2026-09-25T23:59:59-06:00,2026-09-26T08:00:00-06:00,2026-06-29T00:00:00-06:00,,1,,false,WITHIN_CAPACITY,MIN,,VALID,CURRENT,coolit-synthetic-v3.2.0,ALL_SYNTHETIC_CUSTOMERS,ALL_SYNTHETIC_PROGRAMS,ALL_SYNTHETIC_PRODUCTS,SYNTHETIC_INTERNAL,SNP-COOLIT-20260925-BL,SCN-BASELINE,CAPB-TEST-FUNC-01-2026-P25,TEST-FUNC-01,ZN-05B,2026-P25,5,840,1,840,0,1,4200,4200,0,0,OK,false,true,"available_minutes_per_day × business_days × concurrent_units; available already reflects derate and overtime, so derate is never multiplied again"
TEN-COOLIT-SYN-001,SITE-COOLIT-SYN-01,ERP,CAPACITY_BUCKET,CAPB-TEST-FUNC-01-2026-P26,TEST-FUNC-01,RESOLVED,2026-09-25T23:59:59-06:00,2026-09-26T08:00:00-06:00,2026-06-29T00:00:00-06:00,,1,,false,WITHIN_CAPACITY,MIN,,VALID,CURRENT,coolit-synthetic-v3.2.0,ALL_SYNTHETIC_CUSTOMERS,ALL_SYNTHETIC_PROGRAMS,ALL_SYNTHETIC_PRODUCTS,SYNTHETIC_INTERNAL,SNP-COOLIT-20260925-BL,SCN-BASELINE,CAPB-TEST-FUNC-01-2026-P26,TEST-FUNC-01,ZN-05B,2026-P26,5,840,1,840,0,1,4200,4200,0,0,OK,false,true,"available_minutes_per_day × business_days × concurrent_units; available already reflects derate and overtime, so derate is never multiplied again"
