tenant_id,site_id,source_system,source_object,source_record_id,canonical_id,crosswalk_status,source_event_at,ingested_at,effective_from,effective_to,record_version,supersedes_source_record_id,is_deleted,semantic_status,uom,currency,data_quality_state,freshness_state,transformation_version,customer_scope,program_scope,product_scope,sensitivity_class,snapshot_id,scenario_id,shadow_run_id,refresh_sequence,evidence_cutoff_at,started_at,completed_at,affected_commitment_count,feasible_option_count,blocked_option_count,owner_review_role,owner_review_state,override_flag,override_reason_code,usability_rating_1_to_5,production_writeback_enabled_flag,shadow_state
TEN-COOLIT-SYN-001,SITE-COOLIT-SYN-01,GOVERNED,SHADOW_RUN,SHADOW-001,SHADOW-001,RESOLVED,2026-09-25T23:59:59-06:00,2026-09-26T08:00:00-06:00,2026-06-29T00:00:00-06:00,,1,,false,READ_ONLY_COMPLETE,,,VALID,CURRENT,coolit-synthetic-v2.0.0,ALL_SYNTHETIC_CUSTOMERS,ALL_SYNTHETIC_PROGRAMS,ALL_SYNTHETIC_PRODUCTS,SYNTHETIC_INTERNAL,SNP-COOLIT-20260925-D1,SCN-BASELINE,SHADOW-001,1,2026-08-26T18:30:00-06:00,2026-08-26T19:30:00-06:00,2026-08-26T20:30:00-06:00,3,2,1,Supply Planner,REVIEWED,true,LOCAL_CONTEXT_NOT_IN_MODEL,5,false,COMPLETE
TEN-COOLIT-SYN-001,SITE-COOLIT-SYN-01,GOVERNED,SHADOW_RUN,SHADOW-002,SHADOW-002,RESOLVED,2026-09-25T23:59:59-06:00,2026-09-26T08:00:00-06:00,2026-06-29T00:00:00-06:00,,1,,false,READ_ONLY_COMPLETE,,,VALID,CURRENT,coolit-synthetic-v2.0.0,ALL_SYNTHETIC_CUSTOMERS,ALL_SYNTHETIC_PROGRAMS,ALL_SYNTHETIC_PRODUCTS,SYNTHETIC_INTERNAL,SNP-COOLIT-20260925-R1,SCN-BASELINE,SHADOW-002,2,2026-08-27T18:23:00-06:00,2026-08-27T19:23:00-06:00,2026-08-27T20:23:00-06:00,4,3,2,Sales Operations Lead,REVIEWED,false,,4,false,COMPLETE
TEN-COOLIT-SYN-001,SITE-COOLIT-SYN-01,GOVERNED,SHADOW_RUN,SHADOW-003,SHADOW-003,RESOLVED,2026-09-25T23:59:59-06:00,2026-09-26T08:00:00-06:00,2026-06-29T00:00:00-06:00,,1,,false,READ_ONLY_COMPLETE,,,VALID,CURRENT,coolit-synthetic-v2.0.0,ALL_SYNTHETIC_CUSTOMERS,ALL_SYNTHETIC_PROGRAMS,ALL_SYNTHETIC_PRODUCTS,SYNTHETIC_INTERNAL,SNP-COOLIT-20260925-D1,SCN-BASELINE,SHADOW-003,3,2026-08-28T18:16:00-06:00,2026-08-28T19:16:00-06:00,2026-08-28T20:16:00-06:00,5,4,3,Quality Manager,REVIEWED,false,,4,false,COMPLETE
TEN-COOLIT-SYN-001,SITE-COOLIT-SYN-01,GOVERNED,SHADOW_RUN,SHADOW-004,SHADOW-004,RESOLVED,2026-09-25T23:59:59-06:00,2026-09-26T08:00:00-06:00,2026-06-29T00:00:00-06:00,,1,,false,READ_ONLY_COMPLETE,,,VALID,CURRENT,coolit-synthetic-v2.0.0,ALL_SYNTHETIC_CUSTOMERS,ALL_SYNTHETIC_PROGRAMS,ALL_SYNTHETIC_PRODUCTS,SYNTHETIC_INTERNAL,SNP-COOLIT-20260925-R1,SCN-BASELINE,SHADOW-004,4,2026-08-29T18:09:00-06:00,2026-08-29T19:09:00-06:00,2026-08-29T20:09:00-06:00,6,5,1,Manufacturing Planner,REVIEWED,false,,4,false,COMPLETE
TEN-COOLIT-SYN-001,SITE-COOLIT-SYN-01,GOVERNED,SHADOW_RUN,SHADOW-005,SHADOW-005,RESOLVED,2026-09-25T23:59:59-06:00,2026-09-26T08:00:00-06:00,2026-06-29T00:00:00-06:00,,1,,false,READ_ONLY_COMPLETE,,,VALID,CURRENT,coolit-synthetic-v2.0.0,ALL_SYNTHETIC_CUSTOMERS,ALL_SYNTHETIC_PROGRAMS,ALL_SYNTHETIC_PRODUCTS,SYNTHETIC_INTERNAL,SNP-COOLIT-20260925-D1,SCN-BASELINE,SHADOW-005,5,2026-08-30T18:02:00-06:00,2026-08-30T19:02:00-06:00,2026-08-30T20:02:00-06:00,7,2,2,Supply Planner,REVIEWED,false,,4,false,COMPLETE
TEN-COOLIT-SYN-001,SITE-COOLIT-SYN-01,GOVERNED,SHADOW_RUN,SHADOW-006,SHADOW-006,RESOLVED,2026-09-25T23:59:59-06:00,2026-09-26T08:00:00-06:00,2026-06-29T00:00:00-06:00,,1,,false,READ_ONLY_COMPLETE,,,VALID,CURRENT,coolit-synthetic-v2.0.0,ALL_SYNTHETIC_CUSTOMERS,ALL_SYNTHETIC_PROGRAMS,ALL_SYNTHETIC_PRODUCTS,SYNTHETIC_INTERNAL,SNP-COOLIT-20260925-R1,SCN-BASELINE,SHADOW-006,6,2026-08-31T18:55:00-06:00,2026-08-31T19:55:00-06:00,2026-08-31T20:55:00-06:00,8,3,3,Sales Operations Lead,REVIEWED,false,,5,false,COMPLETE
TEN-COOLIT-SYN-001,SITE-COOLIT-SYN-01,GOVERNED,SHADOW_RUN,SHADOW-007,SHADOW-007,RESOLVED,2026-09-25T23:59:59-06:00,2026-09-26T08:00:00-06:00,2026-06-29T00:00:00-06:00,,1,,false,READ_ONLY_COMPLETE,,,VALID,CURRENT,coolit-synthetic-v2.0.0,ALL_SYNTHETIC_CUSTOMERS,ALL_SYNTHETIC_PROGRAMS,ALL_SYNTHETIC_PRODUCTS,SYNTHETIC_INTERNAL,SNP-COOLIT-20260925-D1,SCN-BASELINE,SHADOW-007,7,2026-09-01T18:48:00-06:00,2026-09-01T19:48:00-06:00,2026-09-01T20:48:00-06:00,9,4,1,Quality Manager,REVIEWED,false,,4,false,COMPLETE
TEN-COOLIT-SYN-001,SITE-COOLIT-SYN-01,GOVERNED,SHADOW_RUN,SHADOW-008,SHADOW-008,RESOLVED,2026-09-25T23:59:59-06:00,2026-09-26T08:00:00-06:00,2026-06-29T00:00:00-06:00,,1,,false,READ_ONLY_COMPLETE,,,VALID,CURRENT,coolit-synthetic-v2.0.0,ALL_SYNTHETIC_CUSTOMERS,ALL_SYNTHETIC_PROGRAMS,ALL_SYNTHETIC_PRODUCTS,SYNTHETIC_INTERNAL,SNP-COOLIT-20260925-R1,SCN-BASELINE,SHADOW-008,8,2026-09-02T18:41:00-06:00,2026-09-02T19:41:00-06:00,2026-09-02T20:41:00-06:00,10,5,2,Manufacturing Planner,REVIEWED,true,LOCAL_CONTEXT_NOT_IN_MODEL,4,false,COMPLETE
TEN-COOLIT-SYN-001,SITE-COOLIT-SYN-01,GOVERNED,SHADOW_RUN,SHADOW-009,SHADOW-009,RESOLVED,2026-09-25T23:59:59-06:00,2026-09-26T08:00:00-06:00,2026-06-29T00:00:00-06:00,,1,,false,READ_ONLY_COMPLETE,,,VALID,CURRENT,coolit-synthetic-v2.0.0,ALL_SYNTHETIC_CUSTOMERS,ALL_SYNTHETIC_PROGRAMS,ALL_SYNTHETIC_PRODUCTS,SYNTHETIC_INTERNAL,SNP-COOLIT-20260925-D1,SCN-BASELINE,SHADOW-009,9,2026-09-03T18:34:00-06:00,2026-09-03T19:34:00-06:00,2026-09-03T20:34:00-06:00,11,2,3,Supply Planner,REVIEWED,false,,4,false,COMPLETE
TEN-COOLIT-SYN-001,SITE-COOLIT-SYN-01,GOVERNED,SHADOW_RUN,SHADOW-010,SHADOW-010,RESOLVED,2026-09-25T23:59:59-06:00,2026-09-26T08:00:00-06:00,2026-06-29T00:00:00-06:00,,1,,false,READ_ONLY_COMPLETE,,,VALID,CURRENT,coolit-synthetic-v2.0.0,ALL_SYNTHETIC_CUSTOMERS,ALL_SYNTHETIC_PROGRAMS,ALL_SYNTHETIC_PRODUCTS,SYNTHETIC_INTERNAL,SNP-COOLIT-20260925-R1,SCN-BASELINE,SHADOW-010,10,2026-09-04T18:27:00-06:00,2026-09-04T19:27:00-06:00,2026-09-04T20:27:00-06:00,3,3,1,Sales Operations Lead,REVIEWED,false,,4,false,COMPLETE
TEN-COOLIT-SYN-001,SITE-COOLIT-SYN-01,GOVERNED,SHADOW_RUN,SHADOW-011,SHADOW-011,RESOLVED,2026-09-25T23:59:59-06:00,2026-09-26T08:00:00-06:00,2026-06-29T00:00:00-06:00,,1,,false,READ_ONLY_COMPLETE,,,VALID,CURRENT,coolit-synthetic-v2.0.0,ALL_SYNTHETIC_CUSTOMERS,ALL_SYNTHETIC_PROGRAMS,ALL_SYNTHETIC_PRODUCTS,SYNTHETIC_INTERNAL,SNP-COOLIT-20260925-D1,SCN-BASELINE,SHADOW-011,11,2026-09-05T18:20:00-06:00,2026-09-05T19:20:00-06:00,2026-09-05T20:20:00-06:00,4,4,2,Quality Manager,REVIEWED,false,,5,false,COMPLETE
TEN-COOLIT-SYN-001,SITE-COOLIT-SYN-01,GOVERNED,SHADOW_RUN,SHADOW-012,SHADOW-012,RESOLVED,2026-09-25T23:59:59-06:00,2026-09-26T08:00:00-06:00,2026-06-29T00:00:00-06:00,,1,,false,READ_ONLY_COMPLETE,,,VALID,CURRENT,coolit-synthetic-v2.0.0,ALL_SYNTHETIC_CUSTOMERS,ALL_SYNTHETIC_PROGRAMS,ALL_SYNTHETIC_PRODUCTS,SYNTHETIC_INTERNAL,SNP-COOLIT-20260925-R1,SCN-BASELINE,SHADOW-012,12,2026-09-06T18:13:00-06:00,2026-09-06T19:13:00-06:00,2026-09-06T20:13:00-06:00,5,5,3,Manufacturing Planner,REVIEWED,false,,4,false,COMPLETE
TEN-COOLIT-SYN-001,SITE-COOLIT-SYN-01,GOVERNED,SHADOW_RUN,SHADOW-013,SHADOW-013,RESOLVED,2026-09-25T23:59:59-06:00,2026-09-26T08:00:00-06:00,2026-06-29T00:00:00-06:00,,1,,false,READ_ONLY_COMPLETE,,,VALID,CURRENT,coolit-synthetic-v2.0.0,ALL_SYNTHETIC_CUSTOMERS,ALL_SYNTHETIC_PROGRAMS,ALL_SYNTHETIC_PRODUCTS,SYNTHETIC_INTERNAL,SNP-COOLIT-20260925-D1,SCN-BASELINE,SHADOW-013,13,2026-09-07T18:06:00-06:00,2026-09-07T19:06:00-06:00,2026-09-07T20:06:00-06:00,6,2,1,Supply Planner,REVIEWED,false,,4,false,COMPLETE
TEN-COOLIT-SYN-001,SITE-COOLIT-SYN-01,GOVERNED,SHADOW_RUN,SHADOW-014,SHADOW-014,RESOLVED,2026-09-25T23:59:59-06:00,2026-09-26T08:00:00-06:00,2026-06-29T00:00:00-06:00,,1,,false,READ_ONLY_COMPLETE,,,VALID,CURRENT,coolit-synthetic-v2.0.0,ALL_SYNTHETIC_CUSTOMERS,ALL_SYNTHETIC_PROGRAMS,ALL_SYNTHETIC_PRODUCTS,SYNTHETIC_INTERNAL,SNP-COOLIT-20260925-R1,SCN-BASELINE,SHADOW-014,14,2026-09-08T18:59:00-06:00,2026-09-08T19:59:00-06:00,2026-09-08T20:59:00-06:00,7,3,2,Sales Operations Lead,REVIEWED,false,,4,false,COMPLETE
TEN-COOLIT-SYN-001,SITE-COOLIT-SYN-01,GOVERNED,SHADOW_RUN,SHADOW-015,SHADOW-015,RESOLVED,2026-09-25T23:59:59-06:00,2026-09-26T08:00:00-06:00,2026-06-29T00:00:00-06:00,,1,,false,READ_ONLY_COMPLETE,,,VALID,CURRENT,coolit-synthetic-v2.0.0,ALL_SYNTHETIC_CUSTOMERS,ALL_SYNTHETIC_PROGRAMS,ALL_SYNTHETIC_PRODUCTS,SYNTHETIC_INTERNAL,SNP-COOLIT-20260925-D1,SCN-BASELINE,SHADOW-015,15,2026-09-09T18:52:00-06:00,2026-09-09T19:52:00-06:00,2026-09-09T20:52:00-06:00,8,4,3,Quality Manager,REVIEWED,true,LOCAL_CONTEXT_NOT_IN_MODEL,4,false,COMPLETE
TEN-COOLIT-SYN-001,SITE-COOLIT-SYN-01,GOVERNED,SHADOW_RUN,SHADOW-016,SHADOW-016,RESOLVED,2026-09-25T23:59:59-06:00,2026-09-26T08:00:00-06:00,2026-06-29T00:00:00-06:00,,1,,false,READ_ONLY_COMPLETE,,,VALID,CURRENT,coolit-synthetic-v2.0.0,ALL_SYNTHETIC_CUSTOMERS,ALL_SYNTHETIC_PROGRAMS,ALL_SYNTHETIC_PRODUCTS,SYNTHETIC_INTERNAL,SNP-COOLIT-20260925-R1,SCN-BASELINE,SHADOW-016,16,2026-09-10T18:45:00-06:00,2026-09-10T19:45:00-06:00,2026-09-10T20:45:00-06:00,9,5,1,Manufacturing Planner,REVIEWED,false,,5,false,COMPLETE
TEN-COOLIT-SYN-001,SITE-COOLIT-SYN-01,GOVERNED,SHADOW_RUN,SHADOW-017,SHADOW-017,RESOLVED,2026-09-25T23:59:59-06:00,2026-09-26T08:00:00-06:00,2026-06-29T00:00:00-06:00,,1,,false,READ_ONLY_COMPLETE,,,VALID,CURRENT,coolit-synthetic-v2.0.0,ALL_SYNTHETIC_CUSTOMERS,ALL_SYNTHETIC_PROGRAMS,ALL_SYNTHETIC_PRODUCTS,SYNTHETIC_INTERNAL,SNP-COOLIT-20260925-D1,SCN-BASELINE,SHADOW-017,17,2026-09-11T18:38:00-06:00,2026-09-11T19:38:00-06:00,2026-09-11T20:38:00-06:00,10,2,2,Supply Planner,REVIEWED,false,,4,false,COMPLETE
TEN-COOLIT-SYN-001,SITE-COOLIT-SYN-01,GOVERNED,SHADOW_RUN,SHADOW-018,SHADOW-018,RESOLVED,2026-09-25T23:59:59-06:00,2026-09-26T08:00:00-06:00,2026-06-29T00:00:00-06:00,,1,,false,READ_ONLY_COMPLETE,,,VALID,CURRENT,coolit-synthetic-v2.0.0,ALL_SYNTHETIC_CUSTOMERS,ALL_SYNTHETIC_PROGRAMS,ALL_SYNTHETIC_PRODUCTS,SYNTHETIC_INTERNAL,SNP-COOLIT-20260925-R1,SCN-BASELINE,SHADOW-018,18,2026-09-12T18:31:00-06:00,2026-09-12T19:31:00-06:00,2026-09-12T20:31:00-06:00,11,3,3,Sales Operations Lead,REVIEWED,false,,4,false,COMPLETE
TEN-COOLIT-SYN-001,SITE-COOLIT-SYN-01,GOVERNED,SHADOW_RUN,SHADOW-019,SHADOW-019,RESOLVED,2026-09-25T23:59:59-06:00,2026-09-26T08:00:00-06:00,2026-06-29T00:00:00-06:00,,1,,false,READ_ONLY_COMPLETE,,,VALID,CURRENT,coolit-synthetic-v2.0.0,ALL_SYNTHETIC_CUSTOMERS,ALL_SYNTHETIC_PROGRAMS,ALL_SYNTHETIC_PRODUCTS,SYNTHETIC_INTERNAL,SNP-COOLIT-20260925-D1,SCN-BASELINE,SHADOW-019,19,2026-09-13T18:24:00-06:00,2026-09-13T19:24:00-06:00,2026-09-13T20:24:00-06:00,3,4,1,Quality Manager,REVIEWED,false,,4,false,COMPLETE
TEN-COOLIT-SYN-001,SITE-COOLIT-SYN-01,GOVERNED,SHADOW_RUN,SHADOW-020,SHADOW-020,RESOLVED,2026-09-25T23:59:59-06:00,2026-09-26T08:00:00-06:00,2026-06-29T00:00:00-06:00,,1,,false,READ_ONLY_COMPLETE,,,VALID,CURRENT,coolit-synthetic-v2.0.0,ALL_SYNTHETIC_CUSTOMERS,ALL_SYNTHETIC_PROGRAMS,ALL_SYNTHETIC_PRODUCTS,SYNTHETIC_INTERNAL,SNP-COOLIT-20260925-R1,SCN-BASELINE,SHADOW-020,20,2026-09-14T18:17:00-06:00,2026-09-14T19:17:00-06:00,2026-09-14T20:17:00-06:00,4,5,2,Manufacturing Planner,REVIEWED,false,,4,false,COMPLETE
TEN-COOLIT-SYN-001,SITE-COOLIT-SYN-01,GOVERNED,SHADOW_RUN,SHADOW-021,SHADOW-021,RESOLVED,2026-09-25T23:59:59-06:00,2026-09-26T08:00:00-06:00,2026-06-29T00:00:00-06:00,,1,,false,READ_ONLY_COMPLETE,,,VALID,CURRENT,coolit-synthetic-v2.0.0,ALL_SYNTHETIC_CUSTOMERS,ALL_SYNTHETIC_PROGRAMS,ALL_SYNTHETIC_PRODUCTS,SYNTHETIC_INTERNAL,SNP-COOLIT-20260925-D1,SCN-BASELINE,SHADOW-021,21,2026-09-15T18:10:00-06:00,2026-09-15T19:10:00-06:00,2026-09-15T20:10:00-06:00,5,2,3,Supply Planner,REVIEWED,false,,5,false,COMPLETE
TEN-COOLIT-SYN-001,SITE-COOLIT-SYN-01,GOVERNED,SHADOW_RUN,SHADOW-022,SHADOW-022,RESOLVED,2026-09-25T23:59:59-06:00,2026-09-26T08:00:00-06:00,2026-06-29T00:00:00-06:00,,1,,false,READ_ONLY_COMPLETE,,,VALID,CURRENT,coolit-synthetic-v2.0.0,ALL_SYNTHETIC_CUSTOMERS,ALL_SYNTHETIC_PROGRAMS,ALL_SYNTHETIC_PRODUCTS,SYNTHETIC_INTERNAL,SNP-COOLIT-20260925-R1,SCN-BASELINE,SHADOW-022,22,2026-09-16T18:03:00-06:00,2026-09-16T19:03:00-06:00,2026-09-16T20:03:00-06:00,6,3,1,Sales Operations Lead,REVIEWED,true,LOCAL_CONTEXT_NOT_IN_MODEL,4,false,COMPLETE
TEN-COOLIT-SYN-001,SITE-COOLIT-SYN-01,GOVERNED,SHADOW_RUN,SHADOW-023,SHADOW-023,RESOLVED,2026-09-25T23:59:59-06:00,2026-09-26T08:00:00-06:00,2026-06-29T00:00:00-06:00,,1,,false,READ_ONLY_COMPLETE,,,VALID,CURRENT,coolit-synthetic-v2.0.0,ALL_SYNTHETIC_CUSTOMERS,ALL_SYNTHETIC_PROGRAMS,ALL_SYNTHETIC_PRODUCTS,SYNTHETIC_INTERNAL,SNP-COOLIT-20260925-D1,SCN-BASELINE,SHADOW-023,23,2026-09-17T18:56:00-06:00,2026-09-17T19:56:00-06:00,2026-09-17T20:56:00-06:00,7,4,2,Quality Manager,REVIEWED,false,,4,false,COMPLETE
TEN-COOLIT-SYN-001,SITE-COOLIT-SYN-01,GOVERNED,SHADOW_RUN,SHADOW-024,SHADOW-024,RESOLVED,2026-09-25T23:59:59-06:00,2026-09-26T08:00:00-06:00,2026-06-29T00:00:00-06:00,,1,,false,READ_ONLY_COMPLETE,,,VALID,CURRENT,coolit-synthetic-v2.0.0,ALL_SYNTHETIC_CUSTOMERS,ALL_SYNTHETIC_PROGRAMS,ALL_SYNTHETIC_PRODUCTS,SYNTHETIC_INTERNAL,SNP-COOLIT-20260925-R1,SCN-BASELINE,SHADOW-024,24,2026-09-18T18:49:00-06:00,2026-09-18T19:49:00-06:00,2026-09-18T20:49:00-06:00,8,5,3,Manufacturing Planner,REVIEWED,false,,4,false,COMPLETE
TEN-COOLIT-SYN-001,SITE-COOLIT-SYN-01,GOVERNED,SHADOW_RUN,SHADOW-025,SHADOW-025,RESOLVED,2026-09-25T23:59:59-06:00,2026-09-26T08:00:00-06:00,2026-06-29T00:00:00-06:00,,1,,false,READ_ONLY_COMPLETE,,,VALID,CURRENT,coolit-synthetic-v2.0.0,ALL_SYNTHETIC_CUSTOMERS,ALL_SYNTHETIC_PROGRAMS,ALL_SYNTHETIC_PRODUCTS,SYNTHETIC_INTERNAL,SNP-COOLIT-20260925-D1,SCN-BASELINE,SHADOW-025,25,2026-09-19T18:42:00-06:00,2026-09-19T19:42:00-06:00,2026-09-19T20:42:00-06:00,9,2,1,Supply Planner,REVIEWED,false,,4,false,COMPLETE
TEN-COOLIT-SYN-001,SITE-COOLIT-SYN-01,GOVERNED,SHADOW_RUN,SHADOW-026,SHADOW-026,RESOLVED,2026-09-25T23:59:59-06:00,2026-09-26T08:00:00-06:00,2026-06-29T00:00:00-06:00,,1,,false,READ_ONLY_COMPLETE,,,VALID,CURRENT,coolit-synthetic-v2.0.0,ALL_SYNTHETIC_CUSTOMERS,ALL_SYNTHETIC_PROGRAMS,ALL_SYNTHETIC_PRODUCTS,SYNTHETIC_INTERNAL,SNP-COOLIT-20260925-R1,SCN-BASELINE,SHADOW-026,26,2026-09-20T18:35:00-06:00,2026-09-20T19:35:00-06:00,2026-09-20T20:35:00-06:00,10,3,2,Sales Operations Lead,REVIEWED,false,,5,false,COMPLETE
TEN-COOLIT-SYN-001,SITE-COOLIT-SYN-01,GOVERNED,SHADOW_RUN,SHADOW-027,SHADOW-027,RESOLVED,2026-09-25T23:59:59-06:00,2026-09-26T08:00:00-06:00,2026-06-29T00:00:00-06:00,,1,,false,READ_ONLY_COMPLETE,,,VALID,CURRENT,coolit-synthetic-v2.0.0,ALL_SYNTHETIC_CUSTOMERS,ALL_SYNTHETIC_PROGRAMS,ALL_SYNTHETIC_PRODUCTS,SYNTHETIC_INTERNAL,SNP-COOLIT-20260925-D1,SCN-BASELINE,SHADOW-027,27,2026-09-21T18:28:00-06:00,2026-09-21T19:28:00-06:00,2026-09-21T20:28:00-06:00,11,4,3,Quality Manager,REVIEWED,false,,4,false,COMPLETE
TEN-COOLIT-SYN-001,SITE-COOLIT-SYN-01,GOVERNED,SHADOW_RUN,SHADOW-028,SHADOW-028,RESOLVED,2026-09-25T23:59:59-06:00,2026-09-26T08:00:00-06:00,2026-06-29T00:00:00-06:00,,1,,false,READ_ONLY_COMPLETE,,,VALID,CURRENT,coolit-synthetic-v2.0.0,ALL_SYNTHETIC_CUSTOMERS,ALL_SYNTHETIC_PROGRAMS,ALL_SYNTHETIC_PRODUCTS,SYNTHETIC_INTERNAL,SNP-COOLIT-20260925-R1,SCN-BASELINE,SHADOW-028,28,2026-09-22T18:21:00-06:00,2026-09-22T19:21:00-06:00,2026-09-22T20:21:00-06:00,3,5,1,Manufacturing Planner,REVIEWED,false,,4,false,COMPLETE
TEN-COOLIT-SYN-001,SITE-COOLIT-SYN-01,GOVERNED,SHADOW_RUN,SHADOW-029,SHADOW-029,RESOLVED,2026-09-25T23:59:59-06:00,2026-09-26T08:00:00-06:00,2026-06-29T00:00:00-06:00,,1,,false,READ_ONLY_COMPLETE,,,VALID,CURRENT,coolit-synthetic-v2.0.0,ALL_SYNTHETIC_CUSTOMERS,ALL_SYNTHETIC_PROGRAMS,ALL_SYNTHETIC_PRODUCTS,SYNTHETIC_INTERNAL,SNP-COOLIT-20260925-D1,SCN-BASELINE,SHADOW-029,29,2026-09-23T18:14:00-06:00,2026-09-23T19:14:00-06:00,2026-09-23T20:14:00-06:00,4,2,2,Supply Planner,REVIEWED,true,LOCAL_CONTEXT_NOT_IN_MODEL,4,false,COMPLETE
TEN-COOLIT-SYN-001,SITE-COOLIT-SYN-01,GOVERNED,SHADOW_RUN,SHADOW-030,SHADOW-030,RESOLVED,2026-09-25T23:59:59-06:00,2026-09-26T08:00:00-06:00,2026-06-29T00:00:00-06:00,,1,,false,READ_ONLY_COMPLETE,,,VALID,CURRENT,coolit-synthetic-v2.0.0,ALL_SYNTHETIC_CUSTOMERS,ALL_SYNTHETIC_PROGRAMS,ALL_SYNTHETIC_PRODUCTS,SYNTHETIC_INTERNAL,SNP-COOLIT-20260925-R1,SCN-BASELINE,SHADOW-030,30,2026-09-24T18:07:00-06:00,2026-09-24T19:07:00-06:00,2026-09-24T20:07:00-06:00,5,3,3,Sales Operations Lead,REVIEWED,false,,4,false,COMPLETE
