tenant_id,site_id,source_system,source_object,source_record_id,canonical_id,crosswalk_status,source_event_at,ingested_at,effective_from,effective_to,record_version,supersedes_source_record_id,is_deleted,semantic_status,uom,currency,data_quality_state,freshness_state,transformation_version,customer_scope,program_scope,product_scope,sensitivity_class,snapshot_id,scenario_id,calendar_week_id,week_start_date,week_end_date,period_type,business_days,planned_minutes_per_shift
TEN-COOLIT-SYN-001,SITE-COOLIT-SYN-01,REFERENCE,CALENDAR_WEEK,CAL-H-01,CAL-H-01,RESOLVED,2024-10-04T23:00:00-06:00,2026-09-26T08:00:00-06:00,2026-06-29T00:00:00-06:00,,1,,false,ACTUAL,,,VALID,CURRENT,coolit-synthetic-v2.0.0,ALL_SYNTHETIC_CUSTOMERS,ALL_SYNTHETIC_PROGRAMS,ALL_SYNTHETIC_PRODUCTS,SYNTHETIC_INTERNAL,SNP-COOLIT-20260925-BL,SCN-BASELINE,2026-H01,2024-09-30,2024-10-04,HISTORICAL_ACTUAL,5,480
TEN-COOLIT-SYN-001,SITE-COOLIT-SYN-01,REFERENCE,CALENDAR_WEEK,CAL-H-02,CAL-H-02,RESOLVED,2024-10-11T23:00:00-06:00,2026-09-26T08:00:00-06:00,2026-06-29T00:00:00-06:00,,1,,false,ACTUAL,,,VALID,CURRENT,coolit-synthetic-v2.0.0,ALL_SYNTHETIC_CUSTOMERS,ALL_SYNTHETIC_PROGRAMS,ALL_SYNTHETIC_PRODUCTS,SYNTHETIC_INTERNAL,SNP-COOLIT-20260925-BL,SCN-BASELINE,2026-H02,2024-10-07,2024-10-11,HISTORICAL_ACTUAL,5,480
TEN-COOLIT-SYN-001,SITE-COOLIT-SYN-01,REFERENCE,CALENDAR_WEEK,CAL-H-03,CAL-H-03,RESOLVED,2024-10-18T23:00:00-06:00,2026-09-26T08:00:00-06:00,2026-06-29T00:00:00-06:00,,1,,false,ACTUAL,,,VALID,CURRENT,coolit-synthetic-v2.0.0,ALL_SYNTHETIC_CUSTOMERS,ALL_SYNTHETIC_PROGRAMS,ALL_SYNTHETIC_PRODUCTS,SYNTHETIC_INTERNAL,SNP-COOLIT-20260925-BL,SCN-BASELINE,2026-H03,2024-10-14,2024-10-18,HISTORICAL_ACTUAL,5,480
TEN-COOLIT-SYN-001,SITE-COOLIT-SYN-01,REFERENCE,CALENDAR_WEEK,CAL-H-04,CAL-H-04,RESOLVED,2024-10-25T23:00:00-06:00,2026-09-26T08:00:00-06:00,2026-06-29T00:00:00-06:00,,1,,false,ACTUAL,,,VALID,CURRENT,coolit-synthetic-v2.0.0,ALL_SYNTHETIC_CUSTOMERS,ALL_SYNTHETIC_PROGRAMS,ALL_SYNTHETIC_PRODUCTS,SYNTHETIC_INTERNAL,SNP-COOLIT-20260925-BL,SCN-BASELINE,2026-H04,2024-10-21,2024-10-25,HISTORICAL_ACTUAL,5,480
TEN-COOLIT-SYN-001,SITE-COOLIT-SYN-01,REFERENCE,CALENDAR_WEEK,CAL-H-05,CAL-H-05,RESOLVED,2024-11-01T23:00:00-06:00,2026-09-26T08:00:00-06:00,2026-06-29T00:00:00-06:00,,1,,false,ACTUAL,,,VALID,CURRENT,coolit-synthetic-v2.0.0,ALL_SYNTHETIC_CUSTOMERS,ALL_SYNTHETIC_PROGRAMS,ALL_SYNTHETIC_PRODUCTS,SYNTHETIC_INTERNAL,SNP-COOLIT-20260925-BL,SCN-BASELINE,2026-H05,2024-10-28,2024-11-01,HISTORICAL_ACTUAL,5,480
TEN-COOLIT-SYN-001,SITE-COOLIT-SYN-01,REFERENCE,CALENDAR_WEEK,CAL-H-06,CAL-H-06,RESOLVED,2024-11-08T23:00:00-06:00,2026-09-26T08:00:00-06:00,2026-06-29T00:00:00-06:00,,1,,false,ACTUAL,,,VALID,CURRENT,coolit-synthetic-v2.0.0,ALL_SYNTHETIC_CUSTOMERS,ALL_SYNTHETIC_PROGRAMS,ALL_SYNTHETIC_PRODUCTS,SYNTHETIC_INTERNAL,SNP-COOLIT-20260925-BL,SCN-BASELINE,2026-H06,2024-11-04,2024-11-08,HISTORICAL_ACTUAL,5,480
TEN-COOLIT-SYN-001,SITE-COOLIT-SYN-01,REFERENCE,CALENDAR_WEEK,CAL-H-07,CAL-H-07,RESOLVED,2024-11-15T23:00:00-06:00,2026-09-26T08:00:00-06:00,2026-06-29T00:00:00-06:00,,1,,false,ACTUAL,,,VALID,CURRENT,coolit-synthetic-v2.0.0,ALL_SYNTHETIC_CUSTOMERS,ALL_SYNTHETIC_PROGRAMS,ALL_SYNTHETIC_PRODUCTS,SYNTHETIC_INTERNAL,SNP-COOLIT-20260925-BL,SCN-BASELINE,2026-H07,2024-11-11,2024-11-15,HISTORICAL_ACTUAL,5,480
TEN-COOLIT-SYN-001,SITE-COOLIT-SYN-01,REFERENCE,CALENDAR_WEEK,CAL-H-08,CAL-H-08,RESOLVED,2024-11-22T23:00:00-06:00,2026-09-26T08:00:00-06:00,2026-06-29T00:00:00-06:00,,1,,false,ACTUAL,,,VALID,CURRENT,coolit-synthetic-v2.0.0,ALL_SYNTHETIC_CUSTOMERS,ALL_SYNTHETIC_PROGRAMS,ALL_SYNTHETIC_PRODUCTS,SYNTHETIC_INTERNAL,SNP-COOLIT-20260925-BL,SCN-BASELINE,2026-H08,2024-11-18,2024-11-22,HISTORICAL_ACTUAL,5,480
TEN-COOLIT-SYN-001,SITE-COOLIT-SYN-01,REFERENCE,CALENDAR_WEEK,CAL-H-09,CAL-H-09,RESOLVED,2024-11-29T23:00:00-06:00,2026-09-26T08:00:00-06:00,2026-06-29T00:00:00-06:00,,1,,false,ACTUAL,,,VALID,CURRENT,coolit-synthetic-v2.0.0,ALL_SYNTHETIC_CUSTOMERS,ALL_SYNTHETIC_PROGRAMS,ALL_SYNTHETIC_PRODUCTS,SYNTHETIC_INTERNAL,SNP-COOLIT-20260925-BL,SCN-BASELINE,2026-H09,2024-11-25,2024-11-29,HISTORICAL_ACTUAL,5,480
TEN-COOLIT-SYN-001,SITE-COOLIT-SYN-01,REFERENCE,CALENDAR_WEEK,CAL-H-10,CAL-H-10,RESOLVED,2024-12-06T23:00:00-06:00,2026-09-26T08:00:00-06:00,2026-06-29T00:00:00-06:00,,1,,false,ACTUAL,,,VALID,CURRENT,coolit-synthetic-v2.0.0,ALL_SYNTHETIC_CUSTOMERS,ALL_SYNTHETIC_PROGRAMS,ALL_SYNTHETIC_PRODUCTS,SYNTHETIC_INTERNAL,SNP-COOLIT-20260925-BL,SCN-BASELINE,2026-H10,2024-12-02,2024-12-06,HISTORICAL_ACTUAL,5,480
TEN-COOLIT-SYN-001,SITE-COOLIT-SYN-01,REFERENCE,CALENDAR_WEEK,CAL-H-11,CAL-H-11,RESOLVED,2024-12-13T23:00:00-06:00,2026-09-26T08:00:00-06:00,2026-06-29T00:00:00-06:00,,1,,false,ACTUAL,,,VALID,CURRENT,coolit-synthetic-v2.0.0,ALL_SYNTHETIC_CUSTOMERS,ALL_SYNTHETIC_PROGRAMS,ALL_SYNTHETIC_PRODUCTS,SYNTHETIC_INTERNAL,SNP-COOLIT-20260925-BL,SCN-BASELINE,2026-H11,2024-12-09,2024-12-13,HISTORICAL_ACTUAL,5,480
TEN-COOLIT-SYN-001,SITE-COOLIT-SYN-01,REFERENCE,CALENDAR_WEEK,CAL-H-12,CAL-H-12,RESOLVED,2024-12-20T23:00:00-06:00,2026-09-26T08:00:00-06:00,2026-06-29T00:00:00-06:00,,1,,false,ACTUAL,,,VALID,CURRENT,coolit-synthetic-v2.0.0,ALL_SYNTHETIC_CUSTOMERS,ALL_SYNTHETIC_PROGRAMS,ALL_SYNTHETIC_PRODUCTS,SYNTHETIC_INTERNAL,SNP-COOLIT-20260925-BL,SCN-BASELINE,2026-H12,2024-12-16,2024-12-20,HISTORICAL_ACTUAL,5,480
TEN-COOLIT-SYN-001,SITE-COOLIT-SYN-01,REFERENCE,CALENDAR_WEEK,CAL-H-13,CAL-H-13,RESOLVED,2024-12-27T23:00:00-06:00,2026-09-26T08:00:00-06:00,2026-06-29T00:00:00-06:00,,1,,false,ACTUAL,,,VALID,CURRENT,coolit-synthetic-v2.0.0,ALL_SYNTHETIC_CUSTOMERS,ALL_SYNTHETIC_PROGRAMS,ALL_SYNTHETIC_PRODUCTS,SYNTHETIC_INTERNAL,SNP-COOLIT-20260925-BL,SCN-BASELINE,2026-H13,2024-12-23,2024-12-27,HISTORICAL_ACTUAL,5,480
TEN-COOLIT-SYN-001,SITE-COOLIT-SYN-01,REFERENCE,CALENDAR_WEEK,CAL-H-14,CAL-H-14,RESOLVED,2025-01-03T23:00:00-06:00,2026-09-26T08:00:00-06:00,2026-06-29T00:00:00-06:00,,1,,false,ACTUAL,,,VALID,CURRENT,coolit-synthetic-v2.0.0,ALL_SYNTHETIC_CUSTOMERS,ALL_SYNTHETIC_PROGRAMS,ALL_SYNTHETIC_PRODUCTS,SYNTHETIC_INTERNAL,SNP-COOLIT-20260925-BL,SCN-BASELINE,2026-H14,2024-12-30,2025-01-03,HISTORICAL_ACTUAL,5,480
TEN-COOLIT-SYN-001,SITE-COOLIT-SYN-01,REFERENCE,CALENDAR_WEEK,CAL-H-15,CAL-H-15,RESOLVED,2025-01-10T23:00:00-06:00,2026-09-26T08:00:00-06:00,2026-06-29T00:00:00-06:00,,1,,false,ACTUAL,,,VALID,CURRENT,coolit-synthetic-v2.0.0,ALL_SYNTHETIC_CUSTOMERS,ALL_SYNTHETIC_PROGRAMS,ALL_SYNTHETIC_PRODUCTS,SYNTHETIC_INTERNAL,SNP-COOLIT-20260925-BL,SCN-BASELINE,2026-H15,2025-01-06,2025-01-10,HISTORICAL_ACTUAL,5,480
TEN-COOLIT-SYN-001,SITE-COOLIT-SYN-01,REFERENCE,CALENDAR_WEEK,CAL-H-16,CAL-H-16,RESOLVED,2025-01-17T23:00:00-06:00,2026-09-26T08:00:00-06:00,2026-06-29T00:00:00-06:00,,1,,false,ACTUAL,,,VALID,CURRENT,coolit-synthetic-v2.0.0,ALL_SYNTHETIC_CUSTOMERS,ALL_SYNTHETIC_PROGRAMS,ALL_SYNTHETIC_PRODUCTS,SYNTHETIC_INTERNAL,SNP-COOLIT-20260925-BL,SCN-BASELINE,2026-H16,2025-01-13,2025-01-17,HISTORICAL_ACTUAL,5,480
TEN-COOLIT-SYN-001,SITE-COOLIT-SYN-01,REFERENCE,CALENDAR_WEEK,CAL-H-17,CAL-H-17,RESOLVED,2025-01-24T23:00:00-06:00,2026-09-26T08:00:00-06:00,2026-06-29T00:00:00-06:00,,1,,false,ACTUAL,,,VALID,CURRENT,coolit-synthetic-v2.0.0,ALL_SYNTHETIC_CUSTOMERS,ALL_SYNTHETIC_PROGRAMS,ALL_SYNTHETIC_PRODUCTS,SYNTHETIC_INTERNAL,SNP-COOLIT-20260925-BL,SCN-BASELINE,2026-H17,2025-01-20,2025-01-24,HISTORICAL_ACTUAL,5,480
TEN-COOLIT-SYN-001,SITE-COOLIT-SYN-01,REFERENCE,CALENDAR_WEEK,CAL-H-18,CAL-H-18,RESOLVED,2025-01-31T23:00:00-06:00,2026-09-26T08:00:00-06:00,2026-06-29T00:00:00-06:00,,1,,false,ACTUAL,,,VALID,CURRENT,coolit-synthetic-v2.0.0,ALL_SYNTHETIC_CUSTOMERS,ALL_SYNTHETIC_PROGRAMS,ALL_SYNTHETIC_PRODUCTS,SYNTHETIC_INTERNAL,SNP-COOLIT-20260925-BL,SCN-BASELINE,2026-H18,2025-01-27,2025-01-31,HISTORICAL_ACTUAL,5,480
TEN-COOLIT-SYN-001,SITE-COOLIT-SYN-01,REFERENCE,CALENDAR_WEEK,CAL-H-19,CAL-H-19,RESOLVED,2025-02-07T23:00:00-06:00,2026-09-26T08:00:00-06:00,2026-06-29T00:00:00-06:00,,1,,false,ACTUAL,,,VALID,CURRENT,coolit-synthetic-v2.0.0,ALL_SYNTHETIC_CUSTOMERS,ALL_SYNTHETIC_PROGRAMS,ALL_SYNTHETIC_PRODUCTS,SYNTHETIC_INTERNAL,SNP-COOLIT-20260925-BL,SCN-BASELINE,2026-H19,2025-02-03,2025-02-07,HISTORICAL_ACTUAL,5,480
TEN-COOLIT-SYN-001,SITE-COOLIT-SYN-01,REFERENCE,CALENDAR_WEEK,CAL-H-20,CAL-H-20,RESOLVED,2025-02-14T23:00:00-06:00,2026-09-26T08:00:00-06:00,2026-06-29T00:00:00-06:00,,1,,false,ACTUAL,,,VALID,CURRENT,coolit-synthetic-v2.0.0,ALL_SYNTHETIC_CUSTOMERS,ALL_SYNTHETIC_PROGRAMS,ALL_SYNTHETIC_PRODUCTS,SYNTHETIC_INTERNAL,SNP-COOLIT-20260925-BL,SCN-BASELINE,2026-H20,2025-02-10,2025-02-14,HISTORICAL_ACTUAL,5,480
TEN-COOLIT-SYN-001,SITE-COOLIT-SYN-01,REFERENCE,CALENDAR_WEEK,CAL-H-21,CAL-H-21,RESOLVED,2025-02-21T23:00:00-06:00,2026-09-26T08:00:00-06:00,2026-06-29T00:00:00-06:00,,1,,false,ACTUAL,,,VALID,CURRENT,coolit-synthetic-v2.0.0,ALL_SYNTHETIC_CUSTOMERS,ALL_SYNTHETIC_PROGRAMS,ALL_SYNTHETIC_PRODUCTS,SYNTHETIC_INTERNAL,SNP-COOLIT-20260925-BL,SCN-BASELINE,2026-H21,2025-02-17,2025-02-21,HISTORICAL_ACTUAL,5,480
TEN-COOLIT-SYN-001,SITE-COOLIT-SYN-01,REFERENCE,CALENDAR_WEEK,CAL-H-22,CAL-H-22,RESOLVED,2025-02-28T23:00:00-06:00,2026-09-26T08:00:00-06:00,2026-06-29T00:00:00-06:00,,1,,false,ACTUAL,,,VALID,CURRENT,coolit-synthetic-v2.0.0,ALL_SYNTHETIC_CUSTOMERS,ALL_SYNTHETIC_PROGRAMS,ALL_SYNTHETIC_PRODUCTS,SYNTHETIC_INTERNAL,SNP-COOLIT-20260925-BL,SCN-BASELINE,2026-H22,2025-02-24,2025-02-28,HISTORICAL_ACTUAL,5,480
TEN-COOLIT-SYN-001,SITE-COOLIT-SYN-01,REFERENCE,CALENDAR_WEEK,CAL-H-23,CAL-H-23,RESOLVED,2025-03-07T23:00:00-06:00,2026-09-26T08:00:00-06:00,2026-06-29T00:00:00-06:00,,1,,false,ACTUAL,,,VALID,CURRENT,coolit-synthetic-v2.0.0,ALL_SYNTHETIC_CUSTOMERS,ALL_SYNTHETIC_PROGRAMS,ALL_SYNTHETIC_PRODUCTS,SYNTHETIC_INTERNAL,SNP-COOLIT-20260925-BL,SCN-BASELINE,2026-H23,2025-03-03,2025-03-07,HISTORICAL_ACTUAL,5,480
TEN-COOLIT-SYN-001,SITE-COOLIT-SYN-01,REFERENCE,CALENDAR_WEEK,CAL-H-24,CAL-H-24,RESOLVED,2025-03-14T23:00:00-06:00,2026-09-26T08:00:00-06:00,2026-06-29T00:00:00-06:00,,1,,false,ACTUAL,,,VALID,CURRENT,coolit-synthetic-v2.0.0,ALL_SYNTHETIC_CUSTOMERS,ALL_SYNTHETIC_PROGRAMS,ALL_SYNTHETIC_PRODUCTS,SYNTHETIC_INTERNAL,SNP-COOLIT-20260925-BL,SCN-BASELINE,2026-H24,2025-03-10,2025-03-14,HISTORICAL_ACTUAL,5,480
TEN-COOLIT-SYN-001,SITE-COOLIT-SYN-01,REFERENCE,CALENDAR_WEEK,CAL-H-25,CAL-H-25,RESOLVED,2025-03-21T23:00:00-06:00,2026-09-26T08:00:00-06:00,2026-06-29T00:00:00-06:00,,1,,false,ACTUAL,,,VALID,CURRENT,coolit-synthetic-v2.0.0,ALL_SYNTHETIC_CUSTOMERS,ALL_SYNTHETIC_PROGRAMS,ALL_SYNTHETIC_PRODUCTS,SYNTHETIC_INTERNAL,SNP-COOLIT-20260925-BL,SCN-BASELINE,2026-H25,2025-03-17,2025-03-21,HISTORICAL_ACTUAL,5,480
TEN-COOLIT-SYN-001,SITE-COOLIT-SYN-01,REFERENCE,CALENDAR_WEEK,CAL-H-26,CAL-H-26,RESOLVED,2025-03-28T23:00:00-06:00,2026-09-26T08:00:00-06:00,2026-06-29T00:00:00-06:00,,1,,false,ACTUAL,,,VALID,CURRENT,coolit-synthetic-v2.0.0,ALL_SYNTHETIC_CUSTOMERS,ALL_SYNTHETIC_PROGRAMS,ALL_SYNTHETIC_PRODUCTS,SYNTHETIC_INTERNAL,SNP-COOLIT-20260925-BL,SCN-BASELINE,2026-H26,2025-03-24,2025-03-28,HISTORICAL_ACTUAL,5,480
TEN-COOLIT-SYN-001,SITE-COOLIT-SYN-01,REFERENCE,CALENDAR_WEEK,CAL-H-27,CAL-H-27,RESOLVED,2025-04-04T23:00:00-06:00,2026-09-26T08:00:00-06:00,2026-06-29T00:00:00-06:00,,1,,false,ACTUAL,,,VALID,CURRENT,coolit-synthetic-v2.0.0,ALL_SYNTHETIC_CUSTOMERS,ALL_SYNTHETIC_PROGRAMS,ALL_SYNTHETIC_PRODUCTS,SYNTHETIC_INTERNAL,SNP-COOLIT-20260925-BL,SCN-BASELINE,2026-H27,2025-03-31,2025-04-04,HISTORICAL_ACTUAL,5,480
TEN-COOLIT-SYN-001,SITE-COOLIT-SYN-01,REFERENCE,CALENDAR_WEEK,CAL-H-28,CAL-H-28,RESOLVED,2025-04-11T23:00:00-06:00,2026-09-26T08:00:00-06:00,2026-06-29T00:00:00-06:00,,1,,false,ACTUAL,,,VALID,CURRENT,coolit-synthetic-v2.0.0,ALL_SYNTHETIC_CUSTOMERS,ALL_SYNTHETIC_PROGRAMS,ALL_SYNTHETIC_PRODUCTS,SYNTHETIC_INTERNAL,SNP-COOLIT-20260925-BL,SCN-BASELINE,2026-H28,2025-04-07,2025-04-11,HISTORICAL_ACTUAL,5,480
TEN-COOLIT-SYN-001,SITE-COOLIT-SYN-01,REFERENCE,CALENDAR_WEEK,CAL-H-29,CAL-H-29,RESOLVED,2025-04-18T23:00:00-06:00,2026-09-26T08:00:00-06:00,2026-06-29T00:00:00-06:00,,1,,false,ACTUAL,,,VALID,CURRENT,coolit-synthetic-v2.0.0,ALL_SYNTHETIC_CUSTOMERS,ALL_SYNTHETIC_PROGRAMS,ALL_SYNTHETIC_PRODUCTS,SYNTHETIC_INTERNAL,SNP-COOLIT-20260925-BL,SCN-BASELINE,2026-H29,2025-04-14,2025-04-18,HISTORICAL_ACTUAL,5,480
TEN-COOLIT-SYN-001,SITE-COOLIT-SYN-01,REFERENCE,CALENDAR_WEEK,CAL-H-30,CAL-H-30,RESOLVED,2025-04-25T23:00:00-06:00,2026-09-26T08:00:00-06:00,2026-06-29T00:00:00-06:00,,1,,false,ACTUAL,,,VALID,CURRENT,coolit-synthetic-v2.0.0,ALL_SYNTHETIC_CUSTOMERS,ALL_SYNTHETIC_PROGRAMS,ALL_SYNTHETIC_PRODUCTS,SYNTHETIC_INTERNAL,SNP-COOLIT-20260925-BL,SCN-BASELINE,2026-H30,2025-04-21,2025-04-25,HISTORICAL_ACTUAL,5,480
TEN-COOLIT-SYN-001,SITE-COOLIT-SYN-01,REFERENCE,CALENDAR_WEEK,CAL-H-31,CAL-H-31,RESOLVED,2025-05-02T23:00:00-06:00,2026-09-26T08:00:00-06:00,2026-06-29T00:00:00-06:00,,1,,false,ACTUAL,,,VALID,CURRENT,coolit-synthetic-v2.0.0,ALL_SYNTHETIC_CUSTOMERS,ALL_SYNTHETIC_PROGRAMS,ALL_SYNTHETIC_PRODUCTS,SYNTHETIC_INTERNAL,SNP-COOLIT-20260925-BL,SCN-BASELINE,2026-H31,2025-04-28,2025-05-02,HISTORICAL_ACTUAL,5,480
TEN-COOLIT-SYN-001,SITE-COOLIT-SYN-01,REFERENCE,CALENDAR_WEEK,CAL-H-32,CAL-H-32,RESOLVED,2025-05-09T23:00:00-06:00,2026-09-26T08:00:00-06:00,2026-06-29T00:00:00-06:00,,1,,false,ACTUAL,,,VALID,CURRENT,coolit-synthetic-v2.0.0,ALL_SYNTHETIC_CUSTOMERS,ALL_SYNTHETIC_PROGRAMS,ALL_SYNTHETIC_PRODUCTS,SYNTHETIC_INTERNAL,SNP-COOLIT-20260925-BL,SCN-BASELINE,2026-H32,2025-05-05,2025-05-09,HISTORICAL_ACTUAL,5,480
TEN-COOLIT-SYN-001,SITE-COOLIT-SYN-01,REFERENCE,CALENDAR_WEEK,CAL-H-33,CAL-H-33,RESOLVED,2025-05-16T23:00:00-06:00,2026-09-26T08:00:00-06:00,2026-06-29T00:00:00-06:00,,1,,false,ACTUAL,,,VALID,CURRENT,coolit-synthetic-v2.0.0,ALL_SYNTHETIC_CUSTOMERS,ALL_SYNTHETIC_PROGRAMS,ALL_SYNTHETIC_PRODUCTS,SYNTHETIC_INTERNAL,SNP-COOLIT-20260925-BL,SCN-BASELINE,2026-H33,2025-05-12,2025-05-16,HISTORICAL_ACTUAL,5,480
TEN-COOLIT-SYN-001,SITE-COOLIT-SYN-01,REFERENCE,CALENDAR_WEEK,CAL-H-34,CAL-H-34,RESOLVED,2025-05-23T23:00:00-06:00,2026-09-26T08:00:00-06:00,2026-06-29T00:00:00-06:00,,1,,false,ACTUAL,,,VALID,CURRENT,coolit-synthetic-v2.0.0,ALL_SYNTHETIC_CUSTOMERS,ALL_SYNTHETIC_PROGRAMS,ALL_SYNTHETIC_PRODUCTS,SYNTHETIC_INTERNAL,SNP-COOLIT-20260925-BL,SCN-BASELINE,2026-H34,2025-05-19,2025-05-23,HISTORICAL_ACTUAL,5,480
TEN-COOLIT-SYN-001,SITE-COOLIT-SYN-01,REFERENCE,CALENDAR_WEEK,CAL-H-35,CAL-H-35,RESOLVED,2025-05-30T23:00:00-06:00,2026-09-26T08:00:00-06:00,2026-06-29T00:00:00-06:00,,1,,false,ACTUAL,,,VALID,CURRENT,coolit-synthetic-v2.0.0,ALL_SYNTHETIC_CUSTOMERS,ALL_SYNTHETIC_PROGRAMS,ALL_SYNTHETIC_PRODUCTS,SYNTHETIC_INTERNAL,SNP-COOLIT-20260925-BL,SCN-BASELINE,2026-H35,2025-05-26,2025-05-30,HISTORICAL_ACTUAL,5,480
TEN-COOLIT-SYN-001,SITE-COOLIT-SYN-01,REFERENCE,CALENDAR_WEEK,CAL-H-36,CAL-H-36,RESOLVED,2025-06-06T23:00:00-06:00,2026-09-26T08:00:00-06:00,2026-06-29T00:00:00-06:00,,1,,false,ACTUAL,,,VALID,CURRENT,coolit-synthetic-v2.0.0,ALL_SYNTHETIC_CUSTOMERS,ALL_SYNTHETIC_PROGRAMS,ALL_SYNTHETIC_PRODUCTS,SYNTHETIC_INTERNAL,SNP-COOLIT-20260925-BL,SCN-BASELINE,2026-H36,2025-06-02,2025-06-06,HISTORICAL_ACTUAL,5,480
TEN-COOLIT-SYN-001,SITE-COOLIT-SYN-01,REFERENCE,CALENDAR_WEEK,CAL-H-37,CAL-H-37,RESOLVED,2025-06-13T23:00:00-06:00,2026-09-26T08:00:00-06:00,2026-06-29T00:00:00-06:00,,1,,false,ACTUAL,,,VALID,CURRENT,coolit-synthetic-v2.0.0,ALL_SYNTHETIC_CUSTOMERS,ALL_SYNTHETIC_PROGRAMS,ALL_SYNTHETIC_PRODUCTS,SYNTHETIC_INTERNAL,SNP-COOLIT-20260925-BL,SCN-BASELINE,2026-H37,2025-06-09,2025-06-13,HISTORICAL_ACTUAL,5,480
TEN-COOLIT-SYN-001,SITE-COOLIT-SYN-01,REFERENCE,CALENDAR_WEEK,CAL-H-38,CAL-H-38,RESOLVED,2025-06-20T23:00:00-06:00,2026-09-26T08:00:00-06:00,2026-06-29T00:00:00-06:00,,1,,false,ACTUAL,,,VALID,CURRENT,coolit-synthetic-v2.0.0,ALL_SYNTHETIC_CUSTOMERS,ALL_SYNTHETIC_PROGRAMS,ALL_SYNTHETIC_PRODUCTS,SYNTHETIC_INTERNAL,SNP-COOLIT-20260925-BL,SCN-BASELINE,2026-H38,2025-06-16,2025-06-20,HISTORICAL_ACTUAL,5,480
TEN-COOLIT-SYN-001,SITE-COOLIT-SYN-01,REFERENCE,CALENDAR_WEEK,CAL-H-39,CAL-H-39,RESOLVED,2025-06-27T23:00:00-06:00,2026-09-26T08:00:00-06:00,2026-06-29T00:00:00-06:00,,1,,false,ACTUAL,,,VALID,CURRENT,coolit-synthetic-v2.0.0,ALL_SYNTHETIC_CUSTOMERS,ALL_SYNTHETIC_PROGRAMS,ALL_SYNTHETIC_PRODUCTS,SYNTHETIC_INTERNAL,SNP-COOLIT-20260925-BL,SCN-BASELINE,2026-H39,2025-06-23,2025-06-27,HISTORICAL_ACTUAL,5,480
TEN-COOLIT-SYN-001,SITE-COOLIT-SYN-01,REFERENCE,CALENDAR_WEEK,CAL-H-40,CAL-H-40,RESOLVED,2025-07-04T23:00:00-06:00,2026-09-26T08:00:00-06:00,2026-06-29T00:00:00-06:00,,1,,false,ACTUAL,,,VALID,CURRENT,coolit-synthetic-v2.0.0,ALL_SYNTHETIC_CUSTOMERS,ALL_SYNTHETIC_PROGRAMS,ALL_SYNTHETIC_PRODUCTS,SYNTHETIC_INTERNAL,SNP-COOLIT-20260925-BL,SCN-BASELINE,2026-H40,2025-06-30,2025-07-04,HISTORICAL_ACTUAL,5,480
TEN-COOLIT-SYN-001,SITE-COOLIT-SYN-01,REFERENCE,CALENDAR_WEEK,CAL-H-41,CAL-H-41,RESOLVED,2025-07-11T23:00:00-06:00,2026-09-26T08:00:00-06:00,2026-06-29T00:00:00-06:00,,1,,false,ACTUAL,,,VALID,CURRENT,coolit-synthetic-v2.0.0,ALL_SYNTHETIC_CUSTOMERS,ALL_SYNTHETIC_PROGRAMS,ALL_SYNTHETIC_PRODUCTS,SYNTHETIC_INTERNAL,SNP-COOLIT-20260925-BL,SCN-BASELINE,2026-H41,2025-07-07,2025-07-11,HISTORICAL_ACTUAL,5,480
TEN-COOLIT-SYN-001,SITE-COOLIT-SYN-01,REFERENCE,CALENDAR_WEEK,CAL-H-42,CAL-H-42,RESOLVED,2025-07-18T23:00:00-06:00,2026-09-26T08:00:00-06:00,2026-06-29T00:00:00-06:00,,1,,false,ACTUAL,,,VALID,CURRENT,coolit-synthetic-v2.0.0,ALL_SYNTHETIC_CUSTOMERS,ALL_SYNTHETIC_PROGRAMS,ALL_SYNTHETIC_PRODUCTS,SYNTHETIC_INTERNAL,SNP-COOLIT-20260925-BL,SCN-BASELINE,2026-H42,2025-07-14,2025-07-18,HISTORICAL_ACTUAL,5,480
TEN-COOLIT-SYN-001,SITE-COOLIT-SYN-01,REFERENCE,CALENDAR_WEEK,CAL-H-43,CAL-H-43,RESOLVED,2025-07-25T23:00:00-06:00,2026-09-26T08:00:00-06:00,2026-06-29T00:00:00-06:00,,1,,false,ACTUAL,,,VALID,CURRENT,coolit-synthetic-v2.0.0,ALL_SYNTHETIC_CUSTOMERS,ALL_SYNTHETIC_PROGRAMS,ALL_SYNTHETIC_PRODUCTS,SYNTHETIC_INTERNAL,SNP-COOLIT-20260925-BL,SCN-BASELINE,2026-H43,2025-07-21,2025-07-25,HISTORICAL_ACTUAL,5,480
TEN-COOLIT-SYN-001,SITE-COOLIT-SYN-01,REFERENCE,CALENDAR_WEEK,CAL-H-44,CAL-H-44,RESOLVED,2025-08-01T23:00:00-06:00,2026-09-26T08:00:00-06:00,2026-06-29T00:00:00-06:00,,1,,false,ACTUAL,,,VALID,CURRENT,coolit-synthetic-v2.0.0,ALL_SYNTHETIC_CUSTOMERS,ALL_SYNTHETIC_PROGRAMS,ALL_SYNTHETIC_PRODUCTS,SYNTHETIC_INTERNAL,SNP-COOLIT-20260925-BL,SCN-BASELINE,2026-H44,2025-07-28,2025-08-01,HISTORICAL_ACTUAL,5,480
TEN-COOLIT-SYN-001,SITE-COOLIT-SYN-01,REFERENCE,CALENDAR_WEEK,CAL-H-45,CAL-H-45,RESOLVED,2025-08-08T23:00:00-06:00,2026-09-26T08:00:00-06:00,2026-06-29T00:00:00-06:00,,1,,false,ACTUAL,,,VALID,CURRENT,coolit-synthetic-v2.0.0,ALL_SYNTHETIC_CUSTOMERS,ALL_SYNTHETIC_PROGRAMS,ALL_SYNTHETIC_PRODUCTS,SYNTHETIC_INTERNAL,SNP-COOLIT-20260925-BL,SCN-BASELINE,2026-H45,2025-08-04,2025-08-08,HISTORICAL_ACTUAL,5,480
TEN-COOLIT-SYN-001,SITE-COOLIT-SYN-01,REFERENCE,CALENDAR_WEEK,CAL-H-46,CAL-H-46,RESOLVED,2025-08-15T23:00:00-06:00,2026-09-26T08:00:00-06:00,2026-06-29T00:00:00-06:00,,1,,false,ACTUAL,,,VALID,CURRENT,coolit-synthetic-v2.0.0,ALL_SYNTHETIC_CUSTOMERS,ALL_SYNTHETIC_PROGRAMS,ALL_SYNTHETIC_PRODUCTS,SYNTHETIC_INTERNAL,SNP-COOLIT-20260925-BL,SCN-BASELINE,2026-H46,2025-08-11,2025-08-15,HISTORICAL_ACTUAL,5,480
TEN-COOLIT-SYN-001,SITE-COOLIT-SYN-01,REFERENCE,CALENDAR_WEEK,CAL-H-47,CAL-H-47,RESOLVED,2025-08-22T23:00:00-06:00,2026-09-26T08:00:00-06:00,2026-06-29T00:00:00-06:00,,1,,false,ACTUAL,,,VALID,CURRENT,coolit-synthetic-v2.0.0,ALL_SYNTHETIC_CUSTOMERS,ALL_SYNTHETIC_PROGRAMS,ALL_SYNTHETIC_PRODUCTS,SYNTHETIC_INTERNAL,SNP-COOLIT-20260925-BL,SCN-BASELINE,2026-H47,2025-08-18,2025-08-22,HISTORICAL_ACTUAL,5,480
TEN-COOLIT-SYN-001,SITE-COOLIT-SYN-01,REFERENCE,CALENDAR_WEEK,CAL-H-48,CAL-H-48,RESOLVED,2025-08-29T23:00:00-06:00,2026-09-26T08:00:00-06:00,2026-06-29T00:00:00-06:00,,1,,false,ACTUAL,,,VALID,CURRENT,coolit-synthetic-v2.0.0,ALL_SYNTHETIC_CUSTOMERS,ALL_SYNTHETIC_PROGRAMS,ALL_SYNTHETIC_PRODUCTS,SYNTHETIC_INTERNAL,SNP-COOLIT-20260925-BL,SCN-BASELINE,2026-H48,2025-08-25,2025-08-29,HISTORICAL_ACTUAL,5,480
TEN-COOLIT-SYN-001,SITE-COOLIT-SYN-01,REFERENCE,CALENDAR_WEEK,CAL-H-49,CAL-H-49,RESOLVED,2025-09-05T23:00:00-06:00,2026-09-26T08:00:00-06:00,2026-06-29T00:00:00-06:00,,1,,false,ACTUAL,,,VALID,CURRENT,coolit-synthetic-v2.0.0,ALL_SYNTHETIC_CUSTOMERS,ALL_SYNTHETIC_PROGRAMS,ALL_SYNTHETIC_PRODUCTS,SYNTHETIC_INTERNAL,SNP-COOLIT-20260925-BL,SCN-BASELINE,2026-H49,2025-09-01,2025-09-05,HISTORICAL_ACTUAL,5,480
TEN-COOLIT-SYN-001,SITE-COOLIT-SYN-01,REFERENCE,CALENDAR_WEEK,CAL-H-50,CAL-H-50,RESOLVED,2025-09-12T23:00:00-06:00,2026-09-26T08:00:00-06:00,2026-06-29T00:00:00-06:00,,1,,false,ACTUAL,,,VALID,CURRENT,coolit-synthetic-v2.0.0,ALL_SYNTHETIC_CUSTOMERS,ALL_SYNTHETIC_PROGRAMS,ALL_SYNTHETIC_PRODUCTS,SYNTHETIC_INTERNAL,SNP-COOLIT-20260925-BL,SCN-BASELINE,2026-H50,2025-09-08,2025-09-12,HISTORICAL_ACTUAL,5,480
TEN-COOLIT-SYN-001,SITE-COOLIT-SYN-01,REFERENCE,CALENDAR_WEEK,CAL-H-51,CAL-H-51,RESOLVED,2025-09-19T23:00:00-06:00,2026-09-26T08:00:00-06:00,2026-06-29T00:00:00-06:00,,1,,false,ACTUAL,,,VALID,CURRENT,coolit-synthetic-v2.0.0,ALL_SYNTHETIC_CUSTOMERS,ALL_SYNTHETIC_PROGRAMS,ALL_SYNTHETIC_PRODUCTS,SYNTHETIC_INTERNAL,SNP-COOLIT-20260925-BL,SCN-BASELINE,2026-H51,2025-09-15,2025-09-19,HISTORICAL_ACTUAL,5,480
TEN-COOLIT-SYN-001,SITE-COOLIT-SYN-01,REFERENCE,CALENDAR_WEEK,CAL-H-52,CAL-H-52,RESOLVED,2025-09-26T23:00:00-06:00,2026-09-26T08:00:00-06:00,2026-06-29T00:00:00-06:00,,1,,false,ACTUAL,,,VALID,CURRENT,coolit-synthetic-v2.0.0,ALL_SYNTHETIC_CUSTOMERS,ALL_SYNTHETIC_PROGRAMS,ALL_SYNTHETIC_PRODUCTS,SYNTHETIC_INTERNAL,SNP-COOLIT-20260925-BL,SCN-BASELINE,2026-H52,2025-09-22,2025-09-26,HISTORICAL_ACTUAL,5,480
TEN-COOLIT-SYN-001,SITE-COOLIT-SYN-01,REFERENCE,CALENDAR_WEEK,CAL-H-53,CAL-H-53,RESOLVED,2025-10-03T23:00:00-06:00,2026-09-26T08:00:00-06:00,2026-06-29T00:00:00-06:00,,1,,false,ACTUAL,,,VALID,CURRENT,coolit-synthetic-v2.0.0,ALL_SYNTHETIC_CUSTOMERS,ALL_SYNTHETIC_PROGRAMS,ALL_SYNTHETIC_PRODUCTS,SYNTHETIC_INTERNAL,SNP-COOLIT-20260925-BL,SCN-BASELINE,2026-H53,2025-09-29,2025-10-03,HISTORICAL_ACTUAL,5,480
TEN-COOLIT-SYN-001,SITE-COOLIT-SYN-01,REFERENCE,CALENDAR_WEEK,CAL-H-54,CAL-H-54,RESOLVED,2025-10-10T23:00:00-06:00,2026-09-26T08:00:00-06:00,2026-06-29T00:00:00-06:00,,1,,false,ACTUAL,,,VALID,CURRENT,coolit-synthetic-v2.0.0,ALL_SYNTHETIC_CUSTOMERS,ALL_SYNTHETIC_PROGRAMS,ALL_SYNTHETIC_PRODUCTS,SYNTHETIC_INTERNAL,SNP-COOLIT-20260925-BL,SCN-BASELINE,2026-H54,2025-10-06,2025-10-10,HISTORICAL_ACTUAL,5,480
TEN-COOLIT-SYN-001,SITE-COOLIT-SYN-01,REFERENCE,CALENDAR_WEEK,CAL-H-55,CAL-H-55,RESOLVED,2025-10-17T23:00:00-06:00,2026-09-26T08:00:00-06:00,2026-06-29T00:00:00-06:00,,1,,false,ACTUAL,,,VALID,CURRENT,coolit-synthetic-v2.0.0,ALL_SYNTHETIC_CUSTOMERS,ALL_SYNTHETIC_PROGRAMS,ALL_SYNTHETIC_PRODUCTS,SYNTHETIC_INTERNAL,SNP-COOLIT-20260925-BL,SCN-BASELINE,2026-H55,2025-10-13,2025-10-17,HISTORICAL_ACTUAL,5,480
TEN-COOLIT-SYN-001,SITE-COOLIT-SYN-01,REFERENCE,CALENDAR_WEEK,CAL-H-56,CAL-H-56,RESOLVED,2025-10-24T23:00:00-06:00,2026-09-26T08:00:00-06:00,2026-06-29T00:00:00-06:00,,1,,false,ACTUAL,,,VALID,CURRENT,coolit-synthetic-v2.0.0,ALL_SYNTHETIC_CUSTOMERS,ALL_SYNTHETIC_PROGRAMS,ALL_SYNTHETIC_PRODUCTS,SYNTHETIC_INTERNAL,SNP-COOLIT-20260925-BL,SCN-BASELINE,2026-H56,2025-10-20,2025-10-24,HISTORICAL_ACTUAL,5,480
TEN-COOLIT-SYN-001,SITE-COOLIT-SYN-01,REFERENCE,CALENDAR_WEEK,CAL-H-57,CAL-H-57,RESOLVED,2025-10-31T23:00:00-06:00,2026-09-26T08:00:00-06:00,2026-06-29T00:00:00-06:00,,1,,false,ACTUAL,,,VALID,CURRENT,coolit-synthetic-v2.0.0,ALL_SYNTHETIC_CUSTOMERS,ALL_SYNTHETIC_PROGRAMS,ALL_SYNTHETIC_PRODUCTS,SYNTHETIC_INTERNAL,SNP-COOLIT-20260925-BL,SCN-BASELINE,2026-H57,2025-10-27,2025-10-31,HISTORICAL_ACTUAL,5,480
TEN-COOLIT-SYN-001,SITE-COOLIT-SYN-01,REFERENCE,CALENDAR_WEEK,CAL-H-58,CAL-H-58,RESOLVED,2025-11-07T23:00:00-06:00,2026-09-26T08:00:00-06:00,2026-06-29T00:00:00-06:00,,1,,false,ACTUAL,,,VALID,CURRENT,coolit-synthetic-v2.0.0,ALL_SYNTHETIC_CUSTOMERS,ALL_SYNTHETIC_PROGRAMS,ALL_SYNTHETIC_PRODUCTS,SYNTHETIC_INTERNAL,SNP-COOLIT-20260925-BL,SCN-BASELINE,2026-H58,2025-11-03,2025-11-07,HISTORICAL_ACTUAL,5,480
TEN-COOLIT-SYN-001,SITE-COOLIT-SYN-01,REFERENCE,CALENDAR_WEEK,CAL-H-59,CAL-H-59,RESOLVED,2025-11-14T23:00:00-06:00,2026-09-26T08:00:00-06:00,2026-06-29T00:00:00-06:00,,1,,false,ACTUAL,,,VALID,CURRENT,coolit-synthetic-v2.0.0,ALL_SYNTHETIC_CUSTOMERS,ALL_SYNTHETIC_PROGRAMS,ALL_SYNTHETIC_PRODUCTS,SYNTHETIC_INTERNAL,SNP-COOLIT-20260925-BL,SCN-BASELINE,2026-H59,2025-11-10,2025-11-14,HISTORICAL_ACTUAL,5,480
TEN-COOLIT-SYN-001,SITE-COOLIT-SYN-01,REFERENCE,CALENDAR_WEEK,CAL-H-60,CAL-H-60,RESOLVED,2025-11-21T23:00:00-06:00,2026-09-26T08:00:00-06:00,2026-06-29T00:00:00-06:00,,1,,false,ACTUAL,,,VALID,CURRENT,coolit-synthetic-v2.0.0,ALL_SYNTHETIC_CUSTOMERS,ALL_SYNTHETIC_PROGRAMS,ALL_SYNTHETIC_PRODUCTS,SYNTHETIC_INTERNAL,SNP-COOLIT-20260925-BL,SCN-BASELINE,2026-H60,2025-11-17,2025-11-21,HISTORICAL_ACTUAL,5,480
TEN-COOLIT-SYN-001,SITE-COOLIT-SYN-01,REFERENCE,CALENDAR_WEEK,CAL-H-61,CAL-H-61,RESOLVED,2025-11-28T23:00:00-06:00,2026-09-26T08:00:00-06:00,2026-06-29T00:00:00-06:00,,1,,false,ACTUAL,,,VALID,CURRENT,coolit-synthetic-v2.0.0,ALL_SYNTHETIC_CUSTOMERS,ALL_SYNTHETIC_PROGRAMS,ALL_SYNTHETIC_PRODUCTS,SYNTHETIC_INTERNAL,SNP-COOLIT-20260925-BL,SCN-BASELINE,2026-H61,2025-11-24,2025-11-28,HISTORICAL_ACTUAL,5,480
TEN-COOLIT-SYN-001,SITE-COOLIT-SYN-01,REFERENCE,CALENDAR_WEEK,CAL-H-62,CAL-H-62,RESOLVED,2025-12-05T23:00:00-06:00,2026-09-26T08:00:00-06:00,2026-06-29T00:00:00-06:00,,1,,false,ACTUAL,,,VALID,CURRENT,coolit-synthetic-v2.0.0,ALL_SYNTHETIC_CUSTOMERS,ALL_SYNTHETIC_PROGRAMS,ALL_SYNTHETIC_PRODUCTS,SYNTHETIC_INTERNAL,SNP-COOLIT-20260925-BL,SCN-BASELINE,2026-H62,2025-12-01,2025-12-05,HISTORICAL_ACTUAL,5,480
TEN-COOLIT-SYN-001,SITE-COOLIT-SYN-01,REFERENCE,CALENDAR_WEEK,CAL-H-63,CAL-H-63,RESOLVED,2025-12-12T23:00:00-06:00,2026-09-26T08:00:00-06:00,2026-06-29T00:00:00-06:00,,1,,false,ACTUAL,,,VALID,CURRENT,coolit-synthetic-v2.0.0,ALL_SYNTHETIC_CUSTOMERS,ALL_SYNTHETIC_PROGRAMS,ALL_SYNTHETIC_PRODUCTS,SYNTHETIC_INTERNAL,SNP-COOLIT-20260925-BL,SCN-BASELINE,2026-H63,2025-12-08,2025-12-12,HISTORICAL_ACTUAL,5,480
TEN-COOLIT-SYN-001,SITE-COOLIT-SYN-01,REFERENCE,CALENDAR_WEEK,CAL-H-64,CAL-H-64,RESOLVED,2025-12-19T23:00:00-06:00,2026-09-26T08:00:00-06:00,2026-06-29T00:00:00-06:00,,1,,false,ACTUAL,,,VALID,CURRENT,coolit-synthetic-v2.0.0,ALL_SYNTHETIC_CUSTOMERS,ALL_SYNTHETIC_PROGRAMS,ALL_SYNTHETIC_PRODUCTS,SYNTHETIC_INTERNAL,SNP-COOLIT-20260925-BL,SCN-BASELINE,2026-H64,2025-12-15,2025-12-19,HISTORICAL_ACTUAL,5,480
TEN-COOLIT-SYN-001,SITE-COOLIT-SYN-01,REFERENCE,CALENDAR_WEEK,CAL-H-65,CAL-H-65,RESOLVED,2025-12-26T23:00:00-06:00,2026-09-26T08:00:00-06:00,2026-06-29T00:00:00-06:00,,1,,false,ACTUAL,,,VALID,CURRENT,coolit-synthetic-v2.0.0,ALL_SYNTHETIC_CUSTOMERS,ALL_SYNTHETIC_PROGRAMS,ALL_SYNTHETIC_PRODUCTS,SYNTHETIC_INTERNAL,SNP-COOLIT-20260925-BL,SCN-BASELINE,2026-H65,2025-12-22,2025-12-26,HISTORICAL_ACTUAL,5,480
TEN-COOLIT-SYN-001,SITE-COOLIT-SYN-01,REFERENCE,CALENDAR_WEEK,CAL-H-66,CAL-H-66,RESOLVED,2026-01-02T23:00:00-06:00,2026-09-26T08:00:00-06:00,2026-06-29T00:00:00-06:00,,1,,false,ACTUAL,,,VALID,CURRENT,coolit-synthetic-v2.0.0,ALL_SYNTHETIC_CUSTOMERS,ALL_SYNTHETIC_PROGRAMS,ALL_SYNTHETIC_PRODUCTS,SYNTHETIC_INTERNAL,SNP-COOLIT-20260925-BL,SCN-BASELINE,2026-H66,2025-12-29,2026-01-02,HISTORICAL_ACTUAL,5,480
TEN-COOLIT-SYN-001,SITE-COOLIT-SYN-01,REFERENCE,CALENDAR_WEEK,CAL-H-67,CAL-H-67,RESOLVED,2026-01-09T23:00:00-06:00,2026-09-26T08:00:00-06:00,2026-06-29T00:00:00-06:00,,1,,false,ACTUAL,,,VALID,CURRENT,coolit-synthetic-v2.0.0,ALL_SYNTHETIC_CUSTOMERS,ALL_SYNTHETIC_PROGRAMS,ALL_SYNTHETIC_PRODUCTS,SYNTHETIC_INTERNAL,SNP-COOLIT-20260925-BL,SCN-BASELINE,2026-H67,2026-01-05,2026-01-09,HISTORICAL_ACTUAL,5,480
TEN-COOLIT-SYN-001,SITE-COOLIT-SYN-01,REFERENCE,CALENDAR_WEEK,CAL-H-68,CAL-H-68,RESOLVED,2026-01-16T23:00:00-06:00,2026-09-26T08:00:00-06:00,2026-06-29T00:00:00-06:00,,1,,false,ACTUAL,,,VALID,CURRENT,coolit-synthetic-v2.0.0,ALL_SYNTHETIC_CUSTOMERS,ALL_SYNTHETIC_PROGRAMS,ALL_SYNTHETIC_PRODUCTS,SYNTHETIC_INTERNAL,SNP-COOLIT-20260925-BL,SCN-BASELINE,2026-H68,2026-01-12,2026-01-16,HISTORICAL_ACTUAL,5,480
TEN-COOLIT-SYN-001,SITE-COOLIT-SYN-01,REFERENCE,CALENDAR_WEEK,CAL-H-69,CAL-H-69,RESOLVED,2026-01-23T23:00:00-06:00,2026-09-26T08:00:00-06:00,2026-06-29T00:00:00-06:00,,1,,false,ACTUAL,,,VALID,CURRENT,coolit-synthetic-v2.0.0,ALL_SYNTHETIC_CUSTOMERS,ALL_SYNTHETIC_PROGRAMS,ALL_SYNTHETIC_PRODUCTS,SYNTHETIC_INTERNAL,SNP-COOLIT-20260925-BL,SCN-BASELINE,2026-H69,2026-01-19,2026-01-23,HISTORICAL_ACTUAL,5,480
TEN-COOLIT-SYN-001,SITE-COOLIT-SYN-01,REFERENCE,CALENDAR_WEEK,CAL-H-70,CAL-H-70,RESOLVED,2026-01-30T23:00:00-06:00,2026-09-26T08:00:00-06:00,2026-06-29T00:00:00-06:00,,1,,false,ACTUAL,,,VALID,CURRENT,coolit-synthetic-v2.0.0,ALL_SYNTHETIC_CUSTOMERS,ALL_SYNTHETIC_PROGRAMS,ALL_SYNTHETIC_PRODUCTS,SYNTHETIC_INTERNAL,SNP-COOLIT-20260925-BL,SCN-BASELINE,2026-H70,2026-01-26,2026-01-30,HISTORICAL_ACTUAL,5,480
TEN-COOLIT-SYN-001,SITE-COOLIT-SYN-01,REFERENCE,CALENDAR_WEEK,CAL-H-71,CAL-H-71,RESOLVED,2026-02-06T23:00:00-06:00,2026-09-26T08:00:00-06:00,2026-06-29T00:00:00-06:00,,1,,false,ACTUAL,,,VALID,CURRENT,coolit-synthetic-v2.0.0,ALL_SYNTHETIC_CUSTOMERS,ALL_SYNTHETIC_PROGRAMS,ALL_SYNTHETIC_PRODUCTS,SYNTHETIC_INTERNAL,SNP-COOLIT-20260925-BL,SCN-BASELINE,2026-H71,2026-02-02,2026-02-06,HISTORICAL_ACTUAL,5,480
TEN-COOLIT-SYN-001,SITE-COOLIT-SYN-01,REFERENCE,CALENDAR_WEEK,CAL-H-72,CAL-H-72,RESOLVED,2026-02-13T23:00:00-06:00,2026-09-26T08:00:00-06:00,2026-06-29T00:00:00-06:00,,1,,false,ACTUAL,,,VALID,CURRENT,coolit-synthetic-v2.0.0,ALL_SYNTHETIC_CUSTOMERS,ALL_SYNTHETIC_PROGRAMS,ALL_SYNTHETIC_PRODUCTS,SYNTHETIC_INTERNAL,SNP-COOLIT-20260925-BL,SCN-BASELINE,2026-H72,2026-02-09,2026-02-13,HISTORICAL_ACTUAL,5,480
TEN-COOLIT-SYN-001,SITE-COOLIT-SYN-01,REFERENCE,CALENDAR_WEEK,CAL-H-73,CAL-H-73,RESOLVED,2026-02-20T23:00:00-06:00,2026-09-26T08:00:00-06:00,2026-06-29T00:00:00-06:00,,1,,false,ACTUAL,,,VALID,CURRENT,coolit-synthetic-v2.0.0,ALL_SYNTHETIC_CUSTOMERS,ALL_SYNTHETIC_PROGRAMS,ALL_SYNTHETIC_PRODUCTS,SYNTHETIC_INTERNAL,SNP-COOLIT-20260925-BL,SCN-BASELINE,2026-H73,2026-02-16,2026-02-20,HISTORICAL_ACTUAL,5,480
TEN-COOLIT-SYN-001,SITE-COOLIT-SYN-01,REFERENCE,CALENDAR_WEEK,CAL-H-74,CAL-H-74,RESOLVED,2026-02-27T23:00:00-06:00,2026-09-26T08:00:00-06:00,2026-06-29T00:00:00-06:00,,1,,false,ACTUAL,,,VALID,CURRENT,coolit-synthetic-v2.0.0,ALL_SYNTHETIC_CUSTOMERS,ALL_SYNTHETIC_PROGRAMS,ALL_SYNTHETIC_PRODUCTS,SYNTHETIC_INTERNAL,SNP-COOLIT-20260925-BL,SCN-BASELINE,2026-H74,2026-02-23,2026-02-27,HISTORICAL_ACTUAL,5,480
TEN-COOLIT-SYN-001,SITE-COOLIT-SYN-01,REFERENCE,CALENDAR_WEEK,CAL-H-75,CAL-H-75,RESOLVED,2026-03-06T23:00:00-06:00,2026-09-26T08:00:00-06:00,2026-06-29T00:00:00-06:00,,1,,false,ACTUAL,,,VALID,CURRENT,coolit-synthetic-v2.0.0,ALL_SYNTHETIC_CUSTOMERS,ALL_SYNTHETIC_PROGRAMS,ALL_SYNTHETIC_PRODUCTS,SYNTHETIC_INTERNAL,SNP-COOLIT-20260925-BL,SCN-BASELINE,2026-H75,2026-03-02,2026-03-06,HISTORICAL_ACTUAL,5,480
TEN-COOLIT-SYN-001,SITE-COOLIT-SYN-01,REFERENCE,CALENDAR_WEEK,CAL-H-76,CAL-H-76,RESOLVED,2026-03-13T23:00:00-06:00,2026-09-26T08:00:00-06:00,2026-06-29T00:00:00-06:00,,1,,false,ACTUAL,,,VALID,CURRENT,coolit-synthetic-v2.0.0,ALL_SYNTHETIC_CUSTOMERS,ALL_SYNTHETIC_PROGRAMS,ALL_SYNTHETIC_PRODUCTS,SYNTHETIC_INTERNAL,SNP-COOLIT-20260925-BL,SCN-BASELINE,2026-H76,2026-03-09,2026-03-13,HISTORICAL_ACTUAL,5,480
TEN-COOLIT-SYN-001,SITE-COOLIT-SYN-01,REFERENCE,CALENDAR_WEEK,CAL-H-77,CAL-H-77,RESOLVED,2026-03-20T23:00:00-06:00,2026-09-26T08:00:00-06:00,2026-06-29T00:00:00-06:00,,1,,false,ACTUAL,,,VALID,CURRENT,coolit-synthetic-v2.0.0,ALL_SYNTHETIC_CUSTOMERS,ALL_SYNTHETIC_PROGRAMS,ALL_SYNTHETIC_PRODUCTS,SYNTHETIC_INTERNAL,SNP-COOLIT-20260925-BL,SCN-BASELINE,2026-H77,2026-03-16,2026-03-20,HISTORICAL_ACTUAL,5,480
TEN-COOLIT-SYN-001,SITE-COOLIT-SYN-01,REFERENCE,CALENDAR_WEEK,CAL-H-78,CAL-H-78,RESOLVED,2026-03-27T23:00:00-06:00,2026-09-26T08:00:00-06:00,2026-06-29T00:00:00-06:00,,1,,false,ACTUAL,,,VALID,CURRENT,coolit-synthetic-v2.0.0,ALL_SYNTHETIC_CUSTOMERS,ALL_SYNTHETIC_PROGRAMS,ALL_SYNTHETIC_PRODUCTS,SYNTHETIC_INTERNAL,SNP-COOLIT-20260925-BL,SCN-BASELINE,2026-H78,2026-03-23,2026-03-27,HISTORICAL_ACTUAL,5,480
TEN-COOLIT-SYN-001,SITE-COOLIT-SYN-01,REFERENCE,CALENDAR_WEEK,CAL-H-79,CAL-H-79,RESOLVED,2026-04-03T23:00:00-06:00,2026-09-26T08:00:00-06:00,2026-06-29T00:00:00-06:00,,1,,false,ACTUAL,,,VALID,CURRENT,coolit-synthetic-v2.0.0,ALL_SYNTHETIC_CUSTOMERS,ALL_SYNTHETIC_PROGRAMS,ALL_SYNTHETIC_PRODUCTS,SYNTHETIC_INTERNAL,SNP-COOLIT-20260925-BL,SCN-BASELINE,2026-H79,2026-03-30,2026-04-03,HISTORICAL_ACTUAL,5,480
TEN-COOLIT-SYN-001,SITE-COOLIT-SYN-01,REFERENCE,CALENDAR_WEEK,CAL-H-80,CAL-H-80,RESOLVED,2026-04-10T23:00:00-06:00,2026-09-26T08:00:00-06:00,2026-06-29T00:00:00-06:00,,1,,false,ACTUAL,,,VALID,CURRENT,coolit-synthetic-v2.0.0,ALL_SYNTHETIC_CUSTOMERS,ALL_SYNTHETIC_PROGRAMS,ALL_SYNTHETIC_PRODUCTS,SYNTHETIC_INTERNAL,SNP-COOLIT-20260925-BL,SCN-BASELINE,2026-H80,2026-04-06,2026-04-10,HISTORICAL_ACTUAL,5,480
TEN-COOLIT-SYN-001,SITE-COOLIT-SYN-01,REFERENCE,CALENDAR_WEEK,CAL-H-81,CAL-H-81,RESOLVED,2026-04-17T23:00:00-06:00,2026-09-26T08:00:00-06:00,2026-06-29T00:00:00-06:00,,1,,false,ACTUAL,,,VALID,CURRENT,coolit-synthetic-v2.0.0,ALL_SYNTHETIC_CUSTOMERS,ALL_SYNTHETIC_PROGRAMS,ALL_SYNTHETIC_PRODUCTS,SYNTHETIC_INTERNAL,SNP-COOLIT-20260925-BL,SCN-BASELINE,2026-H81,2026-04-13,2026-04-17,HISTORICAL_ACTUAL,5,480
TEN-COOLIT-SYN-001,SITE-COOLIT-SYN-01,REFERENCE,CALENDAR_WEEK,CAL-H-82,CAL-H-82,RESOLVED,2026-04-24T23:00:00-06:00,2026-09-26T08:00:00-06:00,2026-06-29T00:00:00-06:00,,1,,false,ACTUAL,,,VALID,CURRENT,coolit-synthetic-v2.0.0,ALL_SYNTHETIC_CUSTOMERS,ALL_SYNTHETIC_PROGRAMS,ALL_SYNTHETIC_PRODUCTS,SYNTHETIC_INTERNAL,SNP-COOLIT-20260925-BL,SCN-BASELINE,2026-H82,2026-04-20,2026-04-24,HISTORICAL_ACTUAL,5,480
TEN-COOLIT-SYN-001,SITE-COOLIT-SYN-01,REFERENCE,CALENDAR_WEEK,CAL-H-83,CAL-H-83,RESOLVED,2026-05-01T23:00:00-06:00,2026-09-26T08:00:00-06:00,2026-06-29T00:00:00-06:00,,1,,false,ACTUAL,,,VALID,CURRENT,coolit-synthetic-v2.0.0,ALL_SYNTHETIC_CUSTOMERS,ALL_SYNTHETIC_PROGRAMS,ALL_SYNTHETIC_PRODUCTS,SYNTHETIC_INTERNAL,SNP-COOLIT-20260925-BL,SCN-BASELINE,2026-H83,2026-04-27,2026-05-01,HISTORICAL_ACTUAL,5,480
TEN-COOLIT-SYN-001,SITE-COOLIT-SYN-01,REFERENCE,CALENDAR_WEEK,CAL-H-84,CAL-H-84,RESOLVED,2026-05-08T23:00:00-06:00,2026-09-26T08:00:00-06:00,2026-06-29T00:00:00-06:00,,1,,false,ACTUAL,,,VALID,CURRENT,coolit-synthetic-v2.0.0,ALL_SYNTHETIC_CUSTOMERS,ALL_SYNTHETIC_PROGRAMS,ALL_SYNTHETIC_PRODUCTS,SYNTHETIC_INTERNAL,SNP-COOLIT-20260925-BL,SCN-BASELINE,2026-H84,2026-05-04,2026-05-08,HISTORICAL_ACTUAL,5,480
TEN-COOLIT-SYN-001,SITE-COOLIT-SYN-01,REFERENCE,CALENDAR_WEEK,CAL-H-85,CAL-H-85,RESOLVED,2026-05-15T23:00:00-06:00,2026-09-26T08:00:00-06:00,2026-06-29T00:00:00-06:00,,1,,false,ACTUAL,,,VALID,CURRENT,coolit-synthetic-v2.0.0,ALL_SYNTHETIC_CUSTOMERS,ALL_SYNTHETIC_PROGRAMS,ALL_SYNTHETIC_PRODUCTS,SYNTHETIC_INTERNAL,SNP-COOLIT-20260925-BL,SCN-BASELINE,2026-H85,2026-05-11,2026-05-15,HISTORICAL_ACTUAL,5,480
TEN-COOLIT-SYN-001,SITE-COOLIT-SYN-01,REFERENCE,CALENDAR_WEEK,CAL-H-86,CAL-H-86,RESOLVED,2026-05-22T23:00:00-06:00,2026-09-26T08:00:00-06:00,2026-06-29T00:00:00-06:00,,1,,false,ACTUAL,,,VALID,CURRENT,coolit-synthetic-v2.0.0,ALL_SYNTHETIC_CUSTOMERS,ALL_SYNTHETIC_PROGRAMS,ALL_SYNTHETIC_PRODUCTS,SYNTHETIC_INTERNAL,SNP-COOLIT-20260925-BL,SCN-BASELINE,2026-H86,2026-05-18,2026-05-22,HISTORICAL_ACTUAL,5,480
TEN-COOLIT-SYN-001,SITE-COOLIT-SYN-01,REFERENCE,CALENDAR_WEEK,CAL-H-87,CAL-H-87,RESOLVED,2026-05-29T23:00:00-06:00,2026-09-26T08:00:00-06:00,2026-06-29T00:00:00-06:00,,1,,false,ACTUAL,,,VALID,CURRENT,coolit-synthetic-v2.0.0,ALL_SYNTHETIC_CUSTOMERS,ALL_SYNTHETIC_PROGRAMS,ALL_SYNTHETIC_PRODUCTS,SYNTHETIC_INTERNAL,SNP-COOLIT-20260925-BL,SCN-BASELINE,2026-H87,2026-05-25,2026-05-29,HISTORICAL_ACTUAL,5,480
TEN-COOLIT-SYN-001,SITE-COOLIT-SYN-01,REFERENCE,CALENDAR_WEEK,CAL-H-88,CAL-H-88,RESOLVED,2026-06-05T23:00:00-06:00,2026-09-26T08:00:00-06:00,2026-06-29T00:00:00-06:00,,1,,false,ACTUAL,,,VALID,CURRENT,coolit-synthetic-v2.0.0,ALL_SYNTHETIC_CUSTOMERS,ALL_SYNTHETIC_PROGRAMS,ALL_SYNTHETIC_PRODUCTS,SYNTHETIC_INTERNAL,SNP-COOLIT-20260925-BL,SCN-BASELINE,2026-H88,2026-06-01,2026-06-05,HISTORICAL_ACTUAL,5,480
TEN-COOLIT-SYN-001,SITE-COOLIT-SYN-01,REFERENCE,CALENDAR_WEEK,CAL-H-89,CAL-H-89,RESOLVED,2026-06-12T23:00:00-06:00,2026-09-26T08:00:00-06:00,2026-06-29T00:00:00-06:00,,1,,false,ACTUAL,,,VALID,CURRENT,coolit-synthetic-v2.0.0,ALL_SYNTHETIC_CUSTOMERS,ALL_SYNTHETIC_PROGRAMS,ALL_SYNTHETIC_PRODUCTS,SYNTHETIC_INTERNAL,SNP-COOLIT-20260925-BL,SCN-BASELINE,2026-H89,2026-06-08,2026-06-12,HISTORICAL_ACTUAL,5,480
TEN-COOLIT-SYN-001,SITE-COOLIT-SYN-01,REFERENCE,CALENDAR_WEEK,CAL-H-90,CAL-H-90,RESOLVED,2026-06-19T23:00:00-06:00,2026-09-26T08:00:00-06:00,2026-06-29T00:00:00-06:00,,1,,false,ACTUAL,,,VALID,CURRENT,coolit-synthetic-v2.0.0,ALL_SYNTHETIC_CUSTOMERS,ALL_SYNTHETIC_PROGRAMS,ALL_SYNTHETIC_PRODUCTS,SYNTHETIC_INTERNAL,SNP-COOLIT-20260925-BL,SCN-BASELINE,2026-H90,2026-06-15,2026-06-19,HISTORICAL_ACTUAL,5,480
TEN-COOLIT-SYN-001,SITE-COOLIT-SYN-01,REFERENCE,CALENDAR_WEEK,CAL-H-91,CAL-H-91,RESOLVED,2026-06-26T23:00:00-06:00,2026-09-26T08:00:00-06:00,2026-06-29T00:00:00-06:00,,1,,false,ACTUAL,,,VALID,CURRENT,coolit-synthetic-v2.0.0,ALL_SYNTHETIC_CUSTOMERS,ALL_SYNTHETIC_PROGRAMS,ALL_SYNTHETIC_PRODUCTS,SYNTHETIC_INTERNAL,SNP-COOLIT-20260925-BL,SCN-BASELINE,2026-H91,2026-06-22,2026-06-26,HISTORICAL_ACTUAL,5,480
TEN-COOLIT-SYN-001,SITE-COOLIT-SYN-01,REFERENCE,CALENDAR_WEEK,CAL-H-92,CAL-H-92,RESOLVED,2026-07-03T23:00:00-06:00,2026-09-26T08:00:00-06:00,2026-06-29T00:00:00-06:00,,1,,false,ACTUAL,,,VALID,CURRENT,coolit-synthetic-v2.0.0,ALL_SYNTHETIC_CUSTOMERS,ALL_SYNTHETIC_PROGRAMS,ALL_SYNTHETIC_PRODUCTS,SYNTHETIC_INTERNAL,SNP-COOLIT-20260925-BL,SCN-BASELINE,2026-H92,2026-06-29,2026-07-03,HISTORICAL_ACTUAL,5,480
TEN-COOLIT-SYN-001,SITE-COOLIT-SYN-01,REFERENCE,CALENDAR_WEEK,CAL-H-93,CAL-H-93,RESOLVED,2026-07-10T23:00:00-06:00,2026-09-26T08:00:00-06:00,2026-06-29T00:00:00-06:00,,1,,false,ACTUAL,,,VALID,CURRENT,coolit-synthetic-v2.0.0,ALL_SYNTHETIC_CUSTOMERS,ALL_SYNTHETIC_PROGRAMS,ALL_SYNTHETIC_PRODUCTS,SYNTHETIC_INTERNAL,SNP-COOLIT-20260925-BL,SCN-BASELINE,2026-H93,2026-07-06,2026-07-10,HISTORICAL_ACTUAL,5,480
TEN-COOLIT-SYN-001,SITE-COOLIT-SYN-01,REFERENCE,CALENDAR_WEEK,CAL-H-94,CAL-H-94,RESOLVED,2026-07-17T23:00:00-06:00,2026-09-26T08:00:00-06:00,2026-06-29T00:00:00-06:00,,1,,false,ACTUAL,,,VALID,CURRENT,coolit-synthetic-v2.0.0,ALL_SYNTHETIC_CUSTOMERS,ALL_SYNTHETIC_PROGRAMS,ALL_SYNTHETIC_PRODUCTS,SYNTHETIC_INTERNAL,SNP-COOLIT-20260925-BL,SCN-BASELINE,2026-H94,2026-07-13,2026-07-17,HISTORICAL_ACTUAL,5,480
TEN-COOLIT-SYN-001,SITE-COOLIT-SYN-01,REFERENCE,CALENDAR_WEEK,CAL-H-95,CAL-H-95,RESOLVED,2026-07-24T23:00:00-06:00,2026-09-26T08:00:00-06:00,2026-06-29T00:00:00-06:00,,1,,false,ACTUAL,,,VALID,CURRENT,coolit-synthetic-v2.0.0,ALL_SYNTHETIC_CUSTOMERS,ALL_SYNTHETIC_PROGRAMS,ALL_SYNTHETIC_PRODUCTS,SYNTHETIC_INTERNAL,SNP-COOLIT-20260925-BL,SCN-BASELINE,2026-H95,2026-07-20,2026-07-24,HISTORICAL_ACTUAL,5,480
TEN-COOLIT-SYN-001,SITE-COOLIT-SYN-01,REFERENCE,CALENDAR_WEEK,CAL-H-96,CAL-H-96,RESOLVED,2026-07-31T23:00:00-06:00,2026-09-26T08:00:00-06:00,2026-06-29T00:00:00-06:00,,1,,false,ACTUAL,,,VALID,CURRENT,coolit-synthetic-v2.0.0,ALL_SYNTHETIC_CUSTOMERS,ALL_SYNTHETIC_PROGRAMS,ALL_SYNTHETIC_PRODUCTS,SYNTHETIC_INTERNAL,SNP-COOLIT-20260925-BL,SCN-BASELINE,2026-H96,2026-07-27,2026-07-31,HISTORICAL_ACTUAL,5,480
TEN-COOLIT-SYN-001,SITE-COOLIT-SYN-01,REFERENCE,CALENDAR_WEEK,CAL-H-97,CAL-H-97,RESOLVED,2026-08-07T23:00:00-06:00,2026-09-26T08:00:00-06:00,2026-06-29T00:00:00-06:00,,1,,false,ACTUAL,,,VALID,CURRENT,coolit-synthetic-v2.0.0,ALL_SYNTHETIC_CUSTOMERS,ALL_SYNTHETIC_PROGRAMS,ALL_SYNTHETIC_PRODUCTS,SYNTHETIC_INTERNAL,SNP-COOLIT-20260925-BL,SCN-BASELINE,2026-H97,2026-08-03,2026-08-07,HISTORICAL_ACTUAL,5,480
TEN-COOLIT-SYN-001,SITE-COOLIT-SYN-01,REFERENCE,CALENDAR_WEEK,CAL-H-98,CAL-H-98,RESOLVED,2026-08-14T23:00:00-06:00,2026-09-26T08:00:00-06:00,2026-06-29T00:00:00-06:00,,1,,false,ACTUAL,,,VALID,CURRENT,coolit-synthetic-v2.0.0,ALL_SYNTHETIC_CUSTOMERS,ALL_SYNTHETIC_PROGRAMS,ALL_SYNTHETIC_PRODUCTS,SYNTHETIC_INTERNAL,SNP-COOLIT-20260925-BL,SCN-BASELINE,2026-H98,2026-08-10,2026-08-14,HISTORICAL_ACTUAL,5,480
TEN-COOLIT-SYN-001,SITE-COOLIT-SYN-01,REFERENCE,CALENDAR_WEEK,CAL-H-99,CAL-H-99,RESOLVED,2026-08-21T23:00:00-06:00,2026-09-26T08:00:00-06:00,2026-06-29T00:00:00-06:00,,1,,false,ACTUAL,,,VALID,CURRENT,coolit-synthetic-v2.0.0,ALL_SYNTHETIC_CUSTOMERS,ALL_SYNTHETIC_PROGRAMS,ALL_SYNTHETIC_PRODUCTS,SYNTHETIC_INTERNAL,SNP-COOLIT-20260925-BL,SCN-BASELINE,2026-H99,2026-08-17,2026-08-21,HISTORICAL_ACTUAL,5,480
TEN-COOLIT-SYN-001,SITE-COOLIT-SYN-01,REFERENCE,CALENDAR_WEEK,CAL-H-100,CAL-H-100,RESOLVED,2026-08-28T23:00:00-06:00,2026-09-26T08:00:00-06:00,2026-06-29T00:00:00-06:00,,1,,false,ACTUAL,,,VALID,CURRENT,coolit-synthetic-v2.0.0,ALL_SYNTHETIC_CUSTOMERS,ALL_SYNTHETIC_PROGRAMS,ALL_SYNTHETIC_PRODUCTS,SYNTHETIC_INTERNAL,SNP-COOLIT-20260925-BL,SCN-BASELINE,2026-H100,2026-08-24,2026-08-28,HISTORICAL_ACTUAL,5,480
TEN-COOLIT-SYN-001,SITE-COOLIT-SYN-01,REFERENCE,CALENDAR_WEEK,CAL-H-101,CAL-H-101,RESOLVED,2026-09-04T23:00:00-06:00,2026-09-26T08:00:00-06:00,2026-06-29T00:00:00-06:00,,1,,false,ACTUAL,,,VALID,CURRENT,coolit-synthetic-v2.0.0,ALL_SYNTHETIC_CUSTOMERS,ALL_SYNTHETIC_PROGRAMS,ALL_SYNTHETIC_PRODUCTS,SYNTHETIC_INTERNAL,SNP-COOLIT-20260925-BL,SCN-BASELINE,2026-H101,2026-08-31,2026-09-04,HISTORICAL_ACTUAL,5,480
TEN-COOLIT-SYN-001,SITE-COOLIT-SYN-01,REFERENCE,CALENDAR_WEEK,CAL-H-102,CAL-H-102,RESOLVED,2026-09-11T23:00:00-06:00,2026-09-26T08:00:00-06:00,2026-06-29T00:00:00-06:00,,1,,false,ACTUAL,,,VALID,CURRENT,coolit-synthetic-v2.0.0,ALL_SYNTHETIC_CUSTOMERS,ALL_SYNTHETIC_PROGRAMS,ALL_SYNTHETIC_PRODUCTS,SYNTHETIC_INTERNAL,SNP-COOLIT-20260925-BL,SCN-BASELINE,2026-H102,2026-09-07,2026-09-11,HISTORICAL_ACTUAL,5,480
TEN-COOLIT-SYN-001,SITE-COOLIT-SYN-01,REFERENCE,CALENDAR_WEEK,CAL-H-103,CAL-H-103,RESOLVED,2026-09-18T23:00:00-06:00,2026-09-26T08:00:00-06:00,2026-06-29T00:00:00-06:00,,1,,false,ACTUAL,,,VALID,CURRENT,coolit-synthetic-v2.0.0,ALL_SYNTHETIC_CUSTOMERS,ALL_SYNTHETIC_PROGRAMS,ALL_SYNTHETIC_PRODUCTS,SYNTHETIC_INTERNAL,SNP-COOLIT-20260925-BL,SCN-BASELINE,2026-H103,2026-09-14,2026-09-18,HISTORICAL_ACTUAL,5,480
TEN-COOLIT-SYN-001,SITE-COOLIT-SYN-01,REFERENCE,CALENDAR_WEEK,CAL-H-104,CAL-H-104,RESOLVED,2026-09-25T23:00:00-06:00,2026-09-26T08:00:00-06:00,2026-06-29T00:00:00-06:00,,1,,false,ACTUAL,,,VALID,CURRENT,coolit-synthetic-v2.0.0,ALL_SYNTHETIC_CUSTOMERS,ALL_SYNTHETIC_PROGRAMS,ALL_SYNTHETIC_PRODUCTS,SYNTHETIC_INTERNAL,SNP-COOLIT-20260925-BL,SCN-BASELINE,2026-H104,2026-09-21,2026-09-25,HISTORICAL_ACTUAL,5,480
TEN-COOLIT-SYN-001,SITE-COOLIT-SYN-01,REFERENCE,CALENDAR_WEEK,CAL-P-01,CAL-P-01,RESOLVED,2026-09-25T23:59:59-06:00,2026-09-26T08:00:00-06:00,2026-06-29T00:00:00-06:00,,1,,false,PLAN,,,VALID,CURRENT,coolit-synthetic-v2.0.0,ALL_SYNTHETIC_CUSTOMERS,ALL_SYNTHETIC_PROGRAMS,ALL_SYNTHETIC_PRODUCTS,SYNTHETIC_INTERNAL,SNP-COOLIT-20260925-BL,SCN-BASELINE,2026-P01,2026-09-28,2026-10-02,PLANNING_FUTURE,5,480
TEN-COOLIT-SYN-001,SITE-COOLIT-SYN-01,REFERENCE,CALENDAR_WEEK,CAL-P-02,CAL-P-02,RESOLVED,2026-09-25T23:59:59-06:00,2026-09-26T08:00:00-06:00,2026-06-29T00:00:00-06:00,,1,,false,PLAN,,,VALID,CURRENT,coolit-synthetic-v2.0.0,ALL_SYNTHETIC_CUSTOMERS,ALL_SYNTHETIC_PROGRAMS,ALL_SYNTHETIC_PRODUCTS,SYNTHETIC_INTERNAL,SNP-COOLIT-20260925-BL,SCN-BASELINE,2026-P02,2026-10-05,2026-10-09,PLANNING_FUTURE,5,480
TEN-COOLIT-SYN-001,SITE-COOLIT-SYN-01,REFERENCE,CALENDAR_WEEK,CAL-P-03,CAL-P-03,RESOLVED,2026-09-25T23:59:59-06:00,2026-09-26T08:00:00-06:00,2026-06-29T00:00:00-06:00,,1,,false,PLAN,,,VALID,CURRENT,coolit-synthetic-v2.0.0,ALL_SYNTHETIC_CUSTOMERS,ALL_SYNTHETIC_PROGRAMS,ALL_SYNTHETIC_PRODUCTS,SYNTHETIC_INTERNAL,SNP-COOLIT-20260925-BL,SCN-BASELINE,2026-P03,2026-10-12,2026-10-16,PLANNING_FUTURE,5,480
TEN-COOLIT-SYN-001,SITE-COOLIT-SYN-01,REFERENCE,CALENDAR_WEEK,CAL-P-04,CAL-P-04,RESOLVED,2026-09-25T23:59:59-06:00,2026-09-26T08:00:00-06:00,2026-06-29T00:00:00-06:00,,1,,false,PLAN,,,VALID,CURRENT,coolit-synthetic-v2.0.0,ALL_SYNTHETIC_CUSTOMERS,ALL_SYNTHETIC_PROGRAMS,ALL_SYNTHETIC_PRODUCTS,SYNTHETIC_INTERNAL,SNP-COOLIT-20260925-BL,SCN-BASELINE,2026-P04,2026-10-19,2026-10-23,PLANNING_FUTURE,5,480
TEN-COOLIT-SYN-001,SITE-COOLIT-SYN-01,REFERENCE,CALENDAR_WEEK,CAL-P-05,CAL-P-05,RESOLVED,2026-09-25T23:59:59-06:00,2026-09-26T08:00:00-06:00,2026-06-29T00:00:00-06:00,,1,,false,PLAN,,,VALID,CURRENT,coolit-synthetic-v2.0.0,ALL_SYNTHETIC_CUSTOMERS,ALL_SYNTHETIC_PROGRAMS,ALL_SYNTHETIC_PRODUCTS,SYNTHETIC_INTERNAL,SNP-COOLIT-20260925-BL,SCN-BASELINE,2026-P05,2026-10-26,2026-10-30,PLANNING_FUTURE,5,480
TEN-COOLIT-SYN-001,SITE-COOLIT-SYN-01,REFERENCE,CALENDAR_WEEK,CAL-P-06,CAL-P-06,RESOLVED,2026-09-25T23:59:59-06:00,2026-09-26T08:00:00-06:00,2026-06-29T00:00:00-06:00,,1,,false,PLAN,,,VALID,CURRENT,coolit-synthetic-v2.0.0,ALL_SYNTHETIC_CUSTOMERS,ALL_SYNTHETIC_PROGRAMS,ALL_SYNTHETIC_PRODUCTS,SYNTHETIC_INTERNAL,SNP-COOLIT-20260925-BL,SCN-BASELINE,2026-P06,2026-11-02,2026-11-06,PLANNING_FUTURE,5,480
TEN-COOLIT-SYN-001,SITE-COOLIT-SYN-01,REFERENCE,CALENDAR_WEEK,CAL-P-07,CAL-P-07,RESOLVED,2026-09-25T23:59:59-06:00,2026-09-26T08:00:00-06:00,2026-06-29T00:00:00-06:00,,1,,false,PLAN,,,VALID,CURRENT,coolit-synthetic-v2.0.0,ALL_SYNTHETIC_CUSTOMERS,ALL_SYNTHETIC_PROGRAMS,ALL_SYNTHETIC_PRODUCTS,SYNTHETIC_INTERNAL,SNP-COOLIT-20260925-BL,SCN-BASELINE,2026-P07,2026-11-09,2026-11-13,PLANNING_FUTURE,5,480
TEN-COOLIT-SYN-001,SITE-COOLIT-SYN-01,REFERENCE,CALENDAR_WEEK,CAL-P-08,CAL-P-08,RESOLVED,2026-09-25T23:59:59-06:00,2026-09-26T08:00:00-06:00,2026-06-29T00:00:00-06:00,,1,,false,PLAN,,,VALID,CURRENT,coolit-synthetic-v2.0.0,ALL_SYNTHETIC_CUSTOMERS,ALL_SYNTHETIC_PROGRAMS,ALL_SYNTHETIC_PRODUCTS,SYNTHETIC_INTERNAL,SNP-COOLIT-20260925-BL,SCN-BASELINE,2026-P08,2026-11-16,2026-11-20,PLANNING_FUTURE,5,480
TEN-COOLIT-SYN-001,SITE-COOLIT-SYN-01,REFERENCE,CALENDAR_WEEK,CAL-P-09,CAL-P-09,RESOLVED,2026-09-25T23:59:59-06:00,2026-09-26T08:00:00-06:00,2026-06-29T00:00:00-06:00,,1,,false,PLAN,,,VALID,CURRENT,coolit-synthetic-v2.0.0,ALL_SYNTHETIC_CUSTOMERS,ALL_SYNTHETIC_PROGRAMS,ALL_SYNTHETIC_PRODUCTS,SYNTHETIC_INTERNAL,SNP-COOLIT-20260925-BL,SCN-BASELINE,2026-P09,2026-11-23,2026-11-27,PLANNING_FUTURE,5,480
TEN-COOLIT-SYN-001,SITE-COOLIT-SYN-01,REFERENCE,CALENDAR_WEEK,CAL-P-10,CAL-P-10,RESOLVED,2026-09-25T23:59:59-06:00,2026-09-26T08:00:00-06:00,2026-06-29T00:00:00-06:00,,1,,false,PLAN,,,VALID,CURRENT,coolit-synthetic-v2.0.0,ALL_SYNTHETIC_CUSTOMERS,ALL_SYNTHETIC_PROGRAMS,ALL_SYNTHETIC_PRODUCTS,SYNTHETIC_INTERNAL,SNP-COOLIT-20260925-BL,SCN-BASELINE,2026-P10,2026-11-30,2026-12-04,PLANNING_FUTURE,5,480
TEN-COOLIT-SYN-001,SITE-COOLIT-SYN-01,REFERENCE,CALENDAR_WEEK,CAL-P-11,CAL-P-11,RESOLVED,2026-09-25T23:59:59-06:00,2026-09-26T08:00:00-06:00,2026-06-29T00:00:00-06:00,,1,,false,PLAN,,,VALID,CURRENT,coolit-synthetic-v2.0.0,ALL_SYNTHETIC_CUSTOMERS,ALL_SYNTHETIC_PROGRAMS,ALL_SYNTHETIC_PRODUCTS,SYNTHETIC_INTERNAL,SNP-COOLIT-20260925-BL,SCN-BASELINE,2026-P11,2026-12-07,2026-12-11,PLANNING_FUTURE,5,480
TEN-COOLIT-SYN-001,SITE-COOLIT-SYN-01,REFERENCE,CALENDAR_WEEK,CAL-P-12,CAL-P-12,RESOLVED,2026-09-25T23:59:59-06:00,2026-09-26T08:00:00-06:00,2026-06-29T00:00:00-06:00,,1,,false,PLAN,,,VALID,CURRENT,coolit-synthetic-v2.0.0,ALL_SYNTHETIC_CUSTOMERS,ALL_SYNTHETIC_PROGRAMS,ALL_SYNTHETIC_PRODUCTS,SYNTHETIC_INTERNAL,SNP-COOLIT-20260925-BL,SCN-BASELINE,2026-P12,2026-12-14,2026-12-18,PLANNING_FUTURE,5,480
TEN-COOLIT-SYN-001,SITE-COOLIT-SYN-01,REFERENCE,CALENDAR_WEEK,CAL-P-13,CAL-P-13,RESOLVED,2026-09-25T23:59:59-06:00,2026-09-26T08:00:00-06:00,2026-06-29T00:00:00-06:00,,1,,false,PLAN,,,VALID,CURRENT,coolit-synthetic-v2.0.0,ALL_SYNTHETIC_CUSTOMERS,ALL_SYNTHETIC_PROGRAMS,ALL_SYNTHETIC_PRODUCTS,SYNTHETIC_INTERNAL,SNP-COOLIT-20260925-BL,SCN-BASELINE,2026-P13,2026-12-21,2026-12-25,PLANNING_FUTURE,5,480
TEN-COOLIT-SYN-001,SITE-COOLIT-SYN-01,REFERENCE,CALENDAR_WEEK,CAL-P-14,CAL-P-14,RESOLVED,2026-09-25T23:59:59-06:00,2026-09-26T08:00:00-06:00,2026-06-29T00:00:00-06:00,,1,,false,PLAN,,,VALID,CURRENT,coolit-synthetic-v2.0.0,ALL_SYNTHETIC_CUSTOMERS,ALL_SYNTHETIC_PROGRAMS,ALL_SYNTHETIC_PRODUCTS,SYNTHETIC_INTERNAL,SNP-COOLIT-20260925-BL,SCN-BASELINE,2026-P14,2026-12-28,2027-01-01,PLANNING_FUTURE,5,480
TEN-COOLIT-SYN-001,SITE-COOLIT-SYN-01,REFERENCE,CALENDAR_WEEK,CAL-P-15,CAL-P-15,RESOLVED,2026-09-25T23:59:59-06:00,2026-09-26T08:00:00-06:00,2026-06-29T00:00:00-06:00,,1,,false,PLAN,,,VALID,CURRENT,coolit-synthetic-v2.0.0,ALL_SYNTHETIC_CUSTOMERS,ALL_SYNTHETIC_PROGRAMS,ALL_SYNTHETIC_PRODUCTS,SYNTHETIC_INTERNAL,SNP-COOLIT-20260925-BL,SCN-BASELINE,2026-P15,2027-01-04,2027-01-08,PLANNING_FUTURE,5,480
TEN-COOLIT-SYN-001,SITE-COOLIT-SYN-01,REFERENCE,CALENDAR_WEEK,CAL-P-16,CAL-P-16,RESOLVED,2026-09-25T23:59:59-06:00,2026-09-26T08:00:00-06:00,2026-06-29T00:00:00-06:00,,1,,false,PLAN,,,VALID,CURRENT,coolit-synthetic-v2.0.0,ALL_SYNTHETIC_CUSTOMERS,ALL_SYNTHETIC_PROGRAMS,ALL_SYNTHETIC_PRODUCTS,SYNTHETIC_INTERNAL,SNP-COOLIT-20260925-BL,SCN-BASELINE,2026-P16,2027-01-11,2027-01-15,PLANNING_FUTURE,5,480
TEN-COOLIT-SYN-001,SITE-COOLIT-SYN-01,REFERENCE,CALENDAR_WEEK,CAL-P-17,CAL-P-17,RESOLVED,2026-09-25T23:59:59-06:00,2026-09-26T08:00:00-06:00,2026-06-29T00:00:00-06:00,,1,,false,PLAN,,,VALID,CURRENT,coolit-synthetic-v2.0.0,ALL_SYNTHETIC_CUSTOMERS,ALL_SYNTHETIC_PROGRAMS,ALL_SYNTHETIC_PRODUCTS,SYNTHETIC_INTERNAL,SNP-COOLIT-20260925-BL,SCN-BASELINE,2026-P17,2027-01-18,2027-01-22,PLANNING_FUTURE,5,480
TEN-COOLIT-SYN-001,SITE-COOLIT-SYN-01,REFERENCE,CALENDAR_WEEK,CAL-P-18,CAL-P-18,RESOLVED,2026-09-25T23:59:59-06:00,2026-09-26T08:00:00-06:00,2026-06-29T00:00:00-06:00,,1,,false,PLAN,,,VALID,CURRENT,coolit-synthetic-v2.0.0,ALL_SYNTHETIC_CUSTOMERS,ALL_SYNTHETIC_PROGRAMS,ALL_SYNTHETIC_PRODUCTS,SYNTHETIC_INTERNAL,SNP-COOLIT-20260925-BL,SCN-BASELINE,2026-P18,2027-01-25,2027-01-29,PLANNING_FUTURE,5,480
TEN-COOLIT-SYN-001,SITE-COOLIT-SYN-01,REFERENCE,CALENDAR_WEEK,CAL-P-19,CAL-P-19,RESOLVED,2026-09-25T23:59:59-06:00,2026-09-26T08:00:00-06:00,2026-06-29T00:00:00-06:00,,1,,false,PLAN,,,VALID,CURRENT,coolit-synthetic-v2.0.0,ALL_SYNTHETIC_CUSTOMERS,ALL_SYNTHETIC_PROGRAMS,ALL_SYNTHETIC_PRODUCTS,SYNTHETIC_INTERNAL,SNP-COOLIT-20260925-BL,SCN-BASELINE,2026-P19,2027-02-01,2027-02-05,PLANNING_FUTURE,5,480
TEN-COOLIT-SYN-001,SITE-COOLIT-SYN-01,REFERENCE,CALENDAR_WEEK,CAL-P-20,CAL-P-20,RESOLVED,2026-09-25T23:59:59-06:00,2026-09-26T08:00:00-06:00,2026-06-29T00:00:00-06:00,,1,,false,PLAN,,,VALID,CURRENT,coolit-synthetic-v2.0.0,ALL_SYNTHETIC_CUSTOMERS,ALL_SYNTHETIC_PROGRAMS,ALL_SYNTHETIC_PRODUCTS,SYNTHETIC_INTERNAL,SNP-COOLIT-20260925-BL,SCN-BASELINE,2026-P20,2027-02-08,2027-02-12,PLANNING_FUTURE,5,480
TEN-COOLIT-SYN-001,SITE-COOLIT-SYN-01,REFERENCE,CALENDAR_WEEK,CAL-P-21,CAL-P-21,RESOLVED,2026-09-25T23:59:59-06:00,2026-09-26T08:00:00-06:00,2026-06-29T00:00:00-06:00,,1,,false,PLAN,,,VALID,CURRENT,coolit-synthetic-v2.0.0,ALL_SYNTHETIC_CUSTOMERS,ALL_SYNTHETIC_PROGRAMS,ALL_SYNTHETIC_PRODUCTS,SYNTHETIC_INTERNAL,SNP-COOLIT-20260925-BL,SCN-BASELINE,2026-P21,2027-02-15,2027-02-19,PLANNING_FUTURE,5,480
TEN-COOLIT-SYN-001,SITE-COOLIT-SYN-01,REFERENCE,CALENDAR_WEEK,CAL-P-22,CAL-P-22,RESOLVED,2026-09-25T23:59:59-06:00,2026-09-26T08:00:00-06:00,2026-06-29T00:00:00-06:00,,1,,false,PLAN,,,VALID,CURRENT,coolit-synthetic-v2.0.0,ALL_SYNTHETIC_CUSTOMERS,ALL_SYNTHETIC_PROGRAMS,ALL_SYNTHETIC_PRODUCTS,SYNTHETIC_INTERNAL,SNP-COOLIT-20260925-BL,SCN-BASELINE,2026-P22,2027-02-22,2027-02-26,PLANNING_FUTURE,5,480
TEN-COOLIT-SYN-001,SITE-COOLIT-SYN-01,REFERENCE,CALENDAR_WEEK,CAL-P-23,CAL-P-23,RESOLVED,2026-09-25T23:59:59-06:00,2026-09-26T08:00:00-06:00,2026-06-29T00:00:00-06:00,,1,,false,PLAN,,,VALID,CURRENT,coolit-synthetic-v2.0.0,ALL_SYNTHETIC_CUSTOMERS,ALL_SYNTHETIC_PROGRAMS,ALL_SYNTHETIC_PRODUCTS,SYNTHETIC_INTERNAL,SNP-COOLIT-20260925-BL,SCN-BASELINE,2026-P23,2027-03-01,2027-03-05,PLANNING_FUTURE,5,480
TEN-COOLIT-SYN-001,SITE-COOLIT-SYN-01,REFERENCE,CALENDAR_WEEK,CAL-P-24,CAL-P-24,RESOLVED,2026-09-25T23:59:59-06:00,2026-09-26T08:00:00-06:00,2026-06-29T00:00:00-06:00,,1,,false,PLAN,,,VALID,CURRENT,coolit-synthetic-v2.0.0,ALL_SYNTHETIC_CUSTOMERS,ALL_SYNTHETIC_PROGRAMS,ALL_SYNTHETIC_PRODUCTS,SYNTHETIC_INTERNAL,SNP-COOLIT-20260925-BL,SCN-BASELINE,2026-P24,2027-03-08,2027-03-12,PLANNING_FUTURE,5,480
TEN-COOLIT-SYN-001,SITE-COOLIT-SYN-01,REFERENCE,CALENDAR_WEEK,CAL-P-25,CAL-P-25,RESOLVED,2026-09-25T23:59:59-06:00,2026-09-26T08:00:00-06:00,2026-06-29T00:00:00-06:00,,1,,false,PLAN,,,VALID,CURRENT,coolit-synthetic-v2.0.0,ALL_SYNTHETIC_CUSTOMERS,ALL_SYNTHETIC_PROGRAMS,ALL_SYNTHETIC_PRODUCTS,SYNTHETIC_INTERNAL,SNP-COOLIT-20260925-BL,SCN-BASELINE,2026-P25,2027-03-15,2027-03-19,PLANNING_FUTURE,5,480
TEN-COOLIT-SYN-001,SITE-COOLIT-SYN-01,REFERENCE,CALENDAR_WEEK,CAL-P-26,CAL-P-26,RESOLVED,2026-09-25T23:59:59-06:00,2026-09-26T08:00:00-06:00,2026-06-29T00:00:00-06:00,,1,,false,PLAN,,,VALID,CURRENT,coolit-synthetic-v2.0.0,ALL_SYNTHETIC_CUSTOMERS,ALL_SYNTHETIC_PROGRAMS,ALL_SYNTHETIC_PRODUCTS,SYNTHETIC_INTERNAL,SNP-COOLIT-20260925-BL,SCN-BASELINE,2026-P26,2027-03-22,2027-03-26,PLANNING_FUTURE,5,480
