tenant_id,site_id,source_system,source_object,source_record_id,canonical_id,crosswalk_status,source_event_at,ingested_at,effective_from,effective_to,record_version,supersedes_source_record_id,is_deleted,semantic_status,uom,currency,data_quality_state,freshness_state,transformation_version,customer_scope,program_scope,product_scope,sensitivity_class,snapshot_id,scenario_id,decision_replay_id,historical_decision_reference,decision_run_id,evidence_cutoff_at,replayed_at,detected_commitment_ids,comparator_commitment_ids,binding_constraint,recommended_action,historical_action,planner_override_flag,replay_state,reproducibility_fingerprint
TEN-COOLIT-SYN-001,SITE-COOLIT-SYN-01,GOVERNED,DECISION_REPLAY,REPLAY-001,DR-0001,RESOLVED,2026-09-25T23:59:59-06:00,2026-09-26T08:00:00-06:00,2026-06-29T00:00:00-06:00,,1,,false,REPLAY_COMPLETE,,,VALID,CURRENT,coolit-synthetic-v2.0.0,ALL_SYNTHETIC_CUSTOMERS,ALL_SYNTHETIC_PROGRAMS,ALL_SYNTHETIC_PRODUCTS,SYNTHETIC_INTERNAL,SNP-COOLIT-20260925-D1,SCN-BASELINE,REPLAY-001,HIST-DEC-001,DR-0001,2026-06-27T17:30:00-06:00,2026-09-25T20:00:00-06:00,COM-0001|COM-0002|COM-0003|COM-0004|COM-0005|COM-0006,COM-0001|COM-0002|COM-0003|COM-0004|COM-0005|COM-0006,MATERIAL,RESEQUENCE,EXPEDITE,true,ACCEPTED_FOR_SYNTHETIC_VALIDATION,633d493d6257d341e84964de0979f22a808db89c08964888f776b5cb093f1b91
TEN-COOLIT-SYN-001,SITE-COOLIT-SYN-01,GOVERNED,DECISION_REPLAY,REPLAY-002,DR-0002,RESOLVED,2026-09-25T23:59:59-06:00,2026-09-26T08:00:00-06:00,2026-06-29T00:00:00-06:00,,1,,false,REPLAY_COMPLETE,,,VALID,CURRENT,coolit-synthetic-v2.0.0,ALL_SYNTHETIC_CUSTOMERS,ALL_SYNTHETIC_PROGRAMS,ALL_SYNTHETIC_PRODUCTS,SYNTHETIC_INTERNAL,SNP-COOLIT-20260925-D1,SCN-BASELINE,REPLAY-002,HIST-DEC-002,DR-0002,2026-06-30T17:09:00-06:00,2026-09-24T20:07:00-06:00,COM-0002|COM-0003|COM-0004|COM-0005|COM-0006|COM-0007,COM-0002|COM-0003|COM-0004|COM-0005|COM-0006|COM-0007,CAPACITY,EXPEDITE,SUBSTITUTE,false,ACCEPTED_FOR_SYNTHETIC_VALIDATION,4750bca6f696e9a8ccffa8a1fc1cf09115aaeee08cbce651c02447b563e6c590
TEN-COOLIT-SYN-001,SITE-COOLIT-SYN-01,GOVERNED,DECISION_REPLAY,REPLAY-003,DR-0003,RESOLVED,2026-09-25T23:59:59-06:00,2026-09-26T08:00:00-06:00,2026-06-29T00:00:00-06:00,,1,,false,REPLAY_COMPLETE,,,VALID,CURRENT,coolit-synthetic-v2.0.0,ALL_SYNTHETIC_CUSTOMERS,ALL_SYNTHETIC_PROGRAMS,ALL_SYNTHETIC_PRODUCTS,SYNTHETIC_INTERNAL,SNP-COOLIT-20260925-D1,SCN-BASELINE,REPLAY-003,HIST-DEC-003,DR-0003,2026-07-03T17:48:00-06:00,2026-09-23T20:14:00-06:00,COM-0003|COM-0004|COM-0005|COM-0006|COM-0007|COM-0008,COM-0003|COM-0004|COM-0005|COM-0006|COM-0007|COM-0008,QUALITY,SUBSTITUTE,OVERTIME,false,ACCEPTED_FOR_SYNTHETIC_VALIDATION,4813ee98ef12b78c1646b96cc4ce1f91ab0ea8811cda5e7b1e52b3cf763483c4
TEN-COOLIT-SYN-001,SITE-COOLIT-SYN-01,GOVERNED,DECISION_REPLAY,REPLAY-004,DR-0004,RESOLVED,2026-09-25T23:59:59-06:00,2026-09-26T08:00:00-06:00,2026-06-29T00:00:00-06:00,,1,,false,REPLAY_COMPLETE,,,VALID,CURRENT,coolit-synthetic-v2.0.0,ALL_SYNTHETIC_CUSTOMERS,ALL_SYNTHETIC_PROGRAMS,ALL_SYNTHETIC_PRODUCTS,SYNTHETIC_INTERNAL,SNP-COOLIT-20260925-R1,SCN-BASELINE,REPLAY-004,HIST-DEC-004,DR-0004,2026-07-06T17:27:00-06:00,2026-09-22T20:21:00-06:00,COM-0004|COM-0005|COM-0006|COM-0007|COM-0008|COM-0009,COM-0004|COM-0005|COM-0006|COM-0007|COM-0008|COM-0009,LABOR,OVERTIME,NO_ACTION,false,ACCEPTED_FOR_SYNTHETIC_VALIDATION,3d7c5340f2c4980cb03df0654f0f75f64278f2ffd02fdd18f76bc1ec1e27f50f
TEN-COOLIT-SYN-001,SITE-COOLIT-SYN-01,GOVERNED,DECISION_REPLAY,REPLAY-005,DR-0005,RESOLVED,2026-09-25T23:59:59-06:00,2026-09-26T08:00:00-06:00,2026-06-29T00:00:00-06:00,,1,,false,REPLAY_COMPLETE,,,VALID,CURRENT,coolit-synthetic-v2.0.0,ALL_SYNTHETIC_CUSTOMERS,ALL_SYNTHETIC_PROGRAMS,ALL_SYNTHETIC_PRODUCTS,SYNTHETIC_INTERNAL,SNP-COOLIT-20260925-R1,SCN-BASELINE,REPLAY-005,HIST-DEC-005,DR-0005,2026-07-09T17:06:00-06:00,2026-09-21T20:28:00-06:00,COM-0005|COM-0006|COM-0007|COM-0008|COM-0009|COM-0010,COM-0005|COM-0006|COM-0007|COM-0008|COM-0009|COM-0010,SUPPLIER,NO_ACTION,RESEQUENCE,false,ACCEPTED_FOR_SYNTHETIC_VALIDATION,5c8c343788273fb84004193da91fdc2df6284cbd6b5602906dab66a88321de51
TEN-COOLIT-SYN-001,SITE-COOLIT-SYN-01,GOVERNED,DECISION_REPLAY,REPLAY-006,DR-0006,RESOLVED,2026-09-25T23:59:59-06:00,2026-09-26T08:00:00-06:00,2026-06-29T00:00:00-06:00,,1,,false,REPLAY_COMPLETE,,,VALID,CURRENT,coolit-synthetic-v2.0.0,ALL_SYNTHETIC_CUSTOMERS,ALL_SYNTHETIC_PROGRAMS,ALL_SYNTHETIC_PRODUCTS,SYNTHETIC_INTERNAL,SNP-COOLIT-20260925-R1,SCN-BASELINE,REPLAY-006,HIST-DEC-006,DR-0006,2026-07-12T17:45:00-06:00,2026-09-20T20:35:00-06:00,COM-0006|COM-0007|COM-0008|COM-0009|COM-0010|COM-0011,COM-0006|COM-0007|COM-0008|COM-0009|COM-0010|COM-0011,MATERIAL,RESEQUENCE,EXPEDITE,false,ACCEPTED_FOR_SYNTHETIC_VALIDATION,53ee37aa02741a40fa65d26e76f957319a8b97048277fec1b9b70bd07a37fd44
TEN-COOLIT-SYN-001,SITE-COOLIT-SYN-01,GOVERNED,DECISION_REPLAY,REPLAY-007,DR-0007,RESOLVED,2026-09-25T23:59:59-06:00,2026-09-26T08:00:00-06:00,2026-06-29T00:00:00-06:00,,1,,false,REPLAY_COMPLETE,,,VALID,CURRENT,coolit-synthetic-v2.0.0,ALL_SYNTHETIC_CUSTOMERS,ALL_SYNTHETIC_PROGRAMS,ALL_SYNTHETIC_PRODUCTS,SYNTHETIC_INTERNAL,SNP-COOLIT-20260925-R1,SCN-BASELINE,REPLAY-007,HIST-DEC-007,DR-0007,2026-07-15T17:24:00-06:00,2026-09-19T20:42:00-06:00,COM-0007|COM-0008|COM-0009|COM-0010|COM-0011|COM-0012,COM-0007|COM-0008|COM-0009|COM-0010|COM-0011|COM-0012,CAPACITY,EXPEDITE,SUBSTITUTE,true,ACCEPTED_FOR_SYNTHETIC_VALIDATION,6b371a085a46a63e36ad31028e23c27c812f0c655413f924b215cefabc2dfb90
TEN-COOLIT-SYN-001,SITE-COOLIT-SYN-01,GOVERNED,DECISION_REPLAY,REPLAY-008,DR-0008,RESOLVED,2026-09-25T23:59:59-06:00,2026-09-26T08:00:00-06:00,2026-06-29T00:00:00-06:00,,1,,false,REPLAY_COMPLETE,,,VALID,CURRENT,coolit-synthetic-v2.0.0,ALL_SYNTHETIC_CUSTOMERS,ALL_SYNTHETIC_PROGRAMS,ALL_SYNTHETIC_PRODUCTS,SYNTHETIC_INTERNAL,SNP-COOLIT-20260925-R1,SCN-BASELINE,REPLAY-008,HIST-DEC-008,DR-0008,2026-07-18T17:03:00-06:00,2026-09-18T20:49:00-06:00,COM-0008|COM-0009|COM-0010|COM-0011|COM-0012|COM-0013,COM-0008|COM-0009|COM-0010|COM-0011|COM-0012|COM-0013,QUALITY,SUBSTITUTE,OVERTIME,false,ACCEPTED_FOR_SYNTHETIC_VALIDATION,2fd1824c9227508a87d0ba58bd9ae35ebd024bc4fd6dd924ccaffff961882ddd
TEN-COOLIT-SYN-001,SITE-COOLIT-SYN-01,GOVERNED,DECISION_REPLAY,REPLAY-009,DR-0001,RESOLVED,2026-09-25T23:59:59-06:00,2026-09-26T08:00:00-06:00,2026-06-29T00:00:00-06:00,,1,,false,REPLAY_COMPLETE,,,VALID,CURRENT,coolit-synthetic-v2.0.0,ALL_SYNTHETIC_CUSTOMERS,ALL_SYNTHETIC_PROGRAMS,ALL_SYNTHETIC_PRODUCTS,SYNTHETIC_INTERNAL,SNP-COOLIT-20260925-D1,SCN-BASELINE,REPLAY-009,HIST-DEC-009,DR-0001,2026-07-21T17:42:00-06:00,2026-09-17T20:56:00-06:00,COM-0009|COM-0010|COM-0011|COM-0012|COM-0013|COM-0014,COM-0009|COM-0010|COM-0011|COM-0012|COM-0013|COM-0014,LABOR,OVERTIME,NO_ACTION,false,ACCEPTED_FOR_SYNTHETIC_VALIDATION,f14b7cd254e6ae42c9a91d580758a5b8c7e9b1a96a096ae051a85cda3fa0eb7d
TEN-COOLIT-SYN-001,SITE-COOLIT-SYN-01,GOVERNED,DECISION_REPLAY,REPLAY-010,DR-0002,RESOLVED,2026-09-25T23:59:59-06:00,2026-09-26T08:00:00-06:00,2026-06-29T00:00:00-06:00,,1,,false,REPLAY_COMPLETE,,,VALID,CURRENT,coolit-synthetic-v2.0.0,ALL_SYNTHETIC_CUSTOMERS,ALL_SYNTHETIC_PROGRAMS,ALL_SYNTHETIC_PRODUCTS,SYNTHETIC_INTERNAL,SNP-COOLIT-20260925-D1,SCN-BASELINE,REPLAY-010,HIST-DEC-010,DR-0002,2026-07-24T17:21:00-06:00,2026-09-16T20:03:00-06:00,COM-0010|COM-0011|COM-0012|COM-0013|COM-0014|COM-0015,COM-0010|COM-0011|COM-0012|COM-0013|COM-0014|COM-0015,SUPPLIER,NO_ACTION,RESEQUENCE,false,ACCEPTED_FOR_SYNTHETIC_VALIDATION,e0428a8ab3102ec1089e5a5423e1e9cbf58ffc8ab1743c8092dfab792dd7a60f
TEN-COOLIT-SYN-001,SITE-COOLIT-SYN-01,GOVERNED,DECISION_REPLAY,REPLAY-011,DR-0003,RESOLVED,2026-09-25T23:59:59-06:00,2026-09-26T08:00:00-06:00,2026-06-29T00:00:00-06:00,,1,,false,REPLAY_COMPLETE,,,VALID,CURRENT,coolit-synthetic-v2.0.0,ALL_SYNTHETIC_CUSTOMERS,ALL_SYNTHETIC_PROGRAMS,ALL_SYNTHETIC_PRODUCTS,SYNTHETIC_INTERNAL,SNP-COOLIT-20260925-D1,SCN-BASELINE,REPLAY-011,HIST-DEC-011,DR-0003,2026-07-27T17:00:00-06:00,2026-09-25T20:00:00-06:00,COM-0011|COM-0012|COM-0013|COM-0014|COM-0015|COM-0016,COM-0011|COM-0012|COM-0013|COM-0014|COM-0015|COM-0016,MATERIAL,RESEQUENCE,EXPEDITE,false,ACCEPTED_FOR_SYNTHETIC_VALIDATION,2acdebf0645bc360e5cc307750af26049b60c6e4fabfc72113cbb23d03281fa3
TEN-COOLIT-SYN-001,SITE-COOLIT-SYN-01,GOVERNED,DECISION_REPLAY,REPLAY-012,DR-0004,RESOLVED,2026-09-25T23:59:59-06:00,2026-09-26T08:00:00-06:00,2026-06-29T00:00:00-06:00,,1,,false,REPLAY_COMPLETE,,,VALID,CURRENT,coolit-synthetic-v2.0.0,ALL_SYNTHETIC_CUSTOMERS,ALL_SYNTHETIC_PROGRAMS,ALL_SYNTHETIC_PRODUCTS,SYNTHETIC_INTERNAL,SNP-COOLIT-20260925-R1,SCN-BASELINE,REPLAY-012,HIST-DEC-012,DR-0004,2026-07-30T17:39:00-06:00,2026-09-24T20:07:00-06:00,COM-0012|COM-0013|COM-0014|COM-0015|COM-0016|COM-0017,COM-0012|COM-0013|COM-0014|COM-0015|COM-0016|COM-0017,CAPACITY,EXPEDITE,SUBSTITUTE,false,ACCEPTED_FOR_SYNTHETIC_VALIDATION,fbb62a27d69c1d0effde97f642c01246a951d0c8224e6d2c12525b52b8264420
TEN-COOLIT-SYN-001,SITE-COOLIT-SYN-01,GOVERNED,DECISION_REPLAY,REPLAY-013,DR-0005,RESOLVED,2026-09-25T23:59:59-06:00,2026-09-26T08:00:00-06:00,2026-06-29T00:00:00-06:00,,1,,false,REPLAY_COMPLETE,,,VALID,CURRENT,coolit-synthetic-v2.0.0,ALL_SYNTHETIC_CUSTOMERS,ALL_SYNTHETIC_PROGRAMS,ALL_SYNTHETIC_PRODUCTS,SYNTHETIC_INTERNAL,SNP-COOLIT-20260925-R1,SCN-BASELINE,REPLAY-013,HIST-DEC-013,DR-0005,2026-08-02T17:18:00-06:00,2026-09-23T20:14:00-06:00,COM-0013|COM-0014|COM-0015|COM-0016|COM-0017|COM-0018,COM-0013|COM-0014|COM-0015|COM-0016|COM-0017|COM-0018,QUALITY,SUBSTITUTE,OVERTIME,true,ACCEPTED_FOR_SYNTHETIC_VALIDATION,83a97e7bf120d2c04abbe66d1e7b39d16f19443e0a09b46a0c149ea9981c197a
TEN-COOLIT-SYN-001,SITE-COOLIT-SYN-01,GOVERNED,DECISION_REPLAY,REPLAY-014,DR-0006,RESOLVED,2026-09-25T23:59:59-06:00,2026-09-26T08:00:00-06:00,2026-06-29T00:00:00-06:00,,1,,false,REPLAY_COMPLETE,,,VALID,CURRENT,coolit-synthetic-v2.0.0,ALL_SYNTHETIC_CUSTOMERS,ALL_SYNTHETIC_PROGRAMS,ALL_SYNTHETIC_PRODUCTS,SYNTHETIC_INTERNAL,SNP-COOLIT-20260925-R1,SCN-BASELINE,REPLAY-014,HIST-DEC-014,DR-0006,2026-08-05T17:57:00-06:00,2026-09-22T20:21:00-06:00,COM-0014|COM-0015|COM-0016|COM-0017|COM-0018|COM-0019,COM-0014|COM-0015|COM-0016|COM-0017|COM-0018|COM-0019,LABOR,OVERTIME,NO_ACTION,false,ACCEPTED_FOR_SYNTHETIC_VALIDATION,ecf7073dbb8ae123aba19676c2c8391a1d17e717e347a8ffc873d8f84fe03004
TEN-COOLIT-SYN-001,SITE-COOLIT-SYN-01,GOVERNED,DECISION_REPLAY,REPLAY-015,DR-0007,RESOLVED,2026-09-25T23:59:59-06:00,2026-09-26T08:00:00-06:00,2026-06-29T00:00:00-06:00,,1,,false,REPLAY_COMPLETE,,,VALID,CURRENT,coolit-synthetic-v2.0.0,ALL_SYNTHETIC_CUSTOMERS,ALL_SYNTHETIC_PROGRAMS,ALL_SYNTHETIC_PRODUCTS,SYNTHETIC_INTERNAL,SNP-COOLIT-20260925-R1,SCN-BASELINE,REPLAY-015,HIST-DEC-015,DR-0007,2026-08-08T17:36:00-06:00,2026-09-21T20:28:00-06:00,COM-0015|COM-0016|COM-0017|COM-0018|COM-0019|COM-0020,COM-0015|COM-0016|COM-0017|COM-0018|COM-0019|COM-0020,SUPPLIER,NO_ACTION,RESEQUENCE,false,ACCEPTED_FOR_SYNTHETIC_VALIDATION,efd6a1c91e78fa18a5b02f59aed1b37869b6f1eb7686de844ca014905f37c3fa
TEN-COOLIT-SYN-001,SITE-COOLIT-SYN-01,GOVERNED,DECISION_REPLAY,REPLAY-016,DR-0008,RESOLVED,2026-09-25T23:59:59-06:00,2026-09-26T08:00:00-06:00,2026-06-29T00:00:00-06:00,,1,,false,REPLAY_COMPLETE,,,VALID,CURRENT,coolit-synthetic-v2.0.0,ALL_SYNTHETIC_CUSTOMERS,ALL_SYNTHETIC_PROGRAMS,ALL_SYNTHETIC_PRODUCTS,SYNTHETIC_INTERNAL,SNP-COOLIT-20260925-R1,SCN-BASELINE,REPLAY-016,HIST-DEC-016,DR-0008,2026-08-11T17:15:00-06:00,2026-09-20T20:35:00-06:00,COM-0016|COM-0017|COM-0018|COM-0019|COM-0020|COM-0021,COM-0016|COM-0017|COM-0018|COM-0019|COM-0020|COM-0021,MATERIAL,RESEQUENCE,EXPEDITE,false,ACCEPTED_FOR_SYNTHETIC_VALIDATION,129777a6404c15f9f2cfc1443ba2928ba0ac6c5b3f36487305d420efafc0ae5a
TEN-COOLIT-SYN-001,SITE-COOLIT-SYN-01,GOVERNED,DECISION_REPLAY,REPLAY-017,DR-0001,RESOLVED,2026-09-25T23:59:59-06:00,2026-09-26T08:00:00-06:00,2026-06-29T00:00:00-06:00,,1,,false,REPLAY_COMPLETE,,,VALID,CURRENT,coolit-synthetic-v2.0.0,ALL_SYNTHETIC_CUSTOMERS,ALL_SYNTHETIC_PROGRAMS,ALL_SYNTHETIC_PRODUCTS,SYNTHETIC_INTERNAL,SNP-COOLIT-20260925-D1,SCN-BASELINE,REPLAY-017,HIST-DEC-017,DR-0001,2026-08-14T17:54:00-06:00,2026-09-19T20:42:00-06:00,COM-0017|COM-0018|COM-0019|COM-0020|COM-0021|COM-0022,COM-0017|COM-0018|COM-0019|COM-0020|COM-0021|COM-0022,CAPACITY,EXPEDITE,SUBSTITUTE,false,ACCEPTED_FOR_SYNTHETIC_VALIDATION,cdf122caa59f9c60685f88a696ac6ce40bac9ebc665a9f2659722c54f5898d07
TEN-COOLIT-SYN-001,SITE-COOLIT-SYN-01,GOVERNED,DECISION_REPLAY,REPLAY-018,DR-0002,RESOLVED,2026-09-25T23:59:59-06:00,2026-09-26T08:00:00-06:00,2026-06-29T00:00:00-06:00,,1,,false,REPLAY_COMPLETE,,,VALID,CURRENT,coolit-synthetic-v2.0.0,ALL_SYNTHETIC_CUSTOMERS,ALL_SYNTHETIC_PROGRAMS,ALL_SYNTHETIC_PRODUCTS,SYNTHETIC_INTERNAL,SNP-COOLIT-20260925-D1,SCN-BASELINE,REPLAY-018,HIST-DEC-018,DR-0002,2026-08-17T17:33:00-06:00,2026-09-18T20:49:00-06:00,COM-0018|COM-0019|COM-0020|COM-0021|COM-0022|COM-0023,COM-0018|COM-0019|COM-0020|COM-0021|COM-0022|COM-0023,QUALITY,SUBSTITUTE,OVERTIME,false,ACCEPTED_FOR_SYNTHETIC_VALIDATION,f578e156fb1e5bfe72a295865c3e631f2adfc4978d2e983704813e6963bc6544
TEN-COOLIT-SYN-001,SITE-COOLIT-SYN-01,GOVERNED,DECISION_REPLAY,REPLAY-019,DR-0003,RESOLVED,2026-09-25T23:59:59-06:00,2026-09-26T08:00:00-06:00,2026-06-29T00:00:00-06:00,,1,,false,REPLAY_COMPLETE,,,VALID,CURRENT,coolit-synthetic-v2.0.0,ALL_SYNTHETIC_CUSTOMERS,ALL_SYNTHETIC_PROGRAMS,ALL_SYNTHETIC_PRODUCTS,SYNTHETIC_INTERNAL,SNP-COOLIT-20260925-D1,SCN-BASELINE,REPLAY-019,HIST-DEC-019,DR-0003,2026-08-20T17:12:00-06:00,2026-09-17T20:56:00-06:00,COM-0019|COM-0020|COM-0021|COM-0022|COM-0023|COM-0024,COM-0019|COM-0020|COM-0021|COM-0022|COM-0023|COM-0024,LABOR,OVERTIME,NO_ACTION,true,ACCEPTED_FOR_SYNTHETIC_VALIDATION,0c28670473ba2331ff9f0bfe244ada6509384d2c467741b460d69f619cbb82aa
TEN-COOLIT-SYN-001,SITE-COOLIT-SYN-01,GOVERNED,DECISION_REPLAY,REPLAY-020,DR-0004,RESOLVED,2026-09-25T23:59:59-06:00,2026-09-26T08:00:00-06:00,2026-06-29T00:00:00-06:00,,1,,false,REPLAY_COMPLETE,,,VALID,CURRENT,coolit-synthetic-v2.0.0,ALL_SYNTHETIC_CUSTOMERS,ALL_SYNTHETIC_PROGRAMS,ALL_SYNTHETIC_PRODUCTS,SYNTHETIC_INTERNAL,SNP-COOLIT-20260925-R1,SCN-BASELINE,REPLAY-020,HIST-DEC-020,DR-0004,2026-08-23T17:51:00-06:00,2026-09-16T20:03:00-06:00,COM-0020|COM-0021|COM-0022|COM-0023|COM-0024|COM-0025,COM-0020|COM-0021|COM-0022|COM-0023|COM-0024|COM-0025,SUPPLIER,NO_ACTION,RESEQUENCE,false,ACCEPTED_FOR_SYNTHETIC_VALIDATION,bde65aedb2577f4a9ed13773609ee794d3b33853acef3068ed6e1becedb7f9d0
