tenant_id,site_id,source_system,source_object,source_record_id,canonical_id,crosswalk_status,source_event_at,ingested_at,effective_from,effective_to,record_version,supersedes_source_record_id,is_deleted,semantic_status,uom,currency,data_quality_state,freshness_state,transformation_version,customer_scope,program_scope,product_scope,sensitivity_class,snapshot_id,scenario_id,operator_qualification_id,operator_id,skill_code,qualification_level,training_record_reference,certification_reference,valid_from_date,valid_to_date,qualification_state,revoked_flag,approving_role
TEN-COOLIT-SYN-001,SITE-COOLIT-SYN-01,MES,OPERATOR_QUALIFICATION,OPQ-001-1,OPR-001,RESOLVED,2026-09-25T23:59:59-06:00,2026-09-26T08:00:00-06:00,2026-06-29T00:00:00-06:00,,1,,false,ACTIVE,,,VALID,CURRENT,coolit-synthetic-v2.0.0,ALL_SYNTHETIC_CUSTOMERS,ALL_SYNTHETIC_PROGRAMS,ALL_SYNTHETIC_PRODUCTS,SYNTHETIC_PSEUDONYMOUS_WORKFORCE,SNP-COOLIT-20260925-BL,SCN-BASELINE,OPQ-001-1,OPR-001,ASSEMBLY_CPL,INDEPENDENT,TRAIN-001-1,CERT-ASSEMBLY_CPL-001,2025-01-01,2027-12-31,VALID,false,Training and Qualification Manager
TEN-COOLIT-SYN-001,SITE-COOLIT-SYN-01,MES,OPERATOR_QUALIFICATION,OPQ-001-2,OPR-001,RESOLVED,2026-09-25T23:59:59-06:00,2026-09-26T08:00:00-06:00,2026-06-29T00:00:00-06:00,,1,,false,ACTIVE,,,VALID,CURRENT,coolit-synthetic-v2.0.0,ALL_SYNTHETIC_CUSTOMERS,ALL_SYNTHETIC_PROGRAMS,ALL_SYNTHETIC_PRODUCTS,SYNTHETIC_PSEUDONYMOUS_WORKFORCE,SNP-COOLIT-20260925-BL,SCN-BASELINE,OPQ-001-2,OPR-001,ASSEMBLY_RM,TRAINER,TRAIN-001-2,CERT-ASSEMBLY_RM-001,2025-01-01,2027-12-31,VALID,false,Training and Qualification Manager
TEN-COOLIT-SYN-001,SITE-COOLIT-SYN-01,MES,OPERATOR_QUALIFICATION,OPQ-001-3,OPR-001,RESOLVED,2026-09-25T23:59:59-06:00,2026-09-26T08:00:00-06:00,2026-06-29T00:00:00-06:00,,1,,false,ACTIVE,,,VALID,CURRENT,coolit-synthetic-v2.0.0,ALL_SYNTHETIC_CUSTOMERS,ALL_SYNTHETIC_PROGRAMS,ALL_SYNTHETIC_PRODUCTS,SYNTHETIC_PSEUDONYMOUS_WORKFORCE,SNP-COOLIT-20260925-BL,SCN-BASELINE,OPQ-001-3,OPR-001,ASSEMBLY_CDU,SUPERVISED,TRAIN-001-3,CERT-ASSEMBLY_CDU-001,2025-01-01,2027-12-31,VALID,false,Training and Qualification Manager
TEN-COOLIT-SYN-001,SITE-COOLIT-SYN-01,MES,OPERATOR_QUALIFICATION,OPQ-002-1,OPR-002,RESOLVED,2026-09-25T23:59:59-06:00,2026-09-26T08:00:00-06:00,2026-06-29T00:00:00-06:00,,1,,false,ACTIVE,,,VALID,CURRENT,coolit-synthetic-v2.0.0,ALL_SYNTHETIC_CUSTOMERS,ALL_SYNTHETIC_PROGRAMS,ALL_SYNTHETIC_PRODUCTS,SYNTHETIC_PSEUDONYMOUS_WORKFORCE,SNP-COOLIT-20260925-BL,SCN-BASELINE,OPQ-002-1,OPR-002,ASSEMBLY_RM,INDEPENDENT,TRAIN-002-1,CERT-ASSEMBLY_RM-002,2025-01-01,2027-12-31,VALID,false,Training and Qualification Manager
TEN-COOLIT-SYN-001,SITE-COOLIT-SYN-01,MES,OPERATOR_QUALIFICATION,OPQ-002-2,OPR-002,RESOLVED,2026-09-25T23:59:59-06:00,2026-09-26T08:00:00-06:00,2026-06-29T00:00:00-06:00,,1,,false,ACTIVE,,,VALID,CURRENT,coolit-synthetic-v2.0.0,ALL_SYNTHETIC_CUSTOMERS,ALL_SYNTHETIC_PROGRAMS,ALL_SYNTHETIC_PRODUCTS,SYNTHETIC_PSEUDONYMOUS_WORKFORCE,SNP-COOLIT-20260925-BL,SCN-BASELINE,OPQ-002-2,OPR-002,ASSEMBLY_CDU,TRAINER,TRAIN-002-2,CERT-ASSEMBLY_CDU-002,2025-01-01,2027-12-31,VALID,false,Training and Qualification Manager
TEN-COOLIT-SYN-001,SITE-COOLIT-SYN-01,MES,OPERATOR_QUALIFICATION,OPQ-002-3,OPR-002,RESOLVED,2026-09-25T23:59:59-06:00,2026-09-26T08:00:00-06:00,2026-06-29T00:00:00-06:00,,1,,false,ACTIVE,,,VALID,CURRENT,coolit-synthetic-v2.0.0,ALL_SYNTHETIC_CUSTOMERS,ALL_SYNTHETIC_PROGRAMS,ALL_SYNTHETIC_PRODUCTS,SYNTHETIC_PSEUDONYMOUS_WORKFORCE,SNP-COOLIT-20260925-BL,SCN-BASELINE,OPQ-002-3,OPR-002,LEAK_TEST,SUPERVISED,TRAIN-002-3,CERT-LEAK_TEST-002,2025-01-01,2027-12-31,VALID,false,Training and Qualification Manager
TEN-COOLIT-SYN-001,SITE-COOLIT-SYN-01,MES,OPERATOR_QUALIFICATION,OPQ-003-1,OPR-003,RESOLVED,2026-09-25T23:59:59-06:00,2026-09-26T08:00:00-06:00,2026-06-29T00:00:00-06:00,,1,,false,ACTIVE,,,VALID,CURRENT,coolit-synthetic-v2.0.0,ALL_SYNTHETIC_CUSTOMERS,ALL_SYNTHETIC_PROGRAMS,ALL_SYNTHETIC_PRODUCTS,SYNTHETIC_PSEUDONYMOUS_WORKFORCE,SNP-COOLIT-20260925-BL,SCN-BASELINE,OPQ-003-1,OPR-003,ASSEMBLY_CDU,INDEPENDENT,TRAIN-003-1,CERT-ASSEMBLY_CDU-003,2025-01-01,2027-12-31,VALID,false,Training and Qualification Manager
TEN-COOLIT-SYN-001,SITE-COOLIT-SYN-01,MES,OPERATOR_QUALIFICATION,OPQ-003-2,OPR-003,RESOLVED,2026-09-25T23:59:59-06:00,2026-09-26T08:00:00-06:00,2026-06-29T00:00:00-06:00,,1,,false,ACTIVE,,,VALID,CURRENT,coolit-synthetic-v2.0.0,ALL_SYNTHETIC_CUSTOMERS,ALL_SYNTHETIC_PROGRAMS,ALL_SYNTHETIC_PRODUCTS,SYNTHETIC_PSEUDONYMOUS_WORKFORCE,SNP-COOLIT-20260925-BL,SCN-BASELINE,OPQ-003-2,OPR-003,LEAK_TEST,TRAINER,TRAIN-003-2,CERT-LEAK_TEST-003,2025-01-01,2027-12-31,VALID,false,Training and Qualification Manager
TEN-COOLIT-SYN-001,SITE-COOLIT-SYN-01,MES,OPERATOR_QUALIFICATION,OPQ-003-3,OPR-003,RESOLVED,2026-09-25T23:59:59-06:00,2026-09-26T08:00:00-06:00,2026-06-29T00:00:00-06:00,,1,,false,ACTIVE,,,VALID,CURRENT,coolit-synthetic-v2.0.0,ALL_SYNTHETIC_CUSTOMERS,ALL_SYNTHETIC_PROGRAMS,ALL_SYNTHETIC_PRODUCTS,SYNTHETIC_PSEUDONYMOUS_WORKFORCE,SNP-COOLIT-20260925-BL,SCN-BASELINE,OPQ-003-3,OPR-003,FUNCTIONAL_TEST,SUPERVISED,TRAIN-003-3,CERT-FUNCTIONAL_TEST-003,2025-01-01,2027-12-31,VALID,false,Training and Qualification Manager
TEN-COOLIT-SYN-001,SITE-COOLIT-SYN-01,MES,OPERATOR_QUALIFICATION,OPQ-004-1,OPR-004,RESOLVED,2026-09-25T23:59:59-06:00,2026-09-26T08:00:00-06:00,2026-06-29T00:00:00-06:00,,1,,false,ACTIVE,,,VALID,CURRENT,coolit-synthetic-v2.0.0,ALL_SYNTHETIC_CUSTOMERS,ALL_SYNTHETIC_PROGRAMS,ALL_SYNTHETIC_PRODUCTS,SYNTHETIC_PSEUDONYMOUS_WORKFORCE,SNP-COOLIT-20260925-BL,SCN-BASELINE,OPQ-004-1,OPR-004,LEAK_TEST,INDEPENDENT,TRAIN-004-1,CERT-LEAK_TEST-004,2025-01-01,2027-12-31,VALID,false,Training and Qualification Manager
TEN-COOLIT-SYN-001,SITE-COOLIT-SYN-01,MES,OPERATOR_QUALIFICATION,OPQ-004-2,OPR-004,RESOLVED,2026-09-25T23:59:59-06:00,2026-09-26T08:00:00-06:00,2026-06-29T00:00:00-06:00,,1,,false,ACTIVE,,,VALID,CURRENT,coolit-synthetic-v2.0.0,ALL_SYNTHETIC_CUSTOMERS,ALL_SYNTHETIC_PROGRAMS,ALL_SYNTHETIC_PRODUCTS,SYNTHETIC_PSEUDONYMOUS_WORKFORCE,SNP-COOLIT-20260925-BL,SCN-BASELINE,OPQ-004-2,OPR-004,FUNCTIONAL_TEST,TRAINER,TRAIN-004-2,CERT-FUNCTIONAL_TEST-004,2025-01-01,2027-12-31,VALID,false,Training and Qualification Manager
TEN-COOLIT-SYN-001,SITE-COOLIT-SYN-01,MES,OPERATOR_QUALIFICATION,OPQ-004-3,OPR-004,RESOLVED,2026-09-25T23:59:59-06:00,2026-09-26T08:00:00-06:00,2026-06-29T00:00:00-06:00,,1,,false,ACTIVE,,,VALID,CURRENT,coolit-synthetic-v2.0.0,ALL_SYNTHETIC_CUSTOMERS,ALL_SYNTHETIC_PROGRAMS,ALL_SYNTHETIC_PRODUCTS,SYNTHETIC_PSEUDONYMOUS_WORKFORCE,SNP-COOLIT-20260925-BL,SCN-BASELINE,OPQ-004-3,OPR-004,QUALITY_DISPOSITION,SUPERVISED,TRAIN-004-3,CERT-QUALITY_DISPOSITION-004,2025-01-01,2027-12-31,VALID,false,Training and Qualification Manager
TEN-COOLIT-SYN-001,SITE-COOLIT-SYN-01,MES,OPERATOR_QUALIFICATION,OPQ-005-1,OPR-005,RESOLVED,2026-09-25T23:59:59-06:00,2026-09-26T08:00:00-06:00,2026-06-29T00:00:00-06:00,,1,,false,ACTIVE,,,VALID,CURRENT,coolit-synthetic-v2.0.0,ALL_SYNTHETIC_CUSTOMERS,ALL_SYNTHETIC_PROGRAMS,ALL_SYNTHETIC_PRODUCTS,SYNTHETIC_PSEUDONYMOUS_WORKFORCE,SNP-COOLIT-20260925-BL,SCN-BASELINE,OPQ-005-1,OPR-005,FUNCTIONAL_TEST,INDEPENDENT,TRAIN-005-1,CERT-FUNCTIONAL_TEST-005,2025-01-01,2027-12-31,VALID,false,Training and Qualification Manager
TEN-COOLIT-SYN-001,SITE-COOLIT-SYN-01,MES,OPERATOR_QUALIFICATION,OPQ-005-2,OPR-005,RESOLVED,2026-09-25T23:59:59-06:00,2026-09-26T08:00:00-06:00,2026-06-29T00:00:00-06:00,,1,,false,ACTIVE,,,VALID,CURRENT,coolit-synthetic-v2.0.0,ALL_SYNTHETIC_CUSTOMERS,ALL_SYNTHETIC_PROGRAMS,ALL_SYNTHETIC_PRODUCTS,SYNTHETIC_PSEUDONYMOUS_WORKFORCE,SNP-COOLIT-20260925-BL,SCN-BASELINE,OPQ-005-2,OPR-005,QUALITY_DISPOSITION,TRAINER,TRAIN-005-2,CERT-QUALITY_DISPOSITION-005,2025-01-01,2027-12-31,VALID,false,Training and Qualification Manager
TEN-COOLIT-SYN-001,SITE-COOLIT-SYN-01,MES,OPERATOR_QUALIFICATION,OPQ-005-3,OPR-005,RESOLVED,2026-09-25T23:59:59-06:00,2026-09-26T08:00:00-06:00,2026-06-29T00:00:00-06:00,,1,,false,ACTIVE,,,VALID,CURRENT,coolit-synthetic-v2.0.0,ALL_SYNTHETIC_CUSTOMERS,ALL_SYNTHETIC_PROGRAMS,ALL_SYNTHETIC_PRODUCTS,SYNTHETIC_PSEUDONYMOUS_WORKFORCE,SNP-COOLIT-20260925-BL,SCN-BASELINE,OPQ-005-3,OPR-005,ASSEMBLY_CPL,SUPERVISED,TRAIN-005-3,CERT-ASSEMBLY_CPL-005,2025-01-01,2027-12-31,VALID,false,Training and Qualification Manager
TEN-COOLIT-SYN-001,SITE-COOLIT-SYN-01,MES,OPERATOR_QUALIFICATION,OPQ-006-1,OPR-006,RESOLVED,2026-09-25T23:59:59-06:00,2026-09-26T08:00:00-06:00,2026-06-29T00:00:00-06:00,,1,,false,ACTIVE,,,VALID,CURRENT,coolit-synthetic-v2.0.0,ALL_SYNTHETIC_CUSTOMERS,ALL_SYNTHETIC_PROGRAMS,ALL_SYNTHETIC_PRODUCTS,SYNTHETIC_PSEUDONYMOUS_WORKFORCE,SNP-COOLIT-20260925-BL,SCN-BASELINE,OPQ-006-1,OPR-006,QUALITY_DISPOSITION,INDEPENDENT,TRAIN-006-1,CERT-QUALITY_DISPOSITION-006,2025-01-01,2027-12-31,VALID,false,Training and Qualification Manager
TEN-COOLIT-SYN-001,SITE-COOLIT-SYN-01,MES,OPERATOR_QUALIFICATION,OPQ-006-2,OPR-006,RESOLVED,2026-09-25T23:59:59-06:00,2026-09-26T08:00:00-06:00,2026-06-29T00:00:00-06:00,,1,,false,ACTIVE,,,VALID,CURRENT,coolit-synthetic-v2.0.0,ALL_SYNTHETIC_CUSTOMERS,ALL_SYNTHETIC_PROGRAMS,ALL_SYNTHETIC_PRODUCTS,SYNTHETIC_PSEUDONYMOUS_WORKFORCE,SNP-COOLIT-20260925-BL,SCN-BASELINE,OPQ-006-2,OPR-006,ASSEMBLY_CPL,TRAINER,TRAIN-006-2,CERT-ASSEMBLY_CPL-006,2025-01-01,2027-12-31,VALID,false,Training and Qualification Manager
TEN-COOLIT-SYN-001,SITE-COOLIT-SYN-01,MES,OPERATOR_QUALIFICATION,OPQ-006-3,OPR-006,RESOLVED,2026-09-25T23:59:59-06:00,2026-09-26T08:00:00-06:00,2026-06-29T00:00:00-06:00,,1,,false,ACTIVE,,,VALID,CURRENT,coolit-synthetic-v2.0.0,ALL_SYNTHETIC_CUSTOMERS,ALL_SYNTHETIC_PROGRAMS,ALL_SYNTHETIC_PRODUCTS,SYNTHETIC_PSEUDONYMOUS_WORKFORCE,SNP-COOLIT-20260925-BL,SCN-BASELINE,OPQ-006-3,OPR-006,ASSEMBLY_RM,SUPERVISED,TRAIN-006-3,CERT-ASSEMBLY_RM-006,2025-01-01,2027-12-31,VALID,false,Training and Qualification Manager
TEN-COOLIT-SYN-001,SITE-COOLIT-SYN-01,MES,OPERATOR_QUALIFICATION,OPQ-007-1,OPR-007,RESOLVED,2026-09-25T23:59:59-06:00,2026-09-26T08:00:00-06:00,2026-06-29T00:00:00-06:00,,1,,false,ACTIVE,,,VALID,CURRENT,coolit-synthetic-v2.0.0,ALL_SYNTHETIC_CUSTOMERS,ALL_SYNTHETIC_PROGRAMS,ALL_SYNTHETIC_PRODUCTS,SYNTHETIC_PSEUDONYMOUS_WORKFORCE,SNP-COOLIT-20260925-BL,SCN-BASELINE,OPQ-007-1,OPR-007,ASSEMBLY_CPL,INDEPENDENT,TRAIN-007-1,CERT-ASSEMBLY_CPL-007,2025-01-01,2027-12-31,VALID,false,Training and Qualification Manager
TEN-COOLIT-SYN-001,SITE-COOLIT-SYN-01,MES,OPERATOR_QUALIFICATION,OPQ-007-2,OPR-007,RESOLVED,2026-09-25T23:59:59-06:00,2026-09-26T08:00:00-06:00,2026-06-29T00:00:00-06:00,,1,,false,ACTIVE,,,VALID,CURRENT,coolit-synthetic-v2.0.0,ALL_SYNTHETIC_CUSTOMERS,ALL_SYNTHETIC_PROGRAMS,ALL_SYNTHETIC_PRODUCTS,SYNTHETIC_PSEUDONYMOUS_WORKFORCE,SNP-COOLIT-20260925-BL,SCN-BASELINE,OPQ-007-2,OPR-007,ASSEMBLY_RM,TRAINER,TRAIN-007-2,CERT-ASSEMBLY_RM-007,2025-01-01,2027-12-31,VALID,false,Training and Qualification Manager
TEN-COOLIT-SYN-001,SITE-COOLIT-SYN-01,MES,OPERATOR_QUALIFICATION,OPQ-007-3,OPR-007,RESOLVED,2026-09-25T23:59:59-06:00,2026-09-26T08:00:00-06:00,2026-06-29T00:00:00-06:00,,1,,false,ACTIVE,,,VALID,CURRENT,coolit-synthetic-v2.0.0,ALL_SYNTHETIC_CUSTOMERS,ALL_SYNTHETIC_PROGRAMS,ALL_SYNTHETIC_PRODUCTS,SYNTHETIC_PSEUDONYMOUS_WORKFORCE,SNP-COOLIT-20260925-BL,SCN-BASELINE,OPQ-007-3,OPR-007,ASSEMBLY_CDU,SUPERVISED,TRAIN-007-3,CERT-ASSEMBLY_CDU-007,2025-01-01,2027-12-31,VALID,false,Training and Qualification Manager
TEN-COOLIT-SYN-001,SITE-COOLIT-SYN-01,MES,OPERATOR_QUALIFICATION,OPQ-008-1,OPR-008,RESOLVED,2026-09-25T23:59:59-06:00,2026-09-26T08:00:00-06:00,2026-06-29T00:00:00-06:00,,1,,false,ACTIVE,,,VALID,CURRENT,coolit-synthetic-v2.0.0,ALL_SYNTHETIC_CUSTOMERS,ALL_SYNTHETIC_PROGRAMS,ALL_SYNTHETIC_PRODUCTS,SYNTHETIC_PSEUDONYMOUS_WORKFORCE,SNP-COOLIT-20260925-BL,SCN-BASELINE,OPQ-008-1,OPR-008,ASSEMBLY_RM,INDEPENDENT,TRAIN-008-1,CERT-ASSEMBLY_RM-008,2025-01-01,2027-12-31,VALID,false,Training and Qualification Manager
TEN-COOLIT-SYN-001,SITE-COOLIT-SYN-01,MES,OPERATOR_QUALIFICATION,OPQ-008-2,OPR-008,RESOLVED,2026-09-25T23:59:59-06:00,2026-09-26T08:00:00-06:00,2026-06-29T00:00:00-06:00,,1,,false,ACTIVE,,,VALID,CURRENT,coolit-synthetic-v2.0.0,ALL_SYNTHETIC_CUSTOMERS,ALL_SYNTHETIC_PROGRAMS,ALL_SYNTHETIC_PRODUCTS,SYNTHETIC_PSEUDONYMOUS_WORKFORCE,SNP-COOLIT-20260925-BL,SCN-BASELINE,OPQ-008-2,OPR-008,ASSEMBLY_CDU,TRAINER,TRAIN-008-2,CERT-ASSEMBLY_CDU-008,2025-01-01,2027-12-31,VALID,false,Training and Qualification Manager
TEN-COOLIT-SYN-001,SITE-COOLIT-SYN-01,MES,OPERATOR_QUALIFICATION,OPQ-008-3,OPR-008,RESOLVED,2026-09-25T23:59:59-06:00,2026-09-26T08:00:00-06:00,2026-06-29T00:00:00-06:00,,1,,false,ACTIVE,,,VALID,CURRENT,coolit-synthetic-v2.0.0,ALL_SYNTHETIC_CUSTOMERS,ALL_SYNTHETIC_PROGRAMS,ALL_SYNTHETIC_PRODUCTS,SYNTHETIC_PSEUDONYMOUS_WORKFORCE,SNP-COOLIT-20260925-BL,SCN-BASELINE,OPQ-008-3,OPR-008,LEAK_TEST,SUPERVISED,TRAIN-008-3,CERT-LEAK_TEST-008,2025-01-01,2027-12-31,VALID,false,Training and Qualification Manager
TEN-COOLIT-SYN-001,SITE-COOLIT-SYN-01,MES,OPERATOR_QUALIFICATION,OPQ-009-1,OPR-009,RESOLVED,2026-09-25T23:59:59-06:00,2026-09-26T08:00:00-06:00,2026-06-29T00:00:00-06:00,,1,,false,ACTIVE,,,VALID,CURRENT,coolit-synthetic-v2.0.0,ALL_SYNTHETIC_CUSTOMERS,ALL_SYNTHETIC_PROGRAMS,ALL_SYNTHETIC_PRODUCTS,SYNTHETIC_PSEUDONYMOUS_WORKFORCE,SNP-COOLIT-20260925-BL,SCN-BASELINE,OPQ-009-1,OPR-009,ASSEMBLY_CDU,INDEPENDENT,TRAIN-009-1,CERT-ASSEMBLY_CDU-009,2025-01-01,2027-12-31,VALID,false,Training and Qualification Manager
TEN-COOLIT-SYN-001,SITE-COOLIT-SYN-01,MES,OPERATOR_QUALIFICATION,OPQ-009-2,OPR-009,RESOLVED,2026-09-25T23:59:59-06:00,2026-09-26T08:00:00-06:00,2026-06-29T00:00:00-06:00,,1,,false,ACTIVE,,,VALID,CURRENT,coolit-synthetic-v2.0.0,ALL_SYNTHETIC_CUSTOMERS,ALL_SYNTHETIC_PROGRAMS,ALL_SYNTHETIC_PRODUCTS,SYNTHETIC_PSEUDONYMOUS_WORKFORCE,SNP-COOLIT-20260925-BL,SCN-BASELINE,OPQ-009-2,OPR-009,LEAK_TEST,TRAINER,TRAIN-009-2,CERT-LEAK_TEST-009,2025-01-01,2027-12-31,VALID,false,Training and Qualification Manager
TEN-COOLIT-SYN-001,SITE-COOLIT-SYN-01,MES,OPERATOR_QUALIFICATION,OPQ-009-3,OPR-009,RESOLVED,2026-09-25T23:59:59-06:00,2026-09-26T08:00:00-06:00,2026-06-29T00:00:00-06:00,,1,,false,ACTIVE,,,VALID,CURRENT,coolit-synthetic-v2.0.0,ALL_SYNTHETIC_CUSTOMERS,ALL_SYNTHETIC_PROGRAMS,ALL_SYNTHETIC_PRODUCTS,SYNTHETIC_PSEUDONYMOUS_WORKFORCE,SNP-COOLIT-20260925-BL,SCN-BASELINE,OPQ-009-3,OPR-009,FUNCTIONAL_TEST,SUPERVISED,TRAIN-009-3,CERT-FUNCTIONAL_TEST-009,2025-01-01,2027-12-31,VALID,false,Training and Qualification Manager
TEN-COOLIT-SYN-001,SITE-COOLIT-SYN-01,MES,OPERATOR_QUALIFICATION,OPQ-010-1,OPR-010,RESOLVED,2026-09-25T23:59:59-06:00,2026-09-26T08:00:00-06:00,2026-06-29T00:00:00-06:00,,1,,false,ACTIVE,,,VALID,CURRENT,coolit-synthetic-v2.0.0,ALL_SYNTHETIC_CUSTOMERS,ALL_SYNTHETIC_PROGRAMS,ALL_SYNTHETIC_PRODUCTS,SYNTHETIC_PSEUDONYMOUS_WORKFORCE,SNP-COOLIT-20260925-BL,SCN-BASELINE,OPQ-010-1,OPR-010,LEAK_TEST,INDEPENDENT,TRAIN-010-1,CERT-LEAK_TEST-010,2025-01-01,2027-12-31,VALID,false,Training and Qualification Manager
TEN-COOLIT-SYN-001,SITE-COOLIT-SYN-01,MES,OPERATOR_QUALIFICATION,OPQ-010-2,OPR-010,RESOLVED,2026-09-25T23:59:59-06:00,2026-09-26T08:00:00-06:00,2026-06-29T00:00:00-06:00,,1,,false,ACTIVE,,,VALID,CURRENT,coolit-synthetic-v2.0.0,ALL_SYNTHETIC_CUSTOMERS,ALL_SYNTHETIC_PROGRAMS,ALL_SYNTHETIC_PRODUCTS,SYNTHETIC_PSEUDONYMOUS_WORKFORCE,SNP-COOLIT-20260925-BL,SCN-BASELINE,OPQ-010-2,OPR-010,FUNCTIONAL_TEST,TRAINER,TRAIN-010-2,CERT-FUNCTIONAL_TEST-010,2025-01-01,2027-12-31,VALID,false,Training and Qualification Manager
TEN-COOLIT-SYN-001,SITE-COOLIT-SYN-01,MES,OPERATOR_QUALIFICATION,OPQ-010-3,OPR-010,RESOLVED,2026-09-25T23:59:59-06:00,2026-09-26T08:00:00-06:00,2026-06-29T00:00:00-06:00,,1,,false,ACTIVE,,,VALID,CURRENT,coolit-synthetic-v2.0.0,ALL_SYNTHETIC_CUSTOMERS,ALL_SYNTHETIC_PROGRAMS,ALL_SYNTHETIC_PRODUCTS,SYNTHETIC_PSEUDONYMOUS_WORKFORCE,SNP-COOLIT-20260925-BL,SCN-BASELINE,OPQ-010-3,OPR-010,QUALITY_DISPOSITION,SUPERVISED,TRAIN-010-3,CERT-QUALITY_DISPOSITION-010,2025-01-01,2027-12-31,VALID,false,Training and Qualification Manager
TEN-COOLIT-SYN-001,SITE-COOLIT-SYN-01,MES,OPERATOR_QUALIFICATION,OPQ-011-1,OPR-011,RESOLVED,2026-09-25T23:59:59-06:00,2026-09-26T08:00:00-06:00,2026-06-29T00:00:00-06:00,,1,,false,ACTIVE,,,VALID,CURRENT,coolit-synthetic-v2.0.0,ALL_SYNTHETIC_CUSTOMERS,ALL_SYNTHETIC_PROGRAMS,ALL_SYNTHETIC_PRODUCTS,SYNTHETIC_PSEUDONYMOUS_WORKFORCE,SNP-COOLIT-20260925-BL,SCN-BASELINE,OPQ-011-1,OPR-011,FUNCTIONAL_TEST,INDEPENDENT,TRAIN-011-1,CERT-FUNCTIONAL_TEST-011,2025-01-01,2027-12-31,VALID,false,Training and Qualification Manager
TEN-COOLIT-SYN-001,SITE-COOLIT-SYN-01,MES,OPERATOR_QUALIFICATION,OPQ-011-2,OPR-011,RESOLVED,2026-09-25T23:59:59-06:00,2026-09-26T08:00:00-06:00,2026-06-29T00:00:00-06:00,,1,,false,ACTIVE,,,VALID,CURRENT,coolit-synthetic-v2.0.0,ALL_SYNTHETIC_CUSTOMERS,ALL_SYNTHETIC_PROGRAMS,ALL_SYNTHETIC_PRODUCTS,SYNTHETIC_PSEUDONYMOUS_WORKFORCE,SNP-COOLIT-20260925-BL,SCN-BASELINE,OPQ-011-2,OPR-011,QUALITY_DISPOSITION,TRAINER,TRAIN-011-2,CERT-QUALITY_DISPOSITION-011,2025-01-01,2027-12-31,VALID,false,Training and Qualification Manager
TEN-COOLIT-SYN-001,SITE-COOLIT-SYN-01,MES,OPERATOR_QUALIFICATION,OPQ-011-3,OPR-011,RESOLVED,2026-09-25T23:59:59-06:00,2026-09-26T08:00:00-06:00,2026-06-29T00:00:00-06:00,,1,,false,ACTIVE,,,VALID,CURRENT,coolit-synthetic-v2.0.0,ALL_SYNTHETIC_CUSTOMERS,ALL_SYNTHETIC_PROGRAMS,ALL_SYNTHETIC_PRODUCTS,SYNTHETIC_PSEUDONYMOUS_WORKFORCE,SNP-COOLIT-20260925-BL,SCN-BASELINE,OPQ-011-3,OPR-011,ASSEMBLY_CPL,SUPERVISED,TRAIN-011-3,CERT-ASSEMBLY_CPL-011,2025-01-01,2027-12-31,VALID,false,Training and Qualification Manager
TEN-COOLIT-SYN-001,SITE-COOLIT-SYN-01,MES,OPERATOR_QUALIFICATION,OPQ-012-1,OPR-012,RESOLVED,2026-09-25T23:59:59-06:00,2026-09-26T08:00:00-06:00,2026-06-29T00:00:00-06:00,,1,,false,ACTIVE,,,VALID,CURRENT,coolit-synthetic-v2.0.0,ALL_SYNTHETIC_CUSTOMERS,ALL_SYNTHETIC_PROGRAMS,ALL_SYNTHETIC_PRODUCTS,SYNTHETIC_PSEUDONYMOUS_WORKFORCE,SNP-COOLIT-20260925-BL,SCN-BASELINE,OPQ-012-1,OPR-012,QUALITY_DISPOSITION,INDEPENDENT,TRAIN-012-1,CERT-QUALITY_DISPOSITION-012,2025-01-01,2027-12-31,VALID,false,Training and Qualification Manager
TEN-COOLIT-SYN-001,SITE-COOLIT-SYN-01,MES,OPERATOR_QUALIFICATION,OPQ-012-2,OPR-012,RESOLVED,2026-09-25T23:59:59-06:00,2026-09-26T08:00:00-06:00,2026-06-29T00:00:00-06:00,,1,,false,ACTIVE,,,VALID,CURRENT,coolit-synthetic-v2.0.0,ALL_SYNTHETIC_CUSTOMERS,ALL_SYNTHETIC_PROGRAMS,ALL_SYNTHETIC_PRODUCTS,SYNTHETIC_PSEUDONYMOUS_WORKFORCE,SNP-COOLIT-20260925-BL,SCN-BASELINE,OPQ-012-2,OPR-012,ASSEMBLY_CPL,TRAINER,TRAIN-012-2,CERT-ASSEMBLY_CPL-012,2025-01-01,2027-12-31,VALID,false,Training and Qualification Manager
TEN-COOLIT-SYN-001,SITE-COOLIT-SYN-01,MES,OPERATOR_QUALIFICATION,OPQ-012-3,OPR-012,RESOLVED,2026-09-25T23:59:59-06:00,2026-09-26T08:00:00-06:00,2026-06-29T00:00:00-06:00,,1,,false,ACTIVE,,,VALID,CURRENT,coolit-synthetic-v2.0.0,ALL_SYNTHETIC_CUSTOMERS,ALL_SYNTHETIC_PROGRAMS,ALL_SYNTHETIC_PRODUCTS,SYNTHETIC_PSEUDONYMOUS_WORKFORCE,SNP-COOLIT-20260925-BL,SCN-BASELINE,OPQ-012-3,OPR-012,ASSEMBLY_RM,SUPERVISED,TRAIN-012-3,CERT-ASSEMBLY_RM-012,2025-01-01,2027-12-31,VALID,false,Training and Qualification Manager
TEN-COOLIT-SYN-001,SITE-COOLIT-SYN-01,MES,OPERATOR_QUALIFICATION,OPQ-013-1,OPR-013,RESOLVED,2026-09-25T23:59:59-06:00,2026-09-26T08:00:00-06:00,2026-06-29T00:00:00-06:00,,1,,false,ACTIVE,,,VALID,CURRENT,coolit-synthetic-v2.0.0,ALL_SYNTHETIC_CUSTOMERS,ALL_SYNTHETIC_PROGRAMS,ALL_SYNTHETIC_PRODUCTS,SYNTHETIC_PSEUDONYMOUS_WORKFORCE,SNP-COOLIT-20260925-BL,SCN-BASELINE,OPQ-013-1,OPR-013,ASSEMBLY_CPL,INDEPENDENT,TRAIN-013-1,CERT-ASSEMBLY_CPL-013,2025-01-01,2027-12-31,VALID,false,Training and Qualification Manager
TEN-COOLIT-SYN-001,SITE-COOLIT-SYN-01,MES,OPERATOR_QUALIFICATION,OPQ-013-2,OPR-013,RESOLVED,2026-09-25T23:59:59-06:00,2026-09-26T08:00:00-06:00,2026-06-29T00:00:00-06:00,,1,,false,ACTIVE,,,VALID,CURRENT,coolit-synthetic-v2.0.0,ALL_SYNTHETIC_CUSTOMERS,ALL_SYNTHETIC_PROGRAMS,ALL_SYNTHETIC_PRODUCTS,SYNTHETIC_PSEUDONYMOUS_WORKFORCE,SNP-COOLIT-20260925-BL,SCN-BASELINE,OPQ-013-2,OPR-013,ASSEMBLY_RM,TRAINER,TRAIN-013-2,CERT-ASSEMBLY_RM-013,2025-01-01,2027-12-31,VALID,false,Training and Qualification Manager
TEN-COOLIT-SYN-001,SITE-COOLIT-SYN-01,MES,OPERATOR_QUALIFICATION,OPQ-013-3,OPR-013,RESOLVED,2026-09-25T23:59:59-06:00,2026-09-26T08:00:00-06:00,2026-06-29T00:00:00-06:00,,1,,false,ACTIVE,,,VALID,CURRENT,coolit-synthetic-v2.0.0,ALL_SYNTHETIC_CUSTOMERS,ALL_SYNTHETIC_PROGRAMS,ALL_SYNTHETIC_PRODUCTS,SYNTHETIC_PSEUDONYMOUS_WORKFORCE,SNP-COOLIT-20260925-BL,SCN-BASELINE,OPQ-013-3,OPR-013,ASSEMBLY_CDU,SUPERVISED,TRAIN-013-3,CERT-ASSEMBLY_CDU-013,2025-01-01,2027-12-31,VALID,false,Training and Qualification Manager
TEN-COOLIT-SYN-001,SITE-COOLIT-SYN-01,MES,OPERATOR_QUALIFICATION,OPQ-014-1,OPR-014,RESOLVED,2026-09-25T23:59:59-06:00,2026-09-26T08:00:00-06:00,2026-06-29T00:00:00-06:00,,1,,false,ACTIVE,,,VALID,CURRENT,coolit-synthetic-v2.0.0,ALL_SYNTHETIC_CUSTOMERS,ALL_SYNTHETIC_PROGRAMS,ALL_SYNTHETIC_PRODUCTS,SYNTHETIC_PSEUDONYMOUS_WORKFORCE,SNP-COOLIT-20260925-BL,SCN-BASELINE,OPQ-014-1,OPR-014,ASSEMBLY_RM,INDEPENDENT,TRAIN-014-1,CERT-ASSEMBLY_RM-014,2025-01-01,2027-12-31,VALID,false,Training and Qualification Manager
TEN-COOLIT-SYN-001,SITE-COOLIT-SYN-01,MES,OPERATOR_QUALIFICATION,OPQ-014-2,OPR-014,RESOLVED,2026-09-25T23:59:59-06:00,2026-09-26T08:00:00-06:00,2026-06-29T00:00:00-06:00,,1,,false,ACTIVE,,,VALID,CURRENT,coolit-synthetic-v2.0.0,ALL_SYNTHETIC_CUSTOMERS,ALL_SYNTHETIC_PROGRAMS,ALL_SYNTHETIC_PRODUCTS,SYNTHETIC_PSEUDONYMOUS_WORKFORCE,SNP-COOLIT-20260925-BL,SCN-BASELINE,OPQ-014-2,OPR-014,ASSEMBLY_CDU,TRAINER,TRAIN-014-2,CERT-ASSEMBLY_CDU-014,2025-01-01,2027-12-31,VALID,false,Training and Qualification Manager
TEN-COOLIT-SYN-001,SITE-COOLIT-SYN-01,MES,OPERATOR_QUALIFICATION,OPQ-014-3,OPR-014,RESOLVED,2026-09-25T23:59:59-06:00,2026-09-26T08:00:00-06:00,2026-06-29T00:00:00-06:00,,1,,false,ACTIVE,,,VALID,CURRENT,coolit-synthetic-v2.0.0,ALL_SYNTHETIC_CUSTOMERS,ALL_SYNTHETIC_PROGRAMS,ALL_SYNTHETIC_PRODUCTS,SYNTHETIC_PSEUDONYMOUS_WORKFORCE,SNP-COOLIT-20260925-BL,SCN-BASELINE,OPQ-014-3,OPR-014,LEAK_TEST,SUPERVISED,TRAIN-014-3,CERT-LEAK_TEST-014,2025-01-01,2027-12-31,VALID,false,Training and Qualification Manager
TEN-COOLIT-SYN-001,SITE-COOLIT-SYN-01,MES,OPERATOR_QUALIFICATION,OPQ-015-1,OPR-015,RESOLVED,2026-09-25T23:59:59-06:00,2026-09-26T08:00:00-06:00,2026-06-29T00:00:00-06:00,,1,,false,ACTIVE,,,VALID,CURRENT,coolit-synthetic-v2.0.0,ALL_SYNTHETIC_CUSTOMERS,ALL_SYNTHETIC_PROGRAMS,ALL_SYNTHETIC_PRODUCTS,SYNTHETIC_PSEUDONYMOUS_WORKFORCE,SNP-COOLIT-20260925-BL,SCN-BASELINE,OPQ-015-1,OPR-015,ASSEMBLY_CDU,INDEPENDENT,TRAIN-015-1,CERT-ASSEMBLY_CDU-015,2025-01-01,2027-12-31,VALID,false,Training and Qualification Manager
TEN-COOLIT-SYN-001,SITE-COOLIT-SYN-01,MES,OPERATOR_QUALIFICATION,OPQ-015-2,OPR-015,RESOLVED,2026-09-25T23:59:59-06:00,2026-09-26T08:00:00-06:00,2026-06-29T00:00:00-06:00,,1,,false,ACTIVE,,,VALID,CURRENT,coolit-synthetic-v2.0.0,ALL_SYNTHETIC_CUSTOMERS,ALL_SYNTHETIC_PROGRAMS,ALL_SYNTHETIC_PRODUCTS,SYNTHETIC_PSEUDONYMOUS_WORKFORCE,SNP-COOLIT-20260925-BL,SCN-BASELINE,OPQ-015-2,OPR-015,LEAK_TEST,TRAINER,TRAIN-015-2,CERT-LEAK_TEST-015,2025-01-01,2027-12-31,VALID,false,Training and Qualification Manager
TEN-COOLIT-SYN-001,SITE-COOLIT-SYN-01,MES,OPERATOR_QUALIFICATION,OPQ-015-3,OPR-015,RESOLVED,2026-09-25T23:59:59-06:00,2026-09-26T08:00:00-06:00,2026-06-29T00:00:00-06:00,,1,,false,ACTIVE,,,VALID,CURRENT,coolit-synthetic-v2.0.0,ALL_SYNTHETIC_CUSTOMERS,ALL_SYNTHETIC_PROGRAMS,ALL_SYNTHETIC_PRODUCTS,SYNTHETIC_PSEUDONYMOUS_WORKFORCE,SNP-COOLIT-20260925-BL,SCN-BASELINE,OPQ-015-3,OPR-015,FUNCTIONAL_TEST,SUPERVISED,TRAIN-015-3,CERT-FUNCTIONAL_TEST-015,2025-01-01,2027-12-31,VALID,false,Training and Qualification Manager
TEN-COOLIT-SYN-001,SITE-COOLIT-SYN-01,MES,OPERATOR_QUALIFICATION,OPQ-016-1,OPR-016,RESOLVED,2026-09-25T23:59:59-06:00,2026-09-26T08:00:00-06:00,2026-06-29T00:00:00-06:00,,1,,false,ACTIVE,,,VALID,CURRENT,coolit-synthetic-v2.0.0,ALL_SYNTHETIC_CUSTOMERS,ALL_SYNTHETIC_PROGRAMS,ALL_SYNTHETIC_PRODUCTS,SYNTHETIC_PSEUDONYMOUS_WORKFORCE,SNP-COOLIT-20260925-BL,SCN-BASELINE,OPQ-016-1,OPR-016,LEAK_TEST,INDEPENDENT,TRAIN-016-1,CERT-LEAK_TEST-016,2025-01-01,2027-12-31,VALID,false,Training and Qualification Manager
TEN-COOLIT-SYN-001,SITE-COOLIT-SYN-01,MES,OPERATOR_QUALIFICATION,OPQ-016-2,OPR-016,RESOLVED,2026-09-25T23:59:59-06:00,2026-09-26T08:00:00-06:00,2026-06-29T00:00:00-06:00,,1,,false,ACTIVE,,,VALID,CURRENT,coolit-synthetic-v2.0.0,ALL_SYNTHETIC_CUSTOMERS,ALL_SYNTHETIC_PROGRAMS,ALL_SYNTHETIC_PRODUCTS,SYNTHETIC_PSEUDONYMOUS_WORKFORCE,SNP-COOLIT-20260925-BL,SCN-BASELINE,OPQ-016-2,OPR-016,FUNCTIONAL_TEST,TRAINER,TRAIN-016-2,CERT-FUNCTIONAL_TEST-016,2025-01-01,2027-12-31,VALID,false,Training and Qualification Manager
TEN-COOLIT-SYN-001,SITE-COOLIT-SYN-01,MES,OPERATOR_QUALIFICATION,OPQ-016-3,OPR-016,RESOLVED,2026-09-25T23:59:59-06:00,2026-09-26T08:00:00-06:00,2026-06-29T00:00:00-06:00,,1,,false,ACTIVE,,,VALID,CURRENT,coolit-synthetic-v2.0.0,ALL_SYNTHETIC_CUSTOMERS,ALL_SYNTHETIC_PROGRAMS,ALL_SYNTHETIC_PRODUCTS,SYNTHETIC_PSEUDONYMOUS_WORKFORCE,SNP-COOLIT-20260925-BL,SCN-BASELINE,OPQ-016-3,OPR-016,QUALITY_DISPOSITION,SUPERVISED,TRAIN-016-3,CERT-QUALITY_DISPOSITION-016,2025-01-01,2027-12-31,VALID,false,Training and Qualification Manager
TEN-COOLIT-SYN-001,SITE-COOLIT-SYN-01,MES,OPERATOR_QUALIFICATION,OPQ-017-1,OPR-017,RESOLVED,2026-09-25T23:59:59-06:00,2026-09-26T08:00:00-06:00,2026-06-29T00:00:00-06:00,,1,,false,ACTIVE,,,VALID,CURRENT,coolit-synthetic-v2.0.0,ALL_SYNTHETIC_CUSTOMERS,ALL_SYNTHETIC_PROGRAMS,ALL_SYNTHETIC_PRODUCTS,SYNTHETIC_PSEUDONYMOUS_WORKFORCE,SNP-COOLIT-20260925-BL,SCN-BASELINE,OPQ-017-1,OPR-017,FUNCTIONAL_TEST,INDEPENDENT,TRAIN-017-1,CERT-FUNCTIONAL_TEST-017,2025-01-01,2027-12-31,VALID,false,Training and Qualification Manager
TEN-COOLIT-SYN-001,SITE-COOLIT-SYN-01,MES,OPERATOR_QUALIFICATION,OPQ-017-2,OPR-017,RESOLVED,2026-09-25T23:59:59-06:00,2026-09-26T08:00:00-06:00,2026-06-29T00:00:00-06:00,,1,,false,ACTIVE,,,VALID,CURRENT,coolit-synthetic-v2.0.0,ALL_SYNTHETIC_CUSTOMERS,ALL_SYNTHETIC_PROGRAMS,ALL_SYNTHETIC_PRODUCTS,SYNTHETIC_PSEUDONYMOUS_WORKFORCE,SNP-COOLIT-20260925-BL,SCN-BASELINE,OPQ-017-2,OPR-017,QUALITY_DISPOSITION,TRAINER,TRAIN-017-2,CERT-QUALITY_DISPOSITION-017,2025-01-01,2027-12-31,VALID,false,Training and Qualification Manager
TEN-COOLIT-SYN-001,SITE-COOLIT-SYN-01,MES,OPERATOR_QUALIFICATION,OPQ-017-3,OPR-017,RESOLVED,2026-09-25T23:59:59-06:00,2026-09-26T08:00:00-06:00,2026-06-29T00:00:00-06:00,,1,,false,ACTIVE,,,VALID,CURRENT,coolit-synthetic-v2.0.0,ALL_SYNTHETIC_CUSTOMERS,ALL_SYNTHETIC_PROGRAMS,ALL_SYNTHETIC_PRODUCTS,SYNTHETIC_PSEUDONYMOUS_WORKFORCE,SNP-COOLIT-20260925-BL,SCN-BASELINE,OPQ-017-3,OPR-017,ASSEMBLY_CPL,SUPERVISED,TRAIN-017-3,CERT-ASSEMBLY_CPL-017,2025-01-01,2027-12-31,VALID,false,Training and Qualification Manager
TEN-COOLIT-SYN-001,SITE-COOLIT-SYN-01,MES,OPERATOR_QUALIFICATION,OPQ-018-1,OPR-018,RESOLVED,2026-09-25T23:59:59-06:00,2026-09-26T08:00:00-06:00,2026-06-29T00:00:00-06:00,,1,,false,ACTIVE,,,VALID,CURRENT,coolit-synthetic-v2.0.0,ALL_SYNTHETIC_CUSTOMERS,ALL_SYNTHETIC_PROGRAMS,ALL_SYNTHETIC_PRODUCTS,SYNTHETIC_PSEUDONYMOUS_WORKFORCE,SNP-COOLIT-20260925-BL,SCN-BASELINE,OPQ-018-1,OPR-018,QUALITY_DISPOSITION,INDEPENDENT,TRAIN-018-1,CERT-QUALITY_DISPOSITION-018,2025-01-01,2027-12-31,VALID,false,Training and Qualification Manager
TEN-COOLIT-SYN-001,SITE-COOLIT-SYN-01,MES,OPERATOR_QUALIFICATION,OPQ-018-2,OPR-018,RESOLVED,2026-09-25T23:59:59-06:00,2026-09-26T08:00:00-06:00,2026-06-29T00:00:00-06:00,,1,,false,ACTIVE,,,VALID,CURRENT,coolit-synthetic-v2.0.0,ALL_SYNTHETIC_CUSTOMERS,ALL_SYNTHETIC_PROGRAMS,ALL_SYNTHETIC_PRODUCTS,SYNTHETIC_PSEUDONYMOUS_WORKFORCE,SNP-COOLIT-20260925-BL,SCN-BASELINE,OPQ-018-2,OPR-018,ASSEMBLY_CPL,TRAINER,TRAIN-018-2,CERT-ASSEMBLY_CPL-018,2025-01-01,2027-12-31,VALID,false,Training and Qualification Manager
TEN-COOLIT-SYN-001,SITE-COOLIT-SYN-01,MES,OPERATOR_QUALIFICATION,OPQ-018-3,OPR-018,RESOLVED,2026-09-25T23:59:59-06:00,2026-09-26T08:00:00-06:00,2026-06-29T00:00:00-06:00,,1,,false,ACTIVE,,,VALID,CURRENT,coolit-synthetic-v2.0.0,ALL_SYNTHETIC_CUSTOMERS,ALL_SYNTHETIC_PROGRAMS,ALL_SYNTHETIC_PRODUCTS,SYNTHETIC_PSEUDONYMOUS_WORKFORCE,SNP-COOLIT-20260925-BL,SCN-BASELINE,OPQ-018-3,OPR-018,ASSEMBLY_RM,SUPERVISED,TRAIN-018-3,CERT-ASSEMBLY_RM-018,2025-01-01,2027-12-31,VALID,false,Training and Qualification Manager
TEN-COOLIT-SYN-001,SITE-COOLIT-SYN-01,MES,OPERATOR_QUALIFICATION,OPQ-019-1,OPR-019,RESOLVED,2026-09-25T23:59:59-06:00,2026-09-26T08:00:00-06:00,2026-06-29T00:00:00-06:00,,1,,false,ACTIVE,,,VALID,CURRENT,coolit-synthetic-v2.0.0,ALL_SYNTHETIC_CUSTOMERS,ALL_SYNTHETIC_PROGRAMS,ALL_SYNTHETIC_PRODUCTS,SYNTHETIC_PSEUDONYMOUS_WORKFORCE,SNP-COOLIT-20260925-BL,SCN-BASELINE,OPQ-019-1,OPR-019,ASSEMBLY_CPL,INDEPENDENT,TRAIN-019-1,CERT-ASSEMBLY_CPL-019,2025-01-01,2027-12-31,VALID,false,Training and Qualification Manager
TEN-COOLIT-SYN-001,SITE-COOLIT-SYN-01,MES,OPERATOR_QUALIFICATION,OPQ-019-2,OPR-019,RESOLVED,2026-09-25T23:59:59-06:00,2026-09-26T08:00:00-06:00,2026-06-29T00:00:00-06:00,,1,,false,ACTIVE,,,VALID,CURRENT,coolit-synthetic-v2.0.0,ALL_SYNTHETIC_CUSTOMERS,ALL_SYNTHETIC_PROGRAMS,ALL_SYNTHETIC_PRODUCTS,SYNTHETIC_PSEUDONYMOUS_WORKFORCE,SNP-COOLIT-20260925-BL,SCN-BASELINE,OPQ-019-2,OPR-019,ASSEMBLY_RM,TRAINER,TRAIN-019-2,CERT-ASSEMBLY_RM-019,2025-01-01,2027-12-31,VALID,false,Training and Qualification Manager
TEN-COOLIT-SYN-001,SITE-COOLIT-SYN-01,MES,OPERATOR_QUALIFICATION,OPQ-019-3,OPR-019,RESOLVED,2026-09-25T23:59:59-06:00,2026-09-26T08:00:00-06:00,2026-06-29T00:00:00-06:00,,1,,false,ACTIVE,,,VALID,CURRENT,coolit-synthetic-v2.0.0,ALL_SYNTHETIC_CUSTOMERS,ALL_SYNTHETIC_PROGRAMS,ALL_SYNTHETIC_PRODUCTS,SYNTHETIC_PSEUDONYMOUS_WORKFORCE,SNP-COOLIT-20260925-BL,SCN-BASELINE,OPQ-019-3,OPR-019,ASSEMBLY_CDU,SUPERVISED,TRAIN-019-3,CERT-ASSEMBLY_CDU-019,2025-01-01,2027-12-31,VALID,false,Training and Qualification Manager
TEN-COOLIT-SYN-001,SITE-COOLIT-SYN-01,MES,OPERATOR_QUALIFICATION,OPQ-020-1,OPR-020,RESOLVED,2026-09-25T23:59:59-06:00,2026-09-26T08:00:00-06:00,2026-06-29T00:00:00-06:00,,1,,false,ACTIVE,,,VALID,CURRENT,coolit-synthetic-v2.0.0,ALL_SYNTHETIC_CUSTOMERS,ALL_SYNTHETIC_PROGRAMS,ALL_SYNTHETIC_PRODUCTS,SYNTHETIC_PSEUDONYMOUS_WORKFORCE,SNP-COOLIT-20260925-BL,SCN-BASELINE,OPQ-020-1,OPR-020,ASSEMBLY_RM,INDEPENDENT,TRAIN-020-1,CERT-ASSEMBLY_RM-020,2025-01-01,2027-12-31,VALID,false,Training and Qualification Manager
TEN-COOLIT-SYN-001,SITE-COOLIT-SYN-01,MES,OPERATOR_QUALIFICATION,OPQ-020-2,OPR-020,RESOLVED,2026-09-25T23:59:59-06:00,2026-09-26T08:00:00-06:00,2026-06-29T00:00:00-06:00,,1,,false,ACTIVE,,,VALID,CURRENT,coolit-synthetic-v2.0.0,ALL_SYNTHETIC_CUSTOMERS,ALL_SYNTHETIC_PROGRAMS,ALL_SYNTHETIC_PRODUCTS,SYNTHETIC_PSEUDONYMOUS_WORKFORCE,SNP-COOLIT-20260925-BL,SCN-BASELINE,OPQ-020-2,OPR-020,ASSEMBLY_CDU,TRAINER,TRAIN-020-2,CERT-ASSEMBLY_CDU-020,2025-01-01,2027-12-31,VALID,false,Training and Qualification Manager
TEN-COOLIT-SYN-001,SITE-COOLIT-SYN-01,MES,OPERATOR_QUALIFICATION,OPQ-020-3,OPR-020,RESOLVED,2026-09-25T23:59:59-06:00,2026-09-26T08:00:00-06:00,2026-06-29T00:00:00-06:00,,1,,false,ACTIVE,,,VALID,CURRENT,coolit-synthetic-v2.0.0,ALL_SYNTHETIC_CUSTOMERS,ALL_SYNTHETIC_PROGRAMS,ALL_SYNTHETIC_PRODUCTS,SYNTHETIC_PSEUDONYMOUS_WORKFORCE,SNP-COOLIT-20260925-BL,SCN-BASELINE,OPQ-020-3,OPR-020,LEAK_TEST,SUPERVISED,TRAIN-020-3,CERT-LEAK_TEST-020,2025-01-01,2027-12-31,VALID,false,Training and Qualification Manager
TEN-COOLIT-SYN-001,SITE-COOLIT-SYN-01,MES,OPERATOR_QUALIFICATION,OPQ-021-1,OPR-021,RESOLVED,2026-09-25T23:59:59-06:00,2026-09-26T08:00:00-06:00,2026-06-29T00:00:00-06:00,,1,,false,ACTIVE,,,VALID,CURRENT,coolit-synthetic-v2.0.0,ALL_SYNTHETIC_CUSTOMERS,ALL_SYNTHETIC_PROGRAMS,ALL_SYNTHETIC_PRODUCTS,SYNTHETIC_PSEUDONYMOUS_WORKFORCE,SNP-COOLIT-20260925-BL,SCN-BASELINE,OPQ-021-1,OPR-021,ASSEMBLY_CDU,INDEPENDENT,TRAIN-021-1,CERT-ASSEMBLY_CDU-021,2025-01-01,2027-12-31,VALID,false,Training and Qualification Manager
TEN-COOLIT-SYN-001,SITE-COOLIT-SYN-01,MES,OPERATOR_QUALIFICATION,OPQ-021-2,OPR-021,RESOLVED,2026-09-25T23:59:59-06:00,2026-09-26T08:00:00-06:00,2026-06-29T00:00:00-06:00,,1,,false,ACTIVE,,,VALID,CURRENT,coolit-synthetic-v2.0.0,ALL_SYNTHETIC_CUSTOMERS,ALL_SYNTHETIC_PROGRAMS,ALL_SYNTHETIC_PRODUCTS,SYNTHETIC_PSEUDONYMOUS_WORKFORCE,SNP-COOLIT-20260925-BL,SCN-BASELINE,OPQ-021-2,OPR-021,LEAK_TEST,TRAINER,TRAIN-021-2,CERT-LEAK_TEST-021,2025-01-01,2027-12-31,VALID,false,Training and Qualification Manager
TEN-COOLIT-SYN-001,SITE-COOLIT-SYN-01,MES,OPERATOR_QUALIFICATION,OPQ-021-3,OPR-021,RESOLVED,2026-09-25T23:59:59-06:00,2026-09-26T08:00:00-06:00,2026-06-29T00:00:00-06:00,,1,,false,ACTIVE,,,VALID,CURRENT,coolit-synthetic-v2.0.0,ALL_SYNTHETIC_CUSTOMERS,ALL_SYNTHETIC_PROGRAMS,ALL_SYNTHETIC_PRODUCTS,SYNTHETIC_PSEUDONYMOUS_WORKFORCE,SNP-COOLIT-20260925-BL,SCN-BASELINE,OPQ-021-3,OPR-021,FUNCTIONAL_TEST,SUPERVISED,TRAIN-021-3,CERT-FUNCTIONAL_TEST-021,2025-01-01,2027-12-31,VALID,false,Training and Qualification Manager
TEN-COOLIT-SYN-001,SITE-COOLIT-SYN-01,MES,OPERATOR_QUALIFICATION,OPQ-022-1,OPR-022,RESOLVED,2026-09-25T23:59:59-06:00,2026-09-26T08:00:00-06:00,2026-06-29T00:00:00-06:00,,1,,false,ACTIVE,,,VALID,CURRENT,coolit-synthetic-v2.0.0,ALL_SYNTHETIC_CUSTOMERS,ALL_SYNTHETIC_PROGRAMS,ALL_SYNTHETIC_PRODUCTS,SYNTHETIC_PSEUDONYMOUS_WORKFORCE,SNP-COOLIT-20260925-BL,SCN-BASELINE,OPQ-022-1,OPR-022,LEAK_TEST,INDEPENDENT,TRAIN-022-1,CERT-LEAK_TEST-022,2025-01-01,2027-12-31,VALID,false,Training and Qualification Manager
TEN-COOLIT-SYN-001,SITE-COOLIT-SYN-01,MES,OPERATOR_QUALIFICATION,OPQ-022-2,OPR-022,RESOLVED,2026-09-25T23:59:59-06:00,2026-09-26T08:00:00-06:00,2026-06-29T00:00:00-06:00,,1,,false,ACTIVE,,,VALID,CURRENT,coolit-synthetic-v2.0.0,ALL_SYNTHETIC_CUSTOMERS,ALL_SYNTHETIC_PROGRAMS,ALL_SYNTHETIC_PRODUCTS,SYNTHETIC_PSEUDONYMOUS_WORKFORCE,SNP-COOLIT-20260925-BL,SCN-BASELINE,OPQ-022-2,OPR-022,FUNCTIONAL_TEST,TRAINER,TRAIN-022-2,CERT-FUNCTIONAL_TEST-022,2025-01-01,2027-12-31,VALID,false,Training and Qualification Manager
TEN-COOLIT-SYN-001,SITE-COOLIT-SYN-01,MES,OPERATOR_QUALIFICATION,OPQ-022-3,OPR-022,RESOLVED,2026-09-25T23:59:59-06:00,2026-09-26T08:00:00-06:00,2026-06-29T00:00:00-06:00,,1,,false,ACTIVE,,,VALID,CURRENT,coolit-synthetic-v2.0.0,ALL_SYNTHETIC_CUSTOMERS,ALL_SYNTHETIC_PROGRAMS,ALL_SYNTHETIC_PRODUCTS,SYNTHETIC_PSEUDONYMOUS_WORKFORCE,SNP-COOLIT-20260925-BL,SCN-BASELINE,OPQ-022-3,OPR-022,QUALITY_DISPOSITION,SUPERVISED,TRAIN-022-3,CERT-QUALITY_DISPOSITION-022,2025-01-01,2027-12-31,VALID,false,Training and Qualification Manager
TEN-COOLIT-SYN-001,SITE-COOLIT-SYN-01,MES,OPERATOR_QUALIFICATION,OPQ-023-1,OPR-023,RESOLVED,2026-09-25T23:59:59-06:00,2026-09-26T08:00:00-06:00,2026-06-29T00:00:00-06:00,,1,,false,ACTIVE,,,VALID,CURRENT,coolit-synthetic-v2.0.0,ALL_SYNTHETIC_CUSTOMERS,ALL_SYNTHETIC_PROGRAMS,ALL_SYNTHETIC_PRODUCTS,SYNTHETIC_PSEUDONYMOUS_WORKFORCE,SNP-COOLIT-20260925-BL,SCN-BASELINE,OPQ-023-1,OPR-023,FUNCTIONAL_TEST,INDEPENDENT,TRAIN-023-1,CERT-FUNCTIONAL_TEST-023,2025-01-01,2027-12-31,VALID,false,Training and Qualification Manager
TEN-COOLIT-SYN-001,SITE-COOLIT-SYN-01,MES,OPERATOR_QUALIFICATION,OPQ-023-2,OPR-023,RESOLVED,2026-09-25T23:59:59-06:00,2026-09-26T08:00:00-06:00,2026-06-29T00:00:00-06:00,,1,,false,ACTIVE,,,VALID,CURRENT,coolit-synthetic-v2.0.0,ALL_SYNTHETIC_CUSTOMERS,ALL_SYNTHETIC_PROGRAMS,ALL_SYNTHETIC_PRODUCTS,SYNTHETIC_PSEUDONYMOUS_WORKFORCE,SNP-COOLIT-20260925-BL,SCN-BASELINE,OPQ-023-2,OPR-023,QUALITY_DISPOSITION,TRAINER,TRAIN-023-2,CERT-QUALITY_DISPOSITION-023,2025-01-01,2027-12-31,VALID,false,Training and Qualification Manager
TEN-COOLIT-SYN-001,SITE-COOLIT-SYN-01,MES,OPERATOR_QUALIFICATION,OPQ-023-3,OPR-023,RESOLVED,2026-09-25T23:59:59-06:00,2026-09-26T08:00:00-06:00,2026-06-29T00:00:00-06:00,,1,,false,ACTIVE,,,VALID,CURRENT,coolit-synthetic-v2.0.0,ALL_SYNTHETIC_CUSTOMERS,ALL_SYNTHETIC_PROGRAMS,ALL_SYNTHETIC_PRODUCTS,SYNTHETIC_PSEUDONYMOUS_WORKFORCE,SNP-COOLIT-20260925-BL,SCN-BASELINE,OPQ-023-3,OPR-023,ASSEMBLY_CPL,SUPERVISED,TRAIN-023-3,CERT-ASSEMBLY_CPL-023,2025-01-01,2027-12-31,VALID,false,Training and Qualification Manager
TEN-COOLIT-SYN-001,SITE-COOLIT-SYN-01,MES,OPERATOR_QUALIFICATION,OPQ-024-1,OPR-024,RESOLVED,2026-09-25T23:59:59-06:00,2026-09-26T08:00:00-06:00,2026-06-29T00:00:00-06:00,,1,,false,ACTIVE,,,VALID,CURRENT,coolit-synthetic-v2.0.0,ALL_SYNTHETIC_CUSTOMERS,ALL_SYNTHETIC_PROGRAMS,ALL_SYNTHETIC_PRODUCTS,SYNTHETIC_PSEUDONYMOUS_WORKFORCE,SNP-COOLIT-20260925-BL,SCN-BASELINE,OPQ-024-1,OPR-024,QUALITY_DISPOSITION,INDEPENDENT,TRAIN-024-1,CERT-QUALITY_DISPOSITION-024,2025-01-01,2027-12-31,VALID,false,Training and Qualification Manager
TEN-COOLIT-SYN-001,SITE-COOLIT-SYN-01,MES,OPERATOR_QUALIFICATION,OPQ-024-2,OPR-024,RESOLVED,2026-09-25T23:59:59-06:00,2026-09-26T08:00:00-06:00,2026-06-29T00:00:00-06:00,,1,,false,ACTIVE,,,VALID,CURRENT,coolit-synthetic-v2.0.0,ALL_SYNTHETIC_CUSTOMERS,ALL_SYNTHETIC_PROGRAMS,ALL_SYNTHETIC_PRODUCTS,SYNTHETIC_PSEUDONYMOUS_WORKFORCE,SNP-COOLIT-20260925-BL,SCN-BASELINE,OPQ-024-2,OPR-024,ASSEMBLY_CPL,TRAINER,TRAIN-024-2,CERT-ASSEMBLY_CPL-024,2025-01-01,2027-12-31,VALID,false,Training and Qualification Manager
TEN-COOLIT-SYN-001,SITE-COOLIT-SYN-01,MES,OPERATOR_QUALIFICATION,OPQ-024-3,OPR-024,RESOLVED,2026-09-25T23:59:59-06:00,2026-09-26T08:00:00-06:00,2026-06-29T00:00:00-06:00,,1,,false,ACTIVE,,,VALID,CURRENT,coolit-synthetic-v2.0.0,ALL_SYNTHETIC_CUSTOMERS,ALL_SYNTHETIC_PROGRAMS,ALL_SYNTHETIC_PRODUCTS,SYNTHETIC_PSEUDONYMOUS_WORKFORCE,SNP-COOLIT-20260925-BL,SCN-BASELINE,OPQ-024-3,OPR-024,ASSEMBLY_RM,SUPERVISED,TRAIN-024-3,CERT-ASSEMBLY_RM-024,2025-01-01,2027-12-31,VALID,false,Training and Qualification Manager
TEN-COOLIT-SYN-001,SITE-COOLIT-SYN-01,MES,OPERATOR_QUALIFICATION,OPQ-025-1,OPR-025,RESOLVED,2026-09-25T23:59:59-06:00,2026-09-26T08:00:00-06:00,2026-06-29T00:00:00-06:00,,1,,false,ACTIVE,,,VALID,CURRENT,coolit-synthetic-v2.0.0,ALL_SYNTHETIC_CUSTOMERS,ALL_SYNTHETIC_PROGRAMS,ALL_SYNTHETIC_PRODUCTS,SYNTHETIC_PSEUDONYMOUS_WORKFORCE,SNP-COOLIT-20260925-BL,SCN-BASELINE,OPQ-025-1,OPR-025,ASSEMBLY_CPL,INDEPENDENT,TRAIN-025-1,CERT-ASSEMBLY_CPL-025,2025-01-01,2027-12-31,VALID,false,Training and Qualification Manager
TEN-COOLIT-SYN-001,SITE-COOLIT-SYN-01,MES,OPERATOR_QUALIFICATION,OPQ-025-2,OPR-025,RESOLVED,2026-09-25T23:59:59-06:00,2026-09-26T08:00:00-06:00,2026-06-29T00:00:00-06:00,,1,,false,ACTIVE,,,VALID,CURRENT,coolit-synthetic-v2.0.0,ALL_SYNTHETIC_CUSTOMERS,ALL_SYNTHETIC_PROGRAMS,ALL_SYNTHETIC_PRODUCTS,SYNTHETIC_PSEUDONYMOUS_WORKFORCE,SNP-COOLIT-20260925-BL,SCN-BASELINE,OPQ-025-2,OPR-025,ASSEMBLY_RM,TRAINER,TRAIN-025-2,CERT-ASSEMBLY_RM-025,2025-01-01,2027-12-31,VALID,false,Training and Qualification Manager
TEN-COOLIT-SYN-001,SITE-COOLIT-SYN-01,MES,OPERATOR_QUALIFICATION,OPQ-025-3,OPR-025,RESOLVED,2026-09-25T23:59:59-06:00,2026-09-26T08:00:00-06:00,2026-06-29T00:00:00-06:00,,1,,false,ACTIVE,,,VALID,CURRENT,coolit-synthetic-v2.0.0,ALL_SYNTHETIC_CUSTOMERS,ALL_SYNTHETIC_PROGRAMS,ALL_SYNTHETIC_PRODUCTS,SYNTHETIC_PSEUDONYMOUS_WORKFORCE,SNP-COOLIT-20260925-BL,SCN-BASELINE,OPQ-025-3,OPR-025,ASSEMBLY_CDU,SUPERVISED,TRAIN-025-3,CERT-ASSEMBLY_CDU-025,2025-01-01,2027-12-31,VALID,false,Training and Qualification Manager
TEN-COOLIT-SYN-001,SITE-COOLIT-SYN-01,MES,OPERATOR_QUALIFICATION,OPQ-026-1,OPR-026,RESOLVED,2026-09-25T23:59:59-06:00,2026-09-26T08:00:00-06:00,2026-06-29T00:00:00-06:00,,1,,false,ACTIVE,,,VALID,CURRENT,coolit-synthetic-v2.0.0,ALL_SYNTHETIC_CUSTOMERS,ALL_SYNTHETIC_PROGRAMS,ALL_SYNTHETIC_PRODUCTS,SYNTHETIC_PSEUDONYMOUS_WORKFORCE,SNP-COOLIT-20260925-BL,SCN-BASELINE,OPQ-026-1,OPR-026,ASSEMBLY_RM,INDEPENDENT,TRAIN-026-1,CERT-ASSEMBLY_RM-026,2025-01-01,2027-12-31,VALID,false,Training and Qualification Manager
TEN-COOLIT-SYN-001,SITE-COOLIT-SYN-01,MES,OPERATOR_QUALIFICATION,OPQ-026-2,OPR-026,RESOLVED,2026-09-25T23:59:59-06:00,2026-09-26T08:00:00-06:00,2026-06-29T00:00:00-06:00,,1,,false,ACTIVE,,,VALID,CURRENT,coolit-synthetic-v2.0.0,ALL_SYNTHETIC_CUSTOMERS,ALL_SYNTHETIC_PROGRAMS,ALL_SYNTHETIC_PRODUCTS,SYNTHETIC_PSEUDONYMOUS_WORKFORCE,SNP-COOLIT-20260925-BL,SCN-BASELINE,OPQ-026-2,OPR-026,ASSEMBLY_CDU,TRAINER,TRAIN-026-2,CERT-ASSEMBLY_CDU-026,2025-01-01,2027-12-31,VALID,false,Training and Qualification Manager
TEN-COOLIT-SYN-001,SITE-COOLIT-SYN-01,MES,OPERATOR_QUALIFICATION,OPQ-026-3,OPR-026,RESOLVED,2026-09-25T23:59:59-06:00,2026-09-26T08:00:00-06:00,2026-06-29T00:00:00-06:00,,1,,false,ACTIVE,,,VALID,CURRENT,coolit-synthetic-v2.0.0,ALL_SYNTHETIC_CUSTOMERS,ALL_SYNTHETIC_PROGRAMS,ALL_SYNTHETIC_PRODUCTS,SYNTHETIC_PSEUDONYMOUS_WORKFORCE,SNP-COOLIT-20260925-BL,SCN-BASELINE,OPQ-026-3,OPR-026,LEAK_TEST,SUPERVISED,TRAIN-026-3,CERT-LEAK_TEST-026,2025-01-01,2027-12-31,VALID,false,Training and Qualification Manager
TEN-COOLIT-SYN-001,SITE-COOLIT-SYN-01,MES,OPERATOR_QUALIFICATION,OPQ-027-1,OPR-027,RESOLVED,2026-09-25T23:59:59-06:00,2026-09-26T08:00:00-06:00,2026-06-29T00:00:00-06:00,,1,,false,ACTIVE,,,VALID,CURRENT,coolit-synthetic-v2.0.0,ALL_SYNTHETIC_CUSTOMERS,ALL_SYNTHETIC_PROGRAMS,ALL_SYNTHETIC_PRODUCTS,SYNTHETIC_PSEUDONYMOUS_WORKFORCE,SNP-COOLIT-20260925-BL,SCN-BASELINE,OPQ-027-1,OPR-027,ASSEMBLY_CDU,INDEPENDENT,TRAIN-027-1,CERT-ASSEMBLY_CDU-027,2025-01-01,2027-12-31,VALID,false,Training and Qualification Manager
TEN-COOLIT-SYN-001,SITE-COOLIT-SYN-01,MES,OPERATOR_QUALIFICATION,OPQ-027-2,OPR-027,RESOLVED,2026-09-25T23:59:59-06:00,2026-09-26T08:00:00-06:00,2026-06-29T00:00:00-06:00,,1,,false,ACTIVE,,,VALID,CURRENT,coolit-synthetic-v2.0.0,ALL_SYNTHETIC_CUSTOMERS,ALL_SYNTHETIC_PROGRAMS,ALL_SYNTHETIC_PRODUCTS,SYNTHETIC_PSEUDONYMOUS_WORKFORCE,SNP-COOLIT-20260925-BL,SCN-BASELINE,OPQ-027-2,OPR-027,LEAK_TEST,TRAINER,TRAIN-027-2,CERT-LEAK_TEST-027,2025-01-01,2027-12-31,VALID,false,Training and Qualification Manager
TEN-COOLIT-SYN-001,SITE-COOLIT-SYN-01,MES,OPERATOR_QUALIFICATION,OPQ-027-3,OPR-027,RESOLVED,2026-09-25T23:59:59-06:00,2026-09-26T08:00:00-06:00,2026-06-29T00:00:00-06:00,,1,,false,ACTIVE,,,VALID,CURRENT,coolit-synthetic-v2.0.0,ALL_SYNTHETIC_CUSTOMERS,ALL_SYNTHETIC_PROGRAMS,ALL_SYNTHETIC_PRODUCTS,SYNTHETIC_PSEUDONYMOUS_WORKFORCE,SNP-COOLIT-20260925-BL,SCN-BASELINE,OPQ-027-3,OPR-027,FUNCTIONAL_TEST,SUPERVISED,TRAIN-027-3,CERT-FUNCTIONAL_TEST-027,2025-01-01,2027-12-31,VALID,false,Training and Qualification Manager
TEN-COOLIT-SYN-001,SITE-COOLIT-SYN-01,MES,OPERATOR_QUALIFICATION,OPQ-028-1,OPR-028,RESOLVED,2026-09-25T23:59:59-06:00,2026-09-26T08:00:00-06:00,2026-06-29T00:00:00-06:00,,1,,false,ACTIVE,,,VALID,CURRENT,coolit-synthetic-v2.0.0,ALL_SYNTHETIC_CUSTOMERS,ALL_SYNTHETIC_PROGRAMS,ALL_SYNTHETIC_PRODUCTS,SYNTHETIC_PSEUDONYMOUS_WORKFORCE,SNP-COOLIT-20260925-BL,SCN-BASELINE,OPQ-028-1,OPR-028,LEAK_TEST,INDEPENDENT,TRAIN-028-1,CERT-LEAK_TEST-028,2025-01-01,2027-12-31,VALID,false,Training and Qualification Manager
TEN-COOLIT-SYN-001,SITE-COOLIT-SYN-01,MES,OPERATOR_QUALIFICATION,OPQ-028-2,OPR-028,RESOLVED,2026-09-25T23:59:59-06:00,2026-09-26T08:00:00-06:00,2026-06-29T00:00:00-06:00,,1,,false,ACTIVE,,,VALID,CURRENT,coolit-synthetic-v2.0.0,ALL_SYNTHETIC_CUSTOMERS,ALL_SYNTHETIC_PROGRAMS,ALL_SYNTHETIC_PRODUCTS,SYNTHETIC_PSEUDONYMOUS_WORKFORCE,SNP-COOLIT-20260925-BL,SCN-BASELINE,OPQ-028-2,OPR-028,FUNCTIONAL_TEST,TRAINER,TRAIN-028-2,CERT-FUNCTIONAL_TEST-028,2025-01-01,2027-12-31,VALID,false,Training and Qualification Manager
TEN-COOLIT-SYN-001,SITE-COOLIT-SYN-01,MES,OPERATOR_QUALIFICATION,OPQ-028-3,OPR-028,RESOLVED,2026-09-25T23:59:59-06:00,2026-09-26T08:00:00-06:00,2026-06-29T00:00:00-06:00,,1,,false,ACTIVE,,,VALID,CURRENT,coolit-synthetic-v2.0.0,ALL_SYNTHETIC_CUSTOMERS,ALL_SYNTHETIC_PROGRAMS,ALL_SYNTHETIC_PRODUCTS,SYNTHETIC_PSEUDONYMOUS_WORKFORCE,SNP-COOLIT-20260925-BL,SCN-BASELINE,OPQ-028-3,OPR-028,QUALITY_DISPOSITION,SUPERVISED,TRAIN-028-3,CERT-QUALITY_DISPOSITION-028,2025-01-01,2027-12-31,VALID,false,Training and Qualification Manager
TEN-COOLIT-SYN-001,SITE-COOLIT-SYN-01,MES,OPERATOR_QUALIFICATION,OPQ-029-1,OPR-029,RESOLVED,2026-09-25T23:59:59-06:00,2026-09-26T08:00:00-06:00,2026-06-29T00:00:00-06:00,,1,,false,ACTIVE,,,VALID,CURRENT,coolit-synthetic-v2.0.0,ALL_SYNTHETIC_CUSTOMERS,ALL_SYNTHETIC_PROGRAMS,ALL_SYNTHETIC_PRODUCTS,SYNTHETIC_PSEUDONYMOUS_WORKFORCE,SNP-COOLIT-20260925-BL,SCN-BASELINE,OPQ-029-1,OPR-029,FUNCTIONAL_TEST,INDEPENDENT,TRAIN-029-1,CERT-FUNCTIONAL_TEST-029,2025-01-01,2027-12-31,VALID,false,Training and Qualification Manager
TEN-COOLIT-SYN-001,SITE-COOLIT-SYN-01,MES,OPERATOR_QUALIFICATION,OPQ-029-2,OPR-029,RESOLVED,2026-09-25T23:59:59-06:00,2026-09-26T08:00:00-06:00,2026-06-29T00:00:00-06:00,,1,,false,ACTIVE,,,VALID,CURRENT,coolit-synthetic-v2.0.0,ALL_SYNTHETIC_CUSTOMERS,ALL_SYNTHETIC_PROGRAMS,ALL_SYNTHETIC_PRODUCTS,SYNTHETIC_PSEUDONYMOUS_WORKFORCE,SNP-COOLIT-20260925-BL,SCN-BASELINE,OPQ-029-2,OPR-029,QUALITY_DISPOSITION,TRAINER,TRAIN-029-2,CERT-QUALITY_DISPOSITION-029,2025-01-01,2027-12-31,VALID,false,Training and Qualification Manager
TEN-COOLIT-SYN-001,SITE-COOLIT-SYN-01,MES,OPERATOR_QUALIFICATION,OPQ-029-3,OPR-029,RESOLVED,2026-09-25T23:59:59-06:00,2026-09-26T08:00:00-06:00,2026-06-29T00:00:00-06:00,,1,,false,ACTIVE,,,VALID,CURRENT,coolit-synthetic-v2.0.0,ALL_SYNTHETIC_CUSTOMERS,ALL_SYNTHETIC_PROGRAMS,ALL_SYNTHETIC_PRODUCTS,SYNTHETIC_PSEUDONYMOUS_WORKFORCE,SNP-COOLIT-20260925-BL,SCN-BASELINE,OPQ-029-3,OPR-029,ASSEMBLY_CPL,SUPERVISED,TRAIN-029-3,CERT-ASSEMBLY_CPL-029,2025-01-01,2027-12-31,VALID,false,Training and Qualification Manager
TEN-COOLIT-SYN-001,SITE-COOLIT-SYN-01,MES,OPERATOR_QUALIFICATION,OPQ-030-1,OPR-030,RESOLVED,2026-09-25T23:59:59-06:00,2026-09-26T08:00:00-06:00,2026-06-29T00:00:00-06:00,,1,,false,ACTIVE,,,VALID,CURRENT,coolit-synthetic-v2.0.0,ALL_SYNTHETIC_CUSTOMERS,ALL_SYNTHETIC_PROGRAMS,ALL_SYNTHETIC_PRODUCTS,SYNTHETIC_PSEUDONYMOUS_WORKFORCE,SNP-COOLIT-20260925-BL,SCN-BASELINE,OPQ-030-1,OPR-030,QUALITY_DISPOSITION,INDEPENDENT,TRAIN-030-1,CERT-QUALITY_DISPOSITION-030,2025-01-01,2027-12-31,VALID,false,Training and Qualification Manager
TEN-COOLIT-SYN-001,SITE-COOLIT-SYN-01,MES,OPERATOR_QUALIFICATION,OPQ-030-2,OPR-030,RESOLVED,2026-09-25T23:59:59-06:00,2026-09-26T08:00:00-06:00,2026-06-29T00:00:00-06:00,,1,,false,ACTIVE,,,VALID,CURRENT,coolit-synthetic-v2.0.0,ALL_SYNTHETIC_CUSTOMERS,ALL_SYNTHETIC_PROGRAMS,ALL_SYNTHETIC_PRODUCTS,SYNTHETIC_PSEUDONYMOUS_WORKFORCE,SNP-COOLIT-20260925-BL,SCN-BASELINE,OPQ-030-2,OPR-030,ASSEMBLY_CPL,TRAINER,TRAIN-030-2,CERT-ASSEMBLY_CPL-030,2025-01-01,2027-12-31,VALID,false,Training and Qualification Manager
TEN-COOLIT-SYN-001,SITE-COOLIT-SYN-01,MES,OPERATOR_QUALIFICATION,OPQ-030-3,OPR-030,RESOLVED,2026-09-25T23:59:59-06:00,2026-09-26T08:00:00-06:00,2026-06-29T00:00:00-06:00,,1,,false,ACTIVE,,,VALID,CURRENT,coolit-synthetic-v2.0.0,ALL_SYNTHETIC_CUSTOMERS,ALL_SYNTHETIC_PROGRAMS,ALL_SYNTHETIC_PRODUCTS,SYNTHETIC_PSEUDONYMOUS_WORKFORCE,SNP-COOLIT-20260925-BL,SCN-BASELINE,OPQ-030-3,OPR-030,ASSEMBLY_RM,SUPERVISED,TRAIN-030-3,CERT-ASSEMBLY_RM-030,2025-01-01,2027-12-31,VALID,false,Training and Qualification Manager
TEN-COOLIT-SYN-001,SITE-COOLIT-SYN-01,MES,OPERATOR_QUALIFICATION,OPQ-031-1,OPR-031,RESOLVED,2026-09-25T23:59:59-06:00,2026-09-26T08:00:00-06:00,2026-06-29T00:00:00-06:00,,1,,false,ACTIVE,,,VALID,CURRENT,coolit-synthetic-v2.0.0,ALL_SYNTHETIC_CUSTOMERS,ALL_SYNTHETIC_PROGRAMS,ALL_SYNTHETIC_PRODUCTS,SYNTHETIC_PSEUDONYMOUS_WORKFORCE,SNP-COOLIT-20260925-BL,SCN-BASELINE,OPQ-031-1,OPR-031,ASSEMBLY_CPL,INDEPENDENT,TRAIN-031-1,CERT-ASSEMBLY_CPL-031,2025-01-01,2027-12-31,VALID,false,Training and Qualification Manager
TEN-COOLIT-SYN-001,SITE-COOLIT-SYN-01,MES,OPERATOR_QUALIFICATION,OPQ-031-2,OPR-031,RESOLVED,2026-09-25T23:59:59-06:00,2026-09-26T08:00:00-06:00,2026-06-29T00:00:00-06:00,,1,,false,ACTIVE,,,VALID,CURRENT,coolit-synthetic-v2.0.0,ALL_SYNTHETIC_CUSTOMERS,ALL_SYNTHETIC_PROGRAMS,ALL_SYNTHETIC_PRODUCTS,SYNTHETIC_PSEUDONYMOUS_WORKFORCE,SNP-COOLIT-20260925-BL,SCN-BASELINE,OPQ-031-2,OPR-031,ASSEMBLY_RM,TRAINER,TRAIN-031-2,CERT-ASSEMBLY_RM-031,2025-01-01,2027-12-31,VALID,false,Training and Qualification Manager
TEN-COOLIT-SYN-001,SITE-COOLIT-SYN-01,MES,OPERATOR_QUALIFICATION,OPQ-031-3,OPR-031,RESOLVED,2026-09-25T23:59:59-06:00,2026-09-26T08:00:00-06:00,2026-06-29T00:00:00-06:00,,1,,false,ACTIVE,,,VALID,CURRENT,coolit-synthetic-v2.0.0,ALL_SYNTHETIC_CUSTOMERS,ALL_SYNTHETIC_PROGRAMS,ALL_SYNTHETIC_PRODUCTS,SYNTHETIC_PSEUDONYMOUS_WORKFORCE,SNP-COOLIT-20260925-BL,SCN-BASELINE,OPQ-031-3,OPR-031,ASSEMBLY_CDU,SUPERVISED,TRAIN-031-3,CERT-ASSEMBLY_CDU-031,2025-01-01,2027-12-31,VALID,false,Training and Qualification Manager
TEN-COOLIT-SYN-001,SITE-COOLIT-SYN-01,MES,OPERATOR_QUALIFICATION,OPQ-032-1,OPR-032,RESOLVED,2026-09-25T23:59:59-06:00,2026-09-26T08:00:00-06:00,2026-06-29T00:00:00-06:00,,1,,false,ACTIVE,,,VALID,CURRENT,coolit-synthetic-v2.0.0,ALL_SYNTHETIC_CUSTOMERS,ALL_SYNTHETIC_PROGRAMS,ALL_SYNTHETIC_PRODUCTS,SYNTHETIC_PSEUDONYMOUS_WORKFORCE,SNP-COOLIT-20260925-BL,SCN-BASELINE,OPQ-032-1,OPR-032,ASSEMBLY_RM,INDEPENDENT,TRAIN-032-1,CERT-ASSEMBLY_RM-032,2025-01-01,2027-12-31,VALID,false,Training and Qualification Manager
TEN-COOLIT-SYN-001,SITE-COOLIT-SYN-01,MES,OPERATOR_QUALIFICATION,OPQ-032-2,OPR-032,RESOLVED,2026-09-25T23:59:59-06:00,2026-09-26T08:00:00-06:00,2026-06-29T00:00:00-06:00,,1,,false,ACTIVE,,,VALID,CURRENT,coolit-synthetic-v2.0.0,ALL_SYNTHETIC_CUSTOMERS,ALL_SYNTHETIC_PROGRAMS,ALL_SYNTHETIC_PRODUCTS,SYNTHETIC_PSEUDONYMOUS_WORKFORCE,SNP-COOLIT-20260925-BL,SCN-BASELINE,OPQ-032-2,OPR-032,ASSEMBLY_CDU,TRAINER,TRAIN-032-2,CERT-ASSEMBLY_CDU-032,2025-01-01,2027-12-31,VALID,false,Training and Qualification Manager
TEN-COOLIT-SYN-001,SITE-COOLIT-SYN-01,MES,OPERATOR_QUALIFICATION,OPQ-032-3,OPR-032,RESOLVED,2026-09-25T23:59:59-06:00,2026-09-26T08:00:00-06:00,2026-06-29T00:00:00-06:00,,1,,false,ACTIVE,,,VALID,CURRENT,coolit-synthetic-v2.0.0,ALL_SYNTHETIC_CUSTOMERS,ALL_SYNTHETIC_PROGRAMS,ALL_SYNTHETIC_PRODUCTS,SYNTHETIC_PSEUDONYMOUS_WORKFORCE,SNP-COOLIT-20260925-BL,SCN-BASELINE,OPQ-032-3,OPR-032,LEAK_TEST,SUPERVISED,TRAIN-032-3,CERT-LEAK_TEST-032,2025-01-01,2027-12-31,VALID,false,Training and Qualification Manager
TEN-COOLIT-SYN-001,SITE-COOLIT-SYN-01,MES,OPERATOR_QUALIFICATION,OPQ-033-1,OPR-033,RESOLVED,2026-09-25T23:59:59-06:00,2026-09-26T08:00:00-06:00,2026-06-29T00:00:00-06:00,,1,,false,ACTIVE,,,VALID,CURRENT,coolit-synthetic-v2.0.0,ALL_SYNTHETIC_CUSTOMERS,ALL_SYNTHETIC_PROGRAMS,ALL_SYNTHETIC_PRODUCTS,SYNTHETIC_PSEUDONYMOUS_WORKFORCE,SNP-COOLIT-20260925-BL,SCN-BASELINE,OPQ-033-1,OPR-033,ASSEMBLY_CDU,INDEPENDENT,TRAIN-033-1,CERT-ASSEMBLY_CDU-033,2025-01-01,2027-12-31,VALID,false,Training and Qualification Manager
TEN-COOLIT-SYN-001,SITE-COOLIT-SYN-01,MES,OPERATOR_QUALIFICATION,OPQ-033-2,OPR-033,RESOLVED,2026-09-25T23:59:59-06:00,2026-09-26T08:00:00-06:00,2026-06-29T00:00:00-06:00,,1,,false,ACTIVE,,,VALID,CURRENT,coolit-synthetic-v2.0.0,ALL_SYNTHETIC_CUSTOMERS,ALL_SYNTHETIC_PROGRAMS,ALL_SYNTHETIC_PRODUCTS,SYNTHETIC_PSEUDONYMOUS_WORKFORCE,SNP-COOLIT-20260925-BL,SCN-BASELINE,OPQ-033-2,OPR-033,LEAK_TEST,TRAINER,TRAIN-033-2,CERT-LEAK_TEST-033,2025-01-01,2027-12-31,VALID,false,Training and Qualification Manager
TEN-COOLIT-SYN-001,SITE-COOLIT-SYN-01,MES,OPERATOR_QUALIFICATION,OPQ-033-3,OPR-033,RESOLVED,2026-09-25T23:59:59-06:00,2026-09-26T08:00:00-06:00,2026-06-29T00:00:00-06:00,,1,,false,ACTIVE,,,VALID,CURRENT,coolit-synthetic-v2.0.0,ALL_SYNTHETIC_CUSTOMERS,ALL_SYNTHETIC_PROGRAMS,ALL_SYNTHETIC_PRODUCTS,SYNTHETIC_PSEUDONYMOUS_WORKFORCE,SNP-COOLIT-20260925-BL,SCN-BASELINE,OPQ-033-3,OPR-033,FUNCTIONAL_TEST,SUPERVISED,TRAIN-033-3,CERT-FUNCTIONAL_TEST-033,2025-01-01,2027-12-31,VALID,false,Training and Qualification Manager
TEN-COOLIT-SYN-001,SITE-COOLIT-SYN-01,MES,OPERATOR_QUALIFICATION,OPQ-034-1,OPR-034,RESOLVED,2026-09-25T23:59:59-06:00,2026-09-26T08:00:00-06:00,2026-06-29T00:00:00-06:00,,1,,false,ACTIVE,,,VALID,CURRENT,coolit-synthetic-v2.0.0,ALL_SYNTHETIC_CUSTOMERS,ALL_SYNTHETIC_PROGRAMS,ALL_SYNTHETIC_PRODUCTS,SYNTHETIC_PSEUDONYMOUS_WORKFORCE,SNP-COOLIT-20260925-BL,SCN-BASELINE,OPQ-034-1,OPR-034,LEAK_TEST,INDEPENDENT,TRAIN-034-1,CERT-LEAK_TEST-034,2025-01-01,2027-12-31,VALID,false,Training and Qualification Manager
TEN-COOLIT-SYN-001,SITE-COOLIT-SYN-01,MES,OPERATOR_QUALIFICATION,OPQ-034-2,OPR-034,RESOLVED,2026-09-25T23:59:59-06:00,2026-09-26T08:00:00-06:00,2026-06-29T00:00:00-06:00,,1,,false,ACTIVE,,,VALID,CURRENT,coolit-synthetic-v2.0.0,ALL_SYNTHETIC_CUSTOMERS,ALL_SYNTHETIC_PROGRAMS,ALL_SYNTHETIC_PRODUCTS,SYNTHETIC_PSEUDONYMOUS_WORKFORCE,SNP-COOLIT-20260925-BL,SCN-BASELINE,OPQ-034-2,OPR-034,FUNCTIONAL_TEST,TRAINER,TRAIN-034-2,CERT-FUNCTIONAL_TEST-034,2025-01-01,2027-12-31,VALID,false,Training and Qualification Manager
TEN-COOLIT-SYN-001,SITE-COOLIT-SYN-01,MES,OPERATOR_QUALIFICATION,OPQ-034-3,OPR-034,RESOLVED,2026-09-25T23:59:59-06:00,2026-09-26T08:00:00-06:00,2026-06-29T00:00:00-06:00,,1,,false,ACTIVE,,,VALID,CURRENT,coolit-synthetic-v2.0.0,ALL_SYNTHETIC_CUSTOMERS,ALL_SYNTHETIC_PROGRAMS,ALL_SYNTHETIC_PRODUCTS,SYNTHETIC_PSEUDONYMOUS_WORKFORCE,SNP-COOLIT-20260925-BL,SCN-BASELINE,OPQ-034-3,OPR-034,QUALITY_DISPOSITION,SUPERVISED,TRAIN-034-3,CERT-QUALITY_DISPOSITION-034,2025-01-01,2027-12-31,VALID,false,Training and Qualification Manager
TEN-COOLIT-SYN-001,SITE-COOLIT-SYN-01,MES,OPERATOR_QUALIFICATION,OPQ-035-1,OPR-035,RESOLVED,2026-09-25T23:59:59-06:00,2026-09-26T08:00:00-06:00,2026-06-29T00:00:00-06:00,,1,,false,ACTIVE,,,VALID,CURRENT,coolit-synthetic-v2.0.0,ALL_SYNTHETIC_CUSTOMERS,ALL_SYNTHETIC_PROGRAMS,ALL_SYNTHETIC_PRODUCTS,SYNTHETIC_PSEUDONYMOUS_WORKFORCE,SNP-COOLIT-20260925-BL,SCN-BASELINE,OPQ-035-1,OPR-035,FUNCTIONAL_TEST,INDEPENDENT,TRAIN-035-1,CERT-FUNCTIONAL_TEST-035,2025-01-01,2027-12-31,VALID,false,Training and Qualification Manager
TEN-COOLIT-SYN-001,SITE-COOLIT-SYN-01,MES,OPERATOR_QUALIFICATION,OPQ-035-2,OPR-035,RESOLVED,2026-09-25T23:59:59-06:00,2026-09-26T08:00:00-06:00,2026-06-29T00:00:00-06:00,,1,,false,ACTIVE,,,VALID,CURRENT,coolit-synthetic-v2.0.0,ALL_SYNTHETIC_CUSTOMERS,ALL_SYNTHETIC_PROGRAMS,ALL_SYNTHETIC_PRODUCTS,SYNTHETIC_PSEUDONYMOUS_WORKFORCE,SNP-COOLIT-20260925-BL,SCN-BASELINE,OPQ-035-2,OPR-035,QUALITY_DISPOSITION,TRAINER,TRAIN-035-2,CERT-QUALITY_DISPOSITION-035,2025-01-01,2027-12-31,VALID,false,Training and Qualification Manager
TEN-COOLIT-SYN-001,SITE-COOLIT-SYN-01,MES,OPERATOR_QUALIFICATION,OPQ-035-3,OPR-035,RESOLVED,2026-09-25T23:59:59-06:00,2026-09-26T08:00:00-06:00,2026-06-29T00:00:00-06:00,,1,,false,ACTIVE,,,VALID,CURRENT,coolit-synthetic-v2.0.0,ALL_SYNTHETIC_CUSTOMERS,ALL_SYNTHETIC_PROGRAMS,ALL_SYNTHETIC_PRODUCTS,SYNTHETIC_PSEUDONYMOUS_WORKFORCE,SNP-COOLIT-20260925-BL,SCN-BASELINE,OPQ-035-3,OPR-035,ASSEMBLY_CPL,SUPERVISED,TRAIN-035-3,CERT-ASSEMBLY_CPL-035,2025-01-01,2027-12-31,VALID,false,Training and Qualification Manager
TEN-COOLIT-SYN-001,SITE-COOLIT-SYN-01,MES,OPERATOR_QUALIFICATION,OPQ-036-1,OPR-036,RESOLVED,2026-09-25T23:59:59-06:00,2026-09-26T08:00:00-06:00,2026-06-29T00:00:00-06:00,,1,,false,ACTIVE,,,VALID,CURRENT,coolit-synthetic-v2.0.0,ALL_SYNTHETIC_CUSTOMERS,ALL_SYNTHETIC_PROGRAMS,ALL_SYNTHETIC_PRODUCTS,SYNTHETIC_PSEUDONYMOUS_WORKFORCE,SNP-COOLIT-20260925-BL,SCN-BASELINE,OPQ-036-1,OPR-036,QUALITY_DISPOSITION,INDEPENDENT,TRAIN-036-1,CERT-QUALITY_DISPOSITION-036,2025-01-01,2027-12-31,VALID,false,Training and Qualification Manager
TEN-COOLIT-SYN-001,SITE-COOLIT-SYN-01,MES,OPERATOR_QUALIFICATION,OPQ-036-2,OPR-036,RESOLVED,2026-09-25T23:59:59-06:00,2026-09-26T08:00:00-06:00,2026-06-29T00:00:00-06:00,,1,,false,ACTIVE,,,VALID,CURRENT,coolit-synthetic-v2.0.0,ALL_SYNTHETIC_CUSTOMERS,ALL_SYNTHETIC_PROGRAMS,ALL_SYNTHETIC_PRODUCTS,SYNTHETIC_PSEUDONYMOUS_WORKFORCE,SNP-COOLIT-20260925-BL,SCN-BASELINE,OPQ-036-2,OPR-036,ASSEMBLY_CPL,TRAINER,TRAIN-036-2,CERT-ASSEMBLY_CPL-036,2025-01-01,2027-12-31,VALID,false,Training and Qualification Manager
TEN-COOLIT-SYN-001,SITE-COOLIT-SYN-01,MES,OPERATOR_QUALIFICATION,OPQ-036-3,OPR-036,RESOLVED,2026-09-25T23:59:59-06:00,2026-09-26T08:00:00-06:00,2026-06-29T00:00:00-06:00,,1,,false,ACTIVE,,,VALID,CURRENT,coolit-synthetic-v2.0.0,ALL_SYNTHETIC_CUSTOMERS,ALL_SYNTHETIC_PROGRAMS,ALL_SYNTHETIC_PRODUCTS,SYNTHETIC_PSEUDONYMOUS_WORKFORCE,SNP-COOLIT-20260925-BL,SCN-BASELINE,OPQ-036-3,OPR-036,ASSEMBLY_RM,SUPERVISED,TRAIN-036-3,CERT-ASSEMBLY_RM-036,2025-01-01,2027-12-31,VALID,false,Training and Qualification Manager
