tenant_id,site_id,source_system,source_object,source_record_id,canonical_id,crosswalk_status,source_event_at,ingested_at,effective_from,effective_to,record_version,supersedes_source_record_id,is_deleted,semantic_status,uom,currency,data_quality_state,freshness_state,transformation_version,customer_scope,program_scope,product_scope,sensitivity_class,snapshot_id,scenario_id,reaction_task_id,spc_signal_id,task_sequence,task_type,owner_role,due_at,completed_at,completion_evidence,disposition_state
TEN-COOLIT-SYN-001,SITE-COOLIT-SYN-01,QMS,REACTION_TASK,REACT-00001,SIG-0001,RESOLVED,2026-09-25T23:59:59-06:00,2026-09-26T08:00:00-06:00,2026-06-29T00:00:00-06:00,,1,,false,COMPLETE,,,VALID,CURRENT,coolit-synthetic-v2.0.0,ALL_SYNTHETIC_CUSTOMERS,ALL_SYNTHETIC_PROGRAMS,ALL_SYNTHETIC_PRODUCTS,SYNTHETIC_INTERNAL,SNP-COOLIT-20260925-BL,SCN-BASELINE,REACT-00001,SIG-0001,1,CONTAIN,Quality Technician,2024-10-05T16:00:00-06:00,2024-10-05T15:00:00-06:00,synthetic://reaction/REACT-00001,COMPLETE
TEN-COOLIT-SYN-001,SITE-COOLIT-SYN-01,QMS,REACTION_TASK,REACT-00002,SIG-0001,RESOLVED,2026-09-25T23:59:59-06:00,2026-09-26T08:00:00-06:00,2026-06-29T00:00:00-06:00,,1,,false,COMPLETE,,,VALID,CURRENT,coolit-synthetic-v2.0.0,ALL_SYNTHETIC_CUSTOMERS,ALL_SYNTHETIC_PROGRAMS,ALL_SYNTHETIC_PRODUCTS,SYNTHETIC_INTERNAL,SNP-COOLIT-20260925-BL,SCN-BASELINE,REACT-00002,SIG-0001,2,INVESTIGATE,Process Engineer,2024-10-06T16:00:00-06:00,2024-10-06T15:00:00-06:00,synthetic://reaction/REACT-00002,COMPLETE
TEN-COOLIT-SYN-001,SITE-COOLIT-SYN-01,QMS,REACTION_TASK,REACT-00003,SIG-0001,RESOLVED,2026-09-25T23:59:59-06:00,2026-09-26T08:00:00-06:00,2026-06-29T00:00:00-06:00,,1,,false,COMPLETE,,,VALID,CURRENT,coolit-synthetic-v2.0.0,ALL_SYNTHETIC_CUSTOMERS,ALL_SYNTHETIC_PROGRAMS,ALL_SYNTHETIC_PRODUCTS,SYNTHETIC_INTERNAL,SNP-COOLIT-20260925-BL,SCN-BASELINE,REACT-00003,SIG-0001,3,ADJUST,Maintenance Technician,2024-10-07T16:00:00-06:00,2024-10-07T15:00:00-06:00,synthetic://reaction/REACT-00003,COMPLETE
TEN-COOLIT-SYN-001,SITE-COOLIT-SYN-01,QMS,REACTION_TASK,REACT-00004,SIG-0001,RESOLVED,2026-09-25T23:59:59-06:00,2026-09-26T08:00:00-06:00,2026-06-29T00:00:00-06:00,,1,,false,COMPLETE,,,VALID,CURRENT,coolit-synthetic-v2.0.0,ALL_SYNTHETIC_CUSTOMERS,ALL_SYNTHETIC_PROGRAMS,ALL_SYNTHETIC_PRODUCTS,SYNTHETIC_INTERNAL,SNP-COOLIT-20260925-BL,SCN-BASELINE,REACT-00004,SIG-0001,4,VERIFY,Quality Engineer,2024-10-08T16:00:00-06:00,2024-10-08T15:00:00-06:00,synthetic://reaction/REACT-00004,COMPLETE
TEN-COOLIT-SYN-001,SITE-COOLIT-SYN-01,QMS,REACTION_TASK,REACT-00005,SIG-0002,RESOLVED,2026-09-25T23:59:59-06:00,2026-09-26T08:00:00-06:00,2026-06-29T00:00:00-06:00,,1,,false,COMPLETE,,,VALID,CURRENT,coolit-synthetic-v2.0.0,ALL_SYNTHETIC_CUSTOMERS,ALL_SYNTHETIC_PROGRAMS,ALL_SYNTHETIC_PRODUCTS,SYNTHETIC_INTERNAL,SNP-COOLIT-20260925-BL,SCN-BASELINE,REACT-00005,SIG-0002,1,CONTAIN,Quality Technician,2024-10-26T16:00:00-06:00,2024-10-26T15:00:00-06:00,synthetic://reaction/REACT-00005,COMPLETE
TEN-COOLIT-SYN-001,SITE-COOLIT-SYN-01,QMS,REACTION_TASK,REACT-00006,SIG-0002,RESOLVED,2026-09-25T23:59:59-06:00,2026-09-26T08:00:00-06:00,2026-06-29T00:00:00-06:00,,1,,false,COMPLETE,,,VALID,CURRENT,coolit-synthetic-v2.0.0,ALL_SYNTHETIC_CUSTOMERS,ALL_SYNTHETIC_PROGRAMS,ALL_SYNTHETIC_PRODUCTS,SYNTHETIC_INTERNAL,SNP-COOLIT-20260925-BL,SCN-BASELINE,REACT-00006,SIG-0002,2,INVESTIGATE,Process Engineer,2024-10-27T16:00:00-06:00,2024-10-27T15:00:00-06:00,synthetic://reaction/REACT-00006,COMPLETE
TEN-COOLIT-SYN-001,SITE-COOLIT-SYN-01,QMS,REACTION_TASK,REACT-00007,SIG-0002,RESOLVED,2026-09-25T23:59:59-06:00,2026-09-26T08:00:00-06:00,2026-06-29T00:00:00-06:00,,1,,false,COMPLETE,,,VALID,CURRENT,coolit-synthetic-v2.0.0,ALL_SYNTHETIC_CUSTOMERS,ALL_SYNTHETIC_PROGRAMS,ALL_SYNTHETIC_PRODUCTS,SYNTHETIC_INTERNAL,SNP-COOLIT-20260925-BL,SCN-BASELINE,REACT-00007,SIG-0002,3,ADJUST,Maintenance Technician,2024-10-28T16:00:00-06:00,2024-10-28T15:00:00-06:00,synthetic://reaction/REACT-00007,COMPLETE
TEN-COOLIT-SYN-001,SITE-COOLIT-SYN-01,QMS,REACTION_TASK,REACT-00008,SIG-0002,RESOLVED,2026-09-25T23:59:59-06:00,2026-09-26T08:00:00-06:00,2026-06-29T00:00:00-06:00,,1,,false,COMPLETE,,,VALID,CURRENT,coolit-synthetic-v2.0.0,ALL_SYNTHETIC_CUSTOMERS,ALL_SYNTHETIC_PROGRAMS,ALL_SYNTHETIC_PRODUCTS,SYNTHETIC_INTERNAL,SNP-COOLIT-20260925-BL,SCN-BASELINE,REACT-00008,SIG-0002,4,VERIFY,Quality Engineer,2024-10-29T16:00:00-06:00,2024-10-29T15:00:00-06:00,synthetic://reaction/REACT-00008,COMPLETE
TEN-COOLIT-SYN-001,SITE-COOLIT-SYN-01,QMS,REACTION_TASK,REACT-00009,SIG-0003,RESOLVED,2026-09-25T23:59:59-06:00,2026-09-26T08:00:00-06:00,2026-06-29T00:00:00-06:00,,1,,false,COMPLETE,,,VALID,CURRENT,coolit-synthetic-v2.0.0,ALL_SYNTHETIC_CUSTOMERS,ALL_SYNTHETIC_PROGRAMS,ALL_SYNTHETIC_PRODUCTS,SYNTHETIC_INTERNAL,SNP-COOLIT-20260925-BL,SCN-BASELINE,REACT-00009,SIG-0003,1,CONTAIN,Quality Technician,2024-11-02T16:00:00-06:00,2024-11-02T15:00:00-06:00,synthetic://reaction/REACT-00009,COMPLETE
TEN-COOLIT-SYN-001,SITE-COOLIT-SYN-01,QMS,REACTION_TASK,REACT-00010,SIG-0003,RESOLVED,2026-09-25T23:59:59-06:00,2026-09-26T08:00:00-06:00,2026-06-29T00:00:00-06:00,,1,,false,COMPLETE,,,VALID,CURRENT,coolit-synthetic-v2.0.0,ALL_SYNTHETIC_CUSTOMERS,ALL_SYNTHETIC_PROGRAMS,ALL_SYNTHETIC_PRODUCTS,SYNTHETIC_INTERNAL,SNP-COOLIT-20260925-BL,SCN-BASELINE,REACT-00010,SIG-0003,2,INVESTIGATE,Process Engineer,2024-11-03T16:00:00-06:00,2024-11-03T15:00:00-06:00,synthetic://reaction/REACT-00010,COMPLETE
TEN-COOLIT-SYN-001,SITE-COOLIT-SYN-01,QMS,REACTION_TASK,REACT-00011,SIG-0003,RESOLVED,2026-09-25T23:59:59-06:00,2026-09-26T08:00:00-06:00,2026-06-29T00:00:00-06:00,,1,,false,COMPLETE,,,VALID,CURRENT,coolit-synthetic-v2.0.0,ALL_SYNTHETIC_CUSTOMERS,ALL_SYNTHETIC_PROGRAMS,ALL_SYNTHETIC_PRODUCTS,SYNTHETIC_INTERNAL,SNP-COOLIT-20260925-BL,SCN-BASELINE,REACT-00011,SIG-0003,3,ADJUST,Maintenance Technician,2024-11-04T16:00:00-06:00,2024-11-04T15:00:00-06:00,synthetic://reaction/REACT-00011,COMPLETE
TEN-COOLIT-SYN-001,SITE-COOLIT-SYN-01,QMS,REACTION_TASK,REACT-00012,SIG-0003,RESOLVED,2026-09-25T23:59:59-06:00,2026-09-26T08:00:00-06:00,2026-06-29T00:00:00-06:00,,1,,false,COMPLETE,,,VALID,CURRENT,coolit-synthetic-v2.0.0,ALL_SYNTHETIC_CUSTOMERS,ALL_SYNTHETIC_PROGRAMS,ALL_SYNTHETIC_PRODUCTS,SYNTHETIC_INTERNAL,SNP-COOLIT-20260925-BL,SCN-BASELINE,REACT-00012,SIG-0003,4,VERIFY,Quality Engineer,2024-11-05T16:00:00-06:00,2024-11-05T15:00:00-06:00,synthetic://reaction/REACT-00012,COMPLETE
TEN-COOLIT-SYN-001,SITE-COOLIT-SYN-01,QMS,REACTION_TASK,REACT-00013,SIG-0004,RESOLVED,2026-09-25T23:59:59-06:00,2026-09-26T08:00:00-06:00,2026-06-29T00:00:00-06:00,,1,,false,COMPLETE,,,VALID,CURRENT,coolit-synthetic-v2.0.0,ALL_SYNTHETIC_CUSTOMERS,ALL_SYNTHETIC_PROGRAMS,ALL_SYNTHETIC_PRODUCTS,SYNTHETIC_INTERNAL,SNP-COOLIT-20260925-BL,SCN-BASELINE,REACT-00013,SIG-0004,1,CONTAIN,Quality Technician,2024-11-23T16:00:00-06:00,2024-11-23T15:00:00-06:00,synthetic://reaction/REACT-00013,COMPLETE
TEN-COOLIT-SYN-001,SITE-COOLIT-SYN-01,QMS,REACTION_TASK,REACT-00014,SIG-0004,RESOLVED,2026-09-25T23:59:59-06:00,2026-09-26T08:00:00-06:00,2026-06-29T00:00:00-06:00,,1,,false,COMPLETE,,,VALID,CURRENT,coolit-synthetic-v2.0.0,ALL_SYNTHETIC_CUSTOMERS,ALL_SYNTHETIC_PROGRAMS,ALL_SYNTHETIC_PRODUCTS,SYNTHETIC_INTERNAL,SNP-COOLIT-20260925-BL,SCN-BASELINE,REACT-00014,SIG-0004,2,INVESTIGATE,Process Engineer,2024-11-24T16:00:00-06:00,2024-11-24T15:00:00-06:00,synthetic://reaction/REACT-00014,COMPLETE
TEN-COOLIT-SYN-001,SITE-COOLIT-SYN-01,QMS,REACTION_TASK,REACT-00015,SIG-0004,RESOLVED,2026-09-25T23:59:59-06:00,2026-09-26T08:00:00-06:00,2026-06-29T00:00:00-06:00,,1,,false,COMPLETE,,,VALID,CURRENT,coolit-synthetic-v2.0.0,ALL_SYNTHETIC_CUSTOMERS,ALL_SYNTHETIC_PROGRAMS,ALL_SYNTHETIC_PRODUCTS,SYNTHETIC_INTERNAL,SNP-COOLIT-20260925-BL,SCN-BASELINE,REACT-00015,SIG-0004,3,ADJUST,Maintenance Technician,2024-11-25T16:00:00-06:00,2024-11-25T15:00:00-06:00,synthetic://reaction/REACT-00015,COMPLETE
TEN-COOLIT-SYN-001,SITE-COOLIT-SYN-01,QMS,REACTION_TASK,REACT-00016,SIG-0004,RESOLVED,2026-09-25T23:59:59-06:00,2026-09-26T08:00:00-06:00,2026-06-29T00:00:00-06:00,,1,,false,COMPLETE,,,VALID,CURRENT,coolit-synthetic-v2.0.0,ALL_SYNTHETIC_CUSTOMERS,ALL_SYNTHETIC_PROGRAMS,ALL_SYNTHETIC_PRODUCTS,SYNTHETIC_INTERNAL,SNP-COOLIT-20260925-BL,SCN-BASELINE,REACT-00016,SIG-0004,4,VERIFY,Quality Engineer,2024-11-26T16:00:00-06:00,2024-11-26T15:00:00-06:00,synthetic://reaction/REACT-00016,COMPLETE
TEN-COOLIT-SYN-001,SITE-COOLIT-SYN-01,QMS,REACTION_TASK,REACT-00017,SIG-0005,RESOLVED,2026-09-25T23:59:59-06:00,2026-09-26T08:00:00-06:00,2026-06-29T00:00:00-06:00,,1,,false,COMPLETE,,,VALID,CURRENT,coolit-synthetic-v2.0.0,ALL_SYNTHETIC_CUSTOMERS,ALL_SYNTHETIC_PROGRAMS,ALL_SYNTHETIC_PRODUCTS,SYNTHETIC_INTERNAL,SNP-COOLIT-20260925-BL,SCN-BASELINE,REACT-00017,SIG-0005,1,CONTAIN,Quality Technician,2024-11-30T16:00:00-06:00,2024-11-30T15:00:00-06:00,synthetic://reaction/REACT-00017,COMPLETE
TEN-COOLIT-SYN-001,SITE-COOLIT-SYN-01,QMS,REACTION_TASK,REACT-00018,SIG-0005,RESOLVED,2026-09-25T23:59:59-06:00,2026-09-26T08:00:00-06:00,2026-06-29T00:00:00-06:00,,1,,false,COMPLETE,,,VALID,CURRENT,coolit-synthetic-v2.0.0,ALL_SYNTHETIC_CUSTOMERS,ALL_SYNTHETIC_PROGRAMS,ALL_SYNTHETIC_PRODUCTS,SYNTHETIC_INTERNAL,SNP-COOLIT-20260925-BL,SCN-BASELINE,REACT-00018,SIG-0005,2,INVESTIGATE,Process Engineer,2024-12-01T16:00:00-06:00,2024-12-01T15:00:00-06:00,synthetic://reaction/REACT-00018,COMPLETE
TEN-COOLIT-SYN-001,SITE-COOLIT-SYN-01,QMS,REACTION_TASK,REACT-00019,SIG-0005,RESOLVED,2026-09-25T23:59:59-06:00,2026-09-26T08:00:00-06:00,2026-06-29T00:00:00-06:00,,1,,false,COMPLETE,,,VALID,CURRENT,coolit-synthetic-v2.0.0,ALL_SYNTHETIC_CUSTOMERS,ALL_SYNTHETIC_PROGRAMS,ALL_SYNTHETIC_PRODUCTS,SYNTHETIC_INTERNAL,SNP-COOLIT-20260925-BL,SCN-BASELINE,REACT-00019,SIG-0005,3,ADJUST,Maintenance Technician,2024-12-02T16:00:00-06:00,2024-12-02T15:00:00-06:00,synthetic://reaction/REACT-00019,COMPLETE
TEN-COOLIT-SYN-001,SITE-COOLIT-SYN-01,QMS,REACTION_TASK,REACT-00020,SIG-0005,RESOLVED,2026-09-25T23:59:59-06:00,2026-09-26T08:00:00-06:00,2026-06-29T00:00:00-06:00,,1,,false,COMPLETE,,,VALID,CURRENT,coolit-synthetic-v2.0.0,ALL_SYNTHETIC_CUSTOMERS,ALL_SYNTHETIC_PROGRAMS,ALL_SYNTHETIC_PRODUCTS,SYNTHETIC_INTERNAL,SNP-COOLIT-20260925-BL,SCN-BASELINE,REACT-00020,SIG-0005,4,VERIFY,Quality Engineer,2024-12-03T16:00:00-06:00,2024-12-03T15:00:00-06:00,synthetic://reaction/REACT-00020,COMPLETE
TEN-COOLIT-SYN-001,SITE-COOLIT-SYN-01,QMS,REACTION_TASK,REACT-00021,SIG-0006,RESOLVED,2026-09-25T23:59:59-06:00,2026-09-26T08:00:00-06:00,2026-06-29T00:00:00-06:00,,1,,false,COMPLETE,,,VALID,CURRENT,coolit-synthetic-v2.0.0,ALL_SYNTHETIC_CUSTOMERS,ALL_SYNTHETIC_PROGRAMS,ALL_SYNTHETIC_PRODUCTS,SYNTHETIC_INTERNAL,SNP-COOLIT-20260925-BL,SCN-BASELINE,REACT-00021,SIG-0006,1,CONTAIN,Quality Technician,2024-12-21T16:00:00-06:00,2024-12-21T15:00:00-06:00,synthetic://reaction/REACT-00021,COMPLETE
TEN-COOLIT-SYN-001,SITE-COOLIT-SYN-01,QMS,REACTION_TASK,REACT-00022,SIG-0006,RESOLVED,2026-09-25T23:59:59-06:00,2026-09-26T08:00:00-06:00,2026-06-29T00:00:00-06:00,,1,,false,COMPLETE,,,VALID,CURRENT,coolit-synthetic-v2.0.0,ALL_SYNTHETIC_CUSTOMERS,ALL_SYNTHETIC_PROGRAMS,ALL_SYNTHETIC_PRODUCTS,SYNTHETIC_INTERNAL,SNP-COOLIT-20260925-BL,SCN-BASELINE,REACT-00022,SIG-0006,2,INVESTIGATE,Process Engineer,2024-12-22T16:00:00-06:00,2024-12-22T15:00:00-06:00,synthetic://reaction/REACT-00022,COMPLETE
TEN-COOLIT-SYN-001,SITE-COOLIT-SYN-01,QMS,REACTION_TASK,REACT-00023,SIG-0006,RESOLVED,2026-09-25T23:59:59-06:00,2026-09-26T08:00:00-06:00,2026-06-29T00:00:00-06:00,,1,,false,COMPLETE,,,VALID,CURRENT,coolit-synthetic-v2.0.0,ALL_SYNTHETIC_CUSTOMERS,ALL_SYNTHETIC_PROGRAMS,ALL_SYNTHETIC_PRODUCTS,SYNTHETIC_INTERNAL,SNP-COOLIT-20260925-BL,SCN-BASELINE,REACT-00023,SIG-0006,3,ADJUST,Maintenance Technician,2024-12-23T16:00:00-06:00,2024-12-23T15:00:00-06:00,synthetic://reaction/REACT-00023,COMPLETE
TEN-COOLIT-SYN-001,SITE-COOLIT-SYN-01,QMS,REACTION_TASK,REACT-00024,SIG-0006,RESOLVED,2026-09-25T23:59:59-06:00,2026-09-26T08:00:00-06:00,2026-06-29T00:00:00-06:00,,1,,false,COMPLETE,,,VALID,CURRENT,coolit-synthetic-v2.0.0,ALL_SYNTHETIC_CUSTOMERS,ALL_SYNTHETIC_PROGRAMS,ALL_SYNTHETIC_PRODUCTS,SYNTHETIC_INTERNAL,SNP-COOLIT-20260925-BL,SCN-BASELINE,REACT-00024,SIG-0006,4,VERIFY,Quality Engineer,2024-12-24T16:00:00-06:00,2024-12-24T15:00:00-06:00,synthetic://reaction/REACT-00024,COMPLETE
TEN-COOLIT-SYN-001,SITE-COOLIT-SYN-01,QMS,REACTION_TASK,REACT-00025,SIG-0007,RESOLVED,2026-09-25T23:59:59-06:00,2026-09-26T08:00:00-06:00,2026-06-29T00:00:00-06:00,,1,,false,COMPLETE,,,VALID,CURRENT,coolit-synthetic-v2.0.0,ALL_SYNTHETIC_CUSTOMERS,ALL_SYNTHETIC_PROGRAMS,ALL_SYNTHETIC_PRODUCTS,SYNTHETIC_INTERNAL,SNP-COOLIT-20260925-BL,SCN-BASELINE,REACT-00025,SIG-0007,1,CONTAIN,Quality Technician,2024-12-28T16:00:00-06:00,2024-12-28T15:00:00-06:00,synthetic://reaction/REACT-00025,COMPLETE
TEN-COOLIT-SYN-001,SITE-COOLIT-SYN-01,QMS,REACTION_TASK,REACT-00026,SIG-0007,RESOLVED,2026-09-25T23:59:59-06:00,2026-09-26T08:00:00-06:00,2026-06-29T00:00:00-06:00,,1,,false,COMPLETE,,,VALID,CURRENT,coolit-synthetic-v2.0.0,ALL_SYNTHETIC_CUSTOMERS,ALL_SYNTHETIC_PROGRAMS,ALL_SYNTHETIC_PRODUCTS,SYNTHETIC_INTERNAL,SNP-COOLIT-20260925-BL,SCN-BASELINE,REACT-00026,SIG-0007,2,INVESTIGATE,Process Engineer,2024-12-29T16:00:00-06:00,2024-12-29T15:00:00-06:00,synthetic://reaction/REACT-00026,COMPLETE
TEN-COOLIT-SYN-001,SITE-COOLIT-SYN-01,QMS,REACTION_TASK,REACT-00027,SIG-0007,RESOLVED,2026-09-25T23:59:59-06:00,2026-09-26T08:00:00-06:00,2026-06-29T00:00:00-06:00,,1,,false,COMPLETE,,,VALID,CURRENT,coolit-synthetic-v2.0.0,ALL_SYNTHETIC_CUSTOMERS,ALL_SYNTHETIC_PROGRAMS,ALL_SYNTHETIC_PRODUCTS,SYNTHETIC_INTERNAL,SNP-COOLIT-20260925-BL,SCN-BASELINE,REACT-00027,SIG-0007,3,ADJUST,Maintenance Technician,2024-12-30T16:00:00-06:00,2024-12-30T15:00:00-06:00,synthetic://reaction/REACT-00027,COMPLETE
TEN-COOLIT-SYN-001,SITE-COOLIT-SYN-01,QMS,REACTION_TASK,REACT-00028,SIG-0007,RESOLVED,2026-09-25T23:59:59-06:00,2026-09-26T08:00:00-06:00,2026-06-29T00:00:00-06:00,,1,,false,COMPLETE,,,VALID,CURRENT,coolit-synthetic-v2.0.0,ALL_SYNTHETIC_CUSTOMERS,ALL_SYNTHETIC_PROGRAMS,ALL_SYNTHETIC_PRODUCTS,SYNTHETIC_INTERNAL,SNP-COOLIT-20260925-BL,SCN-BASELINE,REACT-00028,SIG-0007,4,VERIFY,Quality Engineer,2024-12-31T16:00:00-06:00,2024-12-31T15:00:00-06:00,synthetic://reaction/REACT-00028,COMPLETE
TEN-COOLIT-SYN-001,SITE-COOLIT-SYN-01,QMS,REACTION_TASK,REACT-00029,SIG-0008,RESOLVED,2026-09-25T23:59:59-06:00,2026-09-26T08:00:00-06:00,2026-06-29T00:00:00-06:00,,1,,false,COMPLETE,,,VALID,CURRENT,coolit-synthetic-v2.0.0,ALL_SYNTHETIC_CUSTOMERS,ALL_SYNTHETIC_PROGRAMS,ALL_SYNTHETIC_PRODUCTS,SYNTHETIC_INTERNAL,SNP-COOLIT-20260925-BL,SCN-BASELINE,REACT-00029,SIG-0008,1,CONTAIN,Quality Technician,2025-01-18T16:00:00-06:00,2025-01-18T15:00:00-06:00,synthetic://reaction/REACT-00029,COMPLETE
TEN-COOLIT-SYN-001,SITE-COOLIT-SYN-01,QMS,REACTION_TASK,REACT-00030,SIG-0008,RESOLVED,2026-09-25T23:59:59-06:00,2026-09-26T08:00:00-06:00,2026-06-29T00:00:00-06:00,,1,,false,COMPLETE,,,VALID,CURRENT,coolit-synthetic-v2.0.0,ALL_SYNTHETIC_CUSTOMERS,ALL_SYNTHETIC_PROGRAMS,ALL_SYNTHETIC_PRODUCTS,SYNTHETIC_INTERNAL,SNP-COOLIT-20260925-BL,SCN-BASELINE,REACT-00030,SIG-0008,2,INVESTIGATE,Process Engineer,2025-01-19T16:00:00-06:00,2025-01-19T15:00:00-06:00,synthetic://reaction/REACT-00030,COMPLETE
TEN-COOLIT-SYN-001,SITE-COOLIT-SYN-01,QMS,REACTION_TASK,REACT-00031,SIG-0008,RESOLVED,2026-09-25T23:59:59-06:00,2026-09-26T08:00:00-06:00,2026-06-29T00:00:00-06:00,,1,,false,COMPLETE,,,VALID,CURRENT,coolit-synthetic-v2.0.0,ALL_SYNTHETIC_CUSTOMERS,ALL_SYNTHETIC_PROGRAMS,ALL_SYNTHETIC_PRODUCTS,SYNTHETIC_INTERNAL,SNP-COOLIT-20260925-BL,SCN-BASELINE,REACT-00031,SIG-0008,3,ADJUST,Maintenance Technician,2025-01-20T16:00:00-06:00,2025-01-20T15:00:00-06:00,synthetic://reaction/REACT-00031,COMPLETE
TEN-COOLIT-SYN-001,SITE-COOLIT-SYN-01,QMS,REACTION_TASK,REACT-00032,SIG-0008,RESOLVED,2026-09-25T23:59:59-06:00,2026-09-26T08:00:00-06:00,2026-06-29T00:00:00-06:00,,1,,false,COMPLETE,,,VALID,CURRENT,coolit-synthetic-v2.0.0,ALL_SYNTHETIC_CUSTOMERS,ALL_SYNTHETIC_PROGRAMS,ALL_SYNTHETIC_PRODUCTS,SYNTHETIC_INTERNAL,SNP-COOLIT-20260925-BL,SCN-BASELINE,REACT-00032,SIG-0008,4,VERIFY,Quality Engineer,2025-01-21T16:00:00-06:00,2025-01-21T15:00:00-06:00,synthetic://reaction/REACT-00032,COMPLETE
TEN-COOLIT-SYN-001,SITE-COOLIT-SYN-01,QMS,REACTION_TASK,REACT-00033,SIG-0009,RESOLVED,2026-09-25T23:59:59-06:00,2026-09-26T08:00:00-06:00,2026-06-29T00:00:00-06:00,,1,,false,COMPLETE,,,VALID,CURRENT,coolit-synthetic-v2.0.0,ALL_SYNTHETIC_CUSTOMERS,ALL_SYNTHETIC_PROGRAMS,ALL_SYNTHETIC_PRODUCTS,SYNTHETIC_INTERNAL,SNP-COOLIT-20260925-BL,SCN-BASELINE,REACT-00033,SIG-0009,1,CONTAIN,Quality Technician,2025-01-25T16:00:00-06:00,2025-01-25T15:00:00-06:00,synthetic://reaction/REACT-00033,COMPLETE
TEN-COOLIT-SYN-001,SITE-COOLIT-SYN-01,QMS,REACTION_TASK,REACT-00034,SIG-0009,RESOLVED,2026-09-25T23:59:59-06:00,2026-09-26T08:00:00-06:00,2026-06-29T00:00:00-06:00,,1,,false,COMPLETE,,,VALID,CURRENT,coolit-synthetic-v2.0.0,ALL_SYNTHETIC_CUSTOMERS,ALL_SYNTHETIC_PROGRAMS,ALL_SYNTHETIC_PRODUCTS,SYNTHETIC_INTERNAL,SNP-COOLIT-20260925-BL,SCN-BASELINE,REACT-00034,SIG-0009,2,INVESTIGATE,Process Engineer,2025-01-26T16:00:00-06:00,2025-01-26T15:00:00-06:00,synthetic://reaction/REACT-00034,COMPLETE
TEN-COOLIT-SYN-001,SITE-COOLIT-SYN-01,QMS,REACTION_TASK,REACT-00035,SIG-0009,RESOLVED,2026-09-25T23:59:59-06:00,2026-09-26T08:00:00-06:00,2026-06-29T00:00:00-06:00,,1,,false,COMPLETE,,,VALID,CURRENT,coolit-synthetic-v2.0.0,ALL_SYNTHETIC_CUSTOMERS,ALL_SYNTHETIC_PROGRAMS,ALL_SYNTHETIC_PRODUCTS,SYNTHETIC_INTERNAL,SNP-COOLIT-20260925-BL,SCN-BASELINE,REACT-00035,SIG-0009,3,ADJUST,Maintenance Technician,2025-01-27T16:00:00-06:00,2025-01-27T15:00:00-06:00,synthetic://reaction/REACT-00035,COMPLETE
TEN-COOLIT-SYN-001,SITE-COOLIT-SYN-01,QMS,REACTION_TASK,REACT-00036,SIG-0009,RESOLVED,2026-09-25T23:59:59-06:00,2026-09-26T08:00:00-06:00,2026-06-29T00:00:00-06:00,,1,,false,COMPLETE,,,VALID,CURRENT,coolit-synthetic-v2.0.0,ALL_SYNTHETIC_CUSTOMERS,ALL_SYNTHETIC_PROGRAMS,ALL_SYNTHETIC_PRODUCTS,SYNTHETIC_INTERNAL,SNP-COOLIT-20260925-BL,SCN-BASELINE,REACT-00036,SIG-0009,4,VERIFY,Quality Engineer,2025-01-28T16:00:00-06:00,2025-01-28T15:00:00-06:00,synthetic://reaction/REACT-00036,COMPLETE
TEN-COOLIT-SYN-001,SITE-COOLIT-SYN-01,QMS,REACTION_TASK,REACT-00037,SIG-0010,RESOLVED,2026-09-25T23:59:59-06:00,2026-09-26T08:00:00-06:00,2026-06-29T00:00:00-06:00,,1,,false,COMPLETE,,,VALID,CURRENT,coolit-synthetic-v2.0.0,ALL_SYNTHETIC_CUSTOMERS,ALL_SYNTHETIC_PROGRAMS,ALL_SYNTHETIC_PRODUCTS,SYNTHETIC_INTERNAL,SNP-COOLIT-20260925-BL,SCN-BASELINE,REACT-00037,SIG-0010,1,CONTAIN,Quality Technician,2025-02-22T16:00:00-06:00,2025-02-22T15:00:00-06:00,synthetic://reaction/REACT-00037,COMPLETE
TEN-COOLIT-SYN-001,SITE-COOLIT-SYN-01,QMS,REACTION_TASK,REACT-00038,SIG-0010,RESOLVED,2026-09-25T23:59:59-06:00,2026-09-26T08:00:00-06:00,2026-06-29T00:00:00-06:00,,1,,false,COMPLETE,,,VALID,CURRENT,coolit-synthetic-v2.0.0,ALL_SYNTHETIC_CUSTOMERS,ALL_SYNTHETIC_PROGRAMS,ALL_SYNTHETIC_PRODUCTS,SYNTHETIC_INTERNAL,SNP-COOLIT-20260925-BL,SCN-BASELINE,REACT-00038,SIG-0010,2,INVESTIGATE,Process Engineer,2025-02-23T16:00:00-06:00,2025-02-23T15:00:00-06:00,synthetic://reaction/REACT-00038,COMPLETE
TEN-COOLIT-SYN-001,SITE-COOLIT-SYN-01,QMS,REACTION_TASK,REACT-00039,SIG-0010,RESOLVED,2026-09-25T23:59:59-06:00,2026-09-26T08:00:00-06:00,2026-06-29T00:00:00-06:00,,1,,false,COMPLETE,,,VALID,CURRENT,coolit-synthetic-v2.0.0,ALL_SYNTHETIC_CUSTOMERS,ALL_SYNTHETIC_PROGRAMS,ALL_SYNTHETIC_PRODUCTS,SYNTHETIC_INTERNAL,SNP-COOLIT-20260925-BL,SCN-BASELINE,REACT-00039,SIG-0010,3,ADJUST,Maintenance Technician,2025-02-24T16:00:00-06:00,2025-02-24T15:00:00-06:00,synthetic://reaction/REACT-00039,COMPLETE
TEN-COOLIT-SYN-001,SITE-COOLIT-SYN-01,QMS,REACTION_TASK,REACT-00040,SIG-0010,RESOLVED,2026-09-25T23:59:59-06:00,2026-09-26T08:00:00-06:00,2026-06-29T00:00:00-06:00,,1,,false,COMPLETE,,,VALID,CURRENT,coolit-synthetic-v2.0.0,ALL_SYNTHETIC_CUSTOMERS,ALL_SYNTHETIC_PROGRAMS,ALL_SYNTHETIC_PRODUCTS,SYNTHETIC_INTERNAL,SNP-COOLIT-20260925-BL,SCN-BASELINE,REACT-00040,SIG-0010,4,VERIFY,Quality Engineer,2025-02-25T16:00:00-06:00,2025-02-25T15:00:00-06:00,synthetic://reaction/REACT-00040,COMPLETE
TEN-COOLIT-SYN-001,SITE-COOLIT-SYN-01,QMS,REACTION_TASK,REACT-00041,SIG-0011,RESOLVED,2026-09-25T23:59:59-06:00,2026-09-26T08:00:00-06:00,2026-06-29T00:00:00-06:00,,1,,false,COMPLETE,,,VALID,CURRENT,coolit-synthetic-v2.0.0,ALL_SYNTHETIC_CUSTOMERS,ALL_SYNTHETIC_PROGRAMS,ALL_SYNTHETIC_PRODUCTS,SYNTHETIC_INTERNAL,SNP-COOLIT-20260925-BL,SCN-BASELINE,REACT-00041,SIG-0011,1,CONTAIN,Quality Technician,2025-03-22T16:00:00-06:00,2025-03-22T15:00:00-06:00,synthetic://reaction/REACT-00041,COMPLETE
TEN-COOLIT-SYN-001,SITE-COOLIT-SYN-01,QMS,REACTION_TASK,REACT-00042,SIG-0011,RESOLVED,2026-09-25T23:59:59-06:00,2026-09-26T08:00:00-06:00,2026-06-29T00:00:00-06:00,,1,,false,COMPLETE,,,VALID,CURRENT,coolit-synthetic-v2.0.0,ALL_SYNTHETIC_CUSTOMERS,ALL_SYNTHETIC_PROGRAMS,ALL_SYNTHETIC_PRODUCTS,SYNTHETIC_INTERNAL,SNP-COOLIT-20260925-BL,SCN-BASELINE,REACT-00042,SIG-0011,2,INVESTIGATE,Process Engineer,2025-03-23T16:00:00-06:00,2025-03-23T15:00:00-06:00,synthetic://reaction/REACT-00042,COMPLETE
TEN-COOLIT-SYN-001,SITE-COOLIT-SYN-01,QMS,REACTION_TASK,REACT-00043,SIG-0011,RESOLVED,2026-09-25T23:59:59-06:00,2026-09-26T08:00:00-06:00,2026-06-29T00:00:00-06:00,,1,,false,COMPLETE,,,VALID,CURRENT,coolit-synthetic-v2.0.0,ALL_SYNTHETIC_CUSTOMERS,ALL_SYNTHETIC_PROGRAMS,ALL_SYNTHETIC_PRODUCTS,SYNTHETIC_INTERNAL,SNP-COOLIT-20260925-BL,SCN-BASELINE,REACT-00043,SIG-0011,3,ADJUST,Maintenance Technician,2025-03-24T16:00:00-06:00,2025-03-24T15:00:00-06:00,synthetic://reaction/REACT-00043,COMPLETE
TEN-COOLIT-SYN-001,SITE-COOLIT-SYN-01,QMS,REACTION_TASK,REACT-00044,SIG-0011,RESOLVED,2026-09-25T23:59:59-06:00,2026-09-26T08:00:00-06:00,2026-06-29T00:00:00-06:00,,1,,false,COMPLETE,,,VALID,CURRENT,coolit-synthetic-v2.0.0,ALL_SYNTHETIC_CUSTOMERS,ALL_SYNTHETIC_PROGRAMS,ALL_SYNTHETIC_PRODUCTS,SYNTHETIC_INTERNAL,SNP-COOLIT-20260925-BL,SCN-BASELINE,REACT-00044,SIG-0011,4,VERIFY,Quality Engineer,2025-03-25T16:00:00-06:00,2025-03-25T15:00:00-06:00,synthetic://reaction/REACT-00044,COMPLETE
TEN-COOLIT-SYN-001,SITE-COOLIT-SYN-01,QMS,REACTION_TASK,REACT-00045,SIG-0012,RESOLVED,2026-09-25T23:59:59-06:00,2026-09-26T08:00:00-06:00,2026-06-29T00:00:00-06:00,,1,,false,COMPLETE,,,VALID,CURRENT,coolit-synthetic-v2.0.0,ALL_SYNTHETIC_CUSTOMERS,ALL_SYNTHETIC_PROGRAMS,ALL_SYNTHETIC_PRODUCTS,SYNTHETIC_INTERNAL,SNP-COOLIT-20260925-BL,SCN-BASELINE,REACT-00045,SIG-0012,1,CONTAIN,Quality Technician,2025-04-19T16:00:00-06:00,2025-04-19T15:00:00-06:00,synthetic://reaction/REACT-00045,COMPLETE
TEN-COOLIT-SYN-001,SITE-COOLIT-SYN-01,QMS,REACTION_TASK,REACT-00046,SIG-0012,RESOLVED,2026-09-25T23:59:59-06:00,2026-09-26T08:00:00-06:00,2026-06-29T00:00:00-06:00,,1,,false,COMPLETE,,,VALID,CURRENT,coolit-synthetic-v2.0.0,ALL_SYNTHETIC_CUSTOMERS,ALL_SYNTHETIC_PROGRAMS,ALL_SYNTHETIC_PRODUCTS,SYNTHETIC_INTERNAL,SNP-COOLIT-20260925-BL,SCN-BASELINE,REACT-00046,SIG-0012,2,INVESTIGATE,Process Engineer,2025-04-20T16:00:00-06:00,2025-04-20T15:00:00-06:00,synthetic://reaction/REACT-00046,COMPLETE
TEN-COOLIT-SYN-001,SITE-COOLIT-SYN-01,QMS,REACTION_TASK,REACT-00047,SIG-0012,RESOLVED,2026-09-25T23:59:59-06:00,2026-09-26T08:00:00-06:00,2026-06-29T00:00:00-06:00,,1,,false,COMPLETE,,,VALID,CURRENT,coolit-synthetic-v2.0.0,ALL_SYNTHETIC_CUSTOMERS,ALL_SYNTHETIC_PROGRAMS,ALL_SYNTHETIC_PRODUCTS,SYNTHETIC_INTERNAL,SNP-COOLIT-20260925-BL,SCN-BASELINE,REACT-00047,SIG-0012,3,ADJUST,Maintenance Technician,2025-04-21T16:00:00-06:00,2025-04-21T15:00:00-06:00,synthetic://reaction/REACT-00047,COMPLETE
TEN-COOLIT-SYN-001,SITE-COOLIT-SYN-01,QMS,REACTION_TASK,REACT-00048,SIG-0012,RESOLVED,2026-09-25T23:59:59-06:00,2026-09-26T08:00:00-06:00,2026-06-29T00:00:00-06:00,,1,,false,COMPLETE,,,VALID,CURRENT,coolit-synthetic-v2.0.0,ALL_SYNTHETIC_CUSTOMERS,ALL_SYNTHETIC_PROGRAMS,ALL_SYNTHETIC_PRODUCTS,SYNTHETIC_INTERNAL,SNP-COOLIT-20260925-BL,SCN-BASELINE,REACT-00048,SIG-0012,4,VERIFY,Quality Engineer,2025-04-22T16:00:00-06:00,2025-04-22T15:00:00-06:00,synthetic://reaction/REACT-00048,COMPLETE
TEN-COOLIT-SYN-001,SITE-COOLIT-SYN-01,QMS,REACTION_TASK,REACT-00049,SIG-0013,RESOLVED,2026-09-25T23:59:59-06:00,2026-09-26T08:00:00-06:00,2026-06-29T00:00:00-06:00,,1,,false,COMPLETE,,,VALID,CURRENT,coolit-synthetic-v2.0.0,ALL_SYNTHETIC_CUSTOMERS,ALL_SYNTHETIC_PROGRAMS,ALL_SYNTHETIC_PRODUCTS,SYNTHETIC_INTERNAL,SNP-COOLIT-20260925-BL,SCN-BASELINE,REACT-00049,SIG-0013,1,CONTAIN,Quality Technician,2025-04-26T16:00:00-06:00,2025-04-26T15:00:00-06:00,synthetic://reaction/REACT-00049,COMPLETE
TEN-COOLIT-SYN-001,SITE-COOLIT-SYN-01,QMS,REACTION_TASK,REACT-00050,SIG-0013,RESOLVED,2026-09-25T23:59:59-06:00,2026-09-26T08:00:00-06:00,2026-06-29T00:00:00-06:00,,1,,false,COMPLETE,,,VALID,CURRENT,coolit-synthetic-v2.0.0,ALL_SYNTHETIC_CUSTOMERS,ALL_SYNTHETIC_PROGRAMS,ALL_SYNTHETIC_PRODUCTS,SYNTHETIC_INTERNAL,SNP-COOLIT-20260925-BL,SCN-BASELINE,REACT-00050,SIG-0013,2,INVESTIGATE,Process Engineer,2025-04-27T16:00:00-06:00,2025-04-27T15:00:00-06:00,synthetic://reaction/REACT-00050,COMPLETE
TEN-COOLIT-SYN-001,SITE-COOLIT-SYN-01,QMS,REACTION_TASK,REACT-00051,SIG-0013,RESOLVED,2026-09-25T23:59:59-06:00,2026-09-26T08:00:00-06:00,2026-06-29T00:00:00-06:00,,1,,false,COMPLETE,,,VALID,CURRENT,coolit-synthetic-v2.0.0,ALL_SYNTHETIC_CUSTOMERS,ALL_SYNTHETIC_PROGRAMS,ALL_SYNTHETIC_PRODUCTS,SYNTHETIC_INTERNAL,SNP-COOLIT-20260925-BL,SCN-BASELINE,REACT-00051,SIG-0013,3,ADJUST,Maintenance Technician,2025-04-28T16:00:00-06:00,2025-04-28T15:00:00-06:00,synthetic://reaction/REACT-00051,COMPLETE
TEN-COOLIT-SYN-001,SITE-COOLIT-SYN-01,QMS,REACTION_TASK,REACT-00052,SIG-0013,RESOLVED,2026-09-25T23:59:59-06:00,2026-09-26T08:00:00-06:00,2026-06-29T00:00:00-06:00,,1,,false,COMPLETE,,,VALID,CURRENT,coolit-synthetic-v2.0.0,ALL_SYNTHETIC_CUSTOMERS,ALL_SYNTHETIC_PROGRAMS,ALL_SYNTHETIC_PRODUCTS,SYNTHETIC_INTERNAL,SNP-COOLIT-20260925-BL,SCN-BASELINE,REACT-00052,SIG-0013,4,VERIFY,Quality Engineer,2025-04-29T16:00:00-06:00,2025-04-29T15:00:00-06:00,synthetic://reaction/REACT-00052,COMPLETE
TEN-COOLIT-SYN-001,SITE-COOLIT-SYN-01,QMS,REACTION_TASK,REACT-00053,SIG-0014,RESOLVED,2026-09-25T23:59:59-06:00,2026-09-26T08:00:00-06:00,2026-06-29T00:00:00-06:00,,1,,false,COMPLETE,,,VALID,CURRENT,coolit-synthetic-v2.0.0,ALL_SYNTHETIC_CUSTOMERS,ALL_SYNTHETIC_PROGRAMS,ALL_SYNTHETIC_PRODUCTS,SYNTHETIC_INTERNAL,SNP-COOLIT-20260925-BL,SCN-BASELINE,REACT-00053,SIG-0014,1,CONTAIN,Quality Technician,2025-05-17T16:00:00-06:00,2025-05-17T15:00:00-06:00,synthetic://reaction/REACT-00053,COMPLETE
TEN-COOLIT-SYN-001,SITE-COOLIT-SYN-01,QMS,REACTION_TASK,REACT-00054,SIG-0014,RESOLVED,2026-09-25T23:59:59-06:00,2026-09-26T08:00:00-06:00,2026-06-29T00:00:00-06:00,,1,,false,COMPLETE,,,VALID,CURRENT,coolit-synthetic-v2.0.0,ALL_SYNTHETIC_CUSTOMERS,ALL_SYNTHETIC_PROGRAMS,ALL_SYNTHETIC_PRODUCTS,SYNTHETIC_INTERNAL,SNP-COOLIT-20260925-BL,SCN-BASELINE,REACT-00054,SIG-0014,2,INVESTIGATE,Process Engineer,2025-05-18T16:00:00-06:00,2025-05-18T15:00:00-06:00,synthetic://reaction/REACT-00054,COMPLETE
TEN-COOLIT-SYN-001,SITE-COOLIT-SYN-01,QMS,REACTION_TASK,REACT-00055,SIG-0014,RESOLVED,2026-09-25T23:59:59-06:00,2026-09-26T08:00:00-06:00,2026-06-29T00:00:00-06:00,,1,,false,COMPLETE,,,VALID,CURRENT,coolit-synthetic-v2.0.0,ALL_SYNTHETIC_CUSTOMERS,ALL_SYNTHETIC_PROGRAMS,ALL_SYNTHETIC_PRODUCTS,SYNTHETIC_INTERNAL,SNP-COOLIT-20260925-BL,SCN-BASELINE,REACT-00055,SIG-0014,3,ADJUST,Maintenance Technician,2025-05-19T16:00:00-06:00,2025-05-19T15:00:00-06:00,synthetic://reaction/REACT-00055,COMPLETE
TEN-COOLIT-SYN-001,SITE-COOLIT-SYN-01,QMS,REACTION_TASK,REACT-00056,SIG-0014,RESOLVED,2026-09-25T23:59:59-06:00,2026-09-26T08:00:00-06:00,2026-06-29T00:00:00-06:00,,1,,false,COMPLETE,,,VALID,CURRENT,coolit-synthetic-v2.0.0,ALL_SYNTHETIC_CUSTOMERS,ALL_SYNTHETIC_PROGRAMS,ALL_SYNTHETIC_PRODUCTS,SYNTHETIC_INTERNAL,SNP-COOLIT-20260925-BL,SCN-BASELINE,REACT-00056,SIG-0014,4,VERIFY,Quality Engineer,2025-05-20T16:00:00-06:00,2025-05-20T15:00:00-06:00,synthetic://reaction/REACT-00056,COMPLETE
TEN-COOLIT-SYN-001,SITE-COOLIT-SYN-01,QMS,REACTION_TASK,REACT-00057,SIG-0015,RESOLVED,2026-09-25T23:59:59-06:00,2026-09-26T08:00:00-06:00,2026-06-29T00:00:00-06:00,,1,,false,COMPLETE,,,VALID,CURRENT,coolit-synthetic-v2.0.0,ALL_SYNTHETIC_CUSTOMERS,ALL_SYNTHETIC_PROGRAMS,ALL_SYNTHETIC_PRODUCTS,SYNTHETIC_INTERNAL,SNP-COOLIT-20260925-BL,SCN-BASELINE,REACT-00057,SIG-0015,1,CONTAIN,Quality Technician,2025-05-24T16:00:00-06:00,2025-05-24T15:00:00-06:00,synthetic://reaction/REACT-00057,COMPLETE
TEN-COOLIT-SYN-001,SITE-COOLIT-SYN-01,QMS,REACTION_TASK,REACT-00058,SIG-0015,RESOLVED,2026-09-25T23:59:59-06:00,2026-09-26T08:00:00-06:00,2026-06-29T00:00:00-06:00,,1,,false,COMPLETE,,,VALID,CURRENT,coolit-synthetic-v2.0.0,ALL_SYNTHETIC_CUSTOMERS,ALL_SYNTHETIC_PROGRAMS,ALL_SYNTHETIC_PRODUCTS,SYNTHETIC_INTERNAL,SNP-COOLIT-20260925-BL,SCN-BASELINE,REACT-00058,SIG-0015,2,INVESTIGATE,Process Engineer,2025-05-25T16:00:00-06:00,2025-05-25T15:00:00-06:00,synthetic://reaction/REACT-00058,COMPLETE
TEN-COOLIT-SYN-001,SITE-COOLIT-SYN-01,QMS,REACTION_TASK,REACT-00059,SIG-0015,RESOLVED,2026-09-25T23:59:59-06:00,2026-09-26T08:00:00-06:00,2026-06-29T00:00:00-06:00,,1,,false,COMPLETE,,,VALID,CURRENT,coolit-synthetic-v2.0.0,ALL_SYNTHETIC_CUSTOMERS,ALL_SYNTHETIC_PROGRAMS,ALL_SYNTHETIC_PRODUCTS,SYNTHETIC_INTERNAL,SNP-COOLIT-20260925-BL,SCN-BASELINE,REACT-00059,SIG-0015,3,ADJUST,Maintenance Technician,2025-05-26T16:00:00-06:00,2025-05-26T15:00:00-06:00,synthetic://reaction/REACT-00059,COMPLETE
TEN-COOLIT-SYN-001,SITE-COOLIT-SYN-01,QMS,REACTION_TASK,REACT-00060,SIG-0015,RESOLVED,2026-09-25T23:59:59-06:00,2026-09-26T08:00:00-06:00,2026-06-29T00:00:00-06:00,,1,,false,COMPLETE,,,VALID,CURRENT,coolit-synthetic-v2.0.0,ALL_SYNTHETIC_CUSTOMERS,ALL_SYNTHETIC_PROGRAMS,ALL_SYNTHETIC_PRODUCTS,SYNTHETIC_INTERNAL,SNP-COOLIT-20260925-BL,SCN-BASELINE,REACT-00060,SIG-0015,4,VERIFY,Quality Engineer,2025-05-27T16:00:00-06:00,2025-05-27T15:00:00-06:00,synthetic://reaction/REACT-00060,COMPLETE
TEN-COOLIT-SYN-001,SITE-COOLIT-SYN-01,QMS,REACTION_TASK,REACT-00061,SIG-0016,RESOLVED,2026-09-25T23:59:59-06:00,2026-09-26T08:00:00-06:00,2026-06-29T00:00:00-06:00,,1,,false,COMPLETE,,,VALID,CURRENT,coolit-synthetic-v2.0.0,ALL_SYNTHETIC_CUSTOMERS,ALL_SYNTHETIC_PROGRAMS,ALL_SYNTHETIC_PRODUCTS,SYNTHETIC_INTERNAL,SNP-COOLIT-20260925-BL,SCN-BASELINE,REACT-00061,SIG-0016,1,CONTAIN,Quality Technician,2025-06-14T16:00:00-06:00,2025-06-14T15:00:00-06:00,synthetic://reaction/REACT-00061,COMPLETE
TEN-COOLIT-SYN-001,SITE-COOLIT-SYN-01,QMS,REACTION_TASK,REACT-00062,SIG-0016,RESOLVED,2026-09-25T23:59:59-06:00,2026-09-26T08:00:00-06:00,2026-06-29T00:00:00-06:00,,1,,false,COMPLETE,,,VALID,CURRENT,coolit-synthetic-v2.0.0,ALL_SYNTHETIC_CUSTOMERS,ALL_SYNTHETIC_PROGRAMS,ALL_SYNTHETIC_PRODUCTS,SYNTHETIC_INTERNAL,SNP-COOLIT-20260925-BL,SCN-BASELINE,REACT-00062,SIG-0016,2,INVESTIGATE,Process Engineer,2025-06-15T16:00:00-06:00,2025-06-15T15:00:00-06:00,synthetic://reaction/REACT-00062,COMPLETE
TEN-COOLIT-SYN-001,SITE-COOLIT-SYN-01,QMS,REACTION_TASK,REACT-00063,SIG-0016,RESOLVED,2026-09-25T23:59:59-06:00,2026-09-26T08:00:00-06:00,2026-06-29T00:00:00-06:00,,1,,false,COMPLETE,,,VALID,CURRENT,coolit-synthetic-v2.0.0,ALL_SYNTHETIC_CUSTOMERS,ALL_SYNTHETIC_PROGRAMS,ALL_SYNTHETIC_PRODUCTS,SYNTHETIC_INTERNAL,SNP-COOLIT-20260925-BL,SCN-BASELINE,REACT-00063,SIG-0016,3,ADJUST,Maintenance Technician,2025-06-16T16:00:00-06:00,2025-06-16T15:00:00-06:00,synthetic://reaction/REACT-00063,COMPLETE
TEN-COOLIT-SYN-001,SITE-COOLIT-SYN-01,QMS,REACTION_TASK,REACT-00064,SIG-0016,RESOLVED,2026-09-25T23:59:59-06:00,2026-09-26T08:00:00-06:00,2026-06-29T00:00:00-06:00,,1,,false,COMPLETE,,,VALID,CURRENT,coolit-synthetic-v2.0.0,ALL_SYNTHETIC_CUSTOMERS,ALL_SYNTHETIC_PROGRAMS,ALL_SYNTHETIC_PRODUCTS,SYNTHETIC_INTERNAL,SNP-COOLIT-20260925-BL,SCN-BASELINE,REACT-00064,SIG-0016,4,VERIFY,Quality Engineer,2025-06-17T16:00:00-06:00,2025-06-17T15:00:00-06:00,synthetic://reaction/REACT-00064,COMPLETE
TEN-COOLIT-SYN-001,SITE-COOLIT-SYN-01,QMS,REACTION_TASK,REACT-00065,SIG-0017,RESOLVED,2026-09-25T23:59:59-06:00,2026-09-26T08:00:00-06:00,2026-06-29T00:00:00-06:00,,1,,false,COMPLETE,,,VALID,CURRENT,coolit-synthetic-v2.0.0,ALL_SYNTHETIC_CUSTOMERS,ALL_SYNTHETIC_PROGRAMS,ALL_SYNTHETIC_PRODUCTS,SYNTHETIC_INTERNAL,SNP-COOLIT-20260925-BL,SCN-BASELINE,REACT-00065,SIG-0017,1,CONTAIN,Quality Technician,2025-06-21T16:00:00-06:00,2025-06-21T15:00:00-06:00,synthetic://reaction/REACT-00065,COMPLETE
TEN-COOLIT-SYN-001,SITE-COOLIT-SYN-01,QMS,REACTION_TASK,REACT-00066,SIG-0017,RESOLVED,2026-09-25T23:59:59-06:00,2026-09-26T08:00:00-06:00,2026-06-29T00:00:00-06:00,,1,,false,COMPLETE,,,VALID,CURRENT,coolit-synthetic-v2.0.0,ALL_SYNTHETIC_CUSTOMERS,ALL_SYNTHETIC_PROGRAMS,ALL_SYNTHETIC_PRODUCTS,SYNTHETIC_INTERNAL,SNP-COOLIT-20260925-BL,SCN-BASELINE,REACT-00066,SIG-0017,2,INVESTIGATE,Process Engineer,2025-06-22T16:00:00-06:00,2025-06-22T15:00:00-06:00,synthetic://reaction/REACT-00066,COMPLETE
TEN-COOLIT-SYN-001,SITE-COOLIT-SYN-01,QMS,REACTION_TASK,REACT-00067,SIG-0017,RESOLVED,2026-09-25T23:59:59-06:00,2026-09-26T08:00:00-06:00,2026-06-29T00:00:00-06:00,,1,,false,COMPLETE,,,VALID,CURRENT,coolit-synthetic-v2.0.0,ALL_SYNTHETIC_CUSTOMERS,ALL_SYNTHETIC_PROGRAMS,ALL_SYNTHETIC_PRODUCTS,SYNTHETIC_INTERNAL,SNP-COOLIT-20260925-BL,SCN-BASELINE,REACT-00067,SIG-0017,3,ADJUST,Maintenance Technician,2025-06-23T16:00:00-06:00,2025-06-23T15:00:00-06:00,synthetic://reaction/REACT-00067,COMPLETE
TEN-COOLIT-SYN-001,SITE-COOLIT-SYN-01,QMS,REACTION_TASK,REACT-00068,SIG-0017,RESOLVED,2026-09-25T23:59:59-06:00,2026-09-26T08:00:00-06:00,2026-06-29T00:00:00-06:00,,1,,false,COMPLETE,,,VALID,CURRENT,coolit-synthetic-v2.0.0,ALL_SYNTHETIC_CUSTOMERS,ALL_SYNTHETIC_PROGRAMS,ALL_SYNTHETIC_PRODUCTS,SYNTHETIC_INTERNAL,SNP-COOLIT-20260925-BL,SCN-BASELINE,REACT-00068,SIG-0017,4,VERIFY,Quality Engineer,2025-06-24T16:00:00-06:00,2025-06-24T15:00:00-06:00,synthetic://reaction/REACT-00068,COMPLETE
TEN-COOLIT-SYN-001,SITE-COOLIT-SYN-01,QMS,REACTION_TASK,REACT-00069,SIG-0018,RESOLVED,2026-09-25T23:59:59-06:00,2026-09-26T08:00:00-06:00,2026-06-29T00:00:00-06:00,,1,,false,COMPLETE,,,VALID,CURRENT,coolit-synthetic-v2.0.0,ALL_SYNTHETIC_CUSTOMERS,ALL_SYNTHETIC_PROGRAMS,ALL_SYNTHETIC_PRODUCTS,SYNTHETIC_INTERNAL,SNP-COOLIT-20260925-BL,SCN-BASELINE,REACT-00069,SIG-0018,1,CONTAIN,Quality Technician,2025-07-12T16:00:00-06:00,2025-07-12T15:00:00-06:00,synthetic://reaction/REACT-00069,COMPLETE
TEN-COOLIT-SYN-001,SITE-COOLIT-SYN-01,QMS,REACTION_TASK,REACT-00070,SIG-0018,RESOLVED,2026-09-25T23:59:59-06:00,2026-09-26T08:00:00-06:00,2026-06-29T00:00:00-06:00,,1,,false,COMPLETE,,,VALID,CURRENT,coolit-synthetic-v2.0.0,ALL_SYNTHETIC_CUSTOMERS,ALL_SYNTHETIC_PROGRAMS,ALL_SYNTHETIC_PRODUCTS,SYNTHETIC_INTERNAL,SNP-COOLIT-20260925-BL,SCN-BASELINE,REACT-00070,SIG-0018,2,INVESTIGATE,Process Engineer,2025-07-13T16:00:00-06:00,2025-07-13T15:00:00-06:00,synthetic://reaction/REACT-00070,COMPLETE
TEN-COOLIT-SYN-001,SITE-COOLIT-SYN-01,QMS,REACTION_TASK,REACT-00071,SIG-0018,RESOLVED,2026-09-25T23:59:59-06:00,2026-09-26T08:00:00-06:00,2026-06-29T00:00:00-06:00,,1,,false,COMPLETE,,,VALID,CURRENT,coolit-synthetic-v2.0.0,ALL_SYNTHETIC_CUSTOMERS,ALL_SYNTHETIC_PROGRAMS,ALL_SYNTHETIC_PRODUCTS,SYNTHETIC_INTERNAL,SNP-COOLIT-20260925-BL,SCN-BASELINE,REACT-00071,SIG-0018,3,ADJUST,Maintenance Technician,2025-07-14T16:00:00-06:00,2025-07-14T15:00:00-06:00,synthetic://reaction/REACT-00071,COMPLETE
TEN-COOLIT-SYN-001,SITE-COOLIT-SYN-01,QMS,REACTION_TASK,REACT-00072,SIG-0018,RESOLVED,2026-09-25T23:59:59-06:00,2026-09-26T08:00:00-06:00,2026-06-29T00:00:00-06:00,,1,,false,COMPLETE,,,VALID,CURRENT,coolit-synthetic-v2.0.0,ALL_SYNTHETIC_CUSTOMERS,ALL_SYNTHETIC_PROGRAMS,ALL_SYNTHETIC_PRODUCTS,SYNTHETIC_INTERNAL,SNP-COOLIT-20260925-BL,SCN-BASELINE,REACT-00072,SIG-0018,4,VERIFY,Quality Engineer,2025-07-15T16:00:00-06:00,2025-07-15T15:00:00-06:00,synthetic://reaction/REACT-00072,COMPLETE
TEN-COOLIT-SYN-001,SITE-COOLIT-SYN-01,QMS,REACTION_TASK,REACT-00073,SIG-0019,RESOLVED,2026-09-25T23:59:59-06:00,2026-09-26T08:00:00-06:00,2026-06-29T00:00:00-06:00,,1,,false,COMPLETE,,,VALID,CURRENT,coolit-synthetic-v2.0.0,ALL_SYNTHETIC_CUSTOMERS,ALL_SYNTHETIC_PROGRAMS,ALL_SYNTHETIC_PRODUCTS,SYNTHETIC_INTERNAL,SNP-COOLIT-20260925-BL,SCN-BASELINE,REACT-00073,SIG-0019,1,CONTAIN,Quality Technician,2025-07-19T16:00:00-06:00,2025-07-19T15:00:00-06:00,synthetic://reaction/REACT-00073,COMPLETE
TEN-COOLIT-SYN-001,SITE-COOLIT-SYN-01,QMS,REACTION_TASK,REACT-00074,SIG-0019,RESOLVED,2026-09-25T23:59:59-06:00,2026-09-26T08:00:00-06:00,2026-06-29T00:00:00-06:00,,1,,false,COMPLETE,,,VALID,CURRENT,coolit-synthetic-v2.0.0,ALL_SYNTHETIC_CUSTOMERS,ALL_SYNTHETIC_PROGRAMS,ALL_SYNTHETIC_PRODUCTS,SYNTHETIC_INTERNAL,SNP-COOLIT-20260925-BL,SCN-BASELINE,REACT-00074,SIG-0019,2,INVESTIGATE,Process Engineer,2025-07-20T16:00:00-06:00,2025-07-20T15:00:00-06:00,synthetic://reaction/REACT-00074,COMPLETE
TEN-COOLIT-SYN-001,SITE-COOLIT-SYN-01,QMS,REACTION_TASK,REACT-00075,SIG-0019,RESOLVED,2026-09-25T23:59:59-06:00,2026-09-26T08:00:00-06:00,2026-06-29T00:00:00-06:00,,1,,false,COMPLETE,,,VALID,CURRENT,coolit-synthetic-v2.0.0,ALL_SYNTHETIC_CUSTOMERS,ALL_SYNTHETIC_PROGRAMS,ALL_SYNTHETIC_PRODUCTS,SYNTHETIC_INTERNAL,SNP-COOLIT-20260925-BL,SCN-BASELINE,REACT-00075,SIG-0019,3,ADJUST,Maintenance Technician,2025-07-21T16:00:00-06:00,2025-07-21T15:00:00-06:00,synthetic://reaction/REACT-00075,COMPLETE
TEN-COOLIT-SYN-001,SITE-COOLIT-SYN-01,QMS,REACTION_TASK,REACT-00076,SIG-0019,RESOLVED,2026-09-25T23:59:59-06:00,2026-09-26T08:00:00-06:00,2026-06-29T00:00:00-06:00,,1,,false,COMPLETE,,,VALID,CURRENT,coolit-synthetic-v2.0.0,ALL_SYNTHETIC_CUSTOMERS,ALL_SYNTHETIC_PROGRAMS,ALL_SYNTHETIC_PRODUCTS,SYNTHETIC_INTERNAL,SNP-COOLIT-20260925-BL,SCN-BASELINE,REACT-00076,SIG-0019,4,VERIFY,Quality Engineer,2025-07-22T16:00:00-06:00,2025-07-22T15:00:00-06:00,synthetic://reaction/REACT-00076,COMPLETE
TEN-COOLIT-SYN-001,SITE-COOLIT-SYN-01,QMS,REACTION_TASK,REACT-00077,SIG-0020,RESOLVED,2026-09-25T23:59:59-06:00,2026-09-26T08:00:00-06:00,2026-06-29T00:00:00-06:00,,1,,false,COMPLETE,,,VALID,CURRENT,coolit-synthetic-v2.0.0,ALL_SYNTHETIC_CUSTOMERS,ALL_SYNTHETIC_PROGRAMS,ALL_SYNTHETIC_PRODUCTS,SYNTHETIC_INTERNAL,SNP-COOLIT-20260925-BL,SCN-BASELINE,REACT-00077,SIG-0020,1,CONTAIN,Quality Technician,2025-08-09T16:00:00-06:00,2025-08-09T15:00:00-06:00,synthetic://reaction/REACT-00077,COMPLETE
TEN-COOLIT-SYN-001,SITE-COOLIT-SYN-01,QMS,REACTION_TASK,REACT-00078,SIG-0020,RESOLVED,2026-09-25T23:59:59-06:00,2026-09-26T08:00:00-06:00,2026-06-29T00:00:00-06:00,,1,,false,COMPLETE,,,VALID,CURRENT,coolit-synthetic-v2.0.0,ALL_SYNTHETIC_CUSTOMERS,ALL_SYNTHETIC_PROGRAMS,ALL_SYNTHETIC_PRODUCTS,SYNTHETIC_INTERNAL,SNP-COOLIT-20260925-BL,SCN-BASELINE,REACT-00078,SIG-0020,2,INVESTIGATE,Process Engineer,2025-08-10T16:00:00-06:00,2025-08-10T15:00:00-06:00,synthetic://reaction/REACT-00078,COMPLETE
TEN-COOLIT-SYN-001,SITE-COOLIT-SYN-01,QMS,REACTION_TASK,REACT-00079,SIG-0020,RESOLVED,2026-09-25T23:59:59-06:00,2026-09-26T08:00:00-06:00,2026-06-29T00:00:00-06:00,,1,,false,COMPLETE,,,VALID,CURRENT,coolit-synthetic-v2.0.0,ALL_SYNTHETIC_CUSTOMERS,ALL_SYNTHETIC_PROGRAMS,ALL_SYNTHETIC_PRODUCTS,SYNTHETIC_INTERNAL,SNP-COOLIT-20260925-BL,SCN-BASELINE,REACT-00079,SIG-0020,3,ADJUST,Maintenance Technician,2025-08-11T16:00:00-06:00,2025-08-11T15:00:00-06:00,synthetic://reaction/REACT-00079,COMPLETE
TEN-COOLIT-SYN-001,SITE-COOLIT-SYN-01,QMS,REACTION_TASK,REACT-00080,SIG-0020,RESOLVED,2026-09-25T23:59:59-06:00,2026-09-26T08:00:00-06:00,2026-06-29T00:00:00-06:00,,1,,false,COMPLETE,,,VALID,CURRENT,coolit-synthetic-v2.0.0,ALL_SYNTHETIC_CUSTOMERS,ALL_SYNTHETIC_PROGRAMS,ALL_SYNTHETIC_PRODUCTS,SYNTHETIC_INTERNAL,SNP-COOLIT-20260925-BL,SCN-BASELINE,REACT-00080,SIG-0020,4,VERIFY,Quality Engineer,2025-08-12T16:00:00-06:00,2025-08-12T15:00:00-06:00,synthetic://reaction/REACT-00080,COMPLETE
TEN-COOLIT-SYN-001,SITE-COOLIT-SYN-01,QMS,REACTION_TASK,REACT-00081,SIG-0021,RESOLVED,2026-09-25T23:59:59-06:00,2026-09-26T08:00:00-06:00,2026-06-29T00:00:00-06:00,,1,,false,COMPLETE,,,VALID,CURRENT,coolit-synthetic-v2.0.0,ALL_SYNTHETIC_CUSTOMERS,ALL_SYNTHETIC_PROGRAMS,ALL_SYNTHETIC_PRODUCTS,SYNTHETIC_INTERNAL,SNP-COOLIT-20260925-BL,SCN-BASELINE,REACT-00081,SIG-0021,1,CONTAIN,Quality Technician,2025-08-16T16:00:00-06:00,2025-08-16T15:00:00-06:00,synthetic://reaction/REACT-00081,COMPLETE
TEN-COOLIT-SYN-001,SITE-COOLIT-SYN-01,QMS,REACTION_TASK,REACT-00082,SIG-0021,RESOLVED,2026-09-25T23:59:59-06:00,2026-09-26T08:00:00-06:00,2026-06-29T00:00:00-06:00,,1,,false,COMPLETE,,,VALID,CURRENT,coolit-synthetic-v2.0.0,ALL_SYNTHETIC_CUSTOMERS,ALL_SYNTHETIC_PROGRAMS,ALL_SYNTHETIC_PRODUCTS,SYNTHETIC_INTERNAL,SNP-COOLIT-20260925-BL,SCN-BASELINE,REACT-00082,SIG-0021,2,INVESTIGATE,Process Engineer,2025-08-17T16:00:00-06:00,2025-08-17T15:00:00-06:00,synthetic://reaction/REACT-00082,COMPLETE
TEN-COOLIT-SYN-001,SITE-COOLIT-SYN-01,QMS,REACTION_TASK,REACT-00083,SIG-0021,RESOLVED,2026-09-25T23:59:59-06:00,2026-09-26T08:00:00-06:00,2026-06-29T00:00:00-06:00,,1,,false,COMPLETE,,,VALID,CURRENT,coolit-synthetic-v2.0.0,ALL_SYNTHETIC_CUSTOMERS,ALL_SYNTHETIC_PROGRAMS,ALL_SYNTHETIC_PRODUCTS,SYNTHETIC_INTERNAL,SNP-COOLIT-20260925-BL,SCN-BASELINE,REACT-00083,SIG-0021,3,ADJUST,Maintenance Technician,2025-08-18T16:00:00-06:00,2025-08-18T15:00:00-06:00,synthetic://reaction/REACT-00083,COMPLETE
TEN-COOLIT-SYN-001,SITE-COOLIT-SYN-01,QMS,REACTION_TASK,REACT-00084,SIG-0021,RESOLVED,2026-09-25T23:59:59-06:00,2026-09-26T08:00:00-06:00,2026-06-29T00:00:00-06:00,,1,,false,COMPLETE,,,VALID,CURRENT,coolit-synthetic-v2.0.0,ALL_SYNTHETIC_CUSTOMERS,ALL_SYNTHETIC_PROGRAMS,ALL_SYNTHETIC_PRODUCTS,SYNTHETIC_INTERNAL,SNP-COOLIT-20260925-BL,SCN-BASELINE,REACT-00084,SIG-0021,4,VERIFY,Quality Engineer,2025-08-19T16:00:00-06:00,2025-08-19T15:00:00-06:00,synthetic://reaction/REACT-00084,COMPLETE
TEN-COOLIT-SYN-001,SITE-COOLIT-SYN-01,QMS,REACTION_TASK,REACT-00085,SIG-0022,RESOLVED,2026-09-25T23:59:59-06:00,2026-09-26T08:00:00-06:00,2026-06-29T00:00:00-06:00,,1,,false,COMPLETE,,,VALID,CURRENT,coolit-synthetic-v2.0.0,ALL_SYNTHETIC_CUSTOMERS,ALL_SYNTHETIC_PROGRAMS,ALL_SYNTHETIC_PRODUCTS,SYNTHETIC_INTERNAL,SNP-COOLIT-20260925-BL,SCN-BASELINE,REACT-00085,SIG-0022,1,CONTAIN,Quality Technician,2025-09-13T16:00:00-06:00,2025-09-13T15:00:00-06:00,synthetic://reaction/REACT-00085,COMPLETE
TEN-COOLIT-SYN-001,SITE-COOLIT-SYN-01,QMS,REACTION_TASK,REACT-00086,SIG-0022,RESOLVED,2026-09-25T23:59:59-06:00,2026-09-26T08:00:00-06:00,2026-06-29T00:00:00-06:00,,1,,false,COMPLETE,,,VALID,CURRENT,coolit-synthetic-v2.0.0,ALL_SYNTHETIC_CUSTOMERS,ALL_SYNTHETIC_PROGRAMS,ALL_SYNTHETIC_PRODUCTS,SYNTHETIC_INTERNAL,SNP-COOLIT-20260925-BL,SCN-BASELINE,REACT-00086,SIG-0022,2,INVESTIGATE,Process Engineer,2025-09-14T16:00:00-06:00,2025-09-14T15:00:00-06:00,synthetic://reaction/REACT-00086,COMPLETE
TEN-COOLIT-SYN-001,SITE-COOLIT-SYN-01,QMS,REACTION_TASK,REACT-00087,SIG-0022,RESOLVED,2026-09-25T23:59:59-06:00,2026-09-26T08:00:00-06:00,2026-06-29T00:00:00-06:00,,1,,false,COMPLETE,,,VALID,CURRENT,coolit-synthetic-v2.0.0,ALL_SYNTHETIC_CUSTOMERS,ALL_SYNTHETIC_PROGRAMS,ALL_SYNTHETIC_PRODUCTS,SYNTHETIC_INTERNAL,SNP-COOLIT-20260925-BL,SCN-BASELINE,REACT-00087,SIG-0022,3,ADJUST,Maintenance Technician,2025-09-15T16:00:00-06:00,2025-09-15T15:00:00-06:00,synthetic://reaction/REACT-00087,COMPLETE
TEN-COOLIT-SYN-001,SITE-COOLIT-SYN-01,QMS,REACTION_TASK,REACT-00088,SIG-0022,RESOLVED,2026-09-25T23:59:59-06:00,2026-09-26T08:00:00-06:00,2026-06-29T00:00:00-06:00,,1,,false,COMPLETE,,,VALID,CURRENT,coolit-synthetic-v2.0.0,ALL_SYNTHETIC_CUSTOMERS,ALL_SYNTHETIC_PROGRAMS,ALL_SYNTHETIC_PRODUCTS,SYNTHETIC_INTERNAL,SNP-COOLIT-20260925-BL,SCN-BASELINE,REACT-00088,SIG-0022,4,VERIFY,Quality Engineer,2025-09-16T16:00:00-06:00,2025-09-16T15:00:00-06:00,synthetic://reaction/REACT-00088,COMPLETE
TEN-COOLIT-SYN-001,SITE-COOLIT-SYN-01,QMS,REACTION_TASK,REACT-00089,SIG-0023,RESOLVED,2026-09-25T23:59:59-06:00,2026-09-26T08:00:00-06:00,2026-06-29T00:00:00-06:00,,1,,false,COMPLETE,,,VALID,CURRENT,coolit-synthetic-v2.0.0,ALL_SYNTHETIC_CUSTOMERS,ALL_SYNTHETIC_PROGRAMS,ALL_SYNTHETIC_PRODUCTS,SYNTHETIC_INTERNAL,SNP-COOLIT-20260925-BL,SCN-BASELINE,REACT-00089,SIG-0023,1,CONTAIN,Quality Technician,2025-10-11T16:00:00-06:00,2025-10-11T15:00:00-06:00,synthetic://reaction/REACT-00089,COMPLETE
TEN-COOLIT-SYN-001,SITE-COOLIT-SYN-01,QMS,REACTION_TASK,REACT-00090,SIG-0023,RESOLVED,2026-09-25T23:59:59-06:00,2026-09-26T08:00:00-06:00,2026-06-29T00:00:00-06:00,,1,,false,COMPLETE,,,VALID,CURRENT,coolit-synthetic-v2.0.0,ALL_SYNTHETIC_CUSTOMERS,ALL_SYNTHETIC_PROGRAMS,ALL_SYNTHETIC_PRODUCTS,SYNTHETIC_INTERNAL,SNP-COOLIT-20260925-BL,SCN-BASELINE,REACT-00090,SIG-0023,2,INVESTIGATE,Process Engineer,2025-10-12T16:00:00-06:00,2025-10-12T15:00:00-06:00,synthetic://reaction/REACT-00090,COMPLETE
TEN-COOLIT-SYN-001,SITE-COOLIT-SYN-01,QMS,REACTION_TASK,REACT-00091,SIG-0023,RESOLVED,2026-09-25T23:59:59-06:00,2026-09-26T08:00:00-06:00,2026-06-29T00:00:00-06:00,,1,,false,COMPLETE,,,VALID,CURRENT,coolit-synthetic-v2.0.0,ALL_SYNTHETIC_CUSTOMERS,ALL_SYNTHETIC_PROGRAMS,ALL_SYNTHETIC_PRODUCTS,SYNTHETIC_INTERNAL,SNP-COOLIT-20260925-BL,SCN-BASELINE,REACT-00091,SIG-0023,3,ADJUST,Maintenance Technician,2025-10-13T16:00:00-06:00,2025-10-13T15:00:00-06:00,synthetic://reaction/REACT-00091,COMPLETE
TEN-COOLIT-SYN-001,SITE-COOLIT-SYN-01,QMS,REACTION_TASK,REACT-00092,SIG-0023,RESOLVED,2026-09-25T23:59:59-06:00,2026-09-26T08:00:00-06:00,2026-06-29T00:00:00-06:00,,1,,false,COMPLETE,,,VALID,CURRENT,coolit-synthetic-v2.0.0,ALL_SYNTHETIC_CUSTOMERS,ALL_SYNTHETIC_PROGRAMS,ALL_SYNTHETIC_PRODUCTS,SYNTHETIC_INTERNAL,SNP-COOLIT-20260925-BL,SCN-BASELINE,REACT-00092,SIG-0023,4,VERIFY,Quality Engineer,2025-10-14T16:00:00-06:00,2025-10-14T15:00:00-06:00,synthetic://reaction/REACT-00092,COMPLETE
TEN-COOLIT-SYN-001,SITE-COOLIT-SYN-01,QMS,REACTION_TASK,REACT-00093,SIG-0024,RESOLVED,2026-09-25T23:59:59-06:00,2026-09-26T08:00:00-06:00,2026-06-29T00:00:00-06:00,,1,,false,COMPLETE,,,VALID,CURRENT,coolit-synthetic-v2.0.0,ALL_SYNTHETIC_CUSTOMERS,ALL_SYNTHETIC_PROGRAMS,ALL_SYNTHETIC_PRODUCTS,SYNTHETIC_INTERNAL,SNP-COOLIT-20260925-BL,SCN-BASELINE,REACT-00093,SIG-0024,1,CONTAIN,Quality Technician,2025-11-08T16:00:00-06:00,2025-11-08T15:00:00-06:00,synthetic://reaction/REACT-00093,COMPLETE
TEN-COOLIT-SYN-001,SITE-COOLIT-SYN-01,QMS,REACTION_TASK,REACT-00094,SIG-0024,RESOLVED,2026-09-25T23:59:59-06:00,2026-09-26T08:00:00-06:00,2026-06-29T00:00:00-06:00,,1,,false,COMPLETE,,,VALID,CURRENT,coolit-synthetic-v2.0.0,ALL_SYNTHETIC_CUSTOMERS,ALL_SYNTHETIC_PROGRAMS,ALL_SYNTHETIC_PRODUCTS,SYNTHETIC_INTERNAL,SNP-COOLIT-20260925-BL,SCN-BASELINE,REACT-00094,SIG-0024,2,INVESTIGATE,Process Engineer,2025-11-09T16:00:00-06:00,2025-11-09T15:00:00-06:00,synthetic://reaction/REACT-00094,COMPLETE
TEN-COOLIT-SYN-001,SITE-COOLIT-SYN-01,QMS,REACTION_TASK,REACT-00095,SIG-0024,RESOLVED,2026-09-25T23:59:59-06:00,2026-09-26T08:00:00-06:00,2026-06-29T00:00:00-06:00,,1,,false,COMPLETE,,,VALID,CURRENT,coolit-synthetic-v2.0.0,ALL_SYNTHETIC_CUSTOMERS,ALL_SYNTHETIC_PROGRAMS,ALL_SYNTHETIC_PRODUCTS,SYNTHETIC_INTERNAL,SNP-COOLIT-20260925-BL,SCN-BASELINE,REACT-00095,SIG-0024,3,ADJUST,Maintenance Technician,2025-11-10T16:00:00-06:00,2025-11-10T15:00:00-06:00,synthetic://reaction/REACT-00095,COMPLETE
TEN-COOLIT-SYN-001,SITE-COOLIT-SYN-01,QMS,REACTION_TASK,REACT-00096,SIG-0024,RESOLVED,2026-09-25T23:59:59-06:00,2026-09-26T08:00:00-06:00,2026-06-29T00:00:00-06:00,,1,,false,COMPLETE,,,VALID,CURRENT,coolit-synthetic-v2.0.0,ALL_SYNTHETIC_CUSTOMERS,ALL_SYNTHETIC_PROGRAMS,ALL_SYNTHETIC_PRODUCTS,SYNTHETIC_INTERNAL,SNP-COOLIT-20260925-BL,SCN-BASELINE,REACT-00096,SIG-0024,4,VERIFY,Quality Engineer,2025-11-11T16:00:00-06:00,2025-11-11T15:00:00-06:00,synthetic://reaction/REACT-00096,COMPLETE
TEN-COOLIT-SYN-001,SITE-COOLIT-SYN-01,QMS,REACTION_TASK,REACT-00097,SIG-0025,RESOLVED,2026-09-25T23:59:59-06:00,2026-09-26T08:00:00-06:00,2026-06-29T00:00:00-06:00,,1,,false,COMPLETE,,,VALID,CURRENT,coolit-synthetic-v2.0.0,ALL_SYNTHETIC_CUSTOMERS,ALL_SYNTHETIC_PROGRAMS,ALL_SYNTHETIC_PRODUCTS,SYNTHETIC_INTERNAL,SNP-COOLIT-20260925-BL,SCN-BASELINE,REACT-00097,SIG-0025,1,CONTAIN,Quality Technician,2025-11-15T16:00:00-06:00,2025-11-15T15:00:00-06:00,synthetic://reaction/REACT-00097,COMPLETE
TEN-COOLIT-SYN-001,SITE-COOLIT-SYN-01,QMS,REACTION_TASK,REACT-00098,SIG-0025,RESOLVED,2026-09-25T23:59:59-06:00,2026-09-26T08:00:00-06:00,2026-06-29T00:00:00-06:00,,1,,false,COMPLETE,,,VALID,CURRENT,coolit-synthetic-v2.0.0,ALL_SYNTHETIC_CUSTOMERS,ALL_SYNTHETIC_PROGRAMS,ALL_SYNTHETIC_PRODUCTS,SYNTHETIC_INTERNAL,SNP-COOLIT-20260925-BL,SCN-BASELINE,REACT-00098,SIG-0025,2,INVESTIGATE,Process Engineer,2025-11-16T16:00:00-06:00,2025-11-16T15:00:00-06:00,synthetic://reaction/REACT-00098,COMPLETE
TEN-COOLIT-SYN-001,SITE-COOLIT-SYN-01,QMS,REACTION_TASK,REACT-00099,SIG-0025,RESOLVED,2026-09-25T23:59:59-06:00,2026-09-26T08:00:00-06:00,2026-06-29T00:00:00-06:00,,1,,false,COMPLETE,,,VALID,CURRENT,coolit-synthetic-v2.0.0,ALL_SYNTHETIC_CUSTOMERS,ALL_SYNTHETIC_PROGRAMS,ALL_SYNTHETIC_PRODUCTS,SYNTHETIC_INTERNAL,SNP-COOLIT-20260925-BL,SCN-BASELINE,REACT-00099,SIG-0025,3,ADJUST,Maintenance Technician,2025-11-17T16:00:00-06:00,2025-11-17T15:00:00-06:00,synthetic://reaction/REACT-00099,COMPLETE
TEN-COOLIT-SYN-001,SITE-COOLIT-SYN-01,QMS,REACTION_TASK,REACT-00100,SIG-0025,RESOLVED,2026-09-25T23:59:59-06:00,2026-09-26T08:00:00-06:00,2026-06-29T00:00:00-06:00,,1,,false,COMPLETE,,,VALID,CURRENT,coolit-synthetic-v2.0.0,ALL_SYNTHETIC_CUSTOMERS,ALL_SYNTHETIC_PROGRAMS,ALL_SYNTHETIC_PRODUCTS,SYNTHETIC_INTERNAL,SNP-COOLIT-20260925-BL,SCN-BASELINE,REACT-00100,SIG-0025,4,VERIFY,Quality Engineer,2025-11-18T16:00:00-06:00,2025-11-18T15:00:00-06:00,synthetic://reaction/REACT-00100,COMPLETE
TEN-COOLIT-SYN-001,SITE-COOLIT-SYN-01,QMS,REACTION_TASK,REACT-00101,SIG-0026,RESOLVED,2026-09-25T23:59:59-06:00,2026-09-26T08:00:00-06:00,2026-06-29T00:00:00-06:00,,1,,false,COMPLETE,,,VALID,CURRENT,coolit-synthetic-v2.0.0,ALL_SYNTHETIC_CUSTOMERS,ALL_SYNTHETIC_PROGRAMS,ALL_SYNTHETIC_PRODUCTS,SYNTHETIC_INTERNAL,SNP-COOLIT-20260925-BL,SCN-BASELINE,REACT-00101,SIG-0026,1,CONTAIN,Quality Technician,2025-12-06T16:00:00-06:00,2025-12-06T15:00:00-06:00,synthetic://reaction/REACT-00101,COMPLETE
TEN-COOLIT-SYN-001,SITE-COOLIT-SYN-01,QMS,REACTION_TASK,REACT-00102,SIG-0026,RESOLVED,2026-09-25T23:59:59-06:00,2026-09-26T08:00:00-06:00,2026-06-29T00:00:00-06:00,,1,,false,COMPLETE,,,VALID,CURRENT,coolit-synthetic-v2.0.0,ALL_SYNTHETIC_CUSTOMERS,ALL_SYNTHETIC_PROGRAMS,ALL_SYNTHETIC_PRODUCTS,SYNTHETIC_INTERNAL,SNP-COOLIT-20260925-BL,SCN-BASELINE,REACT-00102,SIG-0026,2,INVESTIGATE,Process Engineer,2025-12-07T16:00:00-06:00,2025-12-07T15:00:00-06:00,synthetic://reaction/REACT-00102,COMPLETE
TEN-COOLIT-SYN-001,SITE-COOLIT-SYN-01,QMS,REACTION_TASK,REACT-00103,SIG-0026,RESOLVED,2026-09-25T23:59:59-06:00,2026-09-26T08:00:00-06:00,2026-06-29T00:00:00-06:00,,1,,false,COMPLETE,,,VALID,CURRENT,coolit-synthetic-v2.0.0,ALL_SYNTHETIC_CUSTOMERS,ALL_SYNTHETIC_PROGRAMS,ALL_SYNTHETIC_PRODUCTS,SYNTHETIC_INTERNAL,SNP-COOLIT-20260925-BL,SCN-BASELINE,REACT-00103,SIG-0026,3,ADJUST,Maintenance Technician,2025-12-08T16:00:00-06:00,2025-12-08T15:00:00-06:00,synthetic://reaction/REACT-00103,COMPLETE
TEN-COOLIT-SYN-001,SITE-COOLIT-SYN-01,QMS,REACTION_TASK,REACT-00104,SIG-0026,RESOLVED,2026-09-25T23:59:59-06:00,2026-09-26T08:00:00-06:00,2026-06-29T00:00:00-06:00,,1,,false,COMPLETE,,,VALID,CURRENT,coolit-synthetic-v2.0.0,ALL_SYNTHETIC_CUSTOMERS,ALL_SYNTHETIC_PROGRAMS,ALL_SYNTHETIC_PRODUCTS,SYNTHETIC_INTERNAL,SNP-COOLIT-20260925-BL,SCN-BASELINE,REACT-00104,SIG-0026,4,VERIFY,Quality Engineer,2025-12-09T16:00:00-06:00,2025-12-09T15:00:00-06:00,synthetic://reaction/REACT-00104,COMPLETE
TEN-COOLIT-SYN-001,SITE-COOLIT-SYN-01,QMS,REACTION_TASK,REACT-00105,SIG-0027,RESOLVED,2026-09-25T23:59:59-06:00,2026-09-26T08:00:00-06:00,2026-06-29T00:00:00-06:00,,1,,false,COMPLETE,,,VALID,CURRENT,coolit-synthetic-v2.0.0,ALL_SYNTHETIC_CUSTOMERS,ALL_SYNTHETIC_PROGRAMS,ALL_SYNTHETIC_PRODUCTS,SYNTHETIC_INTERNAL,SNP-COOLIT-20260925-BL,SCN-BASELINE,REACT-00105,SIG-0027,1,CONTAIN,Quality Technician,2025-12-13T16:00:00-06:00,2025-12-13T15:00:00-06:00,synthetic://reaction/REACT-00105,COMPLETE
TEN-COOLIT-SYN-001,SITE-COOLIT-SYN-01,QMS,REACTION_TASK,REACT-00106,SIG-0027,RESOLVED,2026-09-25T23:59:59-06:00,2026-09-26T08:00:00-06:00,2026-06-29T00:00:00-06:00,,1,,false,COMPLETE,,,VALID,CURRENT,coolit-synthetic-v2.0.0,ALL_SYNTHETIC_CUSTOMERS,ALL_SYNTHETIC_PROGRAMS,ALL_SYNTHETIC_PRODUCTS,SYNTHETIC_INTERNAL,SNP-COOLIT-20260925-BL,SCN-BASELINE,REACT-00106,SIG-0027,2,INVESTIGATE,Process Engineer,2025-12-14T16:00:00-06:00,2025-12-14T15:00:00-06:00,synthetic://reaction/REACT-00106,COMPLETE
TEN-COOLIT-SYN-001,SITE-COOLIT-SYN-01,QMS,REACTION_TASK,REACT-00107,SIG-0027,RESOLVED,2026-09-25T23:59:59-06:00,2026-09-26T08:00:00-06:00,2026-06-29T00:00:00-06:00,,1,,false,COMPLETE,,,VALID,CURRENT,coolit-synthetic-v2.0.0,ALL_SYNTHETIC_CUSTOMERS,ALL_SYNTHETIC_PROGRAMS,ALL_SYNTHETIC_PRODUCTS,SYNTHETIC_INTERNAL,SNP-COOLIT-20260925-BL,SCN-BASELINE,REACT-00107,SIG-0027,3,ADJUST,Maintenance Technician,2025-12-15T16:00:00-06:00,2025-12-15T15:00:00-06:00,synthetic://reaction/REACT-00107,COMPLETE
TEN-COOLIT-SYN-001,SITE-COOLIT-SYN-01,QMS,REACTION_TASK,REACT-00108,SIG-0027,RESOLVED,2026-09-25T23:59:59-06:00,2026-09-26T08:00:00-06:00,2026-06-29T00:00:00-06:00,,1,,false,COMPLETE,,,VALID,CURRENT,coolit-synthetic-v2.0.0,ALL_SYNTHETIC_CUSTOMERS,ALL_SYNTHETIC_PROGRAMS,ALL_SYNTHETIC_PRODUCTS,SYNTHETIC_INTERNAL,SNP-COOLIT-20260925-BL,SCN-BASELINE,REACT-00108,SIG-0027,4,VERIFY,Quality Engineer,2025-12-16T16:00:00-06:00,2025-12-16T15:00:00-06:00,synthetic://reaction/REACT-00108,COMPLETE
TEN-COOLIT-SYN-001,SITE-COOLIT-SYN-01,QMS,REACTION_TASK,REACT-00109,SIG-0028,RESOLVED,2026-09-25T23:59:59-06:00,2026-09-26T08:00:00-06:00,2026-06-29T00:00:00-06:00,,1,,false,COMPLETE,,,VALID,CURRENT,coolit-synthetic-v2.0.0,ALL_SYNTHETIC_CUSTOMERS,ALL_SYNTHETIC_PROGRAMS,ALL_SYNTHETIC_PRODUCTS,SYNTHETIC_INTERNAL,SNP-COOLIT-20260925-BL,SCN-BASELINE,REACT-00109,SIG-0028,1,CONTAIN,Quality Technician,2026-01-03T16:00:00-06:00,2026-01-03T15:00:00-06:00,synthetic://reaction/REACT-00109,COMPLETE
TEN-COOLIT-SYN-001,SITE-COOLIT-SYN-01,QMS,REACTION_TASK,REACT-00110,SIG-0028,RESOLVED,2026-09-25T23:59:59-06:00,2026-09-26T08:00:00-06:00,2026-06-29T00:00:00-06:00,,1,,false,COMPLETE,,,VALID,CURRENT,coolit-synthetic-v2.0.0,ALL_SYNTHETIC_CUSTOMERS,ALL_SYNTHETIC_PROGRAMS,ALL_SYNTHETIC_PRODUCTS,SYNTHETIC_INTERNAL,SNP-COOLIT-20260925-BL,SCN-BASELINE,REACT-00110,SIG-0028,2,INVESTIGATE,Process Engineer,2026-01-04T16:00:00-06:00,2026-01-04T15:00:00-06:00,synthetic://reaction/REACT-00110,COMPLETE
TEN-COOLIT-SYN-001,SITE-COOLIT-SYN-01,QMS,REACTION_TASK,REACT-00111,SIG-0028,RESOLVED,2026-09-25T23:59:59-06:00,2026-09-26T08:00:00-06:00,2026-06-29T00:00:00-06:00,,1,,false,COMPLETE,,,VALID,CURRENT,coolit-synthetic-v2.0.0,ALL_SYNTHETIC_CUSTOMERS,ALL_SYNTHETIC_PROGRAMS,ALL_SYNTHETIC_PRODUCTS,SYNTHETIC_INTERNAL,SNP-COOLIT-20260925-BL,SCN-BASELINE,REACT-00111,SIG-0028,3,ADJUST,Maintenance Technician,2026-01-05T16:00:00-06:00,2026-01-05T15:00:00-06:00,synthetic://reaction/REACT-00111,COMPLETE
TEN-COOLIT-SYN-001,SITE-COOLIT-SYN-01,QMS,REACTION_TASK,REACT-00112,SIG-0028,RESOLVED,2026-09-25T23:59:59-06:00,2026-09-26T08:00:00-06:00,2026-06-29T00:00:00-06:00,,1,,false,COMPLETE,,,VALID,CURRENT,coolit-synthetic-v2.0.0,ALL_SYNTHETIC_CUSTOMERS,ALL_SYNTHETIC_PROGRAMS,ALL_SYNTHETIC_PRODUCTS,SYNTHETIC_INTERNAL,SNP-COOLIT-20260925-BL,SCN-BASELINE,REACT-00112,SIG-0028,4,VERIFY,Quality Engineer,2026-01-06T16:00:00-06:00,2026-01-06T15:00:00-06:00,synthetic://reaction/REACT-00112,COMPLETE
TEN-COOLIT-SYN-001,SITE-COOLIT-SYN-01,QMS,REACTION_TASK,REACT-00113,SIG-0029,RESOLVED,2026-09-25T23:59:59-06:00,2026-09-26T08:00:00-06:00,2026-06-29T00:00:00-06:00,,1,,false,COMPLETE,,,VALID,CURRENT,coolit-synthetic-v2.0.0,ALL_SYNTHETIC_CUSTOMERS,ALL_SYNTHETIC_PROGRAMS,ALL_SYNTHETIC_PRODUCTS,SYNTHETIC_INTERNAL,SNP-COOLIT-20260925-BL,SCN-BASELINE,REACT-00113,SIG-0029,1,CONTAIN,Quality Technician,2026-01-10T16:00:00-06:00,2026-01-10T15:00:00-06:00,synthetic://reaction/REACT-00113,COMPLETE
TEN-COOLIT-SYN-001,SITE-COOLIT-SYN-01,QMS,REACTION_TASK,REACT-00114,SIG-0029,RESOLVED,2026-09-25T23:59:59-06:00,2026-09-26T08:00:00-06:00,2026-06-29T00:00:00-06:00,,1,,false,COMPLETE,,,VALID,CURRENT,coolit-synthetic-v2.0.0,ALL_SYNTHETIC_CUSTOMERS,ALL_SYNTHETIC_PROGRAMS,ALL_SYNTHETIC_PRODUCTS,SYNTHETIC_INTERNAL,SNP-COOLIT-20260925-BL,SCN-BASELINE,REACT-00114,SIG-0029,2,INVESTIGATE,Process Engineer,2026-01-11T16:00:00-06:00,2026-01-11T15:00:00-06:00,synthetic://reaction/REACT-00114,COMPLETE
TEN-COOLIT-SYN-001,SITE-COOLIT-SYN-01,QMS,REACTION_TASK,REACT-00115,SIG-0029,RESOLVED,2026-09-25T23:59:59-06:00,2026-09-26T08:00:00-06:00,2026-06-29T00:00:00-06:00,,1,,false,COMPLETE,,,VALID,CURRENT,coolit-synthetic-v2.0.0,ALL_SYNTHETIC_CUSTOMERS,ALL_SYNTHETIC_PROGRAMS,ALL_SYNTHETIC_PRODUCTS,SYNTHETIC_INTERNAL,SNP-COOLIT-20260925-BL,SCN-BASELINE,REACT-00115,SIG-0029,3,ADJUST,Maintenance Technician,2026-01-12T16:00:00-06:00,2026-01-12T15:00:00-06:00,synthetic://reaction/REACT-00115,COMPLETE
TEN-COOLIT-SYN-001,SITE-COOLIT-SYN-01,QMS,REACTION_TASK,REACT-00116,SIG-0029,RESOLVED,2026-09-25T23:59:59-06:00,2026-09-26T08:00:00-06:00,2026-06-29T00:00:00-06:00,,1,,false,COMPLETE,,,VALID,CURRENT,coolit-synthetic-v2.0.0,ALL_SYNTHETIC_CUSTOMERS,ALL_SYNTHETIC_PROGRAMS,ALL_SYNTHETIC_PRODUCTS,SYNTHETIC_INTERNAL,SNP-COOLIT-20260925-BL,SCN-BASELINE,REACT-00116,SIG-0029,4,VERIFY,Quality Engineer,2026-01-13T16:00:00-06:00,2026-01-13T15:00:00-06:00,synthetic://reaction/REACT-00116,COMPLETE
TEN-COOLIT-SYN-001,SITE-COOLIT-SYN-01,QMS,REACTION_TASK,REACT-00117,SIG-0030,RESOLVED,2026-09-25T23:59:59-06:00,2026-09-26T08:00:00-06:00,2026-06-29T00:00:00-06:00,,1,,false,COMPLETE,,,VALID,CURRENT,coolit-synthetic-v2.0.0,ALL_SYNTHETIC_CUSTOMERS,ALL_SYNTHETIC_PROGRAMS,ALL_SYNTHETIC_PRODUCTS,SYNTHETIC_INTERNAL,SNP-COOLIT-20260925-BL,SCN-BASELINE,REACT-00117,SIG-0030,1,CONTAIN,Quality Technician,2026-01-31T16:00:00-06:00,2026-01-31T15:00:00-06:00,synthetic://reaction/REACT-00117,COMPLETE
TEN-COOLIT-SYN-001,SITE-COOLIT-SYN-01,QMS,REACTION_TASK,REACT-00118,SIG-0030,RESOLVED,2026-09-25T23:59:59-06:00,2026-09-26T08:00:00-06:00,2026-06-29T00:00:00-06:00,,1,,false,COMPLETE,,,VALID,CURRENT,coolit-synthetic-v2.0.0,ALL_SYNTHETIC_CUSTOMERS,ALL_SYNTHETIC_PROGRAMS,ALL_SYNTHETIC_PRODUCTS,SYNTHETIC_INTERNAL,SNP-COOLIT-20260925-BL,SCN-BASELINE,REACT-00118,SIG-0030,2,INVESTIGATE,Process Engineer,2026-02-01T16:00:00-06:00,2026-02-01T15:00:00-06:00,synthetic://reaction/REACT-00118,COMPLETE
TEN-COOLIT-SYN-001,SITE-COOLIT-SYN-01,QMS,REACTION_TASK,REACT-00119,SIG-0030,RESOLVED,2026-09-25T23:59:59-06:00,2026-09-26T08:00:00-06:00,2026-06-29T00:00:00-06:00,,1,,false,COMPLETE,,,VALID,CURRENT,coolit-synthetic-v2.0.0,ALL_SYNTHETIC_CUSTOMERS,ALL_SYNTHETIC_PROGRAMS,ALL_SYNTHETIC_PRODUCTS,SYNTHETIC_INTERNAL,SNP-COOLIT-20260925-BL,SCN-BASELINE,REACT-00119,SIG-0030,3,ADJUST,Maintenance Technician,2026-02-02T16:00:00-06:00,2026-02-02T15:00:00-06:00,synthetic://reaction/REACT-00119,COMPLETE
TEN-COOLIT-SYN-001,SITE-COOLIT-SYN-01,QMS,REACTION_TASK,REACT-00120,SIG-0030,RESOLVED,2026-09-25T23:59:59-06:00,2026-09-26T08:00:00-06:00,2026-06-29T00:00:00-06:00,,1,,false,COMPLETE,,,VALID,CURRENT,coolit-synthetic-v2.0.0,ALL_SYNTHETIC_CUSTOMERS,ALL_SYNTHETIC_PROGRAMS,ALL_SYNTHETIC_PRODUCTS,SYNTHETIC_INTERNAL,SNP-COOLIT-20260925-BL,SCN-BASELINE,REACT-00120,SIG-0030,4,VERIFY,Quality Engineer,2026-02-03T16:00:00-06:00,2026-02-03T15:00:00-06:00,synthetic://reaction/REACT-00120,COMPLETE
TEN-COOLIT-SYN-001,SITE-COOLIT-SYN-01,QMS,REACTION_TASK,REACT-00121,SIG-0031,RESOLVED,2026-09-25T23:59:59-06:00,2026-09-26T08:00:00-06:00,2026-06-29T00:00:00-06:00,,1,,false,COMPLETE,,,VALID,CURRENT,coolit-synthetic-v2.0.0,ALL_SYNTHETIC_CUSTOMERS,ALL_SYNTHETIC_PROGRAMS,ALL_SYNTHETIC_PRODUCTS,SYNTHETIC_INTERNAL,SNP-COOLIT-20260925-BL,SCN-BASELINE,REACT-00121,SIG-0031,1,CONTAIN,Quality Technician,2026-02-07T16:00:00-06:00,2026-02-07T15:00:00-06:00,synthetic://reaction/REACT-00121,COMPLETE
TEN-COOLIT-SYN-001,SITE-COOLIT-SYN-01,QMS,REACTION_TASK,REACT-00122,SIG-0031,RESOLVED,2026-09-25T23:59:59-06:00,2026-09-26T08:00:00-06:00,2026-06-29T00:00:00-06:00,,1,,false,COMPLETE,,,VALID,CURRENT,coolit-synthetic-v2.0.0,ALL_SYNTHETIC_CUSTOMERS,ALL_SYNTHETIC_PROGRAMS,ALL_SYNTHETIC_PRODUCTS,SYNTHETIC_INTERNAL,SNP-COOLIT-20260925-BL,SCN-BASELINE,REACT-00122,SIG-0031,2,INVESTIGATE,Process Engineer,2026-02-08T16:00:00-06:00,2026-02-08T15:00:00-06:00,synthetic://reaction/REACT-00122,COMPLETE
TEN-COOLIT-SYN-001,SITE-COOLIT-SYN-01,QMS,REACTION_TASK,REACT-00123,SIG-0031,RESOLVED,2026-09-25T23:59:59-06:00,2026-09-26T08:00:00-06:00,2026-06-29T00:00:00-06:00,,1,,false,COMPLETE,,,VALID,CURRENT,coolit-synthetic-v2.0.0,ALL_SYNTHETIC_CUSTOMERS,ALL_SYNTHETIC_PROGRAMS,ALL_SYNTHETIC_PRODUCTS,SYNTHETIC_INTERNAL,SNP-COOLIT-20260925-BL,SCN-BASELINE,REACT-00123,SIG-0031,3,ADJUST,Maintenance Technician,2026-02-09T16:00:00-06:00,2026-02-09T15:00:00-06:00,synthetic://reaction/REACT-00123,COMPLETE
TEN-COOLIT-SYN-001,SITE-COOLIT-SYN-01,QMS,REACTION_TASK,REACT-00124,SIG-0031,RESOLVED,2026-09-25T23:59:59-06:00,2026-09-26T08:00:00-06:00,2026-06-29T00:00:00-06:00,,1,,false,COMPLETE,,,VALID,CURRENT,coolit-synthetic-v2.0.0,ALL_SYNTHETIC_CUSTOMERS,ALL_SYNTHETIC_PROGRAMS,ALL_SYNTHETIC_PRODUCTS,SYNTHETIC_INTERNAL,SNP-COOLIT-20260925-BL,SCN-BASELINE,REACT-00124,SIG-0031,4,VERIFY,Quality Engineer,2026-02-10T16:00:00-06:00,2026-02-10T15:00:00-06:00,synthetic://reaction/REACT-00124,COMPLETE
TEN-COOLIT-SYN-001,SITE-COOLIT-SYN-01,QMS,REACTION_TASK,REACT-00125,SIG-0032,RESOLVED,2026-09-25T23:59:59-06:00,2026-09-26T08:00:00-06:00,2026-06-29T00:00:00-06:00,,1,,false,COMPLETE,,,VALID,CURRENT,coolit-synthetic-v2.0.0,ALL_SYNTHETIC_CUSTOMERS,ALL_SYNTHETIC_PROGRAMS,ALL_SYNTHETIC_PRODUCTS,SYNTHETIC_INTERNAL,SNP-COOLIT-20260925-BL,SCN-BASELINE,REACT-00125,SIG-0032,1,CONTAIN,Quality Technician,2026-02-28T16:00:00-06:00,2026-02-28T15:00:00-06:00,synthetic://reaction/REACT-00125,COMPLETE
TEN-COOLIT-SYN-001,SITE-COOLIT-SYN-01,QMS,REACTION_TASK,REACT-00126,SIG-0032,RESOLVED,2026-09-25T23:59:59-06:00,2026-09-26T08:00:00-06:00,2026-06-29T00:00:00-06:00,,1,,false,COMPLETE,,,VALID,CURRENT,coolit-synthetic-v2.0.0,ALL_SYNTHETIC_CUSTOMERS,ALL_SYNTHETIC_PROGRAMS,ALL_SYNTHETIC_PRODUCTS,SYNTHETIC_INTERNAL,SNP-COOLIT-20260925-BL,SCN-BASELINE,REACT-00126,SIG-0032,2,INVESTIGATE,Process Engineer,2026-03-01T16:00:00-06:00,2026-03-01T15:00:00-06:00,synthetic://reaction/REACT-00126,COMPLETE
TEN-COOLIT-SYN-001,SITE-COOLIT-SYN-01,QMS,REACTION_TASK,REACT-00127,SIG-0032,RESOLVED,2026-09-25T23:59:59-06:00,2026-09-26T08:00:00-06:00,2026-06-29T00:00:00-06:00,,1,,false,COMPLETE,,,VALID,CURRENT,coolit-synthetic-v2.0.0,ALL_SYNTHETIC_CUSTOMERS,ALL_SYNTHETIC_PROGRAMS,ALL_SYNTHETIC_PRODUCTS,SYNTHETIC_INTERNAL,SNP-COOLIT-20260925-BL,SCN-BASELINE,REACT-00127,SIG-0032,3,ADJUST,Maintenance Technician,2026-03-02T16:00:00-06:00,2026-03-02T15:00:00-06:00,synthetic://reaction/REACT-00127,COMPLETE
TEN-COOLIT-SYN-001,SITE-COOLIT-SYN-01,QMS,REACTION_TASK,REACT-00128,SIG-0032,RESOLVED,2026-09-25T23:59:59-06:00,2026-09-26T08:00:00-06:00,2026-06-29T00:00:00-06:00,,1,,false,COMPLETE,,,VALID,CURRENT,coolit-synthetic-v2.0.0,ALL_SYNTHETIC_CUSTOMERS,ALL_SYNTHETIC_PROGRAMS,ALL_SYNTHETIC_PRODUCTS,SYNTHETIC_INTERNAL,SNP-COOLIT-20260925-BL,SCN-BASELINE,REACT-00128,SIG-0032,4,VERIFY,Quality Engineer,2026-03-03T16:00:00-06:00,2026-03-03T15:00:00-06:00,synthetic://reaction/REACT-00128,COMPLETE
TEN-COOLIT-SYN-001,SITE-COOLIT-SYN-01,QMS,REACTION_TASK,REACT-00129,SIG-0033,RESOLVED,2026-09-25T23:59:59-06:00,2026-09-26T08:00:00-06:00,2026-06-29T00:00:00-06:00,,1,,false,COMPLETE,,,VALID,CURRENT,coolit-synthetic-v2.0.0,ALL_SYNTHETIC_CUSTOMERS,ALL_SYNTHETIC_PROGRAMS,ALL_SYNTHETIC_PRODUCTS,SYNTHETIC_INTERNAL,SNP-COOLIT-20260925-BL,SCN-BASELINE,REACT-00129,SIG-0033,1,CONTAIN,Quality Technician,2026-03-07T16:00:00-06:00,2026-03-07T15:00:00-06:00,synthetic://reaction/REACT-00129,COMPLETE
TEN-COOLIT-SYN-001,SITE-COOLIT-SYN-01,QMS,REACTION_TASK,REACT-00130,SIG-0033,RESOLVED,2026-09-25T23:59:59-06:00,2026-09-26T08:00:00-06:00,2026-06-29T00:00:00-06:00,,1,,false,COMPLETE,,,VALID,CURRENT,coolit-synthetic-v2.0.0,ALL_SYNTHETIC_CUSTOMERS,ALL_SYNTHETIC_PROGRAMS,ALL_SYNTHETIC_PRODUCTS,SYNTHETIC_INTERNAL,SNP-COOLIT-20260925-BL,SCN-BASELINE,REACT-00130,SIG-0033,2,INVESTIGATE,Process Engineer,2026-03-08T16:00:00-06:00,2026-03-08T15:00:00-06:00,synthetic://reaction/REACT-00130,COMPLETE
TEN-COOLIT-SYN-001,SITE-COOLIT-SYN-01,QMS,REACTION_TASK,REACT-00131,SIG-0033,RESOLVED,2026-09-25T23:59:59-06:00,2026-09-26T08:00:00-06:00,2026-06-29T00:00:00-06:00,,1,,false,COMPLETE,,,VALID,CURRENT,coolit-synthetic-v2.0.0,ALL_SYNTHETIC_CUSTOMERS,ALL_SYNTHETIC_PROGRAMS,ALL_SYNTHETIC_PRODUCTS,SYNTHETIC_INTERNAL,SNP-COOLIT-20260925-BL,SCN-BASELINE,REACT-00131,SIG-0033,3,ADJUST,Maintenance Technician,2026-03-09T16:00:00-06:00,2026-03-09T15:00:00-06:00,synthetic://reaction/REACT-00131,COMPLETE
TEN-COOLIT-SYN-001,SITE-COOLIT-SYN-01,QMS,REACTION_TASK,REACT-00132,SIG-0033,RESOLVED,2026-09-25T23:59:59-06:00,2026-09-26T08:00:00-06:00,2026-06-29T00:00:00-06:00,,1,,false,COMPLETE,,,VALID,CURRENT,coolit-synthetic-v2.0.0,ALL_SYNTHETIC_CUSTOMERS,ALL_SYNTHETIC_PROGRAMS,ALL_SYNTHETIC_PRODUCTS,SYNTHETIC_INTERNAL,SNP-COOLIT-20260925-BL,SCN-BASELINE,REACT-00132,SIG-0033,4,VERIFY,Quality Engineer,2026-03-10T16:00:00-06:00,2026-03-10T15:00:00-06:00,synthetic://reaction/REACT-00132,COMPLETE
TEN-COOLIT-SYN-001,SITE-COOLIT-SYN-01,QMS,REACTION_TASK,REACT-00133,SIG-0034,RESOLVED,2026-09-25T23:59:59-06:00,2026-09-26T08:00:00-06:00,2026-06-29T00:00:00-06:00,,1,,false,COMPLETE,,,VALID,CURRENT,coolit-synthetic-v2.0.0,ALL_SYNTHETIC_CUSTOMERS,ALL_SYNTHETIC_PROGRAMS,ALL_SYNTHETIC_PRODUCTS,SYNTHETIC_INTERNAL,SNP-COOLIT-20260925-BL,SCN-BASELINE,REACT-00133,SIG-0034,1,CONTAIN,Quality Technician,2026-04-04T16:00:00-06:00,2026-04-04T15:00:00-06:00,synthetic://reaction/REACT-00133,COMPLETE
TEN-COOLIT-SYN-001,SITE-COOLIT-SYN-01,QMS,REACTION_TASK,REACT-00134,SIG-0034,RESOLVED,2026-09-25T23:59:59-06:00,2026-09-26T08:00:00-06:00,2026-06-29T00:00:00-06:00,,1,,false,COMPLETE,,,VALID,CURRENT,coolit-synthetic-v2.0.0,ALL_SYNTHETIC_CUSTOMERS,ALL_SYNTHETIC_PROGRAMS,ALL_SYNTHETIC_PRODUCTS,SYNTHETIC_INTERNAL,SNP-COOLIT-20260925-BL,SCN-BASELINE,REACT-00134,SIG-0034,2,INVESTIGATE,Process Engineer,2026-04-05T16:00:00-06:00,2026-04-05T15:00:00-06:00,synthetic://reaction/REACT-00134,COMPLETE
TEN-COOLIT-SYN-001,SITE-COOLIT-SYN-01,QMS,REACTION_TASK,REACT-00135,SIG-0034,RESOLVED,2026-09-25T23:59:59-06:00,2026-09-26T08:00:00-06:00,2026-06-29T00:00:00-06:00,,1,,false,COMPLETE,,,VALID,CURRENT,coolit-synthetic-v2.0.0,ALL_SYNTHETIC_CUSTOMERS,ALL_SYNTHETIC_PROGRAMS,ALL_SYNTHETIC_PRODUCTS,SYNTHETIC_INTERNAL,SNP-COOLIT-20260925-BL,SCN-BASELINE,REACT-00135,SIG-0034,3,ADJUST,Maintenance Technician,2026-04-06T16:00:00-06:00,2026-04-06T15:00:00-06:00,synthetic://reaction/REACT-00135,COMPLETE
TEN-COOLIT-SYN-001,SITE-COOLIT-SYN-01,QMS,REACTION_TASK,REACT-00136,SIG-0034,RESOLVED,2026-09-25T23:59:59-06:00,2026-09-26T08:00:00-06:00,2026-06-29T00:00:00-06:00,,1,,false,COMPLETE,,,VALID,CURRENT,coolit-synthetic-v2.0.0,ALL_SYNTHETIC_CUSTOMERS,ALL_SYNTHETIC_PROGRAMS,ALL_SYNTHETIC_PRODUCTS,SYNTHETIC_INTERNAL,SNP-COOLIT-20260925-BL,SCN-BASELINE,REACT-00136,SIG-0034,4,VERIFY,Quality Engineer,2026-04-07T16:00:00-06:00,2026-04-07T15:00:00-06:00,synthetic://reaction/REACT-00136,COMPLETE
TEN-COOLIT-SYN-001,SITE-COOLIT-SYN-01,QMS,REACTION_TASK,REACT-00137,SIG-0035,RESOLVED,2026-09-25T23:59:59-06:00,2026-09-26T08:00:00-06:00,2026-06-29T00:00:00-06:00,,1,,false,COMPLETE,,,VALID,CURRENT,coolit-synthetic-v2.0.0,ALL_SYNTHETIC_CUSTOMERS,ALL_SYNTHETIC_PROGRAMS,ALL_SYNTHETIC_PRODUCTS,SYNTHETIC_INTERNAL,SNP-COOLIT-20260925-BL,SCN-BASELINE,REACT-00137,SIG-0035,1,CONTAIN,Quality Technician,2026-05-02T16:00:00-06:00,2026-05-02T15:00:00-06:00,synthetic://reaction/REACT-00137,COMPLETE
TEN-COOLIT-SYN-001,SITE-COOLIT-SYN-01,QMS,REACTION_TASK,REACT-00138,SIG-0035,RESOLVED,2026-09-25T23:59:59-06:00,2026-09-26T08:00:00-06:00,2026-06-29T00:00:00-06:00,,1,,false,COMPLETE,,,VALID,CURRENT,coolit-synthetic-v2.0.0,ALL_SYNTHETIC_CUSTOMERS,ALL_SYNTHETIC_PROGRAMS,ALL_SYNTHETIC_PRODUCTS,SYNTHETIC_INTERNAL,SNP-COOLIT-20260925-BL,SCN-BASELINE,REACT-00138,SIG-0035,2,INVESTIGATE,Process Engineer,2026-05-03T16:00:00-06:00,2026-05-03T15:00:00-06:00,synthetic://reaction/REACT-00138,COMPLETE
TEN-COOLIT-SYN-001,SITE-COOLIT-SYN-01,QMS,REACTION_TASK,REACT-00139,SIG-0035,RESOLVED,2026-09-25T23:59:59-06:00,2026-09-26T08:00:00-06:00,2026-06-29T00:00:00-06:00,,1,,false,COMPLETE,,,VALID,CURRENT,coolit-synthetic-v2.0.0,ALL_SYNTHETIC_CUSTOMERS,ALL_SYNTHETIC_PROGRAMS,ALL_SYNTHETIC_PRODUCTS,SYNTHETIC_INTERNAL,SNP-COOLIT-20260925-BL,SCN-BASELINE,REACT-00139,SIG-0035,3,ADJUST,Maintenance Technician,2026-05-04T16:00:00-06:00,2026-05-04T15:00:00-06:00,synthetic://reaction/REACT-00139,COMPLETE
TEN-COOLIT-SYN-001,SITE-COOLIT-SYN-01,QMS,REACTION_TASK,REACT-00140,SIG-0035,RESOLVED,2026-09-25T23:59:59-06:00,2026-09-26T08:00:00-06:00,2026-06-29T00:00:00-06:00,,1,,false,COMPLETE,,,VALID,CURRENT,coolit-synthetic-v2.0.0,ALL_SYNTHETIC_CUSTOMERS,ALL_SYNTHETIC_PROGRAMS,ALL_SYNTHETIC_PRODUCTS,SYNTHETIC_INTERNAL,SNP-COOLIT-20260925-BL,SCN-BASELINE,REACT-00140,SIG-0035,4,VERIFY,Quality Engineer,2026-05-05T16:00:00-06:00,2026-05-05T15:00:00-06:00,synthetic://reaction/REACT-00140,COMPLETE
TEN-COOLIT-SYN-001,SITE-COOLIT-SYN-01,QMS,REACTION_TASK,REACT-00141,SIG-0036,RESOLVED,2026-09-25T23:59:59-06:00,2026-09-26T08:00:00-06:00,2026-06-29T00:00:00-06:00,,1,,false,COMPLETE,,,VALID,CURRENT,coolit-synthetic-v2.0.0,ALL_SYNTHETIC_CUSTOMERS,ALL_SYNTHETIC_PROGRAMS,ALL_SYNTHETIC_PRODUCTS,SYNTHETIC_INTERNAL,SNP-COOLIT-20260925-BL,SCN-BASELINE,REACT-00141,SIG-0036,1,CONTAIN,Quality Technician,2026-05-30T16:00:00-06:00,2026-05-30T15:00:00-06:00,synthetic://reaction/REACT-00141,COMPLETE
TEN-COOLIT-SYN-001,SITE-COOLIT-SYN-01,QMS,REACTION_TASK,REACT-00142,SIG-0036,RESOLVED,2026-09-25T23:59:59-06:00,2026-09-26T08:00:00-06:00,2026-06-29T00:00:00-06:00,,1,,false,COMPLETE,,,VALID,CURRENT,coolit-synthetic-v2.0.0,ALL_SYNTHETIC_CUSTOMERS,ALL_SYNTHETIC_PROGRAMS,ALL_SYNTHETIC_PRODUCTS,SYNTHETIC_INTERNAL,SNP-COOLIT-20260925-BL,SCN-BASELINE,REACT-00142,SIG-0036,2,INVESTIGATE,Process Engineer,2026-05-31T16:00:00-06:00,2026-05-31T15:00:00-06:00,synthetic://reaction/REACT-00142,COMPLETE
TEN-COOLIT-SYN-001,SITE-COOLIT-SYN-01,QMS,REACTION_TASK,REACT-00143,SIG-0036,RESOLVED,2026-09-25T23:59:59-06:00,2026-09-26T08:00:00-06:00,2026-06-29T00:00:00-06:00,,1,,false,COMPLETE,,,VALID,CURRENT,coolit-synthetic-v2.0.0,ALL_SYNTHETIC_CUSTOMERS,ALL_SYNTHETIC_PROGRAMS,ALL_SYNTHETIC_PRODUCTS,SYNTHETIC_INTERNAL,SNP-COOLIT-20260925-BL,SCN-BASELINE,REACT-00143,SIG-0036,3,ADJUST,Maintenance Technician,2026-06-01T16:00:00-06:00,2026-06-01T15:00:00-06:00,synthetic://reaction/REACT-00143,COMPLETE
TEN-COOLIT-SYN-001,SITE-COOLIT-SYN-01,QMS,REACTION_TASK,REACT-00144,SIG-0036,RESOLVED,2026-09-25T23:59:59-06:00,2026-09-26T08:00:00-06:00,2026-06-29T00:00:00-06:00,,1,,false,COMPLETE,,,VALID,CURRENT,coolit-synthetic-v2.0.0,ALL_SYNTHETIC_CUSTOMERS,ALL_SYNTHETIC_PROGRAMS,ALL_SYNTHETIC_PRODUCTS,SYNTHETIC_INTERNAL,SNP-COOLIT-20260925-BL,SCN-BASELINE,REACT-00144,SIG-0036,4,VERIFY,Quality Engineer,2026-06-02T16:00:00-06:00,2026-06-02T15:00:00-06:00,synthetic://reaction/REACT-00144,COMPLETE
TEN-COOLIT-SYN-001,SITE-COOLIT-SYN-01,QMS,REACTION_TASK,REACT-00145,SIG-0037,RESOLVED,2026-09-25T23:59:59-06:00,2026-09-26T08:00:00-06:00,2026-06-29T00:00:00-06:00,,1,,false,COMPLETE,,,VALID,CURRENT,coolit-synthetic-v2.0.0,ALL_SYNTHETIC_CUSTOMERS,ALL_SYNTHETIC_PROGRAMS,ALL_SYNTHETIC_PRODUCTS,SYNTHETIC_INTERNAL,SNP-COOLIT-20260925-BL,SCN-BASELINE,REACT-00145,SIG-0037,1,CONTAIN,Quality Technician,2026-06-06T16:00:00-06:00,2026-06-06T15:00:00-06:00,synthetic://reaction/REACT-00145,COMPLETE
TEN-COOLIT-SYN-001,SITE-COOLIT-SYN-01,QMS,REACTION_TASK,REACT-00146,SIG-0037,RESOLVED,2026-09-25T23:59:59-06:00,2026-09-26T08:00:00-06:00,2026-06-29T00:00:00-06:00,,1,,false,COMPLETE,,,VALID,CURRENT,coolit-synthetic-v2.0.0,ALL_SYNTHETIC_CUSTOMERS,ALL_SYNTHETIC_PROGRAMS,ALL_SYNTHETIC_PRODUCTS,SYNTHETIC_INTERNAL,SNP-COOLIT-20260925-BL,SCN-BASELINE,REACT-00146,SIG-0037,2,INVESTIGATE,Process Engineer,2026-06-07T16:00:00-06:00,2026-06-07T15:00:00-06:00,synthetic://reaction/REACT-00146,COMPLETE
TEN-COOLIT-SYN-001,SITE-COOLIT-SYN-01,QMS,REACTION_TASK,REACT-00147,SIG-0037,RESOLVED,2026-09-25T23:59:59-06:00,2026-09-26T08:00:00-06:00,2026-06-29T00:00:00-06:00,,1,,false,COMPLETE,,,VALID,CURRENT,coolit-synthetic-v2.0.0,ALL_SYNTHETIC_CUSTOMERS,ALL_SYNTHETIC_PROGRAMS,ALL_SYNTHETIC_PRODUCTS,SYNTHETIC_INTERNAL,SNP-COOLIT-20260925-BL,SCN-BASELINE,REACT-00147,SIG-0037,3,ADJUST,Maintenance Technician,2026-06-08T16:00:00-06:00,2026-06-08T15:00:00-06:00,synthetic://reaction/REACT-00147,COMPLETE
TEN-COOLIT-SYN-001,SITE-COOLIT-SYN-01,QMS,REACTION_TASK,REACT-00148,SIG-0037,RESOLVED,2026-09-25T23:59:59-06:00,2026-09-26T08:00:00-06:00,2026-06-29T00:00:00-06:00,,1,,false,COMPLETE,,,VALID,CURRENT,coolit-synthetic-v2.0.0,ALL_SYNTHETIC_CUSTOMERS,ALL_SYNTHETIC_PROGRAMS,ALL_SYNTHETIC_PRODUCTS,SYNTHETIC_INTERNAL,SNP-COOLIT-20260925-BL,SCN-BASELINE,REACT-00148,SIG-0037,4,VERIFY,Quality Engineer,2026-06-09T16:00:00-06:00,2026-06-09T15:00:00-06:00,synthetic://reaction/REACT-00148,COMPLETE
TEN-COOLIT-SYN-001,SITE-COOLIT-SYN-01,QMS,REACTION_TASK,REACT-00149,SIG-0038,RESOLVED,2026-09-25T23:59:59-06:00,2026-09-26T08:00:00-06:00,2026-06-29T00:00:00-06:00,,1,,false,COMPLETE,,,VALID,CURRENT,coolit-synthetic-v2.0.0,ALL_SYNTHETIC_CUSTOMERS,ALL_SYNTHETIC_PROGRAMS,ALL_SYNTHETIC_PRODUCTS,SYNTHETIC_INTERNAL,SNP-COOLIT-20260925-BL,SCN-BASELINE,REACT-00149,SIG-0038,1,CONTAIN,Quality Technician,2026-06-27T16:00:00-06:00,2026-06-27T15:00:00-06:00,synthetic://reaction/REACT-00149,COMPLETE
TEN-COOLIT-SYN-001,SITE-COOLIT-SYN-01,QMS,REACTION_TASK,REACT-00150,SIG-0038,RESOLVED,2026-09-25T23:59:59-06:00,2026-09-26T08:00:00-06:00,2026-06-29T00:00:00-06:00,,1,,false,COMPLETE,,,VALID,CURRENT,coolit-synthetic-v2.0.0,ALL_SYNTHETIC_CUSTOMERS,ALL_SYNTHETIC_PROGRAMS,ALL_SYNTHETIC_PRODUCTS,SYNTHETIC_INTERNAL,SNP-COOLIT-20260925-BL,SCN-BASELINE,REACT-00150,SIG-0038,2,INVESTIGATE,Process Engineer,2026-06-28T16:00:00-06:00,2026-06-28T15:00:00-06:00,synthetic://reaction/REACT-00150,COMPLETE
TEN-COOLIT-SYN-001,SITE-COOLIT-SYN-01,QMS,REACTION_TASK,REACT-00151,SIG-0038,RESOLVED,2026-09-25T23:59:59-06:00,2026-09-26T08:00:00-06:00,2026-06-29T00:00:00-06:00,,1,,false,COMPLETE,,,VALID,CURRENT,coolit-synthetic-v2.0.0,ALL_SYNTHETIC_CUSTOMERS,ALL_SYNTHETIC_PROGRAMS,ALL_SYNTHETIC_PRODUCTS,SYNTHETIC_INTERNAL,SNP-COOLIT-20260925-BL,SCN-BASELINE,REACT-00151,SIG-0038,3,ADJUST,Maintenance Technician,2026-06-29T16:00:00-06:00,2026-06-29T15:00:00-06:00,synthetic://reaction/REACT-00151,COMPLETE
TEN-COOLIT-SYN-001,SITE-COOLIT-SYN-01,QMS,REACTION_TASK,REACT-00152,SIG-0038,RESOLVED,2026-09-25T23:59:59-06:00,2026-09-26T08:00:00-06:00,2026-06-29T00:00:00-06:00,,1,,false,COMPLETE,,,VALID,CURRENT,coolit-synthetic-v2.0.0,ALL_SYNTHETIC_CUSTOMERS,ALL_SYNTHETIC_PROGRAMS,ALL_SYNTHETIC_PRODUCTS,SYNTHETIC_INTERNAL,SNP-COOLIT-20260925-BL,SCN-BASELINE,REACT-00152,SIG-0038,4,VERIFY,Quality Engineer,2026-06-30T16:00:00-06:00,2026-06-30T15:00:00-06:00,synthetic://reaction/REACT-00152,COMPLETE
TEN-COOLIT-SYN-001,SITE-COOLIT-SYN-01,QMS,REACTION_TASK,REACT-00153,SIG-0039,RESOLVED,2026-09-25T23:59:59-06:00,2026-09-26T08:00:00-06:00,2026-06-29T00:00:00-06:00,,1,,false,COMPLETE,,,VALID,CURRENT,coolit-synthetic-v2.0.0,ALL_SYNTHETIC_CUSTOMERS,ALL_SYNTHETIC_PROGRAMS,ALL_SYNTHETIC_PRODUCTS,SYNTHETIC_INTERNAL,SNP-COOLIT-20260925-BL,SCN-BASELINE,REACT-00153,SIG-0039,1,CONTAIN,Quality Technician,2026-07-04T16:00:00-06:00,2026-07-04T15:00:00-06:00,synthetic://reaction/REACT-00153,COMPLETE
TEN-COOLIT-SYN-001,SITE-COOLIT-SYN-01,QMS,REACTION_TASK,REACT-00154,SIG-0039,RESOLVED,2026-09-25T23:59:59-06:00,2026-09-26T08:00:00-06:00,2026-06-29T00:00:00-06:00,,1,,false,COMPLETE,,,VALID,CURRENT,coolit-synthetic-v2.0.0,ALL_SYNTHETIC_CUSTOMERS,ALL_SYNTHETIC_PROGRAMS,ALL_SYNTHETIC_PRODUCTS,SYNTHETIC_INTERNAL,SNP-COOLIT-20260925-BL,SCN-BASELINE,REACT-00154,SIG-0039,2,INVESTIGATE,Process Engineer,2026-07-05T16:00:00-06:00,2026-07-05T15:00:00-06:00,synthetic://reaction/REACT-00154,COMPLETE
TEN-COOLIT-SYN-001,SITE-COOLIT-SYN-01,QMS,REACTION_TASK,REACT-00155,SIG-0039,RESOLVED,2026-09-25T23:59:59-06:00,2026-09-26T08:00:00-06:00,2026-06-29T00:00:00-06:00,,1,,false,COMPLETE,,,VALID,CURRENT,coolit-synthetic-v2.0.0,ALL_SYNTHETIC_CUSTOMERS,ALL_SYNTHETIC_PROGRAMS,ALL_SYNTHETIC_PRODUCTS,SYNTHETIC_INTERNAL,SNP-COOLIT-20260925-BL,SCN-BASELINE,REACT-00155,SIG-0039,3,ADJUST,Maintenance Technician,2026-07-06T16:00:00-06:00,2026-07-06T15:00:00-06:00,synthetic://reaction/REACT-00155,COMPLETE
TEN-COOLIT-SYN-001,SITE-COOLIT-SYN-01,QMS,REACTION_TASK,REACT-00156,SIG-0039,RESOLVED,2026-09-25T23:59:59-06:00,2026-09-26T08:00:00-06:00,2026-06-29T00:00:00-06:00,,1,,false,COMPLETE,,,VALID,CURRENT,coolit-synthetic-v2.0.0,ALL_SYNTHETIC_CUSTOMERS,ALL_SYNTHETIC_PROGRAMS,ALL_SYNTHETIC_PRODUCTS,SYNTHETIC_INTERNAL,SNP-COOLIT-20260925-BL,SCN-BASELINE,REACT-00156,SIG-0039,4,VERIFY,Quality Engineer,2026-07-07T16:00:00-06:00,2026-07-07T15:00:00-06:00,synthetic://reaction/REACT-00156,COMPLETE
TEN-COOLIT-SYN-001,SITE-COOLIT-SYN-01,QMS,REACTION_TASK,REACT-00157,SIG-0040,RESOLVED,2026-09-25T23:59:59-06:00,2026-09-26T08:00:00-06:00,2026-06-29T00:00:00-06:00,,1,,false,COMPLETE,,,VALID,CURRENT,coolit-synthetic-v2.0.0,ALL_SYNTHETIC_CUSTOMERS,ALL_SYNTHETIC_PROGRAMS,ALL_SYNTHETIC_PRODUCTS,SYNTHETIC_INTERNAL,SNP-COOLIT-20260925-BL,SCN-BASELINE,REACT-00157,SIG-0040,1,CONTAIN,Quality Technician,2026-07-25T16:00:00-06:00,2026-07-25T15:00:00-06:00,synthetic://reaction/REACT-00157,COMPLETE
TEN-COOLIT-SYN-001,SITE-COOLIT-SYN-01,QMS,REACTION_TASK,REACT-00158,SIG-0040,RESOLVED,2026-09-25T23:59:59-06:00,2026-09-26T08:00:00-06:00,2026-06-29T00:00:00-06:00,,1,,false,COMPLETE,,,VALID,CURRENT,coolit-synthetic-v2.0.0,ALL_SYNTHETIC_CUSTOMERS,ALL_SYNTHETIC_PROGRAMS,ALL_SYNTHETIC_PRODUCTS,SYNTHETIC_INTERNAL,SNP-COOLIT-20260925-BL,SCN-BASELINE,REACT-00158,SIG-0040,2,INVESTIGATE,Process Engineer,2026-07-26T16:00:00-06:00,2026-07-26T15:00:00-06:00,synthetic://reaction/REACT-00158,COMPLETE
TEN-COOLIT-SYN-001,SITE-COOLIT-SYN-01,QMS,REACTION_TASK,REACT-00159,SIG-0040,RESOLVED,2026-09-25T23:59:59-06:00,2026-09-26T08:00:00-06:00,2026-06-29T00:00:00-06:00,,1,,false,COMPLETE,,,VALID,CURRENT,coolit-synthetic-v2.0.0,ALL_SYNTHETIC_CUSTOMERS,ALL_SYNTHETIC_PROGRAMS,ALL_SYNTHETIC_PRODUCTS,SYNTHETIC_INTERNAL,SNP-COOLIT-20260925-BL,SCN-BASELINE,REACT-00159,SIG-0040,3,ADJUST,Maintenance Technician,2026-07-27T16:00:00-06:00,2026-07-27T15:00:00-06:00,synthetic://reaction/REACT-00159,COMPLETE
TEN-COOLIT-SYN-001,SITE-COOLIT-SYN-01,QMS,REACTION_TASK,REACT-00160,SIG-0040,RESOLVED,2026-09-25T23:59:59-06:00,2026-09-26T08:00:00-06:00,2026-06-29T00:00:00-06:00,,1,,false,COMPLETE,,,VALID,CURRENT,coolit-synthetic-v2.0.0,ALL_SYNTHETIC_CUSTOMERS,ALL_SYNTHETIC_PROGRAMS,ALL_SYNTHETIC_PRODUCTS,SYNTHETIC_INTERNAL,SNP-COOLIT-20260925-BL,SCN-BASELINE,REACT-00160,SIG-0040,4,VERIFY,Quality Engineer,2026-07-28T16:00:00-06:00,2026-07-28T15:00:00-06:00,synthetic://reaction/REACT-00160,COMPLETE
TEN-COOLIT-SYN-001,SITE-COOLIT-SYN-01,QMS,REACTION_TASK,REACT-00161,SIG-0041,RESOLVED,2026-09-25T23:59:59-06:00,2026-09-26T08:00:00-06:00,2026-06-29T00:00:00-06:00,,1,,false,COMPLETE,,,VALID,CURRENT,coolit-synthetic-v2.0.0,ALL_SYNTHETIC_CUSTOMERS,ALL_SYNTHETIC_PROGRAMS,ALL_SYNTHETIC_PRODUCTS,SYNTHETIC_INTERNAL,SNP-COOLIT-20260925-BL,SCN-BASELINE,REACT-00161,SIG-0041,1,CONTAIN,Quality Technician,2026-08-01T16:00:00-06:00,2026-08-01T15:00:00-06:00,synthetic://reaction/REACT-00161,COMPLETE
TEN-COOLIT-SYN-001,SITE-COOLIT-SYN-01,QMS,REACTION_TASK,REACT-00162,SIG-0041,RESOLVED,2026-09-25T23:59:59-06:00,2026-09-26T08:00:00-06:00,2026-06-29T00:00:00-06:00,,1,,false,COMPLETE,,,VALID,CURRENT,coolit-synthetic-v2.0.0,ALL_SYNTHETIC_CUSTOMERS,ALL_SYNTHETIC_PROGRAMS,ALL_SYNTHETIC_PRODUCTS,SYNTHETIC_INTERNAL,SNP-COOLIT-20260925-BL,SCN-BASELINE,REACT-00162,SIG-0041,2,INVESTIGATE,Process Engineer,2026-08-02T16:00:00-06:00,2026-08-02T15:00:00-06:00,synthetic://reaction/REACT-00162,COMPLETE
TEN-COOLIT-SYN-001,SITE-COOLIT-SYN-01,QMS,REACTION_TASK,REACT-00163,SIG-0041,RESOLVED,2026-09-25T23:59:59-06:00,2026-09-26T08:00:00-06:00,2026-06-29T00:00:00-06:00,,1,,false,COMPLETE,,,VALID,CURRENT,coolit-synthetic-v2.0.0,ALL_SYNTHETIC_CUSTOMERS,ALL_SYNTHETIC_PROGRAMS,ALL_SYNTHETIC_PRODUCTS,SYNTHETIC_INTERNAL,SNP-COOLIT-20260925-BL,SCN-BASELINE,REACT-00163,SIG-0041,3,ADJUST,Maintenance Technician,2026-08-03T16:00:00-06:00,2026-08-03T15:00:00-06:00,synthetic://reaction/REACT-00163,COMPLETE
TEN-COOLIT-SYN-001,SITE-COOLIT-SYN-01,QMS,REACTION_TASK,REACT-00164,SIG-0041,RESOLVED,2026-09-25T23:59:59-06:00,2026-09-26T08:00:00-06:00,2026-06-29T00:00:00-06:00,,1,,false,COMPLETE,,,VALID,CURRENT,coolit-synthetic-v2.0.0,ALL_SYNTHETIC_CUSTOMERS,ALL_SYNTHETIC_PROGRAMS,ALL_SYNTHETIC_PRODUCTS,SYNTHETIC_INTERNAL,SNP-COOLIT-20260925-BL,SCN-BASELINE,REACT-00164,SIG-0041,4,VERIFY,Quality Engineer,2026-08-04T16:00:00-06:00,2026-08-04T15:00:00-06:00,synthetic://reaction/REACT-00164,COMPLETE
TEN-COOLIT-SYN-001,SITE-COOLIT-SYN-01,QMS,REACTION_TASK,REACT-00165,SIG-0042,RESOLVED,2026-09-25T23:59:59-06:00,2026-09-26T08:00:00-06:00,2026-06-29T00:00:00-06:00,,1,,false,COMPLETE,,,VALID,CURRENT,coolit-synthetic-v2.0.0,ALL_SYNTHETIC_CUSTOMERS,ALL_SYNTHETIC_PROGRAMS,ALL_SYNTHETIC_PRODUCTS,SYNTHETIC_INTERNAL,SNP-COOLIT-20260925-BL,SCN-BASELINE,REACT-00165,SIG-0042,1,CONTAIN,Quality Technician,2026-08-22T16:00:00-06:00,2026-08-22T15:00:00-06:00,synthetic://reaction/REACT-00165,COMPLETE
TEN-COOLIT-SYN-001,SITE-COOLIT-SYN-01,QMS,REACTION_TASK,REACT-00166,SIG-0042,RESOLVED,2026-09-25T23:59:59-06:00,2026-09-26T08:00:00-06:00,2026-06-29T00:00:00-06:00,,1,,false,COMPLETE,,,VALID,CURRENT,coolit-synthetic-v2.0.0,ALL_SYNTHETIC_CUSTOMERS,ALL_SYNTHETIC_PROGRAMS,ALL_SYNTHETIC_PRODUCTS,SYNTHETIC_INTERNAL,SNP-COOLIT-20260925-BL,SCN-BASELINE,REACT-00166,SIG-0042,2,INVESTIGATE,Process Engineer,2026-08-23T16:00:00-06:00,2026-08-23T15:00:00-06:00,synthetic://reaction/REACT-00166,COMPLETE
TEN-COOLIT-SYN-001,SITE-COOLIT-SYN-01,QMS,REACTION_TASK,REACT-00167,SIG-0042,RESOLVED,2026-09-25T23:59:59-06:00,2026-09-26T08:00:00-06:00,2026-06-29T00:00:00-06:00,,1,,false,COMPLETE,,,VALID,CURRENT,coolit-synthetic-v2.0.0,ALL_SYNTHETIC_CUSTOMERS,ALL_SYNTHETIC_PROGRAMS,ALL_SYNTHETIC_PRODUCTS,SYNTHETIC_INTERNAL,SNP-COOLIT-20260925-BL,SCN-BASELINE,REACT-00167,SIG-0042,3,ADJUST,Maintenance Technician,2026-08-24T16:00:00-06:00,2026-08-24T15:00:00-06:00,synthetic://reaction/REACT-00167,COMPLETE
TEN-COOLIT-SYN-001,SITE-COOLIT-SYN-01,QMS,REACTION_TASK,REACT-00168,SIG-0042,RESOLVED,2026-09-25T23:59:59-06:00,2026-09-26T08:00:00-06:00,2026-06-29T00:00:00-06:00,,1,,false,COMPLETE,,,VALID,CURRENT,coolit-synthetic-v2.0.0,ALL_SYNTHETIC_CUSTOMERS,ALL_SYNTHETIC_PROGRAMS,ALL_SYNTHETIC_PRODUCTS,SYNTHETIC_INTERNAL,SNP-COOLIT-20260925-BL,SCN-BASELINE,REACT-00168,SIG-0042,4,VERIFY,Quality Engineer,2026-08-25T16:00:00-06:00,2026-08-25T15:00:00-06:00,synthetic://reaction/REACT-00168,COMPLETE
TEN-COOLIT-SYN-001,SITE-COOLIT-SYN-01,QMS,REACTION_TASK,REACT-00169,SIG-0043,RESOLVED,2026-09-25T23:59:59-06:00,2026-09-26T08:00:00-06:00,2026-06-29T00:00:00-06:00,,1,,false,COMPLETE,,,VALID,CURRENT,coolit-synthetic-v2.0.0,ALL_SYNTHETIC_CUSTOMERS,ALL_SYNTHETIC_PROGRAMS,ALL_SYNTHETIC_PRODUCTS,SYNTHETIC_INTERNAL,SNP-COOLIT-20260925-BL,SCN-BASELINE,REACT-00169,SIG-0043,1,CONTAIN,Quality Technician,2026-08-29T16:00:00-06:00,2026-08-29T15:00:00-06:00,synthetic://reaction/REACT-00169,COMPLETE
TEN-COOLIT-SYN-001,SITE-COOLIT-SYN-01,QMS,REACTION_TASK,REACT-00170,SIG-0043,RESOLVED,2026-09-25T23:59:59-06:00,2026-09-26T08:00:00-06:00,2026-06-29T00:00:00-06:00,,1,,false,COMPLETE,,,VALID,CURRENT,coolit-synthetic-v2.0.0,ALL_SYNTHETIC_CUSTOMERS,ALL_SYNTHETIC_PROGRAMS,ALL_SYNTHETIC_PRODUCTS,SYNTHETIC_INTERNAL,SNP-COOLIT-20260925-BL,SCN-BASELINE,REACT-00170,SIG-0043,2,INVESTIGATE,Process Engineer,2026-08-30T16:00:00-06:00,2026-08-30T15:00:00-06:00,synthetic://reaction/REACT-00170,COMPLETE
TEN-COOLIT-SYN-001,SITE-COOLIT-SYN-01,QMS,REACTION_TASK,REACT-00171,SIG-0043,RESOLVED,2026-09-25T23:59:59-06:00,2026-09-26T08:00:00-06:00,2026-06-29T00:00:00-06:00,,1,,false,COMPLETE,,,VALID,CURRENT,coolit-synthetic-v2.0.0,ALL_SYNTHETIC_CUSTOMERS,ALL_SYNTHETIC_PROGRAMS,ALL_SYNTHETIC_PRODUCTS,SYNTHETIC_INTERNAL,SNP-COOLIT-20260925-BL,SCN-BASELINE,REACT-00171,SIG-0043,3,ADJUST,Maintenance Technician,2026-08-31T16:00:00-06:00,2026-08-31T15:00:00-06:00,synthetic://reaction/REACT-00171,COMPLETE
TEN-COOLIT-SYN-001,SITE-COOLIT-SYN-01,QMS,REACTION_TASK,REACT-00172,SIG-0043,RESOLVED,2026-09-25T23:59:59-06:00,2026-09-26T08:00:00-06:00,2026-06-29T00:00:00-06:00,,1,,false,COMPLETE,,,VALID,CURRENT,coolit-synthetic-v2.0.0,ALL_SYNTHETIC_CUSTOMERS,ALL_SYNTHETIC_PROGRAMS,ALL_SYNTHETIC_PRODUCTS,SYNTHETIC_INTERNAL,SNP-COOLIT-20260925-BL,SCN-BASELINE,REACT-00172,SIG-0043,4,VERIFY,Quality Engineer,2026-09-01T16:00:00-06:00,2026-09-01T15:00:00-06:00,synthetic://reaction/REACT-00172,COMPLETE
TEN-COOLIT-SYN-001,SITE-COOLIT-SYN-01,QMS,REACTION_TASK,REACT-00173,SIG-0044,RESOLVED,2026-09-25T23:59:59-06:00,2026-09-26T08:00:00-06:00,2026-06-29T00:00:00-06:00,,1,,false,COMPLETE,,,VALID,CURRENT,coolit-synthetic-v2.0.0,ALL_SYNTHETIC_CUSTOMERS,ALL_SYNTHETIC_PROGRAMS,ALL_SYNTHETIC_PRODUCTS,SYNTHETIC_INTERNAL,SNP-COOLIT-20260925-BL,SCN-BASELINE,REACT-00173,SIG-0044,1,CONTAIN,Quality Technician,2026-09-19T16:00:00-06:00,2026-09-19T15:00:00-06:00,synthetic://reaction/REACT-00173,COMPLETE
TEN-COOLIT-SYN-001,SITE-COOLIT-SYN-01,QMS,REACTION_TASK,REACT-00174,SIG-0044,RESOLVED,2026-09-25T23:59:59-06:00,2026-09-26T08:00:00-06:00,2026-06-29T00:00:00-06:00,,1,,false,COMPLETE,,,VALID,CURRENT,coolit-synthetic-v2.0.0,ALL_SYNTHETIC_CUSTOMERS,ALL_SYNTHETIC_PROGRAMS,ALL_SYNTHETIC_PRODUCTS,SYNTHETIC_INTERNAL,SNP-COOLIT-20260925-BL,SCN-BASELINE,REACT-00174,SIG-0044,2,INVESTIGATE,Process Engineer,2026-09-20T16:00:00-06:00,2026-09-20T15:00:00-06:00,synthetic://reaction/REACT-00174,COMPLETE
TEN-COOLIT-SYN-001,SITE-COOLIT-SYN-01,QMS,REACTION_TASK,REACT-00175,SIG-0044,RESOLVED,2026-09-25T23:59:59-06:00,2026-09-26T08:00:00-06:00,2026-06-29T00:00:00-06:00,,1,,false,COMPLETE,,,VALID,CURRENT,coolit-synthetic-v2.0.0,ALL_SYNTHETIC_CUSTOMERS,ALL_SYNTHETIC_PROGRAMS,ALL_SYNTHETIC_PRODUCTS,SYNTHETIC_INTERNAL,SNP-COOLIT-20260925-BL,SCN-BASELINE,REACT-00175,SIG-0044,3,ADJUST,Maintenance Technician,2026-09-21T16:00:00-06:00,2026-09-21T15:00:00-06:00,synthetic://reaction/REACT-00175,COMPLETE
TEN-COOLIT-SYN-001,SITE-COOLIT-SYN-01,QMS,REACTION_TASK,REACT-00176,SIG-0044,RESOLVED,2026-09-25T23:59:59-06:00,2026-09-26T08:00:00-06:00,2026-06-29T00:00:00-06:00,,1,,false,COMPLETE,,,VALID,CURRENT,coolit-synthetic-v2.0.0,ALL_SYNTHETIC_CUSTOMERS,ALL_SYNTHETIC_PROGRAMS,ALL_SYNTHETIC_PRODUCTS,SYNTHETIC_INTERNAL,SNP-COOLIT-20260925-BL,SCN-BASELINE,REACT-00176,SIG-0044,4,VERIFY,Quality Engineer,2026-09-22T16:00:00-06:00,2026-09-22T15:00:00-06:00,synthetic://reaction/REACT-00176,COMPLETE
