tenant_id,site_id,source_system,source_object,source_record_id,canonical_id,crosswalk_status,source_event_at,ingested_at,effective_from,effective_to,record_version,supersedes_source_record_id,is_deleted,semantic_status,uom,currency,data_quality_state,freshness_state,transformation_version,customer_scope,program_scope,product_scope,sensitivity_class,snapshot_id,scenario_id,spc_signal_id,spc_subgroup_id,control_plan_id,signal_rule,detected_at,affected_lot_ids,containment_reference,nonconformance_case_id,signal_state
TEN-COOLIT-SYN-001,SITE-COOLIT-SYN-01,QMS,SPC_SIGNAL,SIG-0001,SPC-001-01,RESOLVED,2024-10-04T17:00:00-06:00,2026-09-26T08:00:00-06:00,2026-06-29T00:00:00-06:00,,1,,false,CLOSED_WITH_REACTION,,,VALID,CURRENT,coolit-synthetic-v2.0.0,ALL_SYNTHETIC_CUSTOMERS,ALL_SYNTHETIC_PROGRAMS,CFG-CPL-01,SYNTHETIC_INTERNAL,SNP-COOLIT-20260925-BL,SCN-BASELINE,SIG-0001,SPC-001-01,CPLAN-01-3,POINT_BEYOND_3_SIGMA,2024-10-04T17:00:00-06:00,LOT-P-FG-001-001,CONT-SIG-0001,NCRCASE-0001,CLOSED
TEN-COOLIT-SYN-001,SITE-COOLIT-SYN-01,QMS,SPC_SIGNAL,SIG-0002,SPC-004-09,RESOLVED,2024-10-25T17:00:00-06:00,2026-09-26T08:00:00-06:00,2026-06-29T00:00:00-06:00,,1,,false,CLOSED_WITH_REACTION,,,VALID,CURRENT,coolit-synthetic-v2.0.0,ALL_SYNTHETIC_CUSTOMERS,ALL_SYNTHETIC_PROGRAMS,CFG-CDU-01,SYNTHETIC_INTERNAL,SNP-COOLIT-20260925-BL,SCN-BASELINE,SIG-0002,SPC-004-09,CPLAN-09-3,RUN_ABOVE_CENTER,2024-10-25T17:00:00-06:00,LOT-P-FG-009-004,CONT-SIG-0002,NCRCASE-0002,CLOSED
TEN-COOLIT-SYN-001,SITE-COOLIT-SYN-01,QMS,SPC_SIGNAL,SIG-0003,SPC-005-02,RESOLVED,2024-11-01T17:00:00-06:00,2026-09-26T08:00:00-06:00,2026-06-29T00:00:00-06:00,,1,,false,CLOSED_WITH_REACTION,,,VALID,CURRENT,coolit-synthetic-v2.0.0,ALL_SYNTHETIC_CUSTOMERS,ALL_SYNTHETIC_PROGRAMS,CFG-CPL-02,SYNTHETIC_INTERNAL,SNP-COOLIT-20260925-BL,SCN-BASELINE,SIG-0003,SPC-005-02,CPLAN-02-3,TREND_6_POINTS,2024-11-01T17:00:00-06:00,LOT-P-FG-002-005,CONT-SIG-0003,NCRCASE-0003,CLOSED
TEN-COOLIT-SYN-001,SITE-COOLIT-SYN-01,QMS,SPC_SIGNAL,SIG-0004,SPC-008-10,RESOLVED,2024-11-22T17:00:00-06:00,2026-09-26T08:00:00-06:00,2026-06-29T00:00:00-06:00,,1,,false,CLOSED_WITH_REACTION,,,VALID,CURRENT,coolit-synthetic-v2.0.0,ALL_SYNTHETIC_CUSTOMERS,ALL_SYNTHETIC_PROGRAMS,CFG-CDU-02,SYNTHETIC_INTERNAL,SNP-COOLIT-20260925-BL,SCN-BASELINE,SIG-0004,SPC-008-10,CPLAN-10-3,POINT_BEYOND_3_SIGMA,2024-11-22T17:00:00-06:00,LOT-P-FG-010-008,CONT-SIG-0004,NCRCASE-0004,CLOSED
TEN-COOLIT-SYN-001,SITE-COOLIT-SYN-01,QMS,SPC_SIGNAL,SIG-0005,SPC-009-03,RESOLVED,2024-11-29T17:00:00-06:00,2026-09-26T08:00:00-06:00,2026-06-29T00:00:00-06:00,,1,,false,CLOSED_WITH_REACTION,,,VALID,CURRENT,coolit-synthetic-v2.0.0,ALL_SYNTHETIC_CUSTOMERS,ALL_SYNTHETIC_PROGRAMS,CFG-CPL-03,SYNTHETIC_INTERNAL,SNP-COOLIT-20260925-BL,SCN-BASELINE,SIG-0005,SPC-009-03,CPLAN-03-3,RUN_ABOVE_CENTER,2024-11-29T17:00:00-06:00,LOT-P-FG-003-009,CONT-SIG-0005,NCRCASE-0005,CLOSED
TEN-COOLIT-SYN-001,SITE-COOLIT-SYN-01,QMS,SPC_SIGNAL,SIG-0006,SPC-012-11,RESOLVED,2024-12-20T17:00:00-06:00,2026-09-26T08:00:00-06:00,2026-06-29T00:00:00-06:00,,1,,false,CLOSED_WITH_REACTION,,,VALID,CURRENT,coolit-synthetic-v2.0.0,ALL_SYNTHETIC_CUSTOMERS,ALL_SYNTHETIC_PROGRAMS,CFG-CDU-03,SYNTHETIC_INTERNAL,SNP-COOLIT-20260925-BL,SCN-BASELINE,SIG-0006,SPC-012-11,CPLAN-11-3,TREND_6_POINTS,2024-12-20T17:00:00-06:00,LOT-P-FG-011-012,CONT-SIG-0006,NCRCASE-0006,CLOSED
TEN-COOLIT-SYN-001,SITE-COOLIT-SYN-01,QMS,SPC_SIGNAL,SIG-0007,SPC-013-04,RESOLVED,2024-12-27T17:00:00-06:00,2026-09-26T08:00:00-06:00,2026-06-29T00:00:00-06:00,,1,,false,CLOSED_WITH_REACTION,,,VALID,CURRENT,coolit-synthetic-v2.0.0,ALL_SYNTHETIC_CUSTOMERS,ALL_SYNTHETIC_PROGRAMS,CFG-CPL-04,SYNTHETIC_INTERNAL,SNP-COOLIT-20260925-BL,SCN-BASELINE,SIG-0007,SPC-013-04,CPLAN-04-3,POINT_BEYOND_3_SIGMA,2024-12-27T17:00:00-06:00,LOT-P-FG-004-013,CONT-SIG-0007,NCRCASE-0007,CLOSED
TEN-COOLIT-SYN-001,SITE-COOLIT-SYN-01,QMS,SPC_SIGNAL,SIG-0008,SPC-016-12,RESOLVED,2025-01-17T17:00:00-06:00,2026-09-26T08:00:00-06:00,2026-06-29T00:00:00-06:00,,1,,false,CLOSED_WITH_REACTION,,,VALID,CURRENT,coolit-synthetic-v2.0.0,ALL_SYNTHETIC_CUSTOMERS,ALL_SYNTHETIC_PROGRAMS,CFG-CDU-04,SYNTHETIC_INTERNAL,SNP-COOLIT-20260925-BL,SCN-BASELINE,SIG-0008,SPC-016-12,CPLAN-12-3,RUN_ABOVE_CENTER,2025-01-17T17:00:00-06:00,LOT-P-FG-012-016,CONT-SIG-0008,NCRCASE-0008,CLOSED
TEN-COOLIT-SYN-001,SITE-COOLIT-SYN-01,QMS,SPC_SIGNAL,SIG-0009,SPC-017-05,RESOLVED,2025-01-24T17:00:00-06:00,2026-09-26T08:00:00-06:00,2026-06-29T00:00:00-06:00,,1,,false,CLOSED_WITH_REACTION,,,VALID,CURRENT,coolit-synthetic-v2.0.0,ALL_SYNTHETIC_CUSTOMERS,ALL_SYNTHETIC_PROGRAMS,CFG-RM-01,SYNTHETIC_INTERNAL,SNP-COOLIT-20260925-BL,SCN-BASELINE,SIG-0009,SPC-017-05,CPLAN-05-3,TREND_6_POINTS,2025-01-24T17:00:00-06:00,LOT-P-FG-005-017,CONT-SIG-0009,NCRCASE-0009,CLOSED
TEN-COOLIT-SYN-001,SITE-COOLIT-SYN-01,QMS,SPC_SIGNAL,SIG-0010,SPC-021-06,RESOLVED,2025-02-21T17:00:00-06:00,2026-09-26T08:00:00-06:00,2026-06-29T00:00:00-06:00,,1,,false,CLOSED_WITH_REACTION,,,VALID,CURRENT,coolit-synthetic-v2.0.0,ALL_SYNTHETIC_CUSTOMERS,ALL_SYNTHETIC_PROGRAMS,CFG-RM-02,SYNTHETIC_INTERNAL,SNP-COOLIT-20260925-BL,SCN-BASELINE,SIG-0010,SPC-021-06,CPLAN-06-3,POINT_BEYOND_3_SIGMA,2025-02-21T17:00:00-06:00,LOT-P-FG-006-021,CONT-SIG-0010,NCRCASE-0010,CLOSED
TEN-COOLIT-SYN-001,SITE-COOLIT-SYN-01,QMS,SPC_SIGNAL,SIG-0011,SPC-025-07,RESOLVED,2025-03-21T17:00:00-06:00,2026-09-26T08:00:00-06:00,2026-06-29T00:00:00-06:00,,1,,false,CLOSED_WITH_REACTION,,,VALID,CURRENT,coolit-synthetic-v2.0.0,ALL_SYNTHETIC_CUSTOMERS,ALL_SYNTHETIC_PROGRAMS,CFG-RM-03,SYNTHETIC_INTERNAL,SNP-COOLIT-20260925-BL,SCN-BASELINE,SIG-0011,SPC-025-07,CPLAN-07-3,RUN_ABOVE_CENTER,2025-03-21T17:00:00-06:00,LOT-P-FG-007-025,CONT-SIG-0011,NCRCASE-0011,CLOSED
TEN-COOLIT-SYN-001,SITE-COOLIT-SYN-01,QMS,SPC_SIGNAL,SIG-0012,SPC-029-08,RESOLVED,2025-04-18T17:00:00-06:00,2026-09-26T08:00:00-06:00,2026-06-29T00:00:00-06:00,,1,,false,CLOSED_WITH_REACTION,,,VALID,CURRENT,coolit-synthetic-v2.0.0,ALL_SYNTHETIC_CUSTOMERS,ALL_SYNTHETIC_PROGRAMS,CFG-RM-04,SYNTHETIC_INTERNAL,SNP-COOLIT-20260925-BL,SCN-BASELINE,SIG-0012,SPC-029-08,CPLAN-08-3,TREND_6_POINTS,2025-04-18T17:00:00-06:00,LOT-P-FG-008-029,CONT-SIG-0012,NCRCASE-0012,CLOSED
TEN-COOLIT-SYN-001,SITE-COOLIT-SYN-01,QMS,SPC_SIGNAL,SIG-0013,SPC-030-01,RESOLVED,2025-04-25T17:00:00-06:00,2026-09-26T08:00:00-06:00,2026-06-29T00:00:00-06:00,,1,,false,CLOSED_WITH_REACTION,,,VALID,CURRENT,coolit-synthetic-v2.0.0,ALL_SYNTHETIC_CUSTOMERS,ALL_SYNTHETIC_PROGRAMS,CFG-CPL-01,SYNTHETIC_INTERNAL,SNP-COOLIT-20260925-BL,SCN-BASELINE,SIG-0013,SPC-030-01,CPLAN-01-3,POINT_BEYOND_3_SIGMA,2025-04-25T17:00:00-06:00,LOT-P-FG-001-030,CONT-SIG-0013,NCRCASE-0013,CLOSED
TEN-COOLIT-SYN-001,SITE-COOLIT-SYN-01,QMS,SPC_SIGNAL,SIG-0014,SPC-033-09,RESOLVED,2025-05-16T17:00:00-06:00,2026-09-26T08:00:00-06:00,2026-06-29T00:00:00-06:00,,1,,false,CLOSED_WITH_REACTION,,,VALID,CURRENT,coolit-synthetic-v2.0.0,ALL_SYNTHETIC_CUSTOMERS,ALL_SYNTHETIC_PROGRAMS,CFG-CDU-01,SYNTHETIC_INTERNAL,SNP-COOLIT-20260925-BL,SCN-BASELINE,SIG-0014,SPC-033-09,CPLAN-09-3,RUN_ABOVE_CENTER,2025-05-16T17:00:00-06:00,LOT-P-FG-009-033,CONT-SIG-0014,NCRCASE-0014,CLOSED
TEN-COOLIT-SYN-001,SITE-COOLIT-SYN-01,QMS,SPC_SIGNAL,SIG-0015,SPC-034-02,RESOLVED,2025-05-23T17:00:00-06:00,2026-09-26T08:00:00-06:00,2026-06-29T00:00:00-06:00,,1,,false,CLOSED_WITH_REACTION,,,VALID,CURRENT,coolit-synthetic-v2.0.0,ALL_SYNTHETIC_CUSTOMERS,ALL_SYNTHETIC_PROGRAMS,CFG-CPL-02,SYNTHETIC_INTERNAL,SNP-COOLIT-20260925-BL,SCN-BASELINE,SIG-0015,SPC-034-02,CPLAN-02-3,TREND_6_POINTS,2025-05-23T17:00:00-06:00,LOT-P-FG-002-034,CONT-SIG-0015,NCRCASE-0015,CLOSED
TEN-COOLIT-SYN-001,SITE-COOLIT-SYN-01,QMS,SPC_SIGNAL,SIG-0016,SPC-037-10,RESOLVED,2025-06-13T17:00:00-06:00,2026-09-26T08:00:00-06:00,2026-06-29T00:00:00-06:00,,1,,false,CLOSED_WITH_REACTION,,,VALID,CURRENT,coolit-synthetic-v2.0.0,ALL_SYNTHETIC_CUSTOMERS,ALL_SYNTHETIC_PROGRAMS,CFG-CDU-02,SYNTHETIC_INTERNAL,SNP-COOLIT-20260925-BL,SCN-BASELINE,SIG-0016,SPC-037-10,CPLAN-10-3,POINT_BEYOND_3_SIGMA,2025-06-13T17:00:00-06:00,LOT-P-FG-010-037,CONT-SIG-0016,NCRCASE-0016,CLOSED
TEN-COOLIT-SYN-001,SITE-COOLIT-SYN-01,QMS,SPC_SIGNAL,SIG-0017,SPC-038-03,RESOLVED,2025-06-20T17:00:00-06:00,2026-09-26T08:00:00-06:00,2026-06-29T00:00:00-06:00,,1,,false,CLOSED_WITH_REACTION,,,VALID,CURRENT,coolit-synthetic-v2.0.0,ALL_SYNTHETIC_CUSTOMERS,ALL_SYNTHETIC_PROGRAMS,CFG-CPL-03,SYNTHETIC_INTERNAL,SNP-COOLIT-20260925-BL,SCN-BASELINE,SIG-0017,SPC-038-03,CPLAN-03-3,RUN_ABOVE_CENTER,2025-06-20T17:00:00-06:00,LOT-P-FG-003-038,CONT-SIG-0017,NCRCASE-0017,CLOSED
TEN-COOLIT-SYN-001,SITE-COOLIT-SYN-01,QMS,SPC_SIGNAL,SIG-0018,SPC-041-11,RESOLVED,2025-07-11T17:00:00-06:00,2026-09-26T08:00:00-06:00,2026-06-29T00:00:00-06:00,,1,,false,CLOSED_WITH_REACTION,,,VALID,CURRENT,coolit-synthetic-v2.0.0,ALL_SYNTHETIC_CUSTOMERS,ALL_SYNTHETIC_PROGRAMS,CFG-CDU-03,SYNTHETIC_INTERNAL,SNP-COOLIT-20260925-BL,SCN-BASELINE,SIG-0018,SPC-041-11,CPLAN-11-3,TREND_6_POINTS,2025-07-11T17:00:00-06:00,LOT-P-FG-011-041,CONT-SIG-0018,NCRCASE-0018,CLOSED
TEN-COOLIT-SYN-001,SITE-COOLIT-SYN-01,QMS,SPC_SIGNAL,SIG-0019,SPC-042-04,RESOLVED,2025-07-18T17:00:00-06:00,2026-09-26T08:00:00-06:00,2026-06-29T00:00:00-06:00,,1,,false,CLOSED_WITH_REACTION,,,VALID,CURRENT,coolit-synthetic-v2.0.0,ALL_SYNTHETIC_CUSTOMERS,ALL_SYNTHETIC_PROGRAMS,CFG-CPL-04,SYNTHETIC_INTERNAL,SNP-COOLIT-20260925-BL,SCN-BASELINE,SIG-0019,SPC-042-04,CPLAN-04-3,POINT_BEYOND_3_SIGMA,2025-07-18T17:00:00-06:00,LOT-P-FG-004-042,CONT-SIG-0019,NCRCASE-0019,CLOSED
TEN-COOLIT-SYN-001,SITE-COOLIT-SYN-01,QMS,SPC_SIGNAL,SIG-0020,SPC-045-12,RESOLVED,2025-08-08T17:00:00-06:00,2026-09-26T08:00:00-06:00,2026-06-29T00:00:00-06:00,,1,,false,CLOSED_WITH_REACTION,,,VALID,CURRENT,coolit-synthetic-v2.0.0,ALL_SYNTHETIC_CUSTOMERS,ALL_SYNTHETIC_PROGRAMS,CFG-CDU-04,SYNTHETIC_INTERNAL,SNP-COOLIT-20260925-BL,SCN-BASELINE,SIG-0020,SPC-045-12,CPLAN-12-3,RUN_ABOVE_CENTER,2025-08-08T17:00:00-06:00,LOT-P-FG-012-045,CONT-SIG-0020,NCRCASE-0020,CLOSED
TEN-COOLIT-SYN-001,SITE-COOLIT-SYN-01,QMS,SPC_SIGNAL,SIG-0021,SPC-046-05,RESOLVED,2025-08-15T17:00:00-06:00,2026-09-26T08:00:00-06:00,2026-06-29T00:00:00-06:00,,1,,false,CLOSED_WITH_REACTION,,,VALID,CURRENT,coolit-synthetic-v2.0.0,ALL_SYNTHETIC_CUSTOMERS,ALL_SYNTHETIC_PROGRAMS,CFG-RM-01,SYNTHETIC_INTERNAL,SNP-COOLIT-20260925-BL,SCN-BASELINE,SIG-0021,SPC-046-05,CPLAN-05-3,TREND_6_POINTS,2025-08-15T17:00:00-06:00,LOT-P-FG-005-046,CONT-SIG-0021,NCRCASE-0001,CLOSED
TEN-COOLIT-SYN-001,SITE-COOLIT-SYN-01,QMS,SPC_SIGNAL,SIG-0022,SPC-050-06,RESOLVED,2025-09-12T17:00:00-06:00,2026-09-26T08:00:00-06:00,2026-06-29T00:00:00-06:00,,1,,false,CLOSED_WITH_REACTION,,,VALID,CURRENT,coolit-synthetic-v2.0.0,ALL_SYNTHETIC_CUSTOMERS,ALL_SYNTHETIC_PROGRAMS,CFG-RM-02,SYNTHETIC_INTERNAL,SNP-COOLIT-20260925-BL,SCN-BASELINE,SIG-0022,SPC-050-06,CPLAN-06-3,POINT_BEYOND_3_SIGMA,2025-09-12T17:00:00-06:00,LOT-P-FG-006-050,CONT-SIG-0022,NCRCASE-0002,CLOSED
TEN-COOLIT-SYN-001,SITE-COOLIT-SYN-01,QMS,SPC_SIGNAL,SIG-0023,SPC-054-07,RESOLVED,2025-10-10T17:00:00-06:00,2026-09-26T08:00:00-06:00,2026-06-29T00:00:00-06:00,,1,,false,CLOSED_WITH_REACTION,,,VALID,CURRENT,coolit-synthetic-v2.0.0,ALL_SYNTHETIC_CUSTOMERS,ALL_SYNTHETIC_PROGRAMS,CFG-RM-03,SYNTHETIC_INTERNAL,SNP-COOLIT-20260925-BL,SCN-BASELINE,SIG-0023,SPC-054-07,CPLAN-07-3,RUN_ABOVE_CENTER,2025-10-10T17:00:00-06:00,LOT-P-FG-007-054,CONT-SIG-0023,NCRCASE-0003,CLOSED
TEN-COOLIT-SYN-001,SITE-COOLIT-SYN-01,QMS,SPC_SIGNAL,SIG-0024,SPC-058-08,RESOLVED,2025-11-07T17:00:00-06:00,2026-09-26T08:00:00-06:00,2026-06-29T00:00:00-06:00,,1,,false,CLOSED_WITH_REACTION,,,VALID,CURRENT,coolit-synthetic-v2.0.0,ALL_SYNTHETIC_CUSTOMERS,ALL_SYNTHETIC_PROGRAMS,CFG-RM-04,SYNTHETIC_INTERNAL,SNP-COOLIT-20260925-BL,SCN-BASELINE,SIG-0024,SPC-058-08,CPLAN-08-3,TREND_6_POINTS,2025-11-07T17:00:00-06:00,LOT-P-FG-008-058,CONT-SIG-0024,NCRCASE-0004,CLOSED
TEN-COOLIT-SYN-001,SITE-COOLIT-SYN-01,QMS,SPC_SIGNAL,SIG-0025,SPC-059-01,RESOLVED,2025-11-14T17:00:00-06:00,2026-09-26T08:00:00-06:00,2026-06-29T00:00:00-06:00,,1,,false,CLOSED_WITH_REACTION,,,VALID,CURRENT,coolit-synthetic-v2.0.0,ALL_SYNTHETIC_CUSTOMERS,ALL_SYNTHETIC_PROGRAMS,CFG-CPL-01,SYNTHETIC_INTERNAL,SNP-COOLIT-20260925-BL,SCN-BASELINE,SIG-0025,SPC-059-01,CPLAN-01-3,POINT_BEYOND_3_SIGMA,2025-11-14T17:00:00-06:00,LOT-P-FG-001-059,CONT-SIG-0025,NCRCASE-0005,CLOSED
TEN-COOLIT-SYN-001,SITE-COOLIT-SYN-01,QMS,SPC_SIGNAL,SIG-0026,SPC-062-09,RESOLVED,2025-12-05T17:00:00-06:00,2026-09-26T08:00:00-06:00,2026-06-29T00:00:00-06:00,,1,,false,CLOSED_WITH_REACTION,,,VALID,CURRENT,coolit-synthetic-v2.0.0,ALL_SYNTHETIC_CUSTOMERS,ALL_SYNTHETIC_PROGRAMS,CFG-CDU-01,SYNTHETIC_INTERNAL,SNP-COOLIT-20260925-BL,SCN-BASELINE,SIG-0026,SPC-062-09,CPLAN-09-3,RUN_ABOVE_CENTER,2025-12-05T17:00:00-06:00,LOT-P-FG-009-062,CONT-SIG-0026,NCRCASE-0006,CLOSED
TEN-COOLIT-SYN-001,SITE-COOLIT-SYN-01,QMS,SPC_SIGNAL,SIG-0027,SPC-063-02,RESOLVED,2025-12-12T17:00:00-06:00,2026-09-26T08:00:00-06:00,2026-06-29T00:00:00-06:00,,1,,false,CLOSED_WITH_REACTION,,,VALID,CURRENT,coolit-synthetic-v2.0.0,ALL_SYNTHETIC_CUSTOMERS,ALL_SYNTHETIC_PROGRAMS,CFG-CPL-02,SYNTHETIC_INTERNAL,SNP-COOLIT-20260925-BL,SCN-BASELINE,SIG-0027,SPC-063-02,CPLAN-02-3,TREND_6_POINTS,2025-12-12T17:00:00-06:00,LOT-P-FG-002-063,CONT-SIG-0027,NCRCASE-0007,CLOSED
TEN-COOLIT-SYN-001,SITE-COOLIT-SYN-01,QMS,SPC_SIGNAL,SIG-0028,SPC-066-10,RESOLVED,2026-01-02T17:00:00-06:00,2026-09-26T08:00:00-06:00,2026-06-29T00:00:00-06:00,,1,,false,CLOSED_WITH_REACTION,,,VALID,CURRENT,coolit-synthetic-v2.0.0,ALL_SYNTHETIC_CUSTOMERS,ALL_SYNTHETIC_PROGRAMS,CFG-CDU-02,SYNTHETIC_INTERNAL,SNP-COOLIT-20260925-BL,SCN-BASELINE,SIG-0028,SPC-066-10,CPLAN-10-3,POINT_BEYOND_3_SIGMA,2026-01-02T17:00:00-06:00,LOT-P-FG-010-066,CONT-SIG-0028,NCRCASE-0008,CLOSED
TEN-COOLIT-SYN-001,SITE-COOLIT-SYN-01,QMS,SPC_SIGNAL,SIG-0029,SPC-067-03,RESOLVED,2026-01-09T17:00:00-06:00,2026-09-26T08:00:00-06:00,2026-06-29T00:00:00-06:00,,1,,false,CLOSED_WITH_REACTION,,,VALID,CURRENT,coolit-synthetic-v2.0.0,ALL_SYNTHETIC_CUSTOMERS,ALL_SYNTHETIC_PROGRAMS,CFG-CPL-03,SYNTHETIC_INTERNAL,SNP-COOLIT-20260925-BL,SCN-BASELINE,SIG-0029,SPC-067-03,CPLAN-03-3,RUN_ABOVE_CENTER,2026-01-09T17:00:00-06:00,LOT-P-FG-003-067,CONT-SIG-0029,NCRCASE-0009,CLOSED
TEN-COOLIT-SYN-001,SITE-COOLIT-SYN-01,QMS,SPC_SIGNAL,SIG-0030,SPC-070-11,RESOLVED,2026-01-30T17:00:00-06:00,2026-09-26T08:00:00-06:00,2026-06-29T00:00:00-06:00,,1,,false,CLOSED_WITH_REACTION,,,VALID,CURRENT,coolit-synthetic-v2.0.0,ALL_SYNTHETIC_CUSTOMERS,ALL_SYNTHETIC_PROGRAMS,CFG-CDU-03,SYNTHETIC_INTERNAL,SNP-COOLIT-20260925-BL,SCN-BASELINE,SIG-0030,SPC-070-11,CPLAN-11-3,TREND_6_POINTS,2026-01-30T17:00:00-06:00,LOT-P-FG-011-070,CONT-SIG-0030,NCRCASE-0010,CLOSED
TEN-COOLIT-SYN-001,SITE-COOLIT-SYN-01,QMS,SPC_SIGNAL,SIG-0031,SPC-071-04,RESOLVED,2026-02-06T17:00:00-06:00,2026-09-26T08:00:00-06:00,2026-06-29T00:00:00-06:00,,1,,false,CLOSED_WITH_REACTION,,,VALID,CURRENT,coolit-synthetic-v2.0.0,ALL_SYNTHETIC_CUSTOMERS,ALL_SYNTHETIC_PROGRAMS,CFG-CPL-04,SYNTHETIC_INTERNAL,SNP-COOLIT-20260925-BL,SCN-BASELINE,SIG-0031,SPC-071-04,CPLAN-04-3,POINT_BEYOND_3_SIGMA,2026-02-06T17:00:00-06:00,LOT-P-FG-004-071,CONT-SIG-0031,NCRCASE-0011,CLOSED
TEN-COOLIT-SYN-001,SITE-COOLIT-SYN-01,QMS,SPC_SIGNAL,SIG-0032,SPC-074-12,RESOLVED,2026-02-27T17:00:00-06:00,2026-09-26T08:00:00-06:00,2026-06-29T00:00:00-06:00,,1,,false,CLOSED_WITH_REACTION,,,VALID,CURRENT,coolit-synthetic-v2.0.0,ALL_SYNTHETIC_CUSTOMERS,ALL_SYNTHETIC_PROGRAMS,CFG-CDU-04,SYNTHETIC_INTERNAL,SNP-COOLIT-20260925-BL,SCN-BASELINE,SIG-0032,SPC-074-12,CPLAN-12-3,RUN_ABOVE_CENTER,2026-02-27T17:00:00-06:00,LOT-P-FG-012-074,CONT-SIG-0032,NCRCASE-0012,CLOSED
TEN-COOLIT-SYN-001,SITE-COOLIT-SYN-01,QMS,SPC_SIGNAL,SIG-0033,SPC-075-05,RESOLVED,2026-03-06T17:00:00-06:00,2026-09-26T08:00:00-06:00,2026-06-29T00:00:00-06:00,,1,,false,CLOSED_WITH_REACTION,,,VALID,CURRENT,coolit-synthetic-v2.0.0,ALL_SYNTHETIC_CUSTOMERS,ALL_SYNTHETIC_PROGRAMS,CFG-RM-01,SYNTHETIC_INTERNAL,SNP-COOLIT-20260925-BL,SCN-BASELINE,SIG-0033,SPC-075-05,CPLAN-05-3,TREND_6_POINTS,2026-03-06T17:00:00-06:00,LOT-P-FG-005-075,CONT-SIG-0033,NCRCASE-0013,CLOSED
TEN-COOLIT-SYN-001,SITE-COOLIT-SYN-01,QMS,SPC_SIGNAL,SIG-0034,SPC-079-06,RESOLVED,2026-04-03T17:00:00-06:00,2026-09-26T08:00:00-06:00,2026-06-29T00:00:00-06:00,,1,,false,CLOSED_WITH_REACTION,,,VALID,CURRENT,coolit-synthetic-v2.0.0,ALL_SYNTHETIC_CUSTOMERS,ALL_SYNTHETIC_PROGRAMS,CFG-RM-02,SYNTHETIC_INTERNAL,SNP-COOLIT-20260925-BL,SCN-BASELINE,SIG-0034,SPC-079-06,CPLAN-06-3,POINT_BEYOND_3_SIGMA,2026-04-03T17:00:00-06:00,LOT-P-FG-006-079,CONT-SIG-0034,NCRCASE-0014,CLOSED
TEN-COOLIT-SYN-001,SITE-COOLIT-SYN-01,QMS,SPC_SIGNAL,SIG-0035,SPC-083-07,RESOLVED,2026-05-01T17:00:00-06:00,2026-09-26T08:00:00-06:00,2026-06-29T00:00:00-06:00,,1,,false,CLOSED_WITH_REACTION,,,VALID,CURRENT,coolit-synthetic-v2.0.0,ALL_SYNTHETIC_CUSTOMERS,ALL_SYNTHETIC_PROGRAMS,CFG-RM-03,SYNTHETIC_INTERNAL,SNP-COOLIT-20260925-BL,SCN-BASELINE,SIG-0035,SPC-083-07,CPLAN-07-3,RUN_ABOVE_CENTER,2026-05-01T17:00:00-06:00,LOT-P-FG-007-083,CONT-SIG-0035,NCRCASE-0015,CLOSED
TEN-COOLIT-SYN-001,SITE-COOLIT-SYN-01,QMS,SPC_SIGNAL,SIG-0036,SPC-087-08,RESOLVED,2026-05-29T17:00:00-06:00,2026-09-26T08:00:00-06:00,2026-06-29T00:00:00-06:00,,1,,false,CLOSED_WITH_REACTION,,,VALID,CURRENT,coolit-synthetic-v2.0.0,ALL_SYNTHETIC_CUSTOMERS,ALL_SYNTHETIC_PROGRAMS,CFG-RM-04,SYNTHETIC_INTERNAL,SNP-COOLIT-20260925-BL,SCN-BASELINE,SIG-0036,SPC-087-08,CPLAN-08-3,TREND_6_POINTS,2026-05-29T17:00:00-06:00,LOT-P-FG-008-087,CONT-SIG-0036,NCRCASE-0016,CLOSED
TEN-COOLIT-SYN-001,SITE-COOLIT-SYN-01,QMS,SPC_SIGNAL,SIG-0037,SPC-088-01,RESOLVED,2026-06-05T17:00:00-06:00,2026-09-26T08:00:00-06:00,2026-06-29T00:00:00-06:00,,1,,false,CLOSED_WITH_REACTION,,,VALID,CURRENT,coolit-synthetic-v2.0.0,ALL_SYNTHETIC_CUSTOMERS,ALL_SYNTHETIC_PROGRAMS,CFG-CPL-01,SYNTHETIC_INTERNAL,SNP-COOLIT-20260925-BL,SCN-BASELINE,SIG-0037,SPC-088-01,CPLAN-01-3,POINT_BEYOND_3_SIGMA,2026-06-05T17:00:00-06:00,LOT-P-FG-001-088,CONT-SIG-0037,NCRCASE-0017,CLOSED
TEN-COOLIT-SYN-001,SITE-COOLIT-SYN-01,QMS,SPC_SIGNAL,SIG-0038,SPC-091-09,RESOLVED,2026-06-26T17:00:00-06:00,2026-09-26T08:00:00-06:00,2026-06-29T00:00:00-06:00,,1,,false,CLOSED_WITH_REACTION,,,VALID,CURRENT,coolit-synthetic-v2.0.0,ALL_SYNTHETIC_CUSTOMERS,ALL_SYNTHETIC_PROGRAMS,CFG-CDU-01,SYNTHETIC_INTERNAL,SNP-COOLIT-20260925-BL,SCN-BASELINE,SIG-0038,SPC-091-09,CPLAN-09-3,RUN_ABOVE_CENTER,2026-06-26T17:00:00-06:00,LOT-P-FG-009-091,CONT-SIG-0038,NCRCASE-0018,CLOSED
TEN-COOLIT-SYN-001,SITE-COOLIT-SYN-01,QMS,SPC_SIGNAL,SIG-0039,SPC-092-02,RESOLVED,2026-07-03T17:00:00-06:00,2026-09-26T08:00:00-06:00,2026-06-29T00:00:00-06:00,,1,,false,CLOSED_WITH_REACTION,,,VALID,CURRENT,coolit-synthetic-v2.0.0,ALL_SYNTHETIC_CUSTOMERS,ALL_SYNTHETIC_PROGRAMS,CFG-CPL-02,SYNTHETIC_INTERNAL,SNP-COOLIT-20260925-BL,SCN-BASELINE,SIG-0039,SPC-092-02,CPLAN-02-3,TREND_6_POINTS,2026-07-03T17:00:00-06:00,LOT-P-FG-002-092,CONT-SIG-0039,NCRCASE-0019,CLOSED
TEN-COOLIT-SYN-001,SITE-COOLIT-SYN-01,QMS,SPC_SIGNAL,SIG-0040,SPC-095-10,RESOLVED,2026-07-24T17:00:00-06:00,2026-09-26T08:00:00-06:00,2026-06-29T00:00:00-06:00,,1,,false,CLOSED_WITH_REACTION,,,VALID,CURRENT,coolit-synthetic-v2.0.0,ALL_SYNTHETIC_CUSTOMERS,ALL_SYNTHETIC_PROGRAMS,CFG-CDU-02,SYNTHETIC_INTERNAL,SNP-COOLIT-20260925-BL,SCN-BASELINE,SIG-0040,SPC-095-10,CPLAN-10-3,POINT_BEYOND_3_SIGMA,2026-07-24T17:00:00-06:00,LOT-P-FG-010-095,CONT-SIG-0040,NCRCASE-0020,CLOSED
TEN-COOLIT-SYN-001,SITE-COOLIT-SYN-01,QMS,SPC_SIGNAL,SIG-0041,SPC-096-03,RESOLVED,2026-07-31T17:00:00-06:00,2026-09-26T08:00:00-06:00,2026-06-29T00:00:00-06:00,,1,,false,CLOSED_WITH_REACTION,,,VALID,CURRENT,coolit-synthetic-v2.0.0,ALL_SYNTHETIC_CUSTOMERS,ALL_SYNTHETIC_PROGRAMS,CFG-CPL-03,SYNTHETIC_INTERNAL,SNP-COOLIT-20260925-BL,SCN-BASELINE,SIG-0041,SPC-096-03,CPLAN-03-3,RUN_ABOVE_CENTER,2026-07-31T17:00:00-06:00,LOT-P-FG-003-096,CONT-SIG-0041,NCRCASE-0001,CLOSED
TEN-COOLIT-SYN-001,SITE-COOLIT-SYN-01,QMS,SPC_SIGNAL,SIG-0042,SPC-099-11,RESOLVED,2026-08-21T17:00:00-06:00,2026-09-26T08:00:00-06:00,2026-06-29T00:00:00-06:00,,1,,false,CLOSED_WITH_REACTION,,,VALID,CURRENT,coolit-synthetic-v2.0.0,ALL_SYNTHETIC_CUSTOMERS,ALL_SYNTHETIC_PROGRAMS,CFG-CDU-03,SYNTHETIC_INTERNAL,SNP-COOLIT-20260925-BL,SCN-BASELINE,SIG-0042,SPC-099-11,CPLAN-11-3,TREND_6_POINTS,2026-08-21T17:00:00-06:00,LOT-P-FG-011-099,CONT-SIG-0042,NCRCASE-0002,CLOSED
TEN-COOLIT-SYN-001,SITE-COOLIT-SYN-01,QMS,SPC_SIGNAL,SIG-0043,SPC-100-04,RESOLVED,2026-08-28T17:00:00-06:00,2026-09-26T08:00:00-06:00,2026-06-29T00:00:00-06:00,,1,,false,CLOSED_WITH_REACTION,,,VALID,CURRENT,coolit-synthetic-v2.0.0,ALL_SYNTHETIC_CUSTOMERS,ALL_SYNTHETIC_PROGRAMS,CFG-CPL-04,SYNTHETIC_INTERNAL,SNP-COOLIT-20260925-BL,SCN-BASELINE,SIG-0043,SPC-100-04,CPLAN-04-3,POINT_BEYOND_3_SIGMA,2026-08-28T17:00:00-06:00,LOT-P-FG-004-100,CONT-SIG-0043,NCRCASE-0003,CLOSED
TEN-COOLIT-SYN-001,SITE-COOLIT-SYN-01,QMS,SPC_SIGNAL,SIG-0044,SPC-103-12,RESOLVED,2026-09-18T17:00:00-06:00,2026-09-26T08:00:00-06:00,2026-06-29T00:00:00-06:00,,1,,false,CLOSED_WITH_REACTION,,,VALID,CURRENT,coolit-synthetic-v2.0.0,ALL_SYNTHETIC_CUSTOMERS,ALL_SYNTHETIC_PROGRAMS,CFG-CDU-04,SYNTHETIC_INTERNAL,SNP-COOLIT-20260925-BL,SCN-BASELINE,SIG-0044,SPC-103-12,CPLAN-12-3,RUN_ABOVE_CENTER,2026-09-18T17:00:00-06:00,LOT-P-FG-012-103,CONT-SIG-0044,NCRCASE-0004,CLOSED
