tenant_id,site_id,source_system,source_object,source_record_id,canonical_id,crosswalk_status,source_event_at,ingested_at,effective_from,effective_to,record_version,supersedes_source_record_id,is_deleted,semantic_status,uom,currency,data_quality_state,freshness_state,transformation_version,customer_scope,program_scope,product_scope,sensitivity_class,snapshot_id,scenario_id,communication_id,commitment_id,approved_quantity,approved_commit_date,approved_fact_summary,channel,approver_role,published_at,supersedes_communication_id,publication_state
TEN-COOLIT-SYN-001,SITE-COOLIT-SYN-01,CRM,APPROVED_COMMUNICATION,COMM-0001,COM-0041,RESOLVED,2026-09-25T15:00:00-06:00,2026-09-26T08:00:00-06:00,2026-06-29T00:00:00-06:00,,1,,false,ACTIVE,,,VALID,CURRENT,coolit-synthetic-v2.0.0,CUST-001,PRG-001,CFG-CDU-04,SYNTHETIC_INTERNAL,SNP-COOLIT-20260925-BL,SCN-BASELINE,COMM-0001,COM-0041,8,2026-11-21,Approved schedule confirmation.,SYNTHETIC_CUSTOMER_PORTAL,SALES_OPERATIONS_MANAGER,2026-09-25T15:00:00-06:00,,PUBLISHED_SYNTHETIC
TEN-COOLIT-SYN-001,SITE-COOLIT-SYN-01,CRM,APPROVED_COMMUNICATION,COMM-0002,COM-0042,RESOLVED,2026-09-24T15:07:00-06:00,2026-09-26T08:00:00-06:00,2026-06-29T00:00:00-06:00,,1,,false,ACTIVE,,,VALID,CURRENT,coolit-synthetic-v2.0.0,CUST-002,PRG-002,CFG-RM-01,SYNTHETIC_INTERNAL,SNP-COOLIT-20260925-BL,SCN-BASELINE,COMM-0002,COM-0042,12,2026-11-23,Approved schedule confirmation.,SYNTHETIC_CUSTOMER_PORTAL,SALES_OPERATIONS_MANAGER,2026-09-24T15:07:00-06:00,,PUBLISHED_SYNTHETIC
TEN-COOLIT-SYN-001,SITE-COOLIT-SYN-01,CRM,APPROVED_COMMUNICATION,COMM-0003,COM-0043,RESOLVED,2026-09-23T15:14:00-06:00,2026-09-26T08:00:00-06:00,2026-06-29T00:00:00-06:00,,1,,false,ACTIVE,,,VALID,CURRENT,coolit-synthetic-v2.0.0,CUST-003,PRG-003,CFG-CDU-02,SYNTHETIC_INTERNAL,SNP-COOLIT-20260925-BL,SCN-BASELINE,COMM-0003,COM-0043,16,2026-11-27,Approved schedule confirmation.,SYNTHETIC_CUSTOMER_PORTAL,SALES_OPERATIONS_MANAGER,2026-09-23T15:14:00-06:00,,PUBLISHED_SYNTHETIC
TEN-COOLIT-SYN-001,SITE-COOLIT-SYN-01,CRM,APPROVED_COMMUNICATION,COMM-0004,COM-0044,RESOLVED,2026-09-22T15:21:00-06:00,2026-09-26T08:00:00-06:00,2026-06-29T00:00:00-06:00,,1,,false,ACTIVE,,,VALID,CURRENT,coolit-synthetic-v2.0.0,CUST-004,PRG-004,CFG-CPL-03,SYNTHETIC_INTERNAL,SNP-COOLIT-20260925-BL,SCN-BASELINE,COMM-0004,COM-0044,20,2026-12-01,Approved schedule confirmation.,SYNTHETIC_CUSTOMER_PORTAL,SALES_OPERATIONS_MANAGER,2026-09-22T15:21:00-06:00,,PUBLISHED_SYNTHETIC
TEN-COOLIT-SYN-001,SITE-COOLIT-SYN-01,CRM,APPROVED_COMMUNICATION,COMM-0005,COM-0045,RESOLVED,2026-09-21T15:28:00-06:00,2026-09-26T08:00:00-06:00,2026-06-29T00:00:00-06:00,,1,,false,ACTIVE,,,VALID,CURRENT,coolit-synthetic-v2.0.0,CUST-005,PRG-005,CFG-RM-04,SYNTHETIC_INTERNAL,SNP-COOLIT-20260925-BL,SCN-BASELINE,COMM-0005,COM-0045,24,2026-12-01,Approved schedule confirmation.,SYNTHETIC_CUSTOMER_PORTAL,SALES_OPERATIONS_MANAGER,2026-09-21T15:28:00-06:00,,PUBLISHED_SYNTHETIC
TEN-COOLIT-SYN-001,SITE-COOLIT-SYN-01,CRM,APPROVED_COMMUNICATION,COMM-0006,COM-0046,RESOLVED,2026-09-25T15:00:00-06:00,2026-09-26T08:00:00-06:00,2026-06-29T00:00:00-06:00,,1,,false,ACTIVE,,,VALID,CURRENT,coolit-synthetic-v2.0.0,CUST-006,PRG-006,CFG-CPL-01,SYNTHETIC_INTERNAL,SNP-COOLIT-20260925-BL,SCN-BASELINE,COMM-0006,COM-0046,28,2026-12-07,Approved schedule confirmation.,SYNTHETIC_CUSTOMER_PORTAL,SALES_OPERATIONS_MANAGER,2026-09-25T15:00:00-06:00,,PUBLISHED_SYNTHETIC
TEN-COOLIT-SYN-001,SITE-COOLIT-SYN-01,CRM,APPROVED_COMMUNICATION,COMM-0007,COM-0047,RESOLVED,2026-09-24T15:07:00-06:00,2026-09-26T08:00:00-06:00,2026-06-29T00:00:00-06:00,,1,,false,ACTIVE,,,VALID,CURRENT,coolit-synthetic-v2.0.0,CUST-007,PRG-007,CFG-RM-02,SYNTHETIC_INTERNAL,SNP-COOLIT-20260925-BL,SCN-BASELINE,COMM-0007,COM-0047,32,2026-12-09,Approved schedule confirmation.,SYNTHETIC_CUSTOMER_PORTAL,SALES_OPERATIONS_MANAGER,2026-09-24T15:07:00-06:00,,PUBLISHED_SYNTHETIC
TEN-COOLIT-SYN-001,SITE-COOLIT-SYN-01,CRM,APPROVED_COMMUNICATION,COMM-0008,COM-0048,RESOLVED,2026-09-23T15:14:00-06:00,2026-09-26T08:00:00-06:00,2026-06-29T00:00:00-06:00,,1,,false,ACTIVE,,,VALID,CURRENT,coolit-synthetic-v2.0.0,CUST-008,PRG-008,CFG-CDU-03,SYNTHETIC_INTERNAL,SNP-COOLIT-20260925-BL,SCN-BASELINE,COMM-0008,COM-0048,36,2026-12-13,Approved schedule confirmation.,SYNTHETIC_CUSTOMER_PORTAL,SALES_OPERATIONS_MANAGER,2026-09-23T15:14:00-06:00,,PUBLISHED_SYNTHETIC
TEN-COOLIT-SYN-001,SITE-COOLIT-SYN-01,CRM,APPROVED_COMMUNICATION,COMM-0009,COM-0049,RESOLVED,2026-09-22T15:21:00-06:00,2026-09-26T08:00:00-06:00,2026-06-29T00:00:00-06:00,,1,,false,ACTIVE,,,VALID,CURRENT,coolit-synthetic-v2.0.0,CUST-009,PRG-001,CFG-CPL-04,SYNTHETIC_INTERNAL,SNP-COOLIT-20260925-BL,SCN-BASELINE,COMM-0009,COM-0049,40,2026-12-13,Approved schedule confirmation.,SYNTHETIC_CUSTOMER_PORTAL,SALES_OPERATIONS_MANAGER,2026-09-22T15:21:00-06:00,,PUBLISHED_SYNTHETIC
TEN-COOLIT-SYN-001,SITE-COOLIT-SYN-01,CRM,APPROVED_COMMUNICATION,COMM-0010,COM-0050,RESOLVED,2026-09-21T15:28:00-06:00,2026-09-26T08:00:00-06:00,2026-06-29T00:00:00-06:00,,1,,false,ACTIVE,,,VALID,CURRENT,coolit-synthetic-v2.0.0,CUST-010,PRG-002,CFG-CDU-01,SYNTHETIC_INTERNAL,SNP-COOLIT-20260925-BL,SCN-BASELINE,COMM-0010,COM-0050,44,2026-12-17,Approved schedule confirmation.,SYNTHETIC_CUSTOMER_PORTAL,SALES_OPERATIONS_MANAGER,2026-09-21T15:28:00-06:00,,PUBLISHED_SYNTHETIC
TEN-COOLIT-SYN-001,SITE-COOLIT-SYN-01,CRM,APPROVED_COMMUNICATION,COMM-0011,COM-0051,RESOLVED,2026-09-25T15:00:00-06:00,2026-09-26T08:00:00-06:00,2026-06-29T00:00:00-06:00,,1,,false,ACTIVE,,,VALID,CURRENT,coolit-synthetic-v2.0.0,CUST-001,PRG-003,CFG-CPL-02,SYNTHETIC_INTERNAL,SNP-COOLIT-20260925-BL,SCN-BASELINE,COMM-0011,COM-0051,8,2026-12-23,Approved internal risk notice; external date remains unchanged pending decision.,SYNTHETIC_CUSTOMER_PORTAL,SALES_OPERATIONS_MANAGER,2026-09-25T15:00:00-06:00,,PUBLISHED_SYNTHETIC
TEN-COOLIT-SYN-001,SITE-COOLIT-SYN-01,CRM,APPROVED_COMMUNICATION,COMM-0012,COM-0052,RESOLVED,2026-09-24T15:07:00-06:00,2026-09-26T08:00:00-06:00,2026-06-29T00:00:00-06:00,,1,,false,ACTIVE,,,VALID,CURRENT,coolit-synthetic-v2.0.0,CUST-002,PRG-004,CFG-RM-03,SYNTHETIC_INTERNAL,SNP-COOLIT-20260925-BL,SCN-BASELINE,COMM-0012,COM-0052,12,2026-12-25,Approved internal risk notice; external date remains unchanged pending decision.,SYNTHETIC_CUSTOMER_PORTAL,SALES_OPERATIONS_MANAGER,2026-09-24T15:07:00-06:00,,PUBLISHED_SYNTHETIC
TEN-COOLIT-SYN-001,SITE-COOLIT-SYN-01,CRM,APPROVED_COMMUNICATION,COMM-0013,COM-0053,RESOLVED,2026-09-23T15:14:00-06:00,2026-09-26T08:00:00-06:00,2026-06-29T00:00:00-06:00,,1,,false,ACTIVE,,,VALID,CURRENT,coolit-synthetic-v2.0.0,CUST-003,PRG-005,CFG-CDU-04,SYNTHETIC_INTERNAL,SNP-COOLIT-20260925-BL,SCN-BASELINE,COMM-0013,COM-0053,16,2026-12-25,Approved internal risk notice; external date remains unchanged pending decision.,SYNTHETIC_CUSTOMER_PORTAL,SALES_OPERATIONS_MANAGER,2026-09-23T15:14:00-06:00,,PUBLISHED_SYNTHETIC
TEN-COOLIT-SYN-001,SITE-COOLIT-SYN-01,CRM,APPROVED_COMMUNICATION,COMM-0014,COM-0054,RESOLVED,2026-09-22T15:21:00-06:00,2026-09-26T08:00:00-06:00,2026-06-29T00:00:00-06:00,,1,,false,ACTIVE,,,VALID,CURRENT,coolit-synthetic-v2.0.0,CUST-004,PRG-006,CFG-RM-01,SYNTHETIC_INTERNAL,SNP-COOLIT-20260925-BL,SCN-BASELINE,COMM-0014,COM-0054,20,2026-12-29,Approved internal risk notice; external date remains unchanged pending decision.,SYNTHETIC_CUSTOMER_PORTAL,SALES_OPERATIONS_MANAGER,2026-09-22T15:21:00-06:00,,PUBLISHED_SYNTHETIC
TEN-COOLIT-SYN-001,SITE-COOLIT-SYN-01,CRM,APPROVED_COMMUNICATION,COMM-0015,COM-0055,RESOLVED,2026-09-21T15:28:00-06:00,2026-09-26T08:00:00-06:00,2026-06-29T00:00:00-06:00,,1,,false,ACTIVE,,,VALID,CURRENT,coolit-synthetic-v2.0.0,CUST-005,PRG-007,CFG-CDU-02,SYNTHETIC_INTERNAL,SNP-COOLIT-20260925-BL,SCN-BASELINE,COMM-0015,COM-0055,24,2027-01-02,Approved internal risk notice; external date remains unchanged pending decision.,SYNTHETIC_CUSTOMER_PORTAL,SALES_OPERATIONS_MANAGER,2026-09-21T15:28:00-06:00,,PUBLISHED_SYNTHETIC
TEN-COOLIT-SYN-001,SITE-COOLIT-SYN-01,CRM,APPROVED_COMMUNICATION,COMM-0016,COM-0056,RESOLVED,2026-09-25T15:00:00-06:00,2026-09-26T08:00:00-06:00,2026-06-29T00:00:00-06:00,,1,,false,ACTIVE,,,VALID,CURRENT,coolit-synthetic-v2.0.0,CUST-006,PRG-008,CFG-CPL-03,SYNTHETIC_INTERNAL,SNP-COOLIT-20260925-BL,SCN-BASELINE,COMM-0016,COM-0056,28,2027-01-08,Approved internal risk notice; external date remains unchanged pending decision.,SYNTHETIC_CUSTOMER_PORTAL,SALES_OPERATIONS_MANAGER,2026-09-25T15:00:00-06:00,,PUBLISHED_SYNTHETIC
