tenant_id,site_id,source_system,source_object,source_record_id,canonical_id,crosswalk_status,source_event_at,ingested_at,effective_from,effective_to,record_version,supersedes_source_record_id,is_deleted,semantic_status,uom,currency,data_quality_state,freshness_state,transformation_version,customer_scope,program_scope,product_scope,sensitivity_class,snapshot_id,scenario_id,communication_template_id,template_type,template_version,allowed_facts,prohibited_content,legal_review_state,commercial_review_state,effective_from_date,effective_to_date,template_hash
TEN-COOLIT-SYN-001,SITE-COOLIT-SYN-01,CRM,COMMUNICATION_TEMPLATE,CTPL-001,PROMISE_CONFIRMATION,RESOLVED,2026-09-25T23:59:59-06:00,2026-09-26T08:00:00-06:00,2026-06-29T00:00:00-06:00,,1,,false,ACTIVE,,,VALID,CURRENT,coolit-synthetic-v2.0.0,ALL_SYNTHETIC_CUSTOMERS,ALL_SYNTHETIC_PROGRAMS,ALL_SYNTHETIC_PRODUCTS,SYNTHETIC_INTERNAL,SNP-COOLIT-20260925-BL,SCN-BASELINE,CTPL-001,PROMISE_CONFIRMATION,1,COMMITMENT_ID|APPROVED_DATE|QUANTITY|STATUS|APPROVED_RISK_STATE,UNAPPROVED_DATE|RAW_INTERNAL_NOTE|PERSONAL_DATA,APPROVED,APPROVED,2025-01-01,2025-06-29,ec46b6075c06541e26a4c1bd38469d89a1b3646468fe5b84140568ad2fae9fbf
TEN-COOLIT-SYN-001,SITE-COOLIT-SYN-01,CRM,COMMUNICATION_TEMPLATE,CTPL-002,PROMISE_RISK_NOTICE,RESOLVED,2026-09-25T23:59:59-06:00,2026-09-26T08:00:00-06:00,2026-06-29T00:00:00-06:00,,1,,false,ACTIVE,,,VALID,CURRENT,coolit-synthetic-v2.0.0,ALL_SYNTHETIC_CUSTOMERS,ALL_SYNTHETIC_PROGRAMS,ALL_SYNTHETIC_PRODUCTS,SYNTHETIC_INTERNAL,SNP-COOLIT-20260925-BL,SCN-BASELINE,CTPL-002,PROMISE_RISK_NOTICE,1,COMMITMENT_ID|APPROVED_DATE|QUANTITY|STATUS|APPROVED_RISK_STATE,UNAPPROVED_DATE|RAW_INTERNAL_NOTE|PERSONAL_DATA,APPROVED,APPROVED,2025-01-31,2025-07-29,feb68152d46f8df2b5dca80df98b431479da37bfee3e8f9ce3560c1f896ff327
TEN-COOLIT-SYN-001,SITE-COOLIT-SYN-01,CRM,COMMUNICATION_TEMPLATE,CTPL-003,SHIPMENT_NOTICE,RESOLVED,2026-09-25T23:59:59-06:00,2026-09-26T08:00:00-06:00,2026-06-29T00:00:00-06:00,,1,,false,ACTIVE,,,VALID,CURRENT,coolit-synthetic-v2.0.0,ALL_SYNTHETIC_CUSTOMERS,ALL_SYNTHETIC_PROGRAMS,ALL_SYNTHETIC_PRODUCTS,SYNTHETIC_INTERNAL,SNP-COOLIT-20260925-BL,SCN-BASELINE,CTPL-003,SHIPMENT_NOTICE,1,COMMITMENT_ID|APPROVED_DATE|QUANTITY|STATUS|APPROVED_RISK_STATE,UNAPPROVED_DATE|RAW_INTERNAL_NOTE|PERSONAL_DATA,APPROVED,APPROVED,2025-03-02,2025-08-28,6398c875e71b8d6e632bf952b1ba15f4847a0568c015fa5395ee156e51e41c08
TEN-COOLIT-SYN-001,SITE-COOLIT-SYN-01,CRM,COMMUNICATION_TEMPLATE,CTPL-004,QUALITY_HOLD_NOTICE,RESOLVED,2026-09-25T23:59:59-06:00,2026-09-26T08:00:00-06:00,2026-06-29T00:00:00-06:00,,1,,false,ACTIVE,,,VALID,CURRENT,coolit-synthetic-v2.0.0,ALL_SYNTHETIC_CUSTOMERS,ALL_SYNTHETIC_PROGRAMS,ALL_SYNTHETIC_PRODUCTS,SYNTHETIC_INTERNAL,SNP-COOLIT-20260925-BL,SCN-BASELINE,CTPL-004,QUALITY_HOLD_NOTICE,1,COMMITMENT_ID|APPROVED_DATE|QUANTITY|STATUS|APPROVED_RISK_STATE,UNAPPROVED_DATE|RAW_INTERNAL_NOTE|PERSONAL_DATA,APPROVED,APPROVED,2025-04-01,2025-09-27,d625f4bbd16668e444d55e20e26114a9cea7a4f8c6129c813382600430ce2fbb
TEN-COOLIT-SYN-001,SITE-COOLIT-SYN-01,CRM,COMMUNICATION_TEMPLATE,CTPL-005,RECOVERY_UPDATE,RESOLVED,2026-09-25T23:59:59-06:00,2026-09-26T08:00:00-06:00,2026-06-29T00:00:00-06:00,,1,,false,ACTIVE,,,VALID,CURRENT,coolit-synthetic-v2.0.0,ALL_SYNTHETIC_CUSTOMERS,ALL_SYNTHETIC_PROGRAMS,ALL_SYNTHETIC_PRODUCTS,SYNTHETIC_INTERNAL,SNP-COOLIT-20260925-BL,SCN-BASELINE,CTPL-005,RECOVERY_UPDATE,1,COMMITMENT_ID|APPROVED_DATE|QUANTITY|STATUS|APPROVED_RISK_STATE,UNAPPROVED_DATE|RAW_INTERNAL_NOTE|PERSONAL_DATA,APPROVED,APPROVED,2025-05-01,2025-10-27,3112fc7c25b0f28077db28d15236ac98c88d0cc370cf7ee0e0aed85434bd1435
TEN-COOLIT-SYN-001,SITE-COOLIT-SYN-01,CRM,COMMUNICATION_TEMPLATE,CTPL-006,SERVICE_ACKNOWLEDGEMENT,RESOLVED,2026-09-25T23:59:59-06:00,2026-09-26T08:00:00-06:00,2026-06-29T00:00:00-06:00,,1,,false,ACTIVE,,,VALID,CURRENT,coolit-synthetic-v2.0.0,ALL_SYNTHETIC_CUSTOMERS,ALL_SYNTHETIC_PROGRAMS,ALL_SYNTHETIC_PRODUCTS,SYNTHETIC_INTERNAL,SNP-COOLIT-20260925-BL,SCN-BASELINE,CTPL-006,SERVICE_ACKNOWLEDGEMENT,1,COMMITMENT_ID|APPROVED_DATE|QUANTITY|STATUS|APPROVED_RISK_STATE,UNAPPROVED_DATE|RAW_INTERNAL_NOTE|PERSONAL_DATA,APPROVED,APPROVED,2025-05-31,2025-11-26,3a5229e71372b5d91a993afa723e8c03cf8ac5f2646df6f8b931a7950d25fce2
TEN-COOLIT-SYN-001,SITE-COOLIT-SYN-01,CRM,COMMUNICATION_TEMPLATE,CTPL-007,PROMISE_CONFIRMATION,RESOLVED,2026-09-25T23:59:59-06:00,2026-09-26T08:00:00-06:00,2026-06-29T00:00:00-06:00,,2,CTPL-001,false,ACTIVE,,,VALID,CURRENT,coolit-synthetic-v2.0.0,ALL_SYNTHETIC_CUSTOMERS,ALL_SYNTHETIC_PROGRAMS,ALL_SYNTHETIC_PRODUCTS,SYNTHETIC_INTERNAL,SNP-COOLIT-20260925-BL,SCN-BASELINE,CTPL-007,PROMISE_CONFIRMATION,2,COMMITMENT_ID|APPROVED_DATE|QUANTITY|STATUS|APPROVED_RISK_STATE,UNAPPROVED_DATE|RAW_INTERNAL_NOTE|PERSONAL_DATA,APPROVED,APPROVED,2025-06-30,,673ab74b9b485b13f136980cd5881180dedc0c1090b9995118e06f0a83bd1068
TEN-COOLIT-SYN-001,SITE-COOLIT-SYN-01,CRM,COMMUNICATION_TEMPLATE,CTPL-008,PROMISE_RISK_NOTICE,RESOLVED,2026-09-25T23:59:59-06:00,2026-09-26T08:00:00-06:00,2026-06-29T00:00:00-06:00,,2,CTPL-002,false,ACTIVE,,,VALID,CURRENT,coolit-synthetic-v2.0.0,ALL_SYNTHETIC_CUSTOMERS,ALL_SYNTHETIC_PROGRAMS,ALL_SYNTHETIC_PRODUCTS,SYNTHETIC_INTERNAL,SNP-COOLIT-20260925-BL,SCN-BASELINE,CTPL-008,PROMISE_RISK_NOTICE,2,COMMITMENT_ID|APPROVED_DATE|QUANTITY|STATUS|APPROVED_RISK_STATE,UNAPPROVED_DATE|RAW_INTERNAL_NOTE|PERSONAL_DATA,APPROVED,APPROVED,2025-07-30,,452cd111b68cdd0f6680bd9a1b60315f4686e9a44917915c57f9feee810057f0
TEN-COOLIT-SYN-001,SITE-COOLIT-SYN-01,CRM,COMMUNICATION_TEMPLATE,CTPL-009,SHIPMENT_NOTICE,RESOLVED,2026-09-25T23:59:59-06:00,2026-09-26T08:00:00-06:00,2026-06-29T00:00:00-06:00,,2,CTPL-003,false,ACTIVE,,,VALID,CURRENT,coolit-synthetic-v2.0.0,ALL_SYNTHETIC_CUSTOMERS,ALL_SYNTHETIC_PROGRAMS,ALL_SYNTHETIC_PRODUCTS,SYNTHETIC_INTERNAL,SNP-COOLIT-20260925-BL,SCN-BASELINE,CTPL-009,SHIPMENT_NOTICE,2,COMMITMENT_ID|APPROVED_DATE|QUANTITY|STATUS|APPROVED_RISK_STATE,UNAPPROVED_DATE|RAW_INTERNAL_NOTE|PERSONAL_DATA,APPROVED,APPROVED,2025-08-29,,deab2b57080359507cee9c075e9d797e8b8ad11045254a3a49befc5819b5d8e4
TEN-COOLIT-SYN-001,SITE-COOLIT-SYN-01,CRM,COMMUNICATION_TEMPLATE,CTPL-010,QUALITY_HOLD_NOTICE,RESOLVED,2026-09-25T23:59:59-06:00,2026-09-26T08:00:00-06:00,2026-06-29T00:00:00-06:00,,2,CTPL-004,false,ACTIVE,,,VALID,CURRENT,coolit-synthetic-v2.0.0,ALL_SYNTHETIC_CUSTOMERS,ALL_SYNTHETIC_PROGRAMS,ALL_SYNTHETIC_PRODUCTS,SYNTHETIC_INTERNAL,SNP-COOLIT-20260925-BL,SCN-BASELINE,CTPL-010,QUALITY_HOLD_NOTICE,2,COMMITMENT_ID|APPROVED_DATE|QUANTITY|STATUS|APPROVED_RISK_STATE,UNAPPROVED_DATE|RAW_INTERNAL_NOTE|PERSONAL_DATA,APPROVED,APPROVED,2025-09-28,,060a2cb81f106cb1cfd5b7242c51ca6dd76f9749a44ad47b5870aef4cb241510
TEN-COOLIT-SYN-001,SITE-COOLIT-SYN-01,CRM,COMMUNICATION_TEMPLATE,CTPL-011,RECOVERY_UPDATE,RESOLVED,2026-09-25T23:59:59-06:00,2026-09-26T08:00:00-06:00,2026-06-29T00:00:00-06:00,,2,CTPL-005,false,ACTIVE,,,VALID,CURRENT,coolit-synthetic-v2.0.0,ALL_SYNTHETIC_CUSTOMERS,ALL_SYNTHETIC_PROGRAMS,ALL_SYNTHETIC_PRODUCTS,SYNTHETIC_INTERNAL,SNP-COOLIT-20260925-BL,SCN-BASELINE,CTPL-011,RECOVERY_UPDATE,2,COMMITMENT_ID|APPROVED_DATE|QUANTITY|STATUS|APPROVED_RISK_STATE,UNAPPROVED_DATE|RAW_INTERNAL_NOTE|PERSONAL_DATA,APPROVED,APPROVED,2025-10-28,,ffa217622557210adf08c5560084c1fdc24932d1140e49c25d0657f6d19d0064
TEN-COOLIT-SYN-001,SITE-COOLIT-SYN-01,CRM,COMMUNICATION_TEMPLATE,CTPL-012,SERVICE_ACKNOWLEDGEMENT,RESOLVED,2026-09-25T23:59:59-06:00,2026-09-26T08:00:00-06:00,2026-06-29T00:00:00-06:00,,2,CTPL-006,false,ACTIVE,,,VALID,CURRENT,coolit-synthetic-v2.0.0,ALL_SYNTHETIC_CUSTOMERS,ALL_SYNTHETIC_PROGRAMS,ALL_SYNTHETIC_PRODUCTS,SYNTHETIC_INTERNAL,SNP-COOLIT-20260925-BL,SCN-BASELINE,CTPL-012,SERVICE_ACKNOWLEDGEMENT,2,COMMITMENT_ID|APPROVED_DATE|QUANTITY|STATUS|APPROVED_RISK_STATE,UNAPPROVED_DATE|RAW_INTERNAL_NOTE|PERSONAL_DATA,APPROVED,APPROVED,2025-11-27,,a3302757c9e185b41658b6e3e9d41b27a6c0c5373ba8675c41a208a20922bfbf
