tenant_id,site_id,source_system,source_object,source_record_id,canonical_id,crosswalk_status,source_event_at,ingested_at,effective_from,effective_to,record_version,supersedes_source_record_id,is_deleted,semantic_status,uom,currency,data_quality_state,freshness_state,transformation_version,customer_scope,program_scope,product_scope,sensitivity_class,snapshot_id,scenario_id,demand_signal_id,commitment_id,demand_class,configuration_id,quantity,demand_date,confidence_pct,source_reference,supersedes_demand_signal_id
TEN-COOLIT-SYN-001,SITE-COOLIT-SYN-01,CRM,DEMAND_SIGNAL,DS-0001,COM-0001,RESOLVED,2026-09-25T23:59:59-06:00,2026-09-26T08:00:00-06:00,2026-06-29T00:00:00-06:00,,1,,false,ACTIVE,EA,,VALID,CURRENT,coolit-synthetic-v2.0.0,CUST-001,PRG-001,CFG-CPL-04,SYNTHETIC_INTERNAL,SNP-COOLIT-20260925-BL,SCN-BASELINE,DS-0001,COM-0001,FIRM_ORDER,CFG-CPL-04,8,2026-07-06,1,SO-SCH-0001,
TEN-COOLIT-SYN-001,SITE-COOLIT-SYN-01,CRM,DEMAND_SIGNAL,DS-0002,COM-0002,RESOLVED,2026-09-25T23:59:59-06:00,2026-09-26T08:00:00-06:00,2026-06-29T00:00:00-06:00,,1,,false,ACTIVE,EA,,VALID,CURRENT,coolit-synthetic-v2.0.0,CUST-002,PRG-002,CFG-CDU-01,SYNTHETIC_INTERNAL,SNP-COOLIT-20260925-BL,SCN-BASELINE,DS-0002,COM-0002,FIRM_ORDER,CFG-CDU-01,14,2026-07-09,1,SO-SCH-0002,
TEN-COOLIT-SYN-001,SITE-COOLIT-SYN-01,CRM,DEMAND_SIGNAL,DS-0003,COM-0003,RESOLVED,2026-09-25T23:59:59-06:00,2026-09-26T08:00:00-06:00,2026-06-29T00:00:00-06:00,,1,,false,ACTIVE,EA,,VALID,CURRENT,coolit-synthetic-v2.0.0,CUST-003,PRG-003,CFG-CPL-02,SYNTHETIC_INTERNAL,SNP-COOLIT-20260925-BL,SCN-BASELINE,DS-0003,COM-0003,FIRM_ORDER,CFG-CPL-02,20,2026-07-12,1,SO-SCH-0003,
TEN-COOLIT-SYN-001,SITE-COOLIT-SYN-01,CRM,DEMAND_SIGNAL,DS-0004,COM-0004,RESOLVED,2026-09-25T23:59:59-06:00,2026-09-26T08:00:00-06:00,2026-06-29T00:00:00-06:00,,1,,false,ACTIVE,EA,,VALID,CURRENT,coolit-synthetic-v2.0.0,CUST-004,PRG-004,CFG-RM-03,SYNTHETIC_INTERNAL,SNP-COOLIT-20260925-BL,SCN-BASELINE,DS-0004,COM-0004,FIRM_ORDER,CFG-RM-03,26,2026-07-15,1,SO-SCH-0004,
TEN-COOLIT-SYN-001,SITE-COOLIT-SYN-01,CRM,DEMAND_SIGNAL,DS-0005,COM-0005,RESOLVED,2026-09-25T23:59:59-06:00,2026-09-26T08:00:00-06:00,2026-06-29T00:00:00-06:00,,1,,false,ACTIVE,EA,,VALID,CURRENT,coolit-synthetic-v2.0.0,CUST-005,PRG-005,CFG-CDU-04,SYNTHETIC_INTERNAL,SNP-COOLIT-20260925-BL,SCN-BASELINE,DS-0005,COM-0005,FIRM_ORDER,CFG-CDU-04,32,2026-07-18,1,SO-SCH-0005,
TEN-COOLIT-SYN-001,SITE-COOLIT-SYN-01,CRM,DEMAND_SIGNAL,DS-0006,COM-0006,RESOLVED,2026-09-25T23:59:59-06:00,2026-09-26T08:00:00-06:00,2026-06-29T00:00:00-06:00,,1,,false,ACTIVE,EA,,VALID,CURRENT,coolit-synthetic-v2.0.0,CUST-006,PRG-006,CFG-RM-01,SYNTHETIC_INTERNAL,SNP-COOLIT-20260925-BL,SCN-BASELINE,DS-0006,COM-0006,FIRM_ORDER,CFG-RM-01,28,2026-07-21,1,SO-SCH-0006,
TEN-COOLIT-SYN-001,SITE-COOLIT-SYN-01,CRM,DEMAND_SIGNAL,DS-0007,COM-0007,RESOLVED,2026-09-25T23:59:59-06:00,2026-09-26T08:00:00-06:00,2026-06-29T00:00:00-06:00,,1,,false,ACTIVE,EA,,VALID,CURRENT,coolit-synthetic-v2.0.0,CUST-007,PRG-007,CFG-CDU-02,SYNTHETIC_INTERNAL,SNP-COOLIT-20260925-BL,SCN-BASELINE,DS-0007,COM-0007,FIRM_ORDER,CFG-CDU-02,34,2026-07-24,1,SO-SCH-0007,
TEN-COOLIT-SYN-001,SITE-COOLIT-SYN-01,CRM,DEMAND_SIGNAL,DS-0008,COM-0008,RESOLVED,2026-09-25T23:59:59-06:00,2026-09-26T08:00:00-06:00,2026-06-29T00:00:00-06:00,,1,,false,ACTIVE,EA,,VALID,CURRENT,coolit-synthetic-v2.0.0,CUST-008,PRG-008,CFG-CPL-03,SYNTHETIC_INTERNAL,SNP-COOLIT-20260925-BL,SCN-BASELINE,DS-0008,COM-0008,FIRM_ORDER,CFG-CPL-03,40,2026-07-27,1,SO-SCH-0008,
TEN-COOLIT-SYN-001,SITE-COOLIT-SYN-01,CRM,DEMAND_SIGNAL,DS-0009,COM-0009,RESOLVED,2026-09-25T23:59:59-06:00,2026-09-26T08:00:00-06:00,2026-06-29T00:00:00-06:00,,1,,false,ACTIVE,EA,,VALID,CURRENT,coolit-synthetic-v2.0.0,CUST-009,PRG-001,CFG-RM-04,SYNTHETIC_INTERNAL,SNP-COOLIT-20260925-BL,SCN-BASELINE,DS-0009,COM-0009,FIRM_ORDER,CFG-RM-04,46,2026-07-30,1,SO-SCH-0009,
TEN-COOLIT-SYN-001,SITE-COOLIT-SYN-01,CRM,DEMAND_SIGNAL,DS-0010,COM-0010,RESOLVED,2026-09-25T23:59:59-06:00,2026-09-26T08:00:00-06:00,2026-06-29T00:00:00-06:00,,1,,false,ACTIVE,EA,,VALID,CURRENT,coolit-synthetic-v2.0.0,CUST-010,PRG-002,CFG-CPL-01,SYNTHETIC_INTERNAL,SNP-COOLIT-20260925-BL,SCN-BASELINE,DS-0010,COM-0010,FIRM_ORDER,CFG-CPL-01,52,2026-08-02,1,SO-SCH-0010,
TEN-COOLIT-SYN-001,SITE-COOLIT-SYN-01,CRM,DEMAND_SIGNAL,DS-0011,COM-0011,RESOLVED,2026-09-25T23:59:59-06:00,2026-09-26T08:00:00-06:00,2026-06-29T00:00:00-06:00,,1,,false,ACTIVE,EA,,VALID,CURRENT,coolit-synthetic-v2.0.0,CUST-001,PRG-003,CFG-RM-02,SYNTHETIC_INTERNAL,SNP-COOLIT-20260925-BL,SCN-BASELINE,DS-0011,COM-0011,FIRM_ORDER,CFG-RM-02,8,2026-08-05,1,SO-SCH-0011,
TEN-COOLIT-SYN-001,SITE-COOLIT-SYN-01,CRM,DEMAND_SIGNAL,DS-0012,COM-0012,RESOLVED,2026-09-25T23:59:59-06:00,2026-09-26T08:00:00-06:00,2026-06-29T00:00:00-06:00,,1,,false,ACTIVE,EA,,VALID,CURRENT,coolit-synthetic-v2.0.0,CUST-002,PRG-004,CFG-CDU-03,SYNTHETIC_INTERNAL,SNP-COOLIT-20260925-BL,SCN-BASELINE,DS-0012,COM-0012,FIRM_ORDER,CFG-CDU-03,14,2026-08-08,1,SO-SCH-0012,
TEN-COOLIT-SYN-001,SITE-COOLIT-SYN-01,CRM,DEMAND_SIGNAL,DS-0013,COM-0013,RESOLVED,2026-09-25T23:59:59-06:00,2026-09-26T08:00:00-06:00,2026-06-29T00:00:00-06:00,,1,,false,ACTIVE,EA,,VALID,CURRENT,coolit-synthetic-v2.0.0,CUST-003,PRG-005,CFG-CPL-04,SYNTHETIC_INTERNAL,SNP-COOLIT-20260925-BL,SCN-BASELINE,DS-0013,COM-0013,FIRM_ORDER,CFG-CPL-04,20,2026-08-11,1,SO-SCH-0013,
TEN-COOLIT-SYN-001,SITE-COOLIT-SYN-01,CRM,DEMAND_SIGNAL,DS-0014,COM-0014,RESOLVED,2026-09-25T23:59:59-06:00,2026-09-26T08:00:00-06:00,2026-06-29T00:00:00-06:00,,1,,false,ACTIVE,EA,,VALID,CURRENT,coolit-synthetic-v2.0.0,CUST-004,PRG-006,CFG-CDU-01,SYNTHETIC_INTERNAL,SNP-COOLIT-20260925-BL,SCN-BASELINE,DS-0014,COM-0014,FIRM_ORDER,CFG-CDU-01,26,2026-08-14,1,SO-SCH-0014,
TEN-COOLIT-SYN-001,SITE-COOLIT-SYN-01,CRM,DEMAND_SIGNAL,DS-0015,COM-0015,RESOLVED,2026-09-25T23:59:59-06:00,2026-09-26T08:00:00-06:00,2026-06-29T00:00:00-06:00,,1,,false,ACTIVE,EA,,VALID,CURRENT,coolit-synthetic-v2.0.0,CUST-005,PRG-007,CFG-CPL-02,SYNTHETIC_INTERNAL,SNP-COOLIT-20260925-BL,SCN-BASELINE,DS-0015,COM-0015,FIRM_ORDER,CFG-CPL-02,32,2026-08-17,1,SO-SCH-0015,
TEN-COOLIT-SYN-001,SITE-COOLIT-SYN-01,CRM,DEMAND_SIGNAL,DS-0016,COM-0016,RESOLVED,2026-09-25T23:59:59-06:00,2026-09-26T08:00:00-06:00,2026-06-29T00:00:00-06:00,,1,,false,ACTIVE,EA,,VALID,CURRENT,coolit-synthetic-v2.0.0,CUST-006,PRG-008,CFG-RM-03,SYNTHETIC_INTERNAL,SNP-COOLIT-20260925-BL,SCN-BASELINE,DS-0016,COM-0016,FIRM_ORDER,CFG-RM-03,28,2026-08-20,1,SO-SCH-0016,
TEN-COOLIT-SYN-001,SITE-COOLIT-SYN-01,CRM,DEMAND_SIGNAL,DS-0017,COM-0017,RESOLVED,2026-09-25T23:59:59-06:00,2026-09-26T08:00:00-06:00,2026-06-29T00:00:00-06:00,,1,,false,ACTIVE,EA,,VALID,CURRENT,coolit-synthetic-v2.0.0,CUST-007,PRG-001,CFG-CDU-04,SYNTHETIC_INTERNAL,SNP-COOLIT-20260925-BL,SCN-BASELINE,DS-0017,COM-0017,FIRM_ORDER,CFG-CDU-04,34,2026-08-23,1,SO-SCH-0017,
TEN-COOLIT-SYN-001,SITE-COOLIT-SYN-01,CRM,DEMAND_SIGNAL,DS-0018,COM-0018,RESOLVED,2026-09-25T23:59:59-06:00,2026-09-26T08:00:00-06:00,2026-06-29T00:00:00-06:00,,1,,false,ACTIVE,EA,,VALID,CURRENT,coolit-synthetic-v2.0.0,CUST-008,PRG-002,CFG-RM-01,SYNTHETIC_INTERNAL,SNP-COOLIT-20260925-BL,SCN-BASELINE,DS-0018,COM-0018,FIRM_ORDER,CFG-RM-01,40,2026-08-26,1,SO-SCH-0018,
TEN-COOLIT-SYN-001,SITE-COOLIT-SYN-01,CRM,DEMAND_SIGNAL,DS-0019,COM-0019,RESOLVED,2026-09-25T23:59:59-06:00,2026-09-26T08:00:00-06:00,2026-06-29T00:00:00-06:00,,1,,false,ACTIVE,EA,,VALID,CURRENT,coolit-synthetic-v2.0.0,CUST-009,PRG-003,CFG-CDU-02,SYNTHETIC_INTERNAL,SNP-COOLIT-20260925-BL,SCN-BASELINE,DS-0019,COM-0019,FIRM_ORDER,CFG-CDU-02,46,2026-08-29,1,SO-SCH-0019,
TEN-COOLIT-SYN-001,SITE-COOLIT-SYN-01,CRM,DEMAND_SIGNAL,DS-0020,COM-0020,RESOLVED,2026-09-25T23:59:59-06:00,2026-09-26T08:00:00-06:00,2026-06-29T00:00:00-06:00,,1,,false,ACTIVE,EA,,VALID,CURRENT,coolit-synthetic-v2.0.0,CUST-010,PRG-004,CFG-CPL-03,SYNTHETIC_INTERNAL,SNP-COOLIT-20260925-BL,SCN-BASELINE,DS-0020,COM-0020,FIRM_ORDER,CFG-CPL-03,52,2026-09-01,1,SO-SCH-0020,
TEN-COOLIT-SYN-001,SITE-COOLIT-SYN-01,CRM,DEMAND_SIGNAL,DS-0021,COM-0021,RESOLVED,2026-09-25T23:59:59-06:00,2026-09-26T08:00:00-06:00,2026-06-29T00:00:00-06:00,,1,,false,ACTIVE,EA,,VALID,CURRENT,coolit-synthetic-v2.0.0,CUST-001,PRG-005,CFG-RM-04,SYNTHETIC_INTERNAL,SNP-COOLIT-20260925-BL,SCN-BASELINE,DS-0021,COM-0021,FIRM_ORDER,CFG-RM-04,8,2026-09-04,1,SO-SCH-0021,
TEN-COOLIT-SYN-001,SITE-COOLIT-SYN-01,CRM,DEMAND_SIGNAL,DS-0022,COM-0022,RESOLVED,2026-09-25T23:59:59-06:00,2026-09-26T08:00:00-06:00,2026-06-29T00:00:00-06:00,,1,,false,ACTIVE,EA,,VALID,CURRENT,coolit-synthetic-v2.0.0,CUST-002,PRG-006,CFG-CPL-01,SYNTHETIC_INTERNAL,SNP-COOLIT-20260925-BL,SCN-BASELINE,DS-0022,COM-0022,FIRM_ORDER,CFG-CPL-01,14,2026-09-07,1,SO-SCH-0022,
TEN-COOLIT-SYN-001,SITE-COOLIT-SYN-01,CRM,DEMAND_SIGNAL,DS-0023,COM-0023,RESOLVED,2026-09-25T23:59:59-06:00,2026-09-26T08:00:00-06:00,2026-06-29T00:00:00-06:00,,1,,false,ACTIVE,EA,,VALID,CURRENT,coolit-synthetic-v2.0.0,CUST-003,PRG-007,CFG-RM-02,SYNTHETIC_INTERNAL,SNP-COOLIT-20260925-BL,SCN-BASELINE,DS-0023,COM-0023,FIRM_ORDER,CFG-RM-02,20,2026-09-10,1,SO-SCH-0023,
TEN-COOLIT-SYN-001,SITE-COOLIT-SYN-01,CRM,DEMAND_SIGNAL,DS-0024,COM-0024,RESOLVED,2026-09-25T23:59:59-06:00,2026-09-26T08:00:00-06:00,2026-06-29T00:00:00-06:00,,1,,false,ACTIVE,EA,,VALID,CURRENT,coolit-synthetic-v2.0.0,CUST-004,PRG-008,CFG-CDU-03,SYNTHETIC_INTERNAL,SNP-COOLIT-20260925-BL,SCN-BASELINE,DS-0024,COM-0024,FIRM_ORDER,CFG-CDU-03,26,2026-09-13,1,SO-SCH-0024,
TEN-COOLIT-SYN-001,SITE-COOLIT-SYN-01,CRM,DEMAND_SIGNAL,DS-0025,COM-0025,RESOLVED,2026-09-25T23:59:59-06:00,2026-09-26T08:00:00-06:00,2026-06-29T00:00:00-06:00,,1,,false,ACTIVE,EA,,VALID,CURRENT,coolit-synthetic-v2.0.0,CUST-005,PRG-001,CFG-CPL-04,SYNTHETIC_INTERNAL,SNP-COOLIT-20260925-BL,SCN-BASELINE,DS-0025,COM-0025,FIRM_ORDER,CFG-CPL-04,32,2026-10-02,1,SO-SCH-0025,
TEN-COOLIT-SYN-001,SITE-COOLIT-SYN-01,CRM,DEMAND_SIGNAL,DS-0026,COM-0026,RESOLVED,2026-09-25T23:59:59-06:00,2026-09-26T08:00:00-06:00,2026-06-29T00:00:00-06:00,,1,,false,ACTIVE,EA,,VALID,CURRENT,coolit-synthetic-v2.0.0,CUST-006,PRG-002,CFG-CDU-01,SYNTHETIC_INTERNAL,SNP-COOLIT-20260925-BL,SCN-BASELINE,DS-0026,COM-0026,FIRM_ORDER,CFG-CDU-01,28,2026-10-05,1,SO-SCH-0026,
TEN-COOLIT-SYN-001,SITE-COOLIT-SYN-01,CRM,DEMAND_SIGNAL,DS-0027,COM-0027,RESOLVED,2026-09-25T23:59:59-06:00,2026-09-26T08:00:00-06:00,2026-06-29T00:00:00-06:00,,1,,false,ACTIVE,EA,,VALID,CURRENT,coolit-synthetic-v2.0.0,CUST-007,PRG-003,CFG-CPL-02,SYNTHETIC_INTERNAL,SNP-COOLIT-20260925-BL,SCN-BASELINE,DS-0027,COM-0027,FIRM_ORDER,CFG-CPL-02,34,2026-10-08,1,SO-SCH-0027,
TEN-COOLIT-SYN-001,SITE-COOLIT-SYN-01,CRM,DEMAND_SIGNAL,DS-0028,COM-0028,RESOLVED,2026-09-25T23:59:59-06:00,2026-09-26T08:00:00-06:00,2026-06-29T00:00:00-06:00,,1,,false,ACTIVE,EA,,VALID,CURRENT,coolit-synthetic-v2.0.0,CUST-008,PRG-004,CFG-RM-03,SYNTHETIC_INTERNAL,SNP-COOLIT-20260925-BL,SCN-BASELINE,DS-0028,COM-0028,FIRM_ORDER,CFG-RM-03,40,2026-10-11,1,SO-SCH-0028,
TEN-COOLIT-SYN-001,SITE-COOLIT-SYN-01,CRM,DEMAND_SIGNAL,DS-0029,COM-0029,RESOLVED,2026-09-25T23:59:59-06:00,2026-09-26T08:00:00-06:00,2026-06-29T00:00:00-06:00,,1,,false,ACTIVE,EA,,VALID,CURRENT,coolit-synthetic-v2.0.0,CUST-009,PRG-005,CFG-CDU-04,SYNTHETIC_INTERNAL,SNP-COOLIT-20260925-BL,SCN-BASELINE,DS-0029,COM-0029,FIRM_ORDER,CFG-CDU-04,46,2026-10-14,1,SO-SCH-0029,
TEN-COOLIT-SYN-001,SITE-COOLIT-SYN-01,CRM,DEMAND_SIGNAL,DS-0030,COM-0030,RESOLVED,2026-09-25T23:59:59-06:00,2026-09-26T08:00:00-06:00,2026-06-29T00:00:00-06:00,,1,,false,ACTIVE,EA,,VALID,CURRENT,coolit-synthetic-v2.0.0,CUST-010,PRG-006,CFG-RM-01,SYNTHETIC_INTERNAL,SNP-COOLIT-20260925-BL,SCN-BASELINE,DS-0030,COM-0030,FIRM_ORDER,CFG-RM-01,52,2026-10-17,1,SO-SCH-0030,
TEN-COOLIT-SYN-001,SITE-COOLIT-SYN-01,CRM,DEMAND_SIGNAL,DS-0031,COM-0031,RESOLVED,2026-09-25T23:59:59-06:00,2026-09-26T08:00:00-06:00,2026-06-29T00:00:00-06:00,,1,,false,ACTIVE,EA,,VALID,CURRENT,coolit-synthetic-v2.0.0,CUST-001,PRG-007,CFG-CDU-02,SYNTHETIC_INTERNAL,SNP-COOLIT-20260925-BL,SCN-BASELINE,DS-0031,COM-0031,FIRM_ORDER,CFG-CDU-02,8,2026-10-20,1,SO-SCH-0031,
TEN-COOLIT-SYN-001,SITE-COOLIT-SYN-01,CRM,DEMAND_SIGNAL,DS-0032,COM-0032,RESOLVED,2026-09-25T23:59:59-06:00,2026-09-26T08:00:00-06:00,2026-06-29T00:00:00-06:00,,1,,false,ACTIVE,EA,,VALID,CURRENT,coolit-synthetic-v2.0.0,CUST-002,PRG-008,CFG-CPL-03,SYNTHETIC_INTERNAL,SNP-COOLIT-20260925-BL,SCN-BASELINE,DS-0032,COM-0032,FIRM_ORDER,CFG-CPL-03,14,2026-10-23,1,SO-SCH-0032,
TEN-COOLIT-SYN-001,SITE-COOLIT-SYN-01,CRM,DEMAND_SIGNAL,DS-0033,COM-0033,RESOLVED,2026-09-25T23:59:59-06:00,2026-09-26T08:00:00-06:00,2026-06-29T00:00:00-06:00,,1,,false,ACTIVE,EA,,VALID,CURRENT,coolit-synthetic-v2.0.0,CUST-003,PRG-001,CFG-RM-04,SYNTHETIC_INTERNAL,SNP-COOLIT-20260925-BL,SCN-BASELINE,DS-0033,COM-0033,FIRM_ORDER,CFG-RM-04,20,2026-10-26,1,SO-SCH-0033,
TEN-COOLIT-SYN-001,SITE-COOLIT-SYN-01,CRM,DEMAND_SIGNAL,DS-0034,COM-0034,RESOLVED,2026-09-25T23:59:59-06:00,2026-09-26T08:00:00-06:00,2026-06-29T00:00:00-06:00,,1,,false,ACTIVE,EA,,VALID,CURRENT,coolit-synthetic-v2.0.0,CUST-004,PRG-002,CFG-CPL-01,SYNTHETIC_INTERNAL,SNP-COOLIT-20260925-BL,SCN-BASELINE,DS-0034,COM-0034,FIRM_ORDER,CFG-CPL-01,26,2026-10-29,1,SO-SCH-0034,
TEN-COOLIT-SYN-001,SITE-COOLIT-SYN-01,CRM,DEMAND_SIGNAL,DS-0035,COM-0035,RESOLVED,2026-09-25T23:59:59-06:00,2026-09-26T08:00:00-06:00,2026-06-29T00:00:00-06:00,,1,,false,ACTIVE,EA,,VALID,CURRENT,coolit-synthetic-v2.0.0,CUST-005,PRG-003,CFG-RM-02,SYNTHETIC_INTERNAL,SNP-COOLIT-20260925-BL,SCN-BASELINE,DS-0035,COM-0035,FIRM_ORDER,CFG-RM-02,32,2026-11-01,1,SO-SCH-0035,
TEN-COOLIT-SYN-001,SITE-COOLIT-SYN-01,CRM,DEMAND_SIGNAL,DS-0036,COM-0036,RESOLVED,2026-09-25T23:59:59-06:00,2026-09-26T08:00:00-06:00,2026-06-29T00:00:00-06:00,,1,,false,ACTIVE,EA,,VALID,CURRENT,coolit-synthetic-v2.0.0,CUST-006,PRG-004,CFG-CDU-03,SYNTHETIC_INTERNAL,SNP-COOLIT-20260925-BL,SCN-BASELINE,DS-0036,COM-0036,FIRM_ORDER,CFG-CDU-03,28,2026-11-04,1,SO-SCH-0036,
TEN-COOLIT-SYN-001,SITE-COOLIT-SYN-01,CRM,DEMAND_SIGNAL,DS-0037,COM-0037,RESOLVED,2026-09-25T23:59:59-06:00,2026-09-26T08:00:00-06:00,2026-06-29T00:00:00-06:00,,1,,false,ACTIVE,EA,,VALID,CURRENT,coolit-synthetic-v2.0.0,CUST-007,PRG-005,CFG-CPL-04,SYNTHETIC_INTERNAL,SNP-COOLIT-20260925-BL,SCN-BASELINE,DS-0037,COM-0037,FIRM_ORDER,CFG-CPL-04,34,2026-11-07,1,SO-SCH-0037,
TEN-COOLIT-SYN-001,SITE-COOLIT-SYN-01,CRM,DEMAND_SIGNAL,DS-0038,COM-0038,RESOLVED,2026-09-25T23:59:59-06:00,2026-09-26T08:00:00-06:00,2026-06-29T00:00:00-06:00,,1,,false,ACTIVE,EA,,VALID,CURRENT,coolit-synthetic-v2.0.0,CUST-008,PRG-006,CFG-CDU-01,SYNTHETIC_INTERNAL,SNP-COOLIT-20260925-BL,SCN-BASELINE,DS-0038,COM-0038,FIRM_ORDER,CFG-CDU-01,40,2026-11-10,1,SO-SCH-0038,
TEN-COOLIT-SYN-001,SITE-COOLIT-SYN-01,CRM,DEMAND_SIGNAL,DS-0039,COM-0039,RESOLVED,2026-09-25T23:59:59-06:00,2026-09-26T08:00:00-06:00,2026-06-29T00:00:00-06:00,,1,,false,ACTIVE,EA,,VALID,CURRENT,coolit-synthetic-v2.0.0,CUST-009,PRG-007,CFG-CPL-02,SYNTHETIC_INTERNAL,SNP-COOLIT-20260925-BL,SCN-BASELINE,DS-0039,COM-0039,FIRM_ORDER,CFG-CPL-02,46,2026-11-13,1,SO-SCH-0039,
TEN-COOLIT-SYN-001,SITE-COOLIT-SYN-01,CRM,DEMAND_SIGNAL,DS-0040,COM-0040,RESOLVED,2026-09-25T23:59:59-06:00,2026-09-26T08:00:00-06:00,2026-06-29T00:00:00-06:00,,1,,false,ACTIVE,EA,,VALID,CURRENT,coolit-synthetic-v2.0.0,CUST-010,PRG-008,CFG-RM-03,SYNTHETIC_INTERNAL,SNP-COOLIT-20260925-BL,SCN-BASELINE,DS-0040,COM-0040,FIRM_ORDER,CFG-RM-03,52,2026-11-16,1,SO-SCH-0040,
TEN-COOLIT-SYN-001,SITE-COOLIT-SYN-01,CRM,DEMAND_SIGNAL,DS-0041,COM-0041,RESOLVED,2026-09-25T23:59:59-06:00,2026-09-26T08:00:00-06:00,2026-06-29T00:00:00-06:00,,1,,false,ACTIVE,EA,,VALID,CURRENT,coolit-synthetic-v2.0.0,CUST-001,PRG-001,CFG-CDU-04,SYNTHETIC_INTERNAL,SNP-COOLIT-20260925-BL,SCN-BASELINE,DS-0041,COM-0041,FIRM_ORDER,CFG-CDU-04,8,2026-11-19,1,SO-SCH-0041,
TEN-COOLIT-SYN-001,SITE-COOLIT-SYN-01,CRM,DEMAND_SIGNAL,DS-0042,COM-0042,RESOLVED,2026-09-25T23:59:59-06:00,2026-09-26T08:00:00-06:00,2026-06-29T00:00:00-06:00,,1,,false,ACTIVE,EA,,VALID,CURRENT,coolit-synthetic-v2.0.0,CUST-002,PRG-002,CFG-RM-01,SYNTHETIC_INTERNAL,SNP-COOLIT-20260925-BL,SCN-BASELINE,DS-0042,COM-0042,FIRM_ORDER,CFG-RM-01,14,2026-11-22,1,SO-SCH-0042,
TEN-COOLIT-SYN-001,SITE-COOLIT-SYN-01,CRM,DEMAND_SIGNAL,DS-0043,COM-0043,RESOLVED,2026-09-25T23:59:59-06:00,2026-09-26T08:00:00-06:00,2026-06-29T00:00:00-06:00,,1,,false,ACTIVE,EA,,VALID,CURRENT,coolit-synthetic-v2.0.0,CUST-003,PRG-003,CFG-CDU-02,SYNTHETIC_INTERNAL,SNP-COOLIT-20260925-BL,SCN-BASELINE,DS-0043,COM-0043,FIRM_ORDER,CFG-CDU-02,20,2026-11-25,1,SO-SCH-0043,
TEN-COOLIT-SYN-001,SITE-COOLIT-SYN-01,CRM,DEMAND_SIGNAL,DS-0044,COM-0044,RESOLVED,2026-09-25T23:59:59-06:00,2026-09-26T08:00:00-06:00,2026-06-29T00:00:00-06:00,,1,,false,ACTIVE,EA,,VALID,CURRENT,coolit-synthetic-v2.0.0,CUST-004,PRG-004,CFG-CPL-03,SYNTHETIC_INTERNAL,SNP-COOLIT-20260925-BL,SCN-BASELINE,DS-0044,COM-0044,FIRM_ORDER,CFG-CPL-03,26,2026-11-28,1,SO-SCH-0044,
TEN-COOLIT-SYN-001,SITE-COOLIT-SYN-01,CRM,DEMAND_SIGNAL,DS-0045,COM-0045,RESOLVED,2026-09-25T23:59:59-06:00,2026-09-26T08:00:00-06:00,2026-06-29T00:00:00-06:00,,1,,false,ACTIVE,EA,,VALID,CURRENT,coolit-synthetic-v2.0.0,CUST-005,PRG-005,CFG-RM-04,SYNTHETIC_INTERNAL,SNP-COOLIT-20260925-BL,SCN-BASELINE,DS-0045,COM-0045,FIRM_ORDER,CFG-RM-04,32,2026-12-01,1,SO-SCH-0045,
TEN-COOLIT-SYN-001,SITE-COOLIT-SYN-01,CRM,DEMAND_SIGNAL,DS-0046,COM-0046,RESOLVED,2026-09-25T23:59:59-06:00,2026-09-26T08:00:00-06:00,2026-06-29T00:00:00-06:00,,1,,false,ACTIVE,EA,,VALID,CURRENT,coolit-synthetic-v2.0.0,CUST-006,PRG-006,CFG-CPL-01,SYNTHETIC_INTERNAL,SNP-COOLIT-20260925-BL,SCN-BASELINE,DS-0046,COM-0046,FIRM_ORDER,CFG-CPL-01,28,2026-12-04,1,SO-SCH-0046,
TEN-COOLIT-SYN-001,SITE-COOLIT-SYN-01,CRM,DEMAND_SIGNAL,DS-0047,COM-0047,RESOLVED,2026-09-25T23:59:59-06:00,2026-09-26T08:00:00-06:00,2026-06-29T00:00:00-06:00,,1,,false,ACTIVE,EA,,VALID,CURRENT,coolit-synthetic-v2.0.0,CUST-007,PRG-007,CFG-RM-02,SYNTHETIC_INTERNAL,SNP-COOLIT-20260925-BL,SCN-BASELINE,DS-0047,COM-0047,FIRM_ORDER,CFG-RM-02,34,2026-12-07,1,SO-SCH-0047,
TEN-COOLIT-SYN-001,SITE-COOLIT-SYN-01,CRM,DEMAND_SIGNAL,DS-0048,COM-0048,RESOLVED,2026-09-25T23:59:59-06:00,2026-09-26T08:00:00-06:00,2026-06-29T00:00:00-06:00,,1,,false,ACTIVE,EA,,VALID,CURRENT,coolit-synthetic-v2.0.0,CUST-008,PRG-008,CFG-CDU-03,SYNTHETIC_INTERNAL,SNP-COOLIT-20260925-BL,SCN-BASELINE,DS-0048,COM-0048,FIRM_ORDER,CFG-CDU-03,40,2026-12-10,1,SO-SCH-0048,
TEN-COOLIT-SYN-001,SITE-COOLIT-SYN-01,CRM,DEMAND_SIGNAL,DS-0049,COM-0049,RESOLVED,2026-09-25T23:59:59-06:00,2026-09-26T08:00:00-06:00,2026-06-29T00:00:00-06:00,,1,,false,ACTIVE,EA,,VALID,CURRENT,coolit-synthetic-v2.0.0,CUST-009,PRG-001,CFG-CPL-04,SYNTHETIC_INTERNAL,SNP-COOLIT-20260925-BL,SCN-BASELINE,DS-0049,COM-0049,FIRM_ORDER,CFG-CPL-04,46,2026-12-13,1,SO-SCH-0049,
TEN-COOLIT-SYN-001,SITE-COOLIT-SYN-01,CRM,DEMAND_SIGNAL,DS-0050,COM-0050,RESOLVED,2026-09-25T23:59:59-06:00,2026-09-26T08:00:00-06:00,2026-06-29T00:00:00-06:00,,1,,false,ACTIVE,EA,,VALID,CURRENT,coolit-synthetic-v2.0.0,CUST-010,PRG-002,CFG-CDU-01,SYNTHETIC_INTERNAL,SNP-COOLIT-20260925-BL,SCN-BASELINE,DS-0050,COM-0050,FIRM_ORDER,CFG-CDU-01,52,2026-12-16,1,SO-SCH-0050,
TEN-COOLIT-SYN-001,SITE-COOLIT-SYN-01,CRM,DEMAND_SIGNAL,DS-0051,COM-0051,RESOLVED,2026-09-25T23:59:59-06:00,2026-09-26T08:00:00-06:00,2026-06-29T00:00:00-06:00,,1,,false,ACTIVE,EA,,VALID,CURRENT,coolit-synthetic-v2.0.0,CUST-001,PRG-003,CFG-CPL-02,SYNTHETIC_INTERNAL,SNP-COOLIT-20260925-BL,SCN-BASELINE,DS-0051,COM-0051,FIRM_ORDER,CFG-CPL-02,8,2026-12-19,1,SO-SCH-0051,
TEN-COOLIT-SYN-001,SITE-COOLIT-SYN-01,CRM,DEMAND_SIGNAL,DS-0052,COM-0052,RESOLVED,2026-09-25T23:59:59-06:00,2026-09-26T08:00:00-06:00,2026-06-29T00:00:00-06:00,,1,,false,ACTIVE,EA,,VALID,CURRENT,coolit-synthetic-v2.0.0,CUST-002,PRG-004,CFG-RM-03,SYNTHETIC_INTERNAL,SNP-COOLIT-20260925-BL,SCN-BASELINE,DS-0052,COM-0052,FIRM_ORDER,CFG-RM-03,14,2026-12-22,1,SO-SCH-0052,
TEN-COOLIT-SYN-001,SITE-COOLIT-SYN-01,CRM,DEMAND_SIGNAL,DS-0053,COM-0053,RESOLVED,2026-09-25T23:59:59-06:00,2026-09-26T08:00:00-06:00,2026-06-29T00:00:00-06:00,,1,,false,ACTIVE,EA,,VALID,CURRENT,coolit-synthetic-v2.0.0,CUST-003,PRG-005,CFG-CDU-04,SYNTHETIC_INTERNAL,SNP-COOLIT-20260925-BL,SCN-BASELINE,DS-0053,COM-0053,FIRM_ORDER,CFG-CDU-04,20,2026-12-25,1,SO-SCH-0053,
TEN-COOLIT-SYN-001,SITE-COOLIT-SYN-01,CRM,DEMAND_SIGNAL,DS-0054,COM-0054,RESOLVED,2026-09-25T23:59:59-06:00,2026-09-26T08:00:00-06:00,2026-06-29T00:00:00-06:00,,1,,false,ACTIVE,EA,,VALID,CURRENT,coolit-synthetic-v2.0.0,CUST-004,PRG-006,CFG-RM-01,SYNTHETIC_INTERNAL,SNP-COOLIT-20260925-BL,SCN-BASELINE,DS-0054,COM-0054,FIRM_ORDER,CFG-RM-01,26,2026-12-28,1,SO-SCH-0054,
TEN-COOLIT-SYN-001,SITE-COOLIT-SYN-01,CRM,DEMAND_SIGNAL,DS-0055,COM-0055,RESOLVED,2026-09-25T23:59:59-06:00,2026-09-26T08:00:00-06:00,2026-06-29T00:00:00-06:00,,1,,false,ACTIVE,EA,,VALID,CURRENT,coolit-synthetic-v2.0.0,CUST-005,PRG-007,CFG-CDU-02,SYNTHETIC_INTERNAL,SNP-COOLIT-20260925-BL,SCN-BASELINE,DS-0055,COM-0055,FIRM_ORDER,CFG-CDU-02,32,2026-12-31,1,SO-SCH-0055,
TEN-COOLIT-SYN-001,SITE-COOLIT-SYN-01,CRM,DEMAND_SIGNAL,DS-0056,COM-0056,RESOLVED,2026-09-25T23:59:59-06:00,2026-09-26T08:00:00-06:00,2026-06-29T00:00:00-06:00,,1,,false,ACTIVE,EA,,VALID,CURRENT,coolit-synthetic-v2.0.0,CUST-006,PRG-008,CFG-CPL-03,SYNTHETIC_INTERNAL,SNP-COOLIT-20260925-BL,SCN-BASELINE,DS-0056,COM-0056,FIRM_ORDER,CFG-CPL-03,28,2027-01-03,1,SO-SCH-0056,
TEN-COOLIT-SYN-001,SITE-COOLIT-SYN-01,CRM,DEMAND_SIGNAL,DS-0057,COM-0057,RESOLVED,2026-09-25T23:59:59-06:00,2026-09-26T08:00:00-06:00,2026-06-29T00:00:00-06:00,,1,,false,ACTIVE,EA,,VALID,CURRENT,coolit-synthetic-v2.0.0,CUST-007,PRG-001,CFG-RM-04,SYNTHETIC_INTERNAL,SNP-COOLIT-20260925-BL,SCN-BASELINE,DS-0057,COM-0057,FIRM_ORDER,CFG-RM-04,34,2027-01-06,1,SO-SCH-0057,
TEN-COOLIT-SYN-001,SITE-COOLIT-SYN-01,CRM,DEMAND_SIGNAL,DS-0058,COM-0058,RESOLVED,2026-09-25T23:59:59-06:00,2026-09-26T08:00:00-06:00,2026-06-29T00:00:00-06:00,,1,,false,ACTIVE,EA,,VALID,CURRENT,coolit-synthetic-v2.0.0,CUST-008,PRG-002,CFG-CPL-01,SYNTHETIC_INTERNAL,SNP-COOLIT-20260925-BL,SCN-BASELINE,DS-0058,COM-0058,FIRM_ORDER,CFG-CPL-01,40,2027-01-09,1,SO-SCH-0058,
TEN-COOLIT-SYN-001,SITE-COOLIT-SYN-01,CRM,DEMAND_SIGNAL,DS-0059,COM-0059,RESOLVED,2026-09-25T23:59:59-06:00,2026-09-26T08:00:00-06:00,2026-06-29T00:00:00-06:00,,1,,false,ACTIVE,EA,,VALID,CURRENT,coolit-synthetic-v2.0.0,CUST-009,PRG-003,CFG-RM-02,SYNTHETIC_INTERNAL,SNP-COOLIT-20260925-BL,SCN-BASELINE,DS-0059,COM-0059,FIRM_ORDER,CFG-RM-02,46,2027-01-12,1,SO-SCH-0059,
TEN-COOLIT-SYN-001,SITE-COOLIT-SYN-01,CRM,DEMAND_SIGNAL,DS-0060,COM-0060,RESOLVED,2026-09-25T23:59:59-06:00,2026-09-26T08:00:00-06:00,2026-06-29T00:00:00-06:00,,1,,false,ACTIVE,EA,,VALID,CURRENT,coolit-synthetic-v2.0.0,CUST-010,PRG-004,CFG-CDU-03,SYNTHETIC_INTERNAL,SNP-COOLIT-20260925-BL,SCN-BASELINE,DS-0060,COM-0060,FIRM_ORDER,CFG-CDU-03,52,2027-01-15,1,SO-SCH-0060,
TEN-COOLIT-SYN-001,SITE-COOLIT-SYN-01,CRM,DEMAND_SIGNAL,DS-0061,DS-CAN-0061,RESOLVED,2026-09-25T23:59:59-06:00,2026-09-26T08:00:00-06:00,2026-06-29T00:00:00-06:00,,1,,false,ACTIVE,EA,,VALID,CURRENT,coolit-synthetic-v2.0.0,CUST-001,PRG-001,CFG-CPL-04,SYNTHETIC_INTERNAL,SNP-COOLIT-20260925-BL,SCN-DISRUPTION,DS-0061,,FORECAST,CFG-CPL-04,20,2026-12-04,0.57,OPP-0001,DS-0051
TEN-COOLIT-SYN-001,SITE-COOLIT-SYN-01,CRM,DEMAND_SIGNAL,DS-0062,DS-CAN-0062,RESOLVED,2026-09-25T23:59:59-06:00,2026-09-26T08:00:00-06:00,2026-06-29T00:00:00-06:00,,1,,false,ACTIVE,EA,,VALID,CURRENT,coolit-synthetic-v2.0.0,CUST-002,PRG-002,CFG-CDU-01,SYNTHETIC_INTERNAL,SNP-COOLIT-20260925-BL,SCN-BASELINE,DS-0062,,OPPORTUNITY,CFG-CDU-01,14,2026-12-05,0.65,OPP-0002,
TEN-COOLIT-SYN-001,SITE-COOLIT-SYN-01,CRM,DEMAND_SIGNAL,DS-0063,DS-CAN-0063,RESOLVED,2026-09-25T23:59:59-06:00,2026-09-26T08:00:00-06:00,2026-06-29T00:00:00-06:00,,1,,false,ACTIVE,EA,,VALID,CURRENT,coolit-synthetic-v2.0.0,CUST-003,PRG-003,CFG-CPL-02,SYNTHETIC_INTERNAL,SNP-COOLIT-20260925-BL,SCN-BASELINE,DS-0063,,QUOTE,CFG-CPL-02,20,2026-12-06,0.73,OPP-0003,
TEN-COOLIT-SYN-001,SITE-COOLIT-SYN-01,CRM,DEMAND_SIGNAL,DS-0064,DS-CAN-0064,RESOLVED,2026-09-25T23:59:59-06:00,2026-09-26T08:00:00-06:00,2026-06-29T00:00:00-06:00,,1,,false,ACTIVE,EA,,VALID,CURRENT,coolit-synthetic-v2.0.0,CUST-004,PRG-004,CFG-RM-03,SYNTHETIC_INTERNAL,SNP-COOLIT-20260925-BL,SCN-BASELINE,DS-0064,,RESERVATION,CFG-RM-03,26,2026-12-07,0.81,OPP-0004,
TEN-COOLIT-SYN-001,SITE-COOLIT-SYN-01,CRM,DEMAND_SIGNAL,DS-0065,DS-CAN-0065,RESOLVED,2026-09-25T23:59:59-06:00,2026-09-26T08:00:00-06:00,2026-06-29T00:00:00-06:00,,1,,false,ACTIVE,EA,,VALID,CURRENT,coolit-synthetic-v2.0.0,CUST-005,PRG-005,CFG-CDU-04,SYNTHETIC_INTERNAL,SNP-COOLIT-20260925-BL,SCN-BASELINE,DS-0065,,FORECAST,CFG-CDU-04,32,2026-12-08,0.25,OPP-0005,
TEN-COOLIT-SYN-001,SITE-COOLIT-SYN-01,CRM,DEMAND_SIGNAL,DS-0066,DS-CAN-0066,RESOLVED,2026-09-25T23:59:59-06:00,2026-09-26T08:00:00-06:00,2026-06-29T00:00:00-06:00,,1,,false,ACTIVE,EA,,VALID,CURRENT,coolit-synthetic-v2.0.0,CUST-006,PRG-006,CFG-RM-01,SYNTHETIC_INTERNAL,SNP-COOLIT-20260925-BL,SCN-BASELINE,DS-0066,,OPPORTUNITY,CFG-RM-01,28,2026-12-09,0.33,OPP-0006,
TEN-COOLIT-SYN-001,SITE-COOLIT-SYN-01,CRM,DEMAND_SIGNAL,DS-0067,DS-CAN-0067,RESOLVED,2026-09-25T23:59:59-06:00,2026-09-26T08:00:00-06:00,2026-06-29T00:00:00-06:00,,1,,false,ACTIVE,EA,,VALID,CURRENT,coolit-synthetic-v2.0.0,CUST-007,PRG-007,CFG-CDU-02,SYNTHETIC_INTERNAL,SNP-COOLIT-20260925-BL,SCN-BASELINE,DS-0067,,QUOTE,CFG-CDU-02,34,2026-12-10,0.41,OPP-0007,
TEN-COOLIT-SYN-001,SITE-COOLIT-SYN-01,CRM,DEMAND_SIGNAL,DS-0068,DS-CAN-0068,RESOLVED,2026-09-25T23:59:59-06:00,2026-09-26T08:00:00-06:00,2026-06-29T00:00:00-06:00,,1,,false,ACTIVE,EA,,VALID,CURRENT,coolit-synthetic-v2.0.0,CUST-008,PRG-008,CFG-CPL-03,SYNTHETIC_INTERNAL,SNP-COOLIT-20260925-BL,SCN-BASELINE,DS-0068,,RESERVATION,CFG-CPL-03,40,2026-12-11,0.49,OPP-0008,
TEN-COOLIT-SYN-001,SITE-COOLIT-SYN-01,CRM,DEMAND_SIGNAL,DS-0069,DS-CAN-0069,RESOLVED,2026-09-25T23:59:59-06:00,2026-09-26T08:00:00-06:00,2026-06-29T00:00:00-06:00,,1,,false,ACTIVE,EA,,VALID,CURRENT,coolit-synthetic-v2.0.0,CUST-009,PRG-001,CFG-RM-04,SYNTHETIC_INTERNAL,SNP-COOLIT-20260925-BL,SCN-BASELINE,DS-0069,,FORECAST,CFG-RM-04,46,2026-12-12,0.57,OPP-0009,
TEN-COOLIT-SYN-001,SITE-COOLIT-SYN-01,CRM,DEMAND_SIGNAL,DS-0070,DS-CAN-0070,RESOLVED,2026-09-25T23:59:59-06:00,2026-09-26T08:00:00-06:00,2026-06-29T00:00:00-06:00,,1,,false,ACTIVE,EA,,VALID,CURRENT,coolit-synthetic-v2.0.0,CUST-010,PRG-002,CFG-CPL-01,SYNTHETIC_INTERNAL,SNP-COOLIT-20260925-BL,SCN-BASELINE,DS-0070,,OPPORTUNITY,CFG-CPL-01,52,2026-12-13,0.65,OPP-0010,
TEN-COOLIT-SYN-001,SITE-COOLIT-SYN-01,CRM,DEMAND_SIGNAL,DS-0071,DS-CAN-0071,RESOLVED,2026-09-25T23:59:59-06:00,2026-09-26T08:00:00-06:00,2026-06-29T00:00:00-06:00,,1,,false,ACTIVE,EA,,VALID,CURRENT,coolit-synthetic-v2.0.0,CUST-001,PRG-003,CFG-RM-02,SYNTHETIC_INTERNAL,SNP-COOLIT-20260925-BL,SCN-BASELINE,DS-0071,,QUOTE,CFG-RM-02,8,2026-12-14,0.73,OPP-0011,
TEN-COOLIT-SYN-001,SITE-COOLIT-SYN-01,CRM,DEMAND_SIGNAL,DS-0072,DS-CAN-0072,RESOLVED,2026-09-25T23:59:59-06:00,2026-09-26T08:00:00-06:00,2026-06-29T00:00:00-06:00,,1,,false,ACTIVE,EA,,VALID,CURRENT,coolit-synthetic-v2.0.0,CUST-002,PRG-004,CFG-CDU-03,SYNTHETIC_INTERNAL,SNP-COOLIT-20260925-BL,SCN-BASELINE,DS-0072,,RESERVATION,CFG-CDU-03,14,2026-12-15,0.81,OPP-0012,
TEN-COOLIT-SYN-001,SITE-COOLIT-SYN-01,CRM,DEMAND_SIGNAL,DS-0073,DS-CAN-0073,RESOLVED,2026-09-25T23:59:59-06:00,2026-09-26T08:00:00-06:00,2026-06-29T00:00:00-06:00,,1,,false,ACTIVE,EA,,VALID,CURRENT,coolit-synthetic-v2.0.0,CUST-003,PRG-005,CFG-CPL-04,SYNTHETIC_INTERNAL,SNP-COOLIT-20260925-BL,SCN-BASELINE,DS-0073,,FORECAST,CFG-CPL-04,20,2026-12-16,0.25,OPP-0013,
TEN-COOLIT-SYN-001,SITE-COOLIT-SYN-01,CRM,DEMAND_SIGNAL,DS-0074,DS-CAN-0074,RESOLVED,2026-09-25T23:59:59-06:00,2026-09-26T08:00:00-06:00,2026-06-29T00:00:00-06:00,,1,,false,ACTIVE,EA,,VALID,CURRENT,coolit-synthetic-v2.0.0,CUST-004,PRG-006,CFG-CDU-01,SYNTHETIC_INTERNAL,SNP-COOLIT-20260925-BL,SCN-BASELINE,DS-0074,,OPPORTUNITY,CFG-CDU-01,26,2026-12-17,0.33,OPP-0014,
TEN-COOLIT-SYN-001,SITE-COOLIT-SYN-01,CRM,DEMAND_SIGNAL,DS-0075,DS-CAN-0075,RESOLVED,2026-09-25T23:59:59-06:00,2026-09-26T08:00:00-06:00,2026-06-29T00:00:00-06:00,,1,,false,ACTIVE,EA,,VALID,CURRENT,coolit-synthetic-v2.0.0,CUST-005,PRG-007,CFG-CPL-02,SYNTHETIC_INTERNAL,SNP-COOLIT-20260925-BL,SCN-BASELINE,DS-0075,,QUOTE,CFG-CPL-02,32,2026-12-18,0.41,OPP-0015,
TEN-COOLIT-SYN-001,SITE-COOLIT-SYN-01,CRM,DEMAND_SIGNAL,DS-0076,DS-CAN-0076,RESOLVED,2026-09-25T23:59:59-06:00,2026-09-26T08:00:00-06:00,2026-06-29T00:00:00-06:00,,1,,false,ACTIVE,EA,,VALID,CURRENT,coolit-synthetic-v2.0.0,CUST-006,PRG-008,CFG-RM-03,SYNTHETIC_INTERNAL,SNP-COOLIT-20260925-BL,SCN-BASELINE,DS-0076,,RESERVATION,CFG-RM-03,28,2026-12-19,0.49,OPP-0001,
TEN-COOLIT-SYN-001,SITE-COOLIT-SYN-01,CRM,DEMAND_SIGNAL,DS-0077,DS-CAN-0077,RESOLVED,2026-09-25T23:59:59-06:00,2026-09-26T08:00:00-06:00,2026-06-29T00:00:00-06:00,,1,,false,ACTIVE,EA,,VALID,CURRENT,coolit-synthetic-v2.0.0,CUST-007,PRG-001,CFG-CDU-04,SYNTHETIC_INTERNAL,SNP-COOLIT-20260925-BL,SCN-BASELINE,DS-0077,,FORECAST,CFG-CDU-04,34,2026-12-20,0.57,OPP-0002,
TEN-COOLIT-SYN-001,SITE-COOLIT-SYN-01,CRM,DEMAND_SIGNAL,DS-0078,DS-CAN-0078,RESOLVED,2026-09-25T23:59:59-06:00,2026-09-26T08:00:00-06:00,2026-06-29T00:00:00-06:00,,1,,false,ACTIVE,EA,,VALID,CURRENT,coolit-synthetic-v2.0.0,CUST-008,PRG-002,CFG-RM-01,SYNTHETIC_INTERNAL,SNP-COOLIT-20260925-BL,SCN-BASELINE,DS-0078,,OPPORTUNITY,CFG-RM-01,40,2026-12-21,0.65,OPP-0003,
TEN-COOLIT-SYN-001,SITE-COOLIT-SYN-01,CRM,DEMAND_SIGNAL,DS-0079,DS-CAN-0079,RESOLVED,2026-09-25T23:59:59-06:00,2026-09-26T08:00:00-06:00,2026-06-29T00:00:00-06:00,,1,,false,ACTIVE,EA,,VALID,CURRENT,coolit-synthetic-v2.0.0,CUST-009,PRG-003,CFG-CDU-02,SYNTHETIC_INTERNAL,SNP-COOLIT-20260925-BL,SCN-BASELINE,DS-0079,,QUOTE,CFG-CDU-02,46,2026-12-22,0.73,OPP-0004,
TEN-COOLIT-SYN-001,SITE-COOLIT-SYN-01,CRM,DEMAND_SIGNAL,DS-0080,DS-CAN-0080,RESOLVED,2026-09-25T23:59:59-06:00,2026-09-26T08:00:00-06:00,2026-06-29T00:00:00-06:00,,1,,false,ACTIVE,EA,,VALID,CURRENT,coolit-synthetic-v2.0.0,CUST-010,PRG-004,CFG-CPL-03,SYNTHETIC_INTERNAL,SNP-COOLIT-20260925-BL,SCN-BASELINE,DS-0080,,RESERVATION,CFG-CPL-03,52,2026-12-23,0.81,OPP-0005,
TEN-COOLIT-SYN-001,SITE-COOLIT-SYN-01,CRM,DEMAND_SIGNAL,DS-0081,DS-CAN-0081,RESOLVED,2026-09-25T23:59:59-06:00,2026-09-26T08:00:00-06:00,2026-06-29T00:00:00-06:00,,1,,false,ACTIVE,EA,,VALID,CURRENT,coolit-synthetic-v2.0.0,CUST-001,PRG-005,CFG-RM-04,SYNTHETIC_INTERNAL,SNP-COOLIT-20260925-BL,SCN-BASELINE,DS-0081,,FORECAST,CFG-RM-04,8,2026-12-24,0.25,OPP-0006,
TEN-COOLIT-SYN-001,SITE-COOLIT-SYN-01,CRM,DEMAND_SIGNAL,DS-0082,DS-CAN-0082,RESOLVED,2026-09-25T23:59:59-06:00,2026-09-26T08:00:00-06:00,2026-06-29T00:00:00-06:00,,1,,false,ACTIVE,EA,,VALID,CURRENT,coolit-synthetic-v2.0.0,CUST-002,PRG-006,CFG-CPL-01,SYNTHETIC_INTERNAL,SNP-COOLIT-20260925-BL,SCN-BASELINE,DS-0082,,OPPORTUNITY,CFG-CPL-01,14,2026-12-25,0.33,OPP-0007,
TEN-COOLIT-SYN-001,SITE-COOLIT-SYN-01,CRM,DEMAND_SIGNAL,DS-0083,DS-CAN-0083,RESOLVED,2026-09-25T23:59:59-06:00,2026-09-26T08:00:00-06:00,2026-06-29T00:00:00-06:00,,1,,false,ACTIVE,EA,,VALID,CURRENT,coolit-synthetic-v2.0.0,CUST-003,PRG-007,CFG-RM-02,SYNTHETIC_INTERNAL,SNP-COOLIT-20260925-BL,SCN-BASELINE,DS-0083,,QUOTE,CFG-RM-02,20,2026-12-26,0.41,OPP-0008,
TEN-COOLIT-SYN-001,SITE-COOLIT-SYN-01,CRM,DEMAND_SIGNAL,DS-0084,DS-CAN-0084,RESOLVED,2026-09-25T23:59:59-06:00,2026-09-26T08:00:00-06:00,2026-06-29T00:00:00-06:00,,1,,false,ACTIVE,EA,,VALID,CURRENT,coolit-synthetic-v2.0.0,CUST-004,PRG-008,CFG-CDU-03,SYNTHETIC_INTERNAL,SNP-COOLIT-20260925-BL,SCN-BASELINE,DS-0084,,RESERVATION,CFG-CDU-03,26,2026-12-27,0.49,OPP-0009,
TEN-COOLIT-SYN-001,SITE-COOLIT-SYN-01,CRM,DEMAND_SIGNAL,DS-0085,DS-CAN-0085,RESOLVED,2026-09-25T23:59:59-06:00,2026-09-26T08:00:00-06:00,2026-06-29T00:00:00-06:00,,1,,false,ACTIVE,EA,,VALID,CURRENT,coolit-synthetic-v2.0.0,CUST-005,PRG-001,CFG-CPL-04,SYNTHETIC_INTERNAL,SNP-COOLIT-20260925-BL,SCN-BASELINE,DS-0085,,FORECAST,CFG-CPL-04,32,2026-12-28,0.57,OPP-0010,
TEN-COOLIT-SYN-001,SITE-COOLIT-SYN-01,CRM,DEMAND_SIGNAL,DS-0086,DS-CAN-0086,RESOLVED,2026-09-25T23:59:59-06:00,2026-09-26T08:00:00-06:00,2026-06-29T00:00:00-06:00,,1,,false,ACTIVE,EA,,VALID,CURRENT,coolit-synthetic-v2.0.0,CUST-006,PRG-002,CFG-CDU-01,SYNTHETIC_INTERNAL,SNP-COOLIT-20260925-BL,SCN-BASELINE,DS-0086,,OPPORTUNITY,CFG-CDU-01,28,2026-10-05,0.65,OPP-0011,
TEN-COOLIT-SYN-001,SITE-COOLIT-SYN-01,CRM,DEMAND_SIGNAL,DS-0087,DS-CAN-0087,RESOLVED,2026-09-25T23:59:59-06:00,2026-09-26T08:00:00-06:00,2026-06-29T00:00:00-06:00,,1,,false,ACTIVE,EA,,VALID,CURRENT,coolit-synthetic-v2.0.0,CUST-007,PRG-003,CFG-CPL-02,SYNTHETIC_INTERNAL,SNP-COOLIT-20260925-BL,SCN-BASELINE,DS-0087,,QUOTE,CFG-CPL-02,34,2026-10-06,0.73,OPP-0012,
TEN-COOLIT-SYN-001,SITE-COOLIT-SYN-01,CRM,DEMAND_SIGNAL,DS-0088,DS-CAN-0088,RESOLVED,2026-09-25T23:59:59-06:00,2026-09-26T08:00:00-06:00,2026-06-29T00:00:00-06:00,,1,,false,ACTIVE,EA,,VALID,CURRENT,coolit-synthetic-v2.0.0,CUST-008,PRG-004,CFG-RM-03,SYNTHETIC_INTERNAL,SNP-COOLIT-20260925-BL,SCN-BASELINE,DS-0088,,RESERVATION,CFG-RM-03,40,2026-10-07,0.81,OPP-0013,
TEN-COOLIT-SYN-001,SITE-COOLIT-SYN-01,CRM,DEMAND_SIGNAL,DS-0089,DS-CAN-0089,RESOLVED,2026-09-25T23:59:59-06:00,2026-09-26T08:00:00-06:00,2026-06-29T00:00:00-06:00,,1,,false,ACTIVE,EA,,VALID,CURRENT,coolit-synthetic-v2.0.0,CUST-009,PRG-005,CFG-CDU-04,SYNTHETIC_INTERNAL,SNP-COOLIT-20260925-BL,SCN-BASELINE,DS-0089,,FORECAST,CFG-CDU-04,46,2026-10-08,0.25,OPP-0014,
TEN-COOLIT-SYN-001,SITE-COOLIT-SYN-01,CRM,DEMAND_SIGNAL,DS-0090,DS-CAN-0090,RESOLVED,2026-09-25T23:59:59-06:00,2026-09-26T08:00:00-06:00,2026-06-29T00:00:00-06:00,,1,,false,ACTIVE,EA,,VALID,CURRENT,coolit-synthetic-v2.0.0,CUST-010,PRG-006,CFG-RM-01,SYNTHETIC_INTERNAL,SNP-COOLIT-20260925-BL,SCN-BASELINE,DS-0090,,OPPORTUNITY,CFG-RM-01,52,2026-10-09,0.33,OPP-0015,
TEN-COOLIT-SYN-001,SITE-COOLIT-SYN-01,CRM,DEMAND_SIGNAL,DS-0091,DS-CAN-0091,RESOLVED,2026-09-25T23:59:59-06:00,2026-09-26T08:00:00-06:00,2026-06-29T00:00:00-06:00,,1,,false,ACTIVE,EA,,VALID,CURRENT,coolit-synthetic-v2.0.0,CUST-001,PRG-007,CFG-CDU-02,SYNTHETIC_INTERNAL,SNP-COOLIT-20260925-BL,SCN-BASELINE,DS-0091,,QUOTE,CFG-CDU-02,8,2026-10-10,0.41,OPP-0001,
TEN-COOLIT-SYN-001,SITE-COOLIT-SYN-01,CRM,DEMAND_SIGNAL,DS-0092,DS-CAN-0092,RESOLVED,2026-09-25T23:59:59-06:00,2026-09-26T08:00:00-06:00,2026-06-29T00:00:00-06:00,,1,,false,ACTIVE,EA,,VALID,CURRENT,coolit-synthetic-v2.0.0,CUST-002,PRG-008,CFG-CPL-03,SYNTHETIC_INTERNAL,SNP-COOLIT-20260925-BL,SCN-BASELINE,DS-0092,,RESERVATION,CFG-CPL-03,14,2026-10-11,0.49,OPP-0002,
TEN-COOLIT-SYN-001,SITE-COOLIT-SYN-01,CRM,DEMAND_SIGNAL,DS-0093,DS-CAN-0093,RESOLVED,2026-09-25T23:59:59-06:00,2026-09-26T08:00:00-06:00,2026-06-29T00:00:00-06:00,,1,,false,ACTIVE,EA,,VALID,CURRENT,coolit-synthetic-v2.0.0,CUST-003,PRG-001,CFG-RM-04,SYNTHETIC_INTERNAL,SNP-COOLIT-20260925-BL,SCN-BASELINE,DS-0093,,FORECAST,CFG-RM-04,20,2026-10-12,0.57,OPP-0003,
TEN-COOLIT-SYN-001,SITE-COOLIT-SYN-01,CRM,DEMAND_SIGNAL,DS-0094,DS-CAN-0094,RESOLVED,2026-09-25T23:59:59-06:00,2026-09-26T08:00:00-06:00,2026-06-29T00:00:00-06:00,,1,,false,ACTIVE,EA,,VALID,CURRENT,coolit-synthetic-v2.0.0,CUST-004,PRG-002,CFG-CPL-01,SYNTHETIC_INTERNAL,SNP-COOLIT-20260925-BL,SCN-BASELINE,DS-0094,,OPPORTUNITY,CFG-CPL-01,26,2026-10-13,0.65,OPP-0004,
TEN-COOLIT-SYN-001,SITE-COOLIT-SYN-01,CRM,DEMAND_SIGNAL,DS-0095,DS-CAN-0095,RESOLVED,2026-09-25T23:59:59-06:00,2026-09-26T08:00:00-06:00,2026-06-29T00:00:00-06:00,,1,,false,ACTIVE,EA,,VALID,CURRENT,coolit-synthetic-v2.0.0,CUST-005,PRG-003,CFG-RM-02,SYNTHETIC_INTERNAL,SNP-COOLIT-20260925-BL,SCN-BASELINE,DS-0095,,QUOTE,CFG-RM-02,32,2026-10-14,0.73,OPP-0005,
TEN-COOLIT-SYN-001,SITE-COOLIT-SYN-01,CRM,DEMAND_SIGNAL,DS-0096,DS-CAN-0096,RESOLVED,2026-09-25T23:59:59-06:00,2026-09-26T08:00:00-06:00,2026-06-29T00:00:00-06:00,,1,,false,ACTIVE,EA,,VALID,CURRENT,coolit-synthetic-v2.0.0,CUST-006,PRG-004,CFG-CDU-03,SYNTHETIC_INTERNAL,SNP-COOLIT-20260925-BL,SCN-BASELINE,DS-0096,,RESERVATION,CFG-CDU-03,28,2026-10-15,0.81,OPP-0006,
TEN-COOLIT-SYN-001,SITE-COOLIT-SYN-01,CRM,DEMAND_SIGNAL,DS-0097,DS-CAN-0097,RESOLVED,2026-09-25T23:59:59-06:00,2026-09-26T08:00:00-06:00,2026-06-29T00:00:00-06:00,,1,,false,ACTIVE,EA,,VALID,CURRENT,coolit-synthetic-v2.0.0,CUST-007,PRG-005,CFG-CPL-04,SYNTHETIC_INTERNAL,SNP-COOLIT-20260925-BL,SCN-BASELINE,DS-0097,,FORECAST,CFG-CPL-04,34,2026-10-16,0.25,OPP-0007,
TEN-COOLIT-SYN-001,SITE-COOLIT-SYN-01,CRM,DEMAND_SIGNAL,DS-0098,DS-CAN-0098,RESOLVED,2026-09-25T23:59:59-06:00,2026-09-26T08:00:00-06:00,2026-06-29T00:00:00-06:00,,1,,false,ACTIVE,EA,,VALID,CURRENT,coolit-synthetic-v2.0.0,CUST-008,PRG-006,CFG-CDU-01,SYNTHETIC_INTERNAL,SNP-COOLIT-20260925-BL,SCN-BASELINE,DS-0098,,OPPORTUNITY,CFG-CDU-01,40,2026-10-17,0.33,OPP-0008,
TEN-COOLIT-SYN-001,SITE-COOLIT-SYN-01,CRM,DEMAND_SIGNAL,DS-0099,DS-CAN-0099,RESOLVED,2026-09-25T23:59:59-06:00,2026-09-26T08:00:00-06:00,2026-06-29T00:00:00-06:00,,1,,false,ACTIVE,EA,,VALID,CURRENT,coolit-synthetic-v2.0.0,CUST-009,PRG-007,CFG-CPL-02,SYNTHETIC_INTERNAL,SNP-COOLIT-20260925-BL,SCN-BASELINE,DS-0099,,QUOTE,CFG-CPL-02,46,2026-10-18,0.41,OPP-0009,
TEN-COOLIT-SYN-001,SITE-COOLIT-SYN-01,CRM,DEMAND_SIGNAL,DS-0100,DS-CAN-0100,RESOLVED,2026-09-25T23:59:59-06:00,2026-09-26T08:00:00-06:00,2026-06-29T00:00:00-06:00,,1,,false,ACTIVE,EA,,VALID,CURRENT,coolit-synthetic-v2.0.0,CUST-010,PRG-008,CFG-RM-03,SYNTHETIC_INTERNAL,SNP-COOLIT-20260925-BL,SCN-BASELINE,DS-0100,,RESERVATION,CFG-RM-03,52,2026-10-19,0.49,OPP-0010,
