tenant_id,site_id,source_system,source_object,source_record_id,canonical_id,crosswalk_status,source_event_at,ingested_at,effective_from,effective_to,record_version,supersedes_source_record_id,is_deleted,semantic_status,uom,currency,data_quality_state,freshness_state,transformation_version,customer_scope,program_scope,product_scope,sensitivity_class,snapshot_id,scenario_id,quote_id,quote_family_id,opportunity_id,quote_revision,quote_status,issued_date,expiry_date,acceptance_date,currency_code,approval_state
TEN-COOLIT-SYN-001,SITE-COOLIT-SYN-01,CRM,QUOTE,Q-0001-V1,QF-0001,RESOLVED,2026-09-25T23:59:59-06:00,2026-09-26T08:00:00-06:00,2026-06-29T00:00:00-06:00,,1,,false,ACTIVE,,USD,VALID,CURRENT,coolit-synthetic-v2.0.0,CUST-001,PRG-001,ALL_SYNTHETIC_PRODUCTS,SYNTHETIC_INTERNAL,SNP-COOLIT-20260925-BL,SCN-BASELINE,Q-0001,QF-0001,OPP-0001,1,ACCEPTED,2026-05-15,2026-06-14,2026-05-20,USD,APPROVED_WITH_EXCEPTION
TEN-COOLIT-SYN-001,SITE-COOLIT-SYN-01,CRM,QUOTE,Q-0002-V2,QF-0001,RESOLVED,2026-09-25T23:59:59-06:00,2026-09-26T08:00:00-06:00,2026-06-29T00:00:00-06:00,,2,Q-0001-V1,false,ACTIVE,,USD,VALID,CURRENT,coolit-synthetic-v2.0.0,CUST-002,PRG-002,ALL_SYNTHETIC_PRODUCTS,SYNTHETIC_INTERNAL,SNP-COOLIT-20260925-BL,SCN-BASELINE,Q-0002,QF-0001,OPP-0002,2,ACCEPTED,2026-05-19,2026-06-18,2026-05-24,USD,APPROVED
TEN-COOLIT-SYN-001,SITE-COOLIT-SYN-01,CRM,QUOTE,Q-0003-V1,QF-0002,RESOLVED,2026-09-25T23:59:59-06:00,2026-09-26T08:00:00-06:00,2026-06-29T00:00:00-06:00,,1,,false,ACTIVE,,USD,VALID,CURRENT,coolit-synthetic-v2.0.0,CUST-003,PRG-003,ALL_SYNTHETIC_PRODUCTS,SYNTHETIC_INTERNAL,SNP-COOLIT-20260925-BL,SCN-BASELINE,Q-0003,QF-0002,OPP-0003,1,ACCEPTED,2026-05-23,2026-06-22,2026-05-28,USD,APPROVED
TEN-COOLIT-SYN-001,SITE-COOLIT-SYN-01,CRM,QUOTE,Q-0004-V2,QF-0002,RESOLVED,2026-09-25T23:59:59-06:00,2026-09-26T08:00:00-06:00,2026-06-29T00:00:00-06:00,,2,Q-0003-V1,false,ACTIVE,,USD,VALID,CURRENT,coolit-synthetic-v2.0.0,CUST-004,PRG-004,ALL_SYNTHETIC_PRODUCTS,SYNTHETIC_INTERNAL,SNP-COOLIT-20260925-BL,SCN-BASELINE,Q-0004,QF-0002,OPP-0004,2,ACCEPTED,2026-05-27,2026-06-26,2026-06-01,USD,APPROVED
TEN-COOLIT-SYN-001,SITE-COOLIT-SYN-01,CRM,QUOTE,Q-0005-V1,QF-0003,RESOLVED,2026-09-25T23:59:59-06:00,2026-09-26T08:00:00-06:00,2026-06-29T00:00:00-06:00,,1,,false,ACTIVE,,USD,VALID,CURRENT,coolit-synthetic-v2.0.0,CUST-005,PRG-005,ALL_SYNTHETIC_PRODUCTS,SYNTHETIC_INTERNAL,SNP-COOLIT-20260925-BL,SCN-BASELINE,Q-0005,QF-0003,OPP-0005,1,ACCEPTED,2026-05-31,2026-06-30,2026-06-05,USD,APPROVED
TEN-COOLIT-SYN-001,SITE-COOLIT-SYN-01,CRM,QUOTE,Q-0006-V2,QF-0003,RESOLVED,2026-09-25T23:59:59-06:00,2026-09-26T08:00:00-06:00,2026-06-29T00:00:00-06:00,,2,Q-0005-V1,false,ACTIVE,,USD,VALID,CURRENT,coolit-synthetic-v2.0.0,CUST-006,PRG-006,ALL_SYNTHETIC_PRODUCTS,SYNTHETIC_INTERNAL,SNP-COOLIT-20260925-BL,SCN-BASELINE,Q-0006,QF-0003,OPP-0006,2,ACCEPTED,2026-06-04,2026-07-04,2026-06-09,USD,APPROVED
TEN-COOLIT-SYN-001,SITE-COOLIT-SYN-01,CRM,QUOTE,Q-0007-V1,QF-0004,RESOLVED,2026-09-25T23:59:59-06:00,2026-09-26T08:00:00-06:00,2026-06-29T00:00:00-06:00,,1,,false,ACTIVE,,USD,VALID,CURRENT,coolit-synthetic-v2.0.0,CUST-007,PRG-007,ALL_SYNTHETIC_PRODUCTS,SYNTHETIC_INTERNAL,SNP-COOLIT-20260925-BL,SCN-BASELINE,Q-0007,QF-0004,OPP-0007,1,ACCEPTED,2026-06-08,2026-07-08,2026-06-13,USD,APPROVED
TEN-COOLIT-SYN-001,SITE-COOLIT-SYN-01,CRM,QUOTE,Q-0008-V2,QF-0004,RESOLVED,2026-09-25T23:59:59-06:00,2026-09-26T08:00:00-06:00,2026-06-29T00:00:00-06:00,,2,Q-0007-V1,false,ACTIVE,,USD,VALID,CURRENT,coolit-synthetic-v2.0.0,CUST-008,PRG-008,ALL_SYNTHETIC_PRODUCTS,SYNTHETIC_INTERNAL,SNP-COOLIT-20260925-BL,SCN-BASELINE,Q-0008,QF-0004,OPP-0008,2,ACCEPTED,2026-06-12,2026-07-12,2026-06-17,USD,APPROVED_WITH_EXCEPTION
TEN-COOLIT-SYN-001,SITE-COOLIT-SYN-01,CRM,QUOTE,Q-0009-V1,QF-0005,RESOLVED,2026-09-25T23:59:59-06:00,2026-09-26T08:00:00-06:00,2026-06-29T00:00:00-06:00,,1,,false,ACTIVE,,USD,VALID,CURRENT,coolit-synthetic-v2.0.0,CUST-009,PRG-001,ALL_SYNTHETIC_PRODUCTS,SYNTHETIC_INTERNAL,SNP-COOLIT-20260925-BL,SCN-BASELINE,Q-0009,QF-0005,OPP-0009,1,ACCEPTED,2026-06-16,2026-07-16,2026-06-21,USD,APPROVED
TEN-COOLIT-SYN-001,SITE-COOLIT-SYN-01,CRM,QUOTE,Q-0010-V2,QF-0005,RESOLVED,2026-09-25T23:59:59-06:00,2026-09-26T08:00:00-06:00,2026-06-29T00:00:00-06:00,,2,Q-0009-V1,false,ACTIVE,,USD,VALID,CURRENT,coolit-synthetic-v2.0.0,CUST-010,PRG-002,ALL_SYNTHETIC_PRODUCTS,SYNTHETIC_INTERNAL,SNP-COOLIT-20260925-BL,SCN-BASELINE,Q-0010,QF-0005,OPP-0010,2,ACCEPTED,2026-06-20,2026-07-20,2026-06-25,USD,APPROVED
TEN-COOLIT-SYN-001,SITE-COOLIT-SYN-01,CRM,QUOTE,Q-0011-V1,QF-0006,RESOLVED,2026-09-25T23:59:59-06:00,2026-09-26T08:00:00-06:00,2026-06-29T00:00:00-06:00,,1,,false,ACTIVE,,USD,VALID,CURRENT,coolit-synthetic-v2.0.0,CUST-001,PRG-003,ALL_SYNTHETIC_PRODUCTS,SYNTHETIC_INTERNAL,SNP-COOLIT-20260925-BL,SCN-BASELINE,Q-0011,QF-0006,OPP-0011,1,ACCEPTED,2026-06-24,2026-07-24,2026-06-29,USD,APPROVED
TEN-COOLIT-SYN-001,SITE-COOLIT-SYN-01,CRM,QUOTE,Q-0012-V2,QF-0006,RESOLVED,2026-09-25T23:59:59-06:00,2026-09-26T08:00:00-06:00,2026-06-29T00:00:00-06:00,,2,Q-0011-V1,false,ACTIVE,,USD,VALID,CURRENT,coolit-synthetic-v2.0.0,CUST-002,PRG-004,ALL_SYNTHETIC_PRODUCTS,SYNTHETIC_INTERNAL,SNP-COOLIT-20260925-BL,SCN-BASELINE,Q-0012,QF-0006,OPP-0012,2,ACCEPTED,2026-06-28,2026-07-28,2026-07-03,USD,APPROVED
TEN-COOLIT-SYN-001,SITE-COOLIT-SYN-01,CRM,QUOTE,Q-0013-V1,QF-0007,RESOLVED,2026-09-25T23:59:59-06:00,2026-09-26T08:00:00-06:00,2026-06-29T00:00:00-06:00,,1,,false,ACTIVE,,USD,VALID,CURRENT,coolit-synthetic-v2.0.0,CUST-003,PRG-005,ALL_SYNTHETIC_PRODUCTS,SYNTHETIC_INTERNAL,SNP-COOLIT-20260925-BL,SCN-BASELINE,Q-0013,QF-0007,OPP-0013,1,ACCEPTED,2026-07-02,2026-08-01,2026-07-07,USD,APPROVED
TEN-COOLIT-SYN-001,SITE-COOLIT-SYN-01,CRM,QUOTE,Q-0014-V2,QF-0007,RESOLVED,2026-09-25T23:59:59-06:00,2026-09-26T08:00:00-06:00,2026-06-29T00:00:00-06:00,,2,Q-0013-V1,false,ACTIVE,,USD,VALID,CURRENT,coolit-synthetic-v2.0.0,CUST-004,PRG-006,ALL_SYNTHETIC_PRODUCTS,SYNTHETIC_INTERNAL,SNP-COOLIT-20260925-BL,SCN-BASELINE,Q-0014,QF-0007,OPP-0014,2,ACCEPTED,2026-07-06,2026-08-05,2026-07-11,USD,APPROVED
TEN-COOLIT-SYN-001,SITE-COOLIT-SYN-01,CRM,QUOTE,Q-0015-V1,QF-0008,RESOLVED,2026-09-25T23:59:59-06:00,2026-09-26T08:00:00-06:00,2026-06-29T00:00:00-06:00,,1,,false,ACTIVE,,USD,VALID,CURRENT,coolit-synthetic-v2.0.0,CUST-005,PRG-007,ALL_SYNTHETIC_PRODUCTS,SYNTHETIC_INTERNAL,SNP-COOLIT-20260925-BL,SCN-BASELINE,Q-0015,QF-0008,OPP-0015,1,ACCEPTED,2026-07-10,2026-08-09,2026-07-15,USD,APPROVED_WITH_EXCEPTION
TEN-COOLIT-SYN-001,SITE-COOLIT-SYN-01,CRM,QUOTE,Q-0016-V2,QF-0008,RESOLVED,2026-09-25T23:59:59-06:00,2026-09-26T08:00:00-06:00,2026-06-29T00:00:00-06:00,,2,Q-0015-V1,false,ACTIVE,,USD,VALID,CURRENT,coolit-synthetic-v2.0.0,CUST-001,PRG-001,ALL_SYNTHETIC_PRODUCTS,SYNTHETIC_INTERNAL,SNP-COOLIT-20260925-BL,SCN-BASELINE,Q-0016,QF-0008,OPP-0001,2,ACCEPTED,2026-07-14,2026-08-13,2026-07-19,USD,APPROVED
TEN-COOLIT-SYN-001,SITE-COOLIT-SYN-01,CRM,QUOTE,Q-0017-V1,QF-0009,RESOLVED,2026-09-25T23:59:59-06:00,2026-09-26T08:00:00-06:00,2026-06-29T00:00:00-06:00,,1,,false,ACTIVE,,USD,VALID,CURRENT,coolit-synthetic-v2.0.0,CUST-002,PRG-002,ALL_SYNTHETIC_PRODUCTS,SYNTHETIC_INTERNAL,SNP-COOLIT-20260925-BL,SCN-BASELINE,Q-0017,QF-0009,OPP-0002,1,ACCEPTED,2026-07-18,2026-08-17,2026-07-23,USD,APPROVED
TEN-COOLIT-SYN-001,SITE-COOLIT-SYN-01,CRM,QUOTE,Q-0018-V2,QF-0009,RESOLVED,2026-09-25T23:59:59-06:00,2026-09-26T08:00:00-06:00,2026-06-29T00:00:00-06:00,,2,Q-0017-V1,false,ACTIVE,,USD,VALID,CURRENT,coolit-synthetic-v2.0.0,CUST-003,PRG-003,ALL_SYNTHETIC_PRODUCTS,SYNTHETIC_INTERNAL,SNP-COOLIT-20260925-BL,SCN-BASELINE,Q-0018,QF-0009,OPP-0003,2,ACCEPTED,2026-07-22,2026-08-21,2026-07-27,USD,APPROVED
TEN-COOLIT-SYN-001,SITE-COOLIT-SYN-01,CRM,QUOTE,Q-0019-V1,QF-0010,RESOLVED,2026-09-25T23:59:59-06:00,2026-09-26T08:00:00-06:00,2026-06-29T00:00:00-06:00,,1,,false,ACTIVE,,USD,VALID,CURRENT,coolit-synthetic-v2.0.0,CUST-004,PRG-004,ALL_SYNTHETIC_PRODUCTS,SYNTHETIC_INTERNAL,SNP-COOLIT-20260925-BL,SCN-BASELINE,Q-0019,QF-0010,OPP-0004,1,ISSUED,2026-07-26,2026-08-25,,USD,APPROVED
TEN-COOLIT-SYN-001,SITE-COOLIT-SYN-01,CRM,QUOTE,Q-0020-V2,QF-0010,RESOLVED,2026-09-25T23:59:59-06:00,2026-09-26T08:00:00-06:00,2026-06-29T00:00:00-06:00,,2,Q-0019-V1,false,ACTIVE,,USD,VALID,CURRENT,coolit-synthetic-v2.0.0,CUST-005,PRG-005,ALL_SYNTHETIC_PRODUCTS,SYNTHETIC_INTERNAL,SNP-COOLIT-20260925-BL,SCN-BASELINE,Q-0020,QF-0010,OPP-0005,2,IN_REVIEW,2026-07-30,2026-08-29,,USD,APPROVED
TEN-COOLIT-SYN-001,SITE-COOLIT-SYN-01,CRM,QUOTE,Q-0021-V1,QF-0011,RESOLVED,2026-09-25T23:59:59-06:00,2026-09-26T08:00:00-06:00,2026-06-29T00:00:00-06:00,,1,,false,ACTIVE,,USD,VALID,CURRENT,coolit-synthetic-v2.0.0,CUST-006,PRG-006,ALL_SYNTHETIC_PRODUCTS,SYNTHETIC_INTERNAL,SNP-COOLIT-20260925-BL,SCN-BASELINE,Q-0021,QF-0011,OPP-0006,1,ISSUED,2026-08-03,2026-09-02,,USD,APPROVED
TEN-COOLIT-SYN-001,SITE-COOLIT-SYN-01,CRM,QUOTE,Q-0022-V2,QF-0011,RESOLVED,2026-09-25T23:59:59-06:00,2026-09-26T08:00:00-06:00,2026-06-29T00:00:00-06:00,,2,Q-0021-V1,false,ACTIVE,,USD,VALID,CURRENT,coolit-synthetic-v2.0.0,CUST-007,PRG-007,ALL_SYNTHETIC_PRODUCTS,SYNTHETIC_INTERNAL,SNP-COOLIT-20260925-BL,SCN-BASELINE,Q-0022,QF-0011,OPP-0007,2,IN_REVIEW,2026-08-07,2026-09-06,,USD,APPROVED_WITH_EXCEPTION
TEN-COOLIT-SYN-001,SITE-COOLIT-SYN-01,CRM,QUOTE,Q-0023-V1,QF-0012,RESOLVED,2026-09-25T23:59:59-06:00,2026-09-26T08:00:00-06:00,2026-06-29T00:00:00-06:00,,1,,false,ACTIVE,,USD,VALID,CURRENT,coolit-synthetic-v2.0.0,CUST-008,PRG-008,ALL_SYNTHETIC_PRODUCTS,SYNTHETIC_INTERNAL,SNP-COOLIT-20260925-BL,SCN-BASELINE,Q-0023,QF-0012,OPP-0008,1,ISSUED,2026-08-11,2026-09-10,,USD,APPROVED
TEN-COOLIT-SYN-001,SITE-COOLIT-SYN-01,CRM,QUOTE,Q-0024-V2,QF-0012,RESOLVED,2026-09-25T23:59:59-06:00,2026-09-26T08:00:00-06:00,2026-06-29T00:00:00-06:00,,2,Q-0023-V1,false,ACTIVE,,USD,VALID,CURRENT,coolit-synthetic-v2.0.0,CUST-009,PRG-001,ALL_SYNTHETIC_PRODUCTS,SYNTHETIC_INTERNAL,SNP-COOLIT-20260925-BL,SCN-BASELINE,Q-0024,QF-0012,OPP-0009,2,IN_REVIEW,2026-08-15,2026-09-14,,USD,APPROVED
