tenant_id,site_id,source_system,source_object,source_record_id,canonical_id,crosswalk_status,source_event_at,ingested_at,effective_from,effective_to,record_version,supersedes_source_record_id,is_deleted,semantic_status,uom,currency,data_quality_state,freshness_state,transformation_version,customer_scope,program_scope,product_scope,sensitivity_class,snapshot_id,scenario_id,calibration_event_id,equipment_asset_id,calibration_date,due_date,standard_reference,as_found_result,as_left_result,adjustment_performed_flag,measurement_uncertainty_pct,affected_product_review_reference,release_state,approved_by_role
TEN-COOLIT-SYN-001,SITE-COOLIT-SYN-01,QMS,CALIBRATION_EVENT,CAL-01-01,EQ-001,RESOLVED,2024-10-15T14:00:00-06:00,2026-09-26T08:00:00-06:00,2026-06-29T00:00:00-06:00,,1,,false,ADJUSTED_AND_RELEASED,,,VALID,CURRENT,coolit-synthetic-v2.0.0,ALL_SYNTHETIC_CUSTOMERS,ALL_SYNTHETIC_PROGRAMS,ALL_SYNTHETIC_PRODUCTS,SYNTHETIC_INTERNAL,SNP-COOLIT-20260925-BL,SCN-BASELINE,CAL-01-01,EQ-001,2024-10-15,2025-01-13,NIST-TRACEABLE-SYN-01,OUT_OF_TOLERANCE,PASS,true,0.15,IMPACT-CAL-01-01,RELEASED,Metrology Lead
TEN-COOLIT-SYN-001,SITE-COOLIT-SYN-01,QMS,CALIBRATION_EVENT,CAL-01-02,EQ-001,RESOLVED,2025-01-13T14:00:00-06:00,2026-09-26T08:00:00-06:00,2026-06-29T00:00:00-06:00,,1,,false,PASS,,,VALID,CURRENT,coolit-synthetic-v2.0.0,ALL_SYNTHETIC_CUSTOMERS,ALL_SYNTHETIC_PROGRAMS,ALL_SYNTHETIC_PRODUCTS,SYNTHETIC_INTERNAL,SNP-COOLIT-20260925-BL,SCN-BASELINE,CAL-01-02,EQ-001,2025-01-13,2025-04-13,NIST-TRACEABLE-SYN-01,PASS,PASS,false,0.15,,RELEASED,Metrology Lead
TEN-COOLIT-SYN-001,SITE-COOLIT-SYN-01,QMS,CALIBRATION_EVENT,CAL-01-03,EQ-001,RESOLVED,2025-04-13T14:00:00-06:00,2026-09-26T08:00:00-06:00,2026-06-29T00:00:00-06:00,,1,,false,PASS,,,VALID,CURRENT,coolit-synthetic-v2.0.0,ALL_SYNTHETIC_CUSTOMERS,ALL_SYNTHETIC_PROGRAMS,ALL_SYNTHETIC_PRODUCTS,SYNTHETIC_INTERNAL,SNP-COOLIT-20260925-BL,SCN-BASELINE,CAL-01-03,EQ-001,2025-04-13,2025-07-12,NIST-TRACEABLE-SYN-01,PASS,PASS,false,0.15,,RELEASED,Metrology Lead
TEN-COOLIT-SYN-001,SITE-COOLIT-SYN-01,QMS,CALIBRATION_EVENT,CAL-01-04,EQ-001,RESOLVED,2025-07-12T14:00:00-06:00,2026-09-26T08:00:00-06:00,2026-06-29T00:00:00-06:00,,1,,false,PASS,,,VALID,CURRENT,coolit-synthetic-v2.0.0,ALL_SYNTHETIC_CUSTOMERS,ALL_SYNTHETIC_PROGRAMS,ALL_SYNTHETIC_PRODUCTS,SYNTHETIC_INTERNAL,SNP-COOLIT-20260925-BL,SCN-BASELINE,CAL-01-04,EQ-001,2025-07-12,2025-10-10,NIST-TRACEABLE-SYN-01,PASS,PASS,false,0.15,,RELEASED,Metrology Lead
TEN-COOLIT-SYN-001,SITE-COOLIT-SYN-01,QMS,CALIBRATION_EVENT,CAL-01-05,EQ-001,RESOLVED,2025-10-10T14:00:00-06:00,2026-09-26T08:00:00-06:00,2026-06-29T00:00:00-06:00,,1,,false,PASS,,,VALID,CURRENT,coolit-synthetic-v2.0.0,ALL_SYNTHETIC_CUSTOMERS,ALL_SYNTHETIC_PROGRAMS,ALL_SYNTHETIC_PRODUCTS,SYNTHETIC_INTERNAL,SNP-COOLIT-20260925-BL,SCN-BASELINE,CAL-01-05,EQ-001,2025-10-10,2026-01-08,NIST-TRACEABLE-SYN-01,PASS,PASS,false,0.15,,RELEASED,Metrology Lead
TEN-COOLIT-SYN-001,SITE-COOLIT-SYN-01,QMS,CALIBRATION_EVENT,CAL-01-06,EQ-001,RESOLVED,2026-01-08T14:00:00-06:00,2026-09-26T08:00:00-06:00,2026-06-29T00:00:00-06:00,,1,,false,PASS,,,VALID,CURRENT,coolit-synthetic-v2.0.0,ALL_SYNTHETIC_CUSTOMERS,ALL_SYNTHETIC_PROGRAMS,ALL_SYNTHETIC_PRODUCTS,SYNTHETIC_INTERNAL,SNP-COOLIT-20260925-BL,SCN-BASELINE,CAL-01-06,EQ-001,2026-01-08,2026-04-08,NIST-TRACEABLE-SYN-01,PASS,PASS,false,0.15,,RELEASED,Metrology Lead
TEN-COOLIT-SYN-001,SITE-COOLIT-SYN-01,QMS,CALIBRATION_EVENT,CAL-01-07,EQ-001,RESOLVED,2026-04-08T14:00:00-06:00,2026-09-26T08:00:00-06:00,2026-06-29T00:00:00-06:00,,1,,false,PASS,,,VALID,CURRENT,coolit-synthetic-v2.0.0,ALL_SYNTHETIC_CUSTOMERS,ALL_SYNTHETIC_PROGRAMS,ALL_SYNTHETIC_PRODUCTS,SYNTHETIC_INTERNAL,SNP-COOLIT-20260925-BL,SCN-BASELINE,CAL-01-07,EQ-001,2026-04-08,2026-07-07,NIST-TRACEABLE-SYN-01,PASS,PASS,false,0.15,,RELEASED,Metrology Lead
TEN-COOLIT-SYN-001,SITE-COOLIT-SYN-01,QMS,CALIBRATION_EVENT,CAL-01-08,EQ-001,RESOLVED,2026-07-07T14:00:00-06:00,2026-09-26T08:00:00-06:00,2026-06-29T00:00:00-06:00,,1,,false,PASS,,,VALID,CURRENT,coolit-synthetic-v2.0.0,ALL_SYNTHETIC_CUSTOMERS,ALL_SYNTHETIC_PROGRAMS,ALL_SYNTHETIC_PRODUCTS,SYNTHETIC_INTERNAL,SNP-COOLIT-20260925-BL,SCN-BASELINE,CAL-01-08,EQ-001,2026-07-07,2026-10-05,NIST-TRACEABLE-SYN-01,PASS,PASS,false,0.15,,RELEASED,Metrology Lead
TEN-COOLIT-SYN-001,SITE-COOLIT-SYN-01,QMS,CALIBRATION_EVENT,CAL-02-01,EQ-006,RESOLVED,2024-10-20T14:00:00-06:00,2026-09-26T08:00:00-06:00,2026-06-29T00:00:00-06:00,,1,,false,PASS,,,VALID,CURRENT,coolit-synthetic-v2.0.0,ALL_SYNTHETIC_CUSTOMERS,ALL_SYNTHETIC_PROGRAMS,ALL_SYNTHETIC_PRODUCTS,SYNTHETIC_INTERNAL,SNP-COOLIT-20260925-BL,SCN-BASELINE,CAL-02-01,EQ-006,2024-10-20,2025-01-18,NIST-TRACEABLE-SYN-02,PASS,PASS,false,0.2,,RELEASED,Metrology Lead
TEN-COOLIT-SYN-001,SITE-COOLIT-SYN-01,QMS,CALIBRATION_EVENT,CAL-02-02,EQ-006,RESOLVED,2025-01-18T14:00:00-06:00,2026-09-26T08:00:00-06:00,2026-06-29T00:00:00-06:00,,1,,false,PASS,,,VALID,CURRENT,coolit-synthetic-v2.0.0,ALL_SYNTHETIC_CUSTOMERS,ALL_SYNTHETIC_PROGRAMS,ALL_SYNTHETIC_PRODUCTS,SYNTHETIC_INTERNAL,SNP-COOLIT-20260925-BL,SCN-BASELINE,CAL-02-02,EQ-006,2025-01-18,2025-04-18,NIST-TRACEABLE-SYN-02,PASS,PASS,false,0.2,,RELEASED,Metrology Lead
TEN-COOLIT-SYN-001,SITE-COOLIT-SYN-01,QMS,CALIBRATION_EVENT,CAL-02-03,EQ-006,RESOLVED,2025-04-18T14:00:00-06:00,2026-09-26T08:00:00-06:00,2026-06-29T00:00:00-06:00,,1,,false,PASS,,,VALID,CURRENT,coolit-synthetic-v2.0.0,ALL_SYNTHETIC_CUSTOMERS,ALL_SYNTHETIC_PROGRAMS,ALL_SYNTHETIC_PRODUCTS,SYNTHETIC_INTERNAL,SNP-COOLIT-20260925-BL,SCN-BASELINE,CAL-02-03,EQ-006,2025-04-18,2025-07-17,NIST-TRACEABLE-SYN-02,PASS,PASS,false,0.2,,RELEASED,Metrology Lead
TEN-COOLIT-SYN-001,SITE-COOLIT-SYN-01,QMS,CALIBRATION_EVENT,CAL-02-04,EQ-006,RESOLVED,2025-07-17T14:00:00-06:00,2026-09-26T08:00:00-06:00,2026-06-29T00:00:00-06:00,,1,,false,PASS,,,VALID,CURRENT,coolit-synthetic-v2.0.0,ALL_SYNTHETIC_CUSTOMERS,ALL_SYNTHETIC_PROGRAMS,ALL_SYNTHETIC_PRODUCTS,SYNTHETIC_INTERNAL,SNP-COOLIT-20260925-BL,SCN-BASELINE,CAL-02-04,EQ-006,2025-07-17,2025-10-15,NIST-TRACEABLE-SYN-02,PASS,PASS,false,0.2,,RELEASED,Metrology Lead
TEN-COOLIT-SYN-001,SITE-COOLIT-SYN-01,QMS,CALIBRATION_EVENT,CAL-02-05,EQ-006,RESOLVED,2025-10-15T14:00:00-06:00,2026-09-26T08:00:00-06:00,2026-06-29T00:00:00-06:00,,1,,false,PASS,,,VALID,CURRENT,coolit-synthetic-v2.0.0,ALL_SYNTHETIC_CUSTOMERS,ALL_SYNTHETIC_PROGRAMS,ALL_SYNTHETIC_PRODUCTS,SYNTHETIC_INTERNAL,SNP-COOLIT-20260925-BL,SCN-BASELINE,CAL-02-05,EQ-006,2025-10-15,2026-01-13,NIST-TRACEABLE-SYN-02,PASS,PASS,false,0.2,,RELEASED,Metrology Lead
TEN-COOLIT-SYN-001,SITE-COOLIT-SYN-01,QMS,CALIBRATION_EVENT,CAL-02-06,EQ-006,RESOLVED,2026-01-13T14:00:00-06:00,2026-09-26T08:00:00-06:00,2026-06-29T00:00:00-06:00,,1,,false,PASS,,,VALID,CURRENT,coolit-synthetic-v2.0.0,ALL_SYNTHETIC_CUSTOMERS,ALL_SYNTHETIC_PROGRAMS,ALL_SYNTHETIC_PRODUCTS,SYNTHETIC_INTERNAL,SNP-COOLIT-20260925-BL,SCN-BASELINE,CAL-02-06,EQ-006,2026-01-13,2026-04-13,NIST-TRACEABLE-SYN-02,PASS,PASS,false,0.2,,RELEASED,Metrology Lead
TEN-COOLIT-SYN-001,SITE-COOLIT-SYN-01,QMS,CALIBRATION_EVENT,CAL-02-07,EQ-006,RESOLVED,2026-04-13T14:00:00-06:00,2026-09-26T08:00:00-06:00,2026-06-29T00:00:00-06:00,,1,,false,PASS,,,VALID,CURRENT,coolit-synthetic-v2.0.0,ALL_SYNTHETIC_CUSTOMERS,ALL_SYNTHETIC_PROGRAMS,ALL_SYNTHETIC_PRODUCTS,SYNTHETIC_INTERNAL,SNP-COOLIT-20260925-BL,SCN-BASELINE,CAL-02-07,EQ-006,2026-04-13,2026-07-12,NIST-TRACEABLE-SYN-02,PASS,PASS,false,0.2,,RELEASED,Metrology Lead
TEN-COOLIT-SYN-001,SITE-COOLIT-SYN-01,QMS,CALIBRATION_EVENT,CAL-02-08,EQ-006,RESOLVED,2026-07-12T14:00:00-06:00,2026-09-26T08:00:00-06:00,2026-06-29T00:00:00-06:00,,1,,false,PASS,,,VALID,CURRENT,coolit-synthetic-v2.0.0,ALL_SYNTHETIC_CUSTOMERS,ALL_SYNTHETIC_PROGRAMS,ALL_SYNTHETIC_PRODUCTS,SYNTHETIC_INTERNAL,SNP-COOLIT-20260925-BL,SCN-BASELINE,CAL-02-08,EQ-006,2026-07-12,2026-10-10,NIST-TRACEABLE-SYN-02,PASS,PASS,false,0.2,,RELEASED,Metrology Lead
TEN-COOLIT-SYN-001,SITE-COOLIT-SYN-01,QMS,CALIBRATION_EVENT,CAL-03-01,EQ-011,RESOLVED,2024-10-25T14:00:00-06:00,2026-09-26T08:00:00-06:00,2026-06-29T00:00:00-06:00,,1,,false,PASS,,,VALID,CURRENT,coolit-synthetic-v2.0.0,ALL_SYNTHETIC_CUSTOMERS,ALL_SYNTHETIC_PROGRAMS,ALL_SYNTHETIC_PRODUCTS,SYNTHETIC_INTERNAL,SNP-COOLIT-20260925-BL,SCN-BASELINE,CAL-03-01,EQ-011,2024-10-25,2025-01-23,NIST-TRACEABLE-SYN-03,PASS,PASS,false,0.25,,RELEASED,Metrology Lead
TEN-COOLIT-SYN-001,SITE-COOLIT-SYN-01,QMS,CALIBRATION_EVENT,CAL-03-02,EQ-011,RESOLVED,2025-01-23T14:00:00-06:00,2026-09-26T08:00:00-06:00,2026-06-29T00:00:00-06:00,,1,,false,PASS,,,VALID,CURRENT,coolit-synthetic-v2.0.0,ALL_SYNTHETIC_CUSTOMERS,ALL_SYNTHETIC_PROGRAMS,ALL_SYNTHETIC_PRODUCTS,SYNTHETIC_INTERNAL,SNP-COOLIT-20260925-BL,SCN-BASELINE,CAL-03-02,EQ-011,2025-01-23,2025-04-23,NIST-TRACEABLE-SYN-03,PASS,PASS,false,0.25,,RELEASED,Metrology Lead
TEN-COOLIT-SYN-001,SITE-COOLIT-SYN-01,QMS,CALIBRATION_EVENT,CAL-03-03,EQ-011,RESOLVED,2025-04-23T14:00:00-06:00,2026-09-26T08:00:00-06:00,2026-06-29T00:00:00-06:00,,1,,false,PASS,,,VALID,CURRENT,coolit-synthetic-v2.0.0,ALL_SYNTHETIC_CUSTOMERS,ALL_SYNTHETIC_PROGRAMS,ALL_SYNTHETIC_PRODUCTS,SYNTHETIC_INTERNAL,SNP-COOLIT-20260925-BL,SCN-BASELINE,CAL-03-03,EQ-011,2025-04-23,2025-07-22,NIST-TRACEABLE-SYN-03,PASS,PASS,false,0.25,,RELEASED,Metrology Lead
TEN-COOLIT-SYN-001,SITE-COOLIT-SYN-01,QMS,CALIBRATION_EVENT,CAL-03-04,EQ-011,RESOLVED,2025-07-22T14:00:00-06:00,2026-09-26T08:00:00-06:00,2026-06-29T00:00:00-06:00,,1,,false,PASS,,,VALID,CURRENT,coolit-synthetic-v2.0.0,ALL_SYNTHETIC_CUSTOMERS,ALL_SYNTHETIC_PROGRAMS,ALL_SYNTHETIC_PRODUCTS,SYNTHETIC_INTERNAL,SNP-COOLIT-20260925-BL,SCN-BASELINE,CAL-03-04,EQ-011,2025-07-22,2025-10-20,NIST-TRACEABLE-SYN-03,PASS,PASS,false,0.25,,RELEASED,Metrology Lead
TEN-COOLIT-SYN-001,SITE-COOLIT-SYN-01,QMS,CALIBRATION_EVENT,CAL-03-05,EQ-011,RESOLVED,2025-10-20T14:00:00-06:00,2026-09-26T08:00:00-06:00,2026-06-29T00:00:00-06:00,,1,,false,PASS,,,VALID,CURRENT,coolit-synthetic-v2.0.0,ALL_SYNTHETIC_CUSTOMERS,ALL_SYNTHETIC_PROGRAMS,ALL_SYNTHETIC_PRODUCTS,SYNTHETIC_INTERNAL,SNP-COOLIT-20260925-BL,SCN-BASELINE,CAL-03-05,EQ-011,2025-10-20,2026-01-18,NIST-TRACEABLE-SYN-03,PASS,PASS,false,0.25,,RELEASED,Metrology Lead
TEN-COOLIT-SYN-001,SITE-COOLIT-SYN-01,QMS,CALIBRATION_EVENT,CAL-03-06,EQ-011,RESOLVED,2026-01-18T14:00:00-06:00,2026-09-26T08:00:00-06:00,2026-06-29T00:00:00-06:00,,1,,false,PASS,,,VALID,CURRENT,coolit-synthetic-v2.0.0,ALL_SYNTHETIC_CUSTOMERS,ALL_SYNTHETIC_PROGRAMS,ALL_SYNTHETIC_PRODUCTS,SYNTHETIC_INTERNAL,SNP-COOLIT-20260925-BL,SCN-BASELINE,CAL-03-06,EQ-011,2026-01-18,2026-04-18,NIST-TRACEABLE-SYN-03,PASS,PASS,false,0.25,,RELEASED,Metrology Lead
TEN-COOLIT-SYN-001,SITE-COOLIT-SYN-01,QMS,CALIBRATION_EVENT,CAL-03-07,EQ-011,RESOLVED,2026-04-18T14:00:00-06:00,2026-09-26T08:00:00-06:00,2026-06-29T00:00:00-06:00,,1,,false,PASS,,,VALID,CURRENT,coolit-synthetic-v2.0.0,ALL_SYNTHETIC_CUSTOMERS,ALL_SYNTHETIC_PROGRAMS,ALL_SYNTHETIC_PRODUCTS,SYNTHETIC_INTERNAL,SNP-COOLIT-20260925-BL,SCN-BASELINE,CAL-03-07,EQ-011,2026-04-18,2026-07-17,NIST-TRACEABLE-SYN-03,PASS,PASS,false,0.25,,RELEASED,Metrology Lead
TEN-COOLIT-SYN-001,SITE-COOLIT-SYN-01,QMS,CALIBRATION_EVENT,CAL-03-08,EQ-011,RESOLVED,2026-07-17T14:00:00-06:00,2026-09-26T08:00:00-06:00,2026-06-29T00:00:00-06:00,,1,,false,PASS,,,VALID,CURRENT,coolit-synthetic-v2.0.0,ALL_SYNTHETIC_CUSTOMERS,ALL_SYNTHETIC_PROGRAMS,ALL_SYNTHETIC_PRODUCTS,SYNTHETIC_INTERNAL,SNP-COOLIT-20260925-BL,SCN-BASELINE,CAL-03-08,EQ-011,2026-07-17,2026-10-15,NIST-TRACEABLE-SYN-03,PASS,PASS,false,0.25,,RELEASED,Metrology Lead
TEN-COOLIT-SYN-001,SITE-COOLIT-SYN-01,QMS,CALIBRATION_EVENT,CAL-04-01,EQ-013,RESOLVED,2024-10-30T14:00:00-06:00,2026-09-26T08:00:00-06:00,2026-06-29T00:00:00-06:00,,1,,false,PASS,,,VALID,CURRENT,coolit-synthetic-v2.0.0,ALL_SYNTHETIC_CUSTOMERS,ALL_SYNTHETIC_PROGRAMS,ALL_SYNTHETIC_PRODUCTS,SYNTHETIC_INTERNAL,SNP-COOLIT-20260925-BL,SCN-BASELINE,CAL-04-01,EQ-013,2024-10-30,2025-01-28,NIST-TRACEABLE-SYN-04,PASS,PASS,false,0.3,,RELEASED,Metrology Lead
TEN-COOLIT-SYN-001,SITE-COOLIT-SYN-01,QMS,CALIBRATION_EVENT,CAL-04-02,EQ-013,RESOLVED,2025-01-28T14:00:00-06:00,2026-09-26T08:00:00-06:00,2026-06-29T00:00:00-06:00,,1,,false,PASS,,,VALID,CURRENT,coolit-synthetic-v2.0.0,ALL_SYNTHETIC_CUSTOMERS,ALL_SYNTHETIC_PROGRAMS,ALL_SYNTHETIC_PRODUCTS,SYNTHETIC_INTERNAL,SNP-COOLIT-20260925-BL,SCN-BASELINE,CAL-04-02,EQ-013,2025-01-28,2025-04-28,NIST-TRACEABLE-SYN-04,PASS,PASS,false,0.3,,RELEASED,Metrology Lead
TEN-COOLIT-SYN-001,SITE-COOLIT-SYN-01,QMS,CALIBRATION_EVENT,CAL-04-03,EQ-013,RESOLVED,2025-04-28T14:00:00-06:00,2026-09-26T08:00:00-06:00,2026-06-29T00:00:00-06:00,,1,,false,PASS,,,VALID,CURRENT,coolit-synthetic-v2.0.0,ALL_SYNTHETIC_CUSTOMERS,ALL_SYNTHETIC_PROGRAMS,ALL_SYNTHETIC_PRODUCTS,SYNTHETIC_INTERNAL,SNP-COOLIT-20260925-BL,SCN-BASELINE,CAL-04-03,EQ-013,2025-04-28,2025-07-27,NIST-TRACEABLE-SYN-04,PASS,PASS,false,0.3,,RELEASED,Metrology Lead
TEN-COOLIT-SYN-001,SITE-COOLIT-SYN-01,QMS,CALIBRATION_EVENT,CAL-04-04,EQ-013,RESOLVED,2025-07-27T14:00:00-06:00,2026-09-26T08:00:00-06:00,2026-06-29T00:00:00-06:00,,1,,false,PASS,,,VALID,CURRENT,coolit-synthetic-v2.0.0,ALL_SYNTHETIC_CUSTOMERS,ALL_SYNTHETIC_PROGRAMS,ALL_SYNTHETIC_PRODUCTS,SYNTHETIC_INTERNAL,SNP-COOLIT-20260925-BL,SCN-BASELINE,CAL-04-04,EQ-013,2025-07-27,2025-10-25,NIST-TRACEABLE-SYN-04,PASS,PASS,false,0.3,,RELEASED,Metrology Lead
TEN-COOLIT-SYN-001,SITE-COOLIT-SYN-01,QMS,CALIBRATION_EVENT,CAL-04-05,EQ-013,RESOLVED,2025-10-25T14:00:00-06:00,2026-09-26T08:00:00-06:00,2026-06-29T00:00:00-06:00,,1,,false,PASS,,,VALID,CURRENT,coolit-synthetic-v2.0.0,ALL_SYNTHETIC_CUSTOMERS,ALL_SYNTHETIC_PROGRAMS,ALL_SYNTHETIC_PRODUCTS,SYNTHETIC_INTERNAL,SNP-COOLIT-20260925-BL,SCN-BASELINE,CAL-04-05,EQ-013,2025-10-25,2026-01-23,NIST-TRACEABLE-SYN-04,PASS,PASS,false,0.3,,RELEASED,Metrology Lead
TEN-COOLIT-SYN-001,SITE-COOLIT-SYN-01,QMS,CALIBRATION_EVENT,CAL-04-06,EQ-013,RESOLVED,2026-01-23T14:00:00-06:00,2026-09-26T08:00:00-06:00,2026-06-29T00:00:00-06:00,,1,,false,PASS,,,VALID,CURRENT,coolit-synthetic-v2.0.0,ALL_SYNTHETIC_CUSTOMERS,ALL_SYNTHETIC_PROGRAMS,ALL_SYNTHETIC_PRODUCTS,SYNTHETIC_INTERNAL,SNP-COOLIT-20260925-BL,SCN-BASELINE,CAL-04-06,EQ-013,2026-01-23,2026-04-23,NIST-TRACEABLE-SYN-04,PASS,PASS,false,0.3,,RELEASED,Metrology Lead
TEN-COOLIT-SYN-001,SITE-COOLIT-SYN-01,QMS,CALIBRATION_EVENT,CAL-04-07,EQ-013,RESOLVED,2026-04-23T14:00:00-06:00,2026-09-26T08:00:00-06:00,2026-06-29T00:00:00-06:00,,1,,false,PASS,,,VALID,CURRENT,coolit-synthetic-v2.0.0,ALL_SYNTHETIC_CUSTOMERS,ALL_SYNTHETIC_PROGRAMS,ALL_SYNTHETIC_PRODUCTS,SYNTHETIC_INTERNAL,SNP-COOLIT-20260925-BL,SCN-BASELINE,CAL-04-07,EQ-013,2026-04-23,2026-07-22,NIST-TRACEABLE-SYN-04,PASS,PASS,false,0.3,,RELEASED,Metrology Lead
TEN-COOLIT-SYN-001,SITE-COOLIT-SYN-01,QMS,CALIBRATION_EVENT,CAL-04-08,EQ-013,RESOLVED,2026-07-22T14:00:00-06:00,2026-09-26T08:00:00-06:00,2026-06-29T00:00:00-06:00,,1,,false,PASS,,,VALID,CURRENT,coolit-synthetic-v2.0.0,ALL_SYNTHETIC_CUSTOMERS,ALL_SYNTHETIC_PROGRAMS,ALL_SYNTHETIC_PRODUCTS,SYNTHETIC_INTERNAL,SNP-COOLIT-20260925-BL,SCN-BASELINE,CAL-04-08,EQ-013,2026-07-22,2026-10-20,NIST-TRACEABLE-SYN-04,PASS,PASS,false,0.3,,RELEASED,Metrology Lead
TEN-COOLIT-SYN-001,SITE-COOLIT-SYN-01,QMS,CALIBRATION_EVENT,CAL-05-01,EQ-014,RESOLVED,2024-11-04T14:00:00-06:00,2026-09-26T08:00:00-06:00,2026-06-29T00:00:00-06:00,,1,,false,PASS,,,VALID,CURRENT,coolit-synthetic-v2.0.0,ALL_SYNTHETIC_CUSTOMERS,ALL_SYNTHETIC_PROGRAMS,ALL_SYNTHETIC_PRODUCTS,SYNTHETIC_INTERNAL,SNP-COOLIT-20260925-BL,SCN-BASELINE,CAL-05-01,EQ-014,2024-11-04,2025-02-02,NIST-TRACEABLE-SYN-01,PASS,PASS,false,0.35,,RELEASED,Metrology Lead
TEN-COOLIT-SYN-001,SITE-COOLIT-SYN-01,QMS,CALIBRATION_EVENT,CAL-05-02,EQ-014,RESOLVED,2025-02-02T14:00:00-06:00,2026-09-26T08:00:00-06:00,2026-06-29T00:00:00-06:00,,1,,false,PASS,,,VALID,CURRENT,coolit-synthetic-v2.0.0,ALL_SYNTHETIC_CUSTOMERS,ALL_SYNTHETIC_PROGRAMS,ALL_SYNTHETIC_PRODUCTS,SYNTHETIC_INTERNAL,SNP-COOLIT-20260925-BL,SCN-BASELINE,CAL-05-02,EQ-014,2025-02-02,2025-05-03,NIST-TRACEABLE-SYN-01,PASS,PASS,false,0.35,,RELEASED,Metrology Lead
TEN-COOLIT-SYN-001,SITE-COOLIT-SYN-01,QMS,CALIBRATION_EVENT,CAL-05-03,EQ-014,RESOLVED,2025-05-03T14:00:00-06:00,2026-09-26T08:00:00-06:00,2026-06-29T00:00:00-06:00,,1,,false,PASS,,,VALID,CURRENT,coolit-synthetic-v2.0.0,ALL_SYNTHETIC_CUSTOMERS,ALL_SYNTHETIC_PROGRAMS,ALL_SYNTHETIC_PRODUCTS,SYNTHETIC_INTERNAL,SNP-COOLIT-20260925-BL,SCN-BASELINE,CAL-05-03,EQ-014,2025-05-03,2025-08-01,NIST-TRACEABLE-SYN-01,PASS,PASS,false,0.35,,RELEASED,Metrology Lead
TEN-COOLIT-SYN-001,SITE-COOLIT-SYN-01,QMS,CALIBRATION_EVENT,CAL-05-04,EQ-014,RESOLVED,2025-08-01T14:00:00-06:00,2026-09-26T08:00:00-06:00,2026-06-29T00:00:00-06:00,,1,,false,PASS,,,VALID,CURRENT,coolit-synthetic-v2.0.0,ALL_SYNTHETIC_CUSTOMERS,ALL_SYNTHETIC_PROGRAMS,ALL_SYNTHETIC_PRODUCTS,SYNTHETIC_INTERNAL,SNP-COOLIT-20260925-BL,SCN-BASELINE,CAL-05-04,EQ-014,2025-08-01,2025-10-30,NIST-TRACEABLE-SYN-01,PASS,PASS,false,0.35,,RELEASED,Metrology Lead
TEN-COOLIT-SYN-001,SITE-COOLIT-SYN-01,QMS,CALIBRATION_EVENT,CAL-05-05,EQ-014,RESOLVED,2025-10-30T14:00:00-06:00,2026-09-26T08:00:00-06:00,2026-06-29T00:00:00-06:00,,1,,false,PASS,,,VALID,CURRENT,coolit-synthetic-v2.0.0,ALL_SYNTHETIC_CUSTOMERS,ALL_SYNTHETIC_PROGRAMS,ALL_SYNTHETIC_PRODUCTS,SYNTHETIC_INTERNAL,SNP-COOLIT-20260925-BL,SCN-BASELINE,CAL-05-05,EQ-014,2025-10-30,2026-01-28,NIST-TRACEABLE-SYN-01,PASS,PASS,false,0.35,,RELEASED,Metrology Lead
TEN-COOLIT-SYN-001,SITE-COOLIT-SYN-01,QMS,CALIBRATION_EVENT,CAL-05-06,EQ-014,RESOLVED,2026-01-28T14:00:00-06:00,2026-09-26T08:00:00-06:00,2026-06-29T00:00:00-06:00,,1,,false,PASS,,,VALID,CURRENT,coolit-synthetic-v2.0.0,ALL_SYNTHETIC_CUSTOMERS,ALL_SYNTHETIC_PROGRAMS,ALL_SYNTHETIC_PRODUCTS,SYNTHETIC_INTERNAL,SNP-COOLIT-20260925-BL,SCN-BASELINE,CAL-05-06,EQ-014,2026-01-28,2026-04-28,NIST-TRACEABLE-SYN-01,PASS,PASS,false,0.35,,RELEASED,Metrology Lead
TEN-COOLIT-SYN-001,SITE-COOLIT-SYN-01,QMS,CALIBRATION_EVENT,CAL-05-07,EQ-014,RESOLVED,2026-04-28T14:00:00-06:00,2026-09-26T08:00:00-06:00,2026-06-29T00:00:00-06:00,,1,,false,PASS,,,VALID,CURRENT,coolit-synthetic-v2.0.0,ALL_SYNTHETIC_CUSTOMERS,ALL_SYNTHETIC_PROGRAMS,ALL_SYNTHETIC_PRODUCTS,SYNTHETIC_INTERNAL,SNP-COOLIT-20260925-BL,SCN-BASELINE,CAL-05-07,EQ-014,2026-04-28,2026-07-27,NIST-TRACEABLE-SYN-01,PASS,PASS,false,0.35,,RELEASED,Metrology Lead
TEN-COOLIT-SYN-001,SITE-COOLIT-SYN-01,QMS,CALIBRATION_EVENT,CAL-05-08,EQ-014,RESOLVED,2026-07-27T14:00:00-06:00,2026-09-26T08:00:00-06:00,2026-06-29T00:00:00-06:00,,1,,false,PASS,,,VALID,CURRENT,coolit-synthetic-v2.0.0,ALL_SYNTHETIC_CUSTOMERS,ALL_SYNTHETIC_PROGRAMS,ALL_SYNTHETIC_PRODUCTS,SYNTHETIC_INTERNAL,SNP-COOLIT-20260925-BL,SCN-BASELINE,CAL-05-08,EQ-014,2026-07-27,2026-10-25,NIST-TRACEABLE-SYN-01,PASS,PASS,false,0.35,,RELEASED,Metrology Lead
TEN-COOLIT-SYN-001,SITE-COOLIT-SYN-01,QMS,CALIBRATION_EVENT,CAL-06-01,EQ-015,RESOLVED,2024-11-09T14:00:00-06:00,2026-09-26T08:00:00-06:00,2026-06-29T00:00:00-06:00,,1,,false,PASS,,,VALID,CURRENT,coolit-synthetic-v2.0.0,ALL_SYNTHETIC_CUSTOMERS,ALL_SYNTHETIC_PROGRAMS,ALL_SYNTHETIC_PRODUCTS,SYNTHETIC_INTERNAL,SNP-COOLIT-20260925-BL,SCN-BASELINE,CAL-06-01,EQ-015,2024-11-09,2025-02-07,NIST-TRACEABLE-SYN-02,PASS,PASS,false,0.15,,RELEASED,Metrology Lead
TEN-COOLIT-SYN-001,SITE-COOLIT-SYN-01,QMS,CALIBRATION_EVENT,CAL-06-02,EQ-015,RESOLVED,2025-02-07T14:00:00-06:00,2026-09-26T08:00:00-06:00,2026-06-29T00:00:00-06:00,,1,,false,PASS,,,VALID,CURRENT,coolit-synthetic-v2.0.0,ALL_SYNTHETIC_CUSTOMERS,ALL_SYNTHETIC_PROGRAMS,ALL_SYNTHETIC_PRODUCTS,SYNTHETIC_INTERNAL,SNP-COOLIT-20260925-BL,SCN-BASELINE,CAL-06-02,EQ-015,2025-02-07,2025-05-08,NIST-TRACEABLE-SYN-02,PASS,PASS,false,0.15,,RELEASED,Metrology Lead
TEN-COOLIT-SYN-001,SITE-COOLIT-SYN-01,QMS,CALIBRATION_EVENT,CAL-06-03,EQ-015,RESOLVED,2025-05-08T14:00:00-06:00,2026-09-26T08:00:00-06:00,2026-06-29T00:00:00-06:00,,1,,false,PASS,,,VALID,CURRENT,coolit-synthetic-v2.0.0,ALL_SYNTHETIC_CUSTOMERS,ALL_SYNTHETIC_PROGRAMS,ALL_SYNTHETIC_PRODUCTS,SYNTHETIC_INTERNAL,SNP-COOLIT-20260925-BL,SCN-BASELINE,CAL-06-03,EQ-015,2025-05-08,2025-08-06,NIST-TRACEABLE-SYN-02,PASS,PASS,false,0.15,,RELEASED,Metrology Lead
TEN-COOLIT-SYN-001,SITE-COOLIT-SYN-01,QMS,CALIBRATION_EVENT,CAL-06-04,EQ-015,RESOLVED,2025-08-06T14:00:00-06:00,2026-09-26T08:00:00-06:00,2026-06-29T00:00:00-06:00,,1,,false,PASS,,,VALID,CURRENT,coolit-synthetic-v2.0.0,ALL_SYNTHETIC_CUSTOMERS,ALL_SYNTHETIC_PROGRAMS,ALL_SYNTHETIC_PRODUCTS,SYNTHETIC_INTERNAL,SNP-COOLIT-20260925-BL,SCN-BASELINE,CAL-06-04,EQ-015,2025-08-06,2025-11-04,NIST-TRACEABLE-SYN-02,PASS,PASS,false,0.15,,RELEASED,Metrology Lead
TEN-COOLIT-SYN-001,SITE-COOLIT-SYN-01,QMS,CALIBRATION_EVENT,CAL-06-05,EQ-015,RESOLVED,2025-11-04T14:00:00-06:00,2026-09-26T08:00:00-06:00,2026-06-29T00:00:00-06:00,,1,,false,PASS,,,VALID,CURRENT,coolit-synthetic-v2.0.0,ALL_SYNTHETIC_CUSTOMERS,ALL_SYNTHETIC_PROGRAMS,ALL_SYNTHETIC_PRODUCTS,SYNTHETIC_INTERNAL,SNP-COOLIT-20260925-BL,SCN-BASELINE,CAL-06-05,EQ-015,2025-11-04,2026-02-02,NIST-TRACEABLE-SYN-02,PASS,PASS,false,0.15,,RELEASED,Metrology Lead
TEN-COOLIT-SYN-001,SITE-COOLIT-SYN-01,QMS,CALIBRATION_EVENT,CAL-06-06,EQ-015,RESOLVED,2026-02-02T14:00:00-06:00,2026-09-26T08:00:00-06:00,2026-06-29T00:00:00-06:00,,1,,false,PASS,,,VALID,CURRENT,coolit-synthetic-v2.0.0,ALL_SYNTHETIC_CUSTOMERS,ALL_SYNTHETIC_PROGRAMS,ALL_SYNTHETIC_PRODUCTS,SYNTHETIC_INTERNAL,SNP-COOLIT-20260925-BL,SCN-BASELINE,CAL-06-06,EQ-015,2026-02-02,2026-05-03,NIST-TRACEABLE-SYN-02,PASS,PASS,false,0.15,,RELEASED,Metrology Lead
TEN-COOLIT-SYN-001,SITE-COOLIT-SYN-01,QMS,CALIBRATION_EVENT,CAL-06-07,EQ-015,RESOLVED,2026-05-03T14:00:00-06:00,2026-09-26T08:00:00-06:00,2026-06-29T00:00:00-06:00,,1,,false,PASS,,,VALID,CURRENT,coolit-synthetic-v2.0.0,ALL_SYNTHETIC_CUSTOMERS,ALL_SYNTHETIC_PROGRAMS,ALL_SYNTHETIC_PRODUCTS,SYNTHETIC_INTERNAL,SNP-COOLIT-20260925-BL,SCN-BASELINE,CAL-06-07,EQ-015,2026-05-03,2026-08-01,NIST-TRACEABLE-SYN-02,PASS,PASS,false,0.15,,RELEASED,Metrology Lead
TEN-COOLIT-SYN-001,SITE-COOLIT-SYN-01,QMS,CALIBRATION_EVENT,CAL-06-08,EQ-015,RESOLVED,2026-08-01T14:00:00-06:00,2026-09-26T08:00:00-06:00,2026-06-29T00:00:00-06:00,,1,,false,PASS,,,VALID,CURRENT,coolit-synthetic-v2.0.0,ALL_SYNTHETIC_CUSTOMERS,ALL_SYNTHETIC_PROGRAMS,ALL_SYNTHETIC_PRODUCTS,SYNTHETIC_INTERNAL,SNP-COOLIT-20260925-BL,SCN-BASELINE,CAL-06-08,EQ-015,2026-08-01,2026-10-30,NIST-TRACEABLE-SYN-02,PASS,PASS,false,0.15,,RELEASED,Metrology Lead
TEN-COOLIT-SYN-001,SITE-COOLIT-SYN-01,QMS,CALIBRATION_EVENT,CAL-07-01,EQ-016,RESOLVED,2024-11-14T14:00:00-06:00,2026-09-26T08:00:00-06:00,2026-06-29T00:00:00-06:00,,1,,false,PASS,,,VALID,CURRENT,coolit-synthetic-v2.0.0,ALL_SYNTHETIC_CUSTOMERS,ALL_SYNTHETIC_PROGRAMS,ALL_SYNTHETIC_PRODUCTS,SYNTHETIC_INTERNAL,SNP-COOLIT-20260925-BL,SCN-BASELINE,CAL-07-01,EQ-016,2024-11-14,2025-02-12,NIST-TRACEABLE-SYN-03,PASS,PASS,false,0.2,,RELEASED,Metrology Lead
TEN-COOLIT-SYN-001,SITE-COOLIT-SYN-01,QMS,CALIBRATION_EVENT,CAL-07-02,EQ-016,RESOLVED,2025-02-12T14:00:00-06:00,2026-09-26T08:00:00-06:00,2026-06-29T00:00:00-06:00,,1,,false,PASS,,,VALID,CURRENT,coolit-synthetic-v2.0.0,ALL_SYNTHETIC_CUSTOMERS,ALL_SYNTHETIC_PROGRAMS,ALL_SYNTHETIC_PRODUCTS,SYNTHETIC_INTERNAL,SNP-COOLIT-20260925-BL,SCN-BASELINE,CAL-07-02,EQ-016,2025-02-12,2025-05-13,NIST-TRACEABLE-SYN-03,PASS,PASS,false,0.2,,RELEASED,Metrology Lead
TEN-COOLIT-SYN-001,SITE-COOLIT-SYN-01,QMS,CALIBRATION_EVENT,CAL-07-03,EQ-016,RESOLVED,2025-05-13T14:00:00-06:00,2026-09-26T08:00:00-06:00,2026-06-29T00:00:00-06:00,,1,,false,PASS,,,VALID,CURRENT,coolit-synthetic-v2.0.0,ALL_SYNTHETIC_CUSTOMERS,ALL_SYNTHETIC_PROGRAMS,ALL_SYNTHETIC_PRODUCTS,SYNTHETIC_INTERNAL,SNP-COOLIT-20260925-BL,SCN-BASELINE,CAL-07-03,EQ-016,2025-05-13,2025-08-11,NIST-TRACEABLE-SYN-03,PASS,PASS,false,0.2,,RELEASED,Metrology Lead
TEN-COOLIT-SYN-001,SITE-COOLIT-SYN-01,QMS,CALIBRATION_EVENT,CAL-07-04,EQ-016,RESOLVED,2025-08-11T14:00:00-06:00,2026-09-26T08:00:00-06:00,2026-06-29T00:00:00-06:00,,1,,false,PASS,,,VALID,CURRENT,coolit-synthetic-v2.0.0,ALL_SYNTHETIC_CUSTOMERS,ALL_SYNTHETIC_PROGRAMS,ALL_SYNTHETIC_PRODUCTS,SYNTHETIC_INTERNAL,SNP-COOLIT-20260925-BL,SCN-BASELINE,CAL-07-04,EQ-016,2025-08-11,2025-11-09,NIST-TRACEABLE-SYN-03,PASS,PASS,false,0.2,,RELEASED,Metrology Lead
TEN-COOLIT-SYN-001,SITE-COOLIT-SYN-01,QMS,CALIBRATION_EVENT,CAL-07-05,EQ-016,RESOLVED,2025-11-09T14:00:00-06:00,2026-09-26T08:00:00-06:00,2026-06-29T00:00:00-06:00,,1,,false,PASS,,,VALID,CURRENT,coolit-synthetic-v2.0.0,ALL_SYNTHETIC_CUSTOMERS,ALL_SYNTHETIC_PROGRAMS,ALL_SYNTHETIC_PRODUCTS,SYNTHETIC_INTERNAL,SNP-COOLIT-20260925-BL,SCN-BASELINE,CAL-07-05,EQ-016,2025-11-09,2026-02-07,NIST-TRACEABLE-SYN-03,PASS,PASS,false,0.2,,RELEASED,Metrology Lead
TEN-COOLIT-SYN-001,SITE-COOLIT-SYN-01,QMS,CALIBRATION_EVENT,CAL-07-06,EQ-016,RESOLVED,2026-02-07T14:00:00-06:00,2026-09-26T08:00:00-06:00,2026-06-29T00:00:00-06:00,,1,,false,PASS,,,VALID,CURRENT,coolit-synthetic-v2.0.0,ALL_SYNTHETIC_CUSTOMERS,ALL_SYNTHETIC_PROGRAMS,ALL_SYNTHETIC_PRODUCTS,SYNTHETIC_INTERNAL,SNP-COOLIT-20260925-BL,SCN-BASELINE,CAL-07-06,EQ-016,2026-02-07,2026-05-08,NIST-TRACEABLE-SYN-03,PASS,PASS,false,0.2,,RELEASED,Metrology Lead
TEN-COOLIT-SYN-001,SITE-COOLIT-SYN-01,QMS,CALIBRATION_EVENT,CAL-07-07,EQ-016,RESOLVED,2026-05-08T14:00:00-06:00,2026-09-26T08:00:00-06:00,2026-06-29T00:00:00-06:00,,1,,false,PASS,,,VALID,CURRENT,coolit-synthetic-v2.0.0,ALL_SYNTHETIC_CUSTOMERS,ALL_SYNTHETIC_PROGRAMS,ALL_SYNTHETIC_PRODUCTS,SYNTHETIC_INTERNAL,SNP-COOLIT-20260925-BL,SCN-BASELINE,CAL-07-07,EQ-016,2026-05-08,2026-08-06,NIST-TRACEABLE-SYN-03,PASS,PASS,false,0.2,,RELEASED,Metrology Lead
TEN-COOLIT-SYN-001,SITE-COOLIT-SYN-01,QMS,CALIBRATION_EVENT,CAL-07-08,EQ-016,RESOLVED,2026-08-06T14:00:00-06:00,2026-09-26T08:00:00-06:00,2026-06-29T00:00:00-06:00,,1,,false,PASS,,,VALID,CURRENT,coolit-synthetic-v2.0.0,ALL_SYNTHETIC_CUSTOMERS,ALL_SYNTHETIC_PROGRAMS,ALL_SYNTHETIC_PRODUCTS,SYNTHETIC_INTERNAL,SNP-COOLIT-20260925-BL,SCN-BASELINE,CAL-07-08,EQ-016,2026-08-06,2026-11-04,NIST-TRACEABLE-SYN-03,PASS,PASS,false,0.2,,RELEASED,Metrology Lead
TEN-COOLIT-SYN-001,SITE-COOLIT-SYN-01,QMS,CALIBRATION_EVENT,CAL-08-01,EQ-017,RESOLVED,2024-11-19T14:00:00-06:00,2026-09-26T08:00:00-06:00,2026-06-29T00:00:00-06:00,,1,,false,PASS,,,VALID,CURRENT,coolit-synthetic-v2.0.0,ALL_SYNTHETIC_CUSTOMERS,ALL_SYNTHETIC_PROGRAMS,ALL_SYNTHETIC_PRODUCTS,SYNTHETIC_INTERNAL,SNP-COOLIT-20260925-BL,SCN-BASELINE,CAL-08-01,EQ-017,2024-11-19,2025-02-17,NIST-TRACEABLE-SYN-04,PASS,PASS,false,0.25,,RELEASED,Metrology Lead
TEN-COOLIT-SYN-001,SITE-COOLIT-SYN-01,QMS,CALIBRATION_EVENT,CAL-08-02,EQ-017,RESOLVED,2025-02-17T14:00:00-06:00,2026-09-26T08:00:00-06:00,2026-06-29T00:00:00-06:00,,1,,false,PASS,,,VALID,CURRENT,coolit-synthetic-v2.0.0,ALL_SYNTHETIC_CUSTOMERS,ALL_SYNTHETIC_PROGRAMS,ALL_SYNTHETIC_PRODUCTS,SYNTHETIC_INTERNAL,SNP-COOLIT-20260925-BL,SCN-BASELINE,CAL-08-02,EQ-017,2025-02-17,2025-05-18,NIST-TRACEABLE-SYN-04,PASS,PASS,false,0.25,,RELEASED,Metrology Lead
TEN-COOLIT-SYN-001,SITE-COOLIT-SYN-01,QMS,CALIBRATION_EVENT,CAL-08-03,EQ-017,RESOLVED,2025-05-18T14:00:00-06:00,2026-09-26T08:00:00-06:00,2026-06-29T00:00:00-06:00,,1,,false,PASS,,,VALID,CURRENT,coolit-synthetic-v2.0.0,ALL_SYNTHETIC_CUSTOMERS,ALL_SYNTHETIC_PROGRAMS,ALL_SYNTHETIC_PRODUCTS,SYNTHETIC_INTERNAL,SNP-COOLIT-20260925-BL,SCN-BASELINE,CAL-08-03,EQ-017,2025-05-18,2025-08-16,NIST-TRACEABLE-SYN-04,PASS,PASS,false,0.25,,RELEASED,Metrology Lead
TEN-COOLIT-SYN-001,SITE-COOLIT-SYN-01,QMS,CALIBRATION_EVENT,CAL-08-04,EQ-017,RESOLVED,2025-08-16T14:00:00-06:00,2026-09-26T08:00:00-06:00,2026-06-29T00:00:00-06:00,,1,,false,PASS,,,VALID,CURRENT,coolit-synthetic-v2.0.0,ALL_SYNTHETIC_CUSTOMERS,ALL_SYNTHETIC_PROGRAMS,ALL_SYNTHETIC_PRODUCTS,SYNTHETIC_INTERNAL,SNP-COOLIT-20260925-BL,SCN-BASELINE,CAL-08-04,EQ-017,2025-08-16,2025-11-14,NIST-TRACEABLE-SYN-04,PASS,PASS,false,0.25,,RELEASED,Metrology Lead
TEN-COOLIT-SYN-001,SITE-COOLIT-SYN-01,QMS,CALIBRATION_EVENT,CAL-08-05,EQ-017,RESOLVED,2025-11-14T14:00:00-06:00,2026-09-26T08:00:00-06:00,2026-06-29T00:00:00-06:00,,1,,false,PASS,,,VALID,CURRENT,coolit-synthetic-v2.0.0,ALL_SYNTHETIC_CUSTOMERS,ALL_SYNTHETIC_PROGRAMS,ALL_SYNTHETIC_PRODUCTS,SYNTHETIC_INTERNAL,SNP-COOLIT-20260925-BL,SCN-BASELINE,CAL-08-05,EQ-017,2025-11-14,2026-02-12,NIST-TRACEABLE-SYN-04,PASS,PASS,false,0.25,,RELEASED,Metrology Lead
TEN-COOLIT-SYN-001,SITE-COOLIT-SYN-01,QMS,CALIBRATION_EVENT,CAL-08-06,EQ-017,RESOLVED,2026-02-12T14:00:00-06:00,2026-09-26T08:00:00-06:00,2026-06-29T00:00:00-06:00,,1,,false,PASS,,,VALID,CURRENT,coolit-synthetic-v2.0.0,ALL_SYNTHETIC_CUSTOMERS,ALL_SYNTHETIC_PROGRAMS,ALL_SYNTHETIC_PRODUCTS,SYNTHETIC_INTERNAL,SNP-COOLIT-20260925-BL,SCN-BASELINE,CAL-08-06,EQ-017,2026-02-12,2026-05-13,NIST-TRACEABLE-SYN-04,PASS,PASS,false,0.25,,RELEASED,Metrology Lead
TEN-COOLIT-SYN-001,SITE-COOLIT-SYN-01,QMS,CALIBRATION_EVENT,CAL-08-07,EQ-017,RESOLVED,2026-05-13T14:00:00-06:00,2026-09-26T08:00:00-06:00,2026-06-29T00:00:00-06:00,,1,,false,PASS,,,VALID,CURRENT,coolit-synthetic-v2.0.0,ALL_SYNTHETIC_CUSTOMERS,ALL_SYNTHETIC_PROGRAMS,ALL_SYNTHETIC_PRODUCTS,SYNTHETIC_INTERNAL,SNP-COOLIT-20260925-BL,SCN-BASELINE,CAL-08-07,EQ-017,2026-05-13,2026-08-11,NIST-TRACEABLE-SYN-04,PASS,PASS,false,0.25,,RELEASED,Metrology Lead
TEN-COOLIT-SYN-001,SITE-COOLIT-SYN-01,QMS,CALIBRATION_EVENT,CAL-08-08,EQ-017,RESOLVED,2026-08-11T14:00:00-06:00,2026-09-26T08:00:00-06:00,2026-06-29T00:00:00-06:00,,1,,false,PASS,,,VALID,CURRENT,coolit-synthetic-v2.0.0,ALL_SYNTHETIC_CUSTOMERS,ALL_SYNTHETIC_PROGRAMS,ALL_SYNTHETIC_PRODUCTS,SYNTHETIC_INTERNAL,SNP-COOLIT-20260925-BL,SCN-BASELINE,CAL-08-08,EQ-017,2026-08-11,2026-11-09,NIST-TRACEABLE-SYN-04,PASS,PASS,false,0.25,,RELEASED,Metrology Lead
TEN-COOLIT-SYN-001,SITE-COOLIT-SYN-01,QMS,CALIBRATION_EVENT,CAL-09-01,EQ-018,RESOLVED,2024-11-24T14:00:00-06:00,2026-09-26T08:00:00-06:00,2026-06-29T00:00:00-06:00,,1,,false,PASS,,,VALID,CURRENT,coolit-synthetic-v2.0.0,ALL_SYNTHETIC_CUSTOMERS,ALL_SYNTHETIC_PROGRAMS,ALL_SYNTHETIC_PRODUCTS,SYNTHETIC_INTERNAL,SNP-COOLIT-20260925-BL,SCN-BASELINE,CAL-09-01,EQ-018,2024-11-24,2025-02-22,NIST-TRACEABLE-SYN-01,PASS,PASS,false,0.3,,RELEASED,Metrology Lead
TEN-COOLIT-SYN-001,SITE-COOLIT-SYN-01,QMS,CALIBRATION_EVENT,CAL-09-02,EQ-018,RESOLVED,2025-02-22T14:00:00-06:00,2026-09-26T08:00:00-06:00,2026-06-29T00:00:00-06:00,,1,,false,PASS,,,VALID,CURRENT,coolit-synthetic-v2.0.0,ALL_SYNTHETIC_CUSTOMERS,ALL_SYNTHETIC_PROGRAMS,ALL_SYNTHETIC_PRODUCTS,SYNTHETIC_INTERNAL,SNP-COOLIT-20260925-BL,SCN-BASELINE,CAL-09-02,EQ-018,2025-02-22,2025-05-23,NIST-TRACEABLE-SYN-01,PASS,PASS,false,0.3,,RELEASED,Metrology Lead
TEN-COOLIT-SYN-001,SITE-COOLIT-SYN-01,QMS,CALIBRATION_EVENT,CAL-09-03,EQ-018,RESOLVED,2025-05-23T14:00:00-06:00,2026-09-26T08:00:00-06:00,2026-06-29T00:00:00-06:00,,1,,false,PASS,,,VALID,CURRENT,coolit-synthetic-v2.0.0,ALL_SYNTHETIC_CUSTOMERS,ALL_SYNTHETIC_PROGRAMS,ALL_SYNTHETIC_PRODUCTS,SYNTHETIC_INTERNAL,SNP-COOLIT-20260925-BL,SCN-BASELINE,CAL-09-03,EQ-018,2025-05-23,2025-08-21,NIST-TRACEABLE-SYN-01,PASS,PASS,false,0.3,,RELEASED,Metrology Lead
TEN-COOLIT-SYN-001,SITE-COOLIT-SYN-01,QMS,CALIBRATION_EVENT,CAL-09-04,EQ-018,RESOLVED,2025-08-21T14:00:00-06:00,2026-09-26T08:00:00-06:00,2026-06-29T00:00:00-06:00,,1,,false,PASS,,,VALID,CURRENT,coolit-synthetic-v2.0.0,ALL_SYNTHETIC_CUSTOMERS,ALL_SYNTHETIC_PROGRAMS,ALL_SYNTHETIC_PRODUCTS,SYNTHETIC_INTERNAL,SNP-COOLIT-20260925-BL,SCN-BASELINE,CAL-09-04,EQ-018,2025-08-21,2025-11-19,NIST-TRACEABLE-SYN-01,PASS,PASS,false,0.3,,RELEASED,Metrology Lead
TEN-COOLIT-SYN-001,SITE-COOLIT-SYN-01,QMS,CALIBRATION_EVENT,CAL-09-05,EQ-018,RESOLVED,2025-11-19T14:00:00-06:00,2026-09-26T08:00:00-06:00,2026-06-29T00:00:00-06:00,,1,,false,PASS,,,VALID,CURRENT,coolit-synthetic-v2.0.0,ALL_SYNTHETIC_CUSTOMERS,ALL_SYNTHETIC_PROGRAMS,ALL_SYNTHETIC_PRODUCTS,SYNTHETIC_INTERNAL,SNP-COOLIT-20260925-BL,SCN-BASELINE,CAL-09-05,EQ-018,2025-11-19,2026-02-17,NIST-TRACEABLE-SYN-01,PASS,PASS,false,0.3,,RELEASED,Metrology Lead
TEN-COOLIT-SYN-001,SITE-COOLIT-SYN-01,QMS,CALIBRATION_EVENT,CAL-09-06,EQ-018,RESOLVED,2026-02-17T14:00:00-06:00,2026-09-26T08:00:00-06:00,2026-06-29T00:00:00-06:00,,1,,false,PASS,,,VALID,CURRENT,coolit-synthetic-v2.0.0,ALL_SYNTHETIC_CUSTOMERS,ALL_SYNTHETIC_PROGRAMS,ALL_SYNTHETIC_PRODUCTS,SYNTHETIC_INTERNAL,SNP-COOLIT-20260925-BL,SCN-BASELINE,CAL-09-06,EQ-018,2026-02-17,2026-05-18,NIST-TRACEABLE-SYN-01,PASS,PASS,false,0.3,,RELEASED,Metrology Lead
TEN-COOLIT-SYN-001,SITE-COOLIT-SYN-01,QMS,CALIBRATION_EVENT,CAL-09-07,EQ-018,RESOLVED,2026-05-18T14:00:00-06:00,2026-09-26T08:00:00-06:00,2026-06-29T00:00:00-06:00,,1,,false,PASS,,,VALID,CURRENT,coolit-synthetic-v2.0.0,ALL_SYNTHETIC_CUSTOMERS,ALL_SYNTHETIC_PROGRAMS,ALL_SYNTHETIC_PRODUCTS,SYNTHETIC_INTERNAL,SNP-COOLIT-20260925-BL,SCN-BASELINE,CAL-09-07,EQ-018,2026-05-18,2026-08-16,NIST-TRACEABLE-SYN-01,PASS,PASS,false,0.3,,RELEASED,Metrology Lead
TEN-COOLIT-SYN-001,SITE-COOLIT-SYN-01,QMS,CALIBRATION_EVENT,CAL-09-08,EQ-018,RESOLVED,2026-08-16T14:00:00-06:00,2026-09-26T08:00:00-06:00,2026-06-29T00:00:00-06:00,,1,,false,PASS,,,VALID,CURRENT,coolit-synthetic-v2.0.0,ALL_SYNTHETIC_CUSTOMERS,ALL_SYNTHETIC_PROGRAMS,ALL_SYNTHETIC_PRODUCTS,SYNTHETIC_INTERNAL,SNP-COOLIT-20260925-BL,SCN-BASELINE,CAL-09-08,EQ-018,2026-08-16,2026-11-14,NIST-TRACEABLE-SYN-01,PASS,PASS,false,0.3,,RELEASED,Metrology Lead
