tenant_id,site_id,source_system,source_object,source_record_id,canonical_id,crosswalk_status,source_event_at,ingested_at,effective_from,effective_to,record_version,supersedes_source_record_id,is_deleted,semantic_status,uom,currency,data_quality_state,freshness_state,transformation_version,customer_scope,program_scope,product_scope,sensitivity_class,snapshot_id,scenario_id,electronic_signature_id,signed_object_type,signed_object_id,operator_id,signature_purpose,signed_at,authentication_method,signature_state,signature_hash,revocation_state
TEN-COOLIT-SYN-001,SITE-COOLIT-SYN-01,MES,ELECTRONIC_SIGNATURE,ESIG-00001,MESOP-00001,RESOLVED,2026-06-29T09:20:00-06:00,2026-09-26T08:00:00-06:00,2026-06-29T00:00:00-06:00,,1,,false,ACTIVE,,,VALID,CURRENT,coolit-synthetic-v2.0.0,ALL_SYNTHETIC_CUSTOMERS,ALL_SYNTHETIC_PROGRAMS,CFG-CPL-02,SYNTHETIC_PSEUDONYMOUS_WORKFORCE,SNP-COOLIT-20260925-BL,SCN-BASELINE,ESIG-00001,MES_OPERATION,MESOP-00001,OPR-001,OPERATION_COMPLETION,2026-06-29T09:20:00-06:00,SYNTHETIC_BADGE_AND_PIN,VALID,c49b0ab82186bc20765b88e4a242780c736089c9029cfa65ae79f576b8e2926c,NOT_REVOKED
TEN-COOLIT-SYN-001,SITE-COOLIT-SYN-01,MES,ELECTRONIC_SIGNATURE,ESIG-00002,MESOP-00002,RESOLVED,2026-06-30T10:20:00-06:00,2026-09-26T08:00:00-06:00,2026-06-29T00:00:00-06:00,,1,,false,ACTIVE,,,VALID,CURRENT,coolit-synthetic-v2.0.0,ALL_SYNTHETIC_CUSTOMERS,ALL_SYNTHETIC_PROGRAMS,CFG-CPL-02,SYNTHETIC_PSEUDONYMOUS_WORKFORCE,SNP-COOLIT-20260925-BL,SCN-BASELINE,ESIG-00002,MES_OPERATION,MESOP-00002,OPR-002,OPERATION_COMPLETION,2026-06-30T10:20:00-06:00,SYNTHETIC_BADGE_AND_PIN,VALID,4b38fd0bc6698f08e1a984f519c7d2d916dc3a572b2aa91aec77cc9432f06ed2,NOT_REVOKED
TEN-COOLIT-SYN-001,SITE-COOLIT-SYN-01,MES,ELECTRONIC_SIGNATURE,ESIG-00003,MESOP-00003,RESOLVED,2026-07-01T11:20:00-06:00,2026-09-26T08:00:00-06:00,2026-06-29T00:00:00-06:00,,1,,false,ACTIVE,,,VALID,CURRENT,coolit-synthetic-v2.0.0,ALL_SYNTHETIC_CUSTOMERS,ALL_SYNTHETIC_PROGRAMS,CFG-CPL-02,SYNTHETIC_PSEUDONYMOUS_WORKFORCE,SNP-COOLIT-20260925-BL,SCN-BASELINE,ESIG-00003,MES_OPERATION,MESOP-00003,OPR-003,OPERATION_COMPLETION,2026-07-01T11:20:00-06:00,SYNTHETIC_BADGE_AND_PIN,VALID,26a2d1b8e24f472352a4d42734ea6f32035808e24bc8cc1b736ac36aa96b08d1,NOT_REVOKED
TEN-COOLIT-SYN-001,SITE-COOLIT-SYN-01,MES,ELECTRONIC_SIGNATURE,ESIG-00004,MESOP-00004,RESOLVED,2026-07-02T12:20:00-06:00,2026-09-26T08:00:00-06:00,2026-06-29T00:00:00-06:00,,1,,false,ACTIVE,,,VALID,CURRENT,coolit-synthetic-v2.0.0,ALL_SYNTHETIC_CUSTOMERS,ALL_SYNTHETIC_PROGRAMS,CFG-CPL-02,SYNTHETIC_PSEUDONYMOUS_WORKFORCE,SNP-COOLIT-20260925-BL,SCN-BASELINE,ESIG-00004,MES_OPERATION,MESOP-00004,OPR-004,TEST_RESULT_ATTESTATION,2026-07-02T12:20:00-06:00,SYNTHETIC_BADGE_AND_PIN,VALID,0408226b73e1bbd92ad24240eced115a58c04ae012513741a55077a1c85323d0,NOT_REVOKED
TEN-COOLIT-SYN-001,SITE-COOLIT-SYN-01,MES,ELECTRONIC_SIGNATURE,ESIG-00005,MESOP-00005,RESOLVED,2026-07-03T13:20:00-06:00,2026-09-26T08:00:00-06:00,2026-06-29T00:00:00-06:00,,1,,false,ACTIVE,,,VALID,CURRENT,coolit-synthetic-v2.0.0,ALL_SYNTHETIC_CUSTOMERS,ALL_SYNTHETIC_PROGRAMS,CFG-CPL-02,SYNTHETIC_PSEUDONYMOUS_WORKFORCE,SNP-COOLIT-20260925-BL,SCN-BASELINE,ESIG-00005,MES_OPERATION,MESOP-00005,OPR-005,TEST_RESULT_ATTESTATION,2026-07-03T13:20:00-06:00,SYNTHETIC_BADGE_AND_PIN,VALID,965af99227fbc817e25a4c158f066b1ae6d934f349a2e487afa49472ac6b018f,NOT_REVOKED
TEN-COOLIT-SYN-001,SITE-COOLIT-SYN-01,MES,ELECTRONIC_SIGNATURE,ESIG-00006,MESOP-00006,RESOLVED,2026-07-04T09:20:00-06:00,2026-09-26T08:00:00-06:00,2026-06-29T00:00:00-06:00,,1,,false,ACTIVE,,,VALID,CURRENT,coolit-synthetic-v2.0.0,ALL_SYNTHETIC_CUSTOMERS,ALL_SYNTHETIC_PROGRAMS,CFG-CPL-02,SYNTHETIC_PSEUDONYMOUS_WORKFORCE,SNP-COOLIT-20260925-BL,SCN-BASELINE,ESIG-00006,MES_OPERATION,MESOP-00006,OPR-006,TEST_RESULT_ATTESTATION,2026-07-04T09:20:00-06:00,SYNTHETIC_BADGE_AND_PIN,VALID,5dff050cad564e6ed8041ca92a1307a9b58798266b7bbfdbebd9e8aa4b6085be,NOT_REVOKED
TEN-COOLIT-SYN-001,SITE-COOLIT-SYN-01,MES,ELECTRONIC_SIGNATURE,ESIG-00007,MESOP-00007,RESOLVED,2026-07-02T09:20:00-06:00,2026-09-26T08:00:00-06:00,2026-06-29T00:00:00-06:00,,1,,false,ACTIVE,,,VALID,CURRENT,coolit-synthetic-v2.0.0,ALL_SYNTHETIC_CUSTOMERS,ALL_SYNTHETIC_PROGRAMS,CFG-CDU-01,SYNTHETIC_PSEUDONYMOUS_WORKFORCE,SNP-COOLIT-20260925-BL,SCN-BASELINE,ESIG-00007,MES_OPERATION,MESOP-00007,OPR-007,OPERATION_COMPLETION,2026-07-02T09:20:00-06:00,SYNTHETIC_BADGE_AND_PIN,VALID,1707868f81fa0f4cf27feaac82038d7f59825f48fa0064c16fa204d4bbe440c3,NOT_REVOKED
TEN-COOLIT-SYN-001,SITE-COOLIT-SYN-01,MES,ELECTRONIC_SIGNATURE,ESIG-00008,MESOP-00008,RESOLVED,2026-07-03T10:20:00-06:00,2026-09-26T08:00:00-06:00,2026-06-29T00:00:00-06:00,,1,,false,ACTIVE,,,VALID,CURRENT,coolit-synthetic-v2.0.0,ALL_SYNTHETIC_CUSTOMERS,ALL_SYNTHETIC_PROGRAMS,CFG-CDU-01,SYNTHETIC_PSEUDONYMOUS_WORKFORCE,SNP-COOLIT-20260925-BL,SCN-BASELINE,ESIG-00008,MES_OPERATION,MESOP-00008,OPR-008,OPERATION_COMPLETION,2026-07-03T10:20:00-06:00,SYNTHETIC_BADGE_AND_PIN,VALID,59a96c362ddfcc62ff7cae42c6788625052f9c32b10dc10ea8abf7cf62f3777c,NOT_REVOKED
TEN-COOLIT-SYN-001,SITE-COOLIT-SYN-01,MES,ELECTRONIC_SIGNATURE,ESIG-00009,MESOP-00009,RESOLVED,2026-07-04T11:20:00-06:00,2026-09-26T08:00:00-06:00,2026-06-29T00:00:00-06:00,,1,,false,ACTIVE,,,VALID,CURRENT,coolit-synthetic-v2.0.0,ALL_SYNTHETIC_CUSTOMERS,ALL_SYNTHETIC_PROGRAMS,CFG-CDU-01,SYNTHETIC_PSEUDONYMOUS_WORKFORCE,SNP-COOLIT-20260925-BL,SCN-BASELINE,ESIG-00009,MES_OPERATION,MESOP-00009,OPR-009,OPERATION_COMPLETION,2026-07-04T11:20:00-06:00,SYNTHETIC_BADGE_AND_PIN,VALID,1ecdfe7a74b82d490ea16a70a8883677c45cbfdddef726398de368f83c50354e,NOT_REVOKED
TEN-COOLIT-SYN-001,SITE-COOLIT-SYN-01,MES,ELECTRONIC_SIGNATURE,ESIG-00010,MESOP-00010,RESOLVED,2026-07-05T12:20:00-06:00,2026-09-26T08:00:00-06:00,2026-06-29T00:00:00-06:00,,1,,false,ACTIVE,,,VALID,CURRENT,coolit-synthetic-v2.0.0,ALL_SYNTHETIC_CUSTOMERS,ALL_SYNTHETIC_PROGRAMS,CFG-CDU-01,SYNTHETIC_PSEUDONYMOUS_WORKFORCE,SNP-COOLIT-20260925-BL,SCN-BASELINE,ESIG-00010,MES_OPERATION,MESOP-00010,OPR-010,TEST_RESULT_ATTESTATION,2026-07-05T12:20:00-06:00,SYNTHETIC_BADGE_AND_PIN,VALID,f25280de15e572baac5f85c98be87ec93de76b9bab3809df8767a210facea474,NOT_REVOKED
TEN-COOLIT-SYN-001,SITE-COOLIT-SYN-01,MES,ELECTRONIC_SIGNATURE,ESIG-00011,MESOP-00011,RESOLVED,2026-07-06T13:20:00-06:00,2026-09-26T08:00:00-06:00,2026-06-29T00:00:00-06:00,,1,,false,ACTIVE,,,VALID,CURRENT,coolit-synthetic-v2.0.0,ALL_SYNTHETIC_CUSTOMERS,ALL_SYNTHETIC_PROGRAMS,CFG-CDU-01,SYNTHETIC_PSEUDONYMOUS_WORKFORCE,SNP-COOLIT-20260925-BL,SCN-BASELINE,ESIG-00011,MES_OPERATION,MESOP-00011,OPR-011,TEST_RESULT_ATTESTATION,2026-07-06T13:20:00-06:00,SYNTHETIC_BADGE_AND_PIN,VALID,e8eaf86c529cbde9edcf0fd52c5e8c049401d7a7f5dcf9d85f1bda83fb8c36dd,NOT_REVOKED
TEN-COOLIT-SYN-001,SITE-COOLIT-SYN-01,MES,ELECTRONIC_SIGNATURE,ESIG-00012,MESOP-00012,RESOLVED,2026-07-07T09:20:00-06:00,2026-09-26T08:00:00-06:00,2026-06-29T00:00:00-06:00,,1,,false,ACTIVE,,,VALID,CURRENT,coolit-synthetic-v2.0.0,ALL_SYNTHETIC_CUSTOMERS,ALL_SYNTHETIC_PROGRAMS,CFG-CDU-01,SYNTHETIC_PSEUDONYMOUS_WORKFORCE,SNP-COOLIT-20260925-BL,SCN-BASELINE,ESIG-00012,MES_OPERATION,MESOP-00012,OPR-012,TEST_RESULT_ATTESTATION,2026-07-07T09:20:00-06:00,SYNTHETIC_BADGE_AND_PIN,VALID,5da90817ada3e5439068826b6d8d51fce75489fb34af8d69d7e891ad24635dec,NOT_REVOKED
TEN-COOLIT-SYN-001,SITE-COOLIT-SYN-01,MES,ELECTRONIC_SIGNATURE,ESIG-00013,MESOP-00013,RESOLVED,2026-07-05T09:20:00-06:00,2026-09-26T08:00:00-06:00,2026-06-29T00:00:00-06:00,,1,,false,ACTIVE,,,VALID,CURRENT,coolit-synthetic-v2.0.0,ALL_SYNTHETIC_CUSTOMERS,ALL_SYNTHETIC_PROGRAMS,CFG-CPL-04,SYNTHETIC_PSEUDONYMOUS_WORKFORCE,SNP-COOLIT-20260925-BL,SCN-BASELINE,ESIG-00013,MES_OPERATION,MESOP-00013,OPR-013,OPERATION_COMPLETION,2026-07-05T09:20:00-06:00,SYNTHETIC_BADGE_AND_PIN,VALID,94246cca6e1f897bed0e1764bc50bfa09e3ce07aa7f5f7d8f071a69c61fb482f,NOT_REVOKED
TEN-COOLIT-SYN-001,SITE-COOLIT-SYN-01,MES,ELECTRONIC_SIGNATURE,ESIG-00014,MESOP-00014,RESOLVED,2026-07-06T10:20:00-06:00,2026-09-26T08:00:00-06:00,2026-06-29T00:00:00-06:00,,1,,false,ACTIVE,,,VALID,CURRENT,coolit-synthetic-v2.0.0,ALL_SYNTHETIC_CUSTOMERS,ALL_SYNTHETIC_PROGRAMS,CFG-CPL-04,SYNTHETIC_PSEUDONYMOUS_WORKFORCE,SNP-COOLIT-20260925-BL,SCN-BASELINE,ESIG-00014,MES_OPERATION,MESOP-00014,OPR-014,OPERATION_COMPLETION,2026-07-06T10:20:00-06:00,SYNTHETIC_BADGE_AND_PIN,VALID,81e0da2bc9809ad5ce7e1724e2ee727330b16151b0b0e785c07b77cd6e4b8c17,NOT_REVOKED
TEN-COOLIT-SYN-001,SITE-COOLIT-SYN-01,MES,ELECTRONIC_SIGNATURE,ESIG-00015,MESOP-00015,RESOLVED,2026-07-07T11:20:00-06:00,2026-09-26T08:00:00-06:00,2026-06-29T00:00:00-06:00,,1,,false,ACTIVE,,,VALID,CURRENT,coolit-synthetic-v2.0.0,ALL_SYNTHETIC_CUSTOMERS,ALL_SYNTHETIC_PROGRAMS,CFG-CPL-04,SYNTHETIC_PSEUDONYMOUS_WORKFORCE,SNP-COOLIT-20260925-BL,SCN-BASELINE,ESIG-00015,MES_OPERATION,MESOP-00015,OPR-015,OPERATION_COMPLETION,2026-07-07T11:20:00-06:00,SYNTHETIC_BADGE_AND_PIN,VALID,fe99fa925080f1330f87d6932bacbb54d7283aff5efbaef4fbafa8dbbb7f6993,NOT_REVOKED
TEN-COOLIT-SYN-001,SITE-COOLIT-SYN-01,MES,ELECTRONIC_SIGNATURE,ESIG-00016,MESOP-00016,RESOLVED,2026-07-08T12:20:00-06:00,2026-09-26T08:00:00-06:00,2026-06-29T00:00:00-06:00,,1,,false,ACTIVE,,,VALID,CURRENT,coolit-synthetic-v2.0.0,ALL_SYNTHETIC_CUSTOMERS,ALL_SYNTHETIC_PROGRAMS,CFG-CPL-04,SYNTHETIC_PSEUDONYMOUS_WORKFORCE,SNP-COOLIT-20260925-BL,SCN-BASELINE,ESIG-00016,MES_OPERATION,MESOP-00016,OPR-016,TEST_RESULT_ATTESTATION,2026-07-08T12:20:00-06:00,SYNTHETIC_BADGE_AND_PIN,VALID,867e6064842cdd9ffed983cedcc406e14d223e6598493e24264e38e52ff02bbe,NOT_REVOKED
TEN-COOLIT-SYN-001,SITE-COOLIT-SYN-01,MES,ELECTRONIC_SIGNATURE,ESIG-00017,MESOP-00017,RESOLVED,2026-07-09T13:20:00-06:00,2026-09-26T08:00:00-06:00,2026-06-29T00:00:00-06:00,,1,,false,ACTIVE,,,VALID,CURRENT,coolit-synthetic-v2.0.0,ALL_SYNTHETIC_CUSTOMERS,ALL_SYNTHETIC_PROGRAMS,CFG-CPL-04,SYNTHETIC_PSEUDONYMOUS_WORKFORCE,SNP-COOLIT-20260925-BL,SCN-BASELINE,ESIG-00017,MES_OPERATION,MESOP-00017,OPR-017,TEST_RESULT_ATTESTATION,2026-07-09T13:20:00-06:00,SYNTHETIC_BADGE_AND_PIN,VALID,8f0d8a92c7ce0a089966fa0789f8b416deb8cc4fbf13c24863aa14275142a58f,NOT_REVOKED
TEN-COOLIT-SYN-001,SITE-COOLIT-SYN-01,MES,ELECTRONIC_SIGNATURE,ESIG-00018,MESOP-00018,RESOLVED,2026-07-10T09:20:00-06:00,2026-09-26T08:00:00-06:00,2026-06-29T00:00:00-06:00,,1,,false,ACTIVE,,,VALID,CURRENT,coolit-synthetic-v2.0.0,ALL_SYNTHETIC_CUSTOMERS,ALL_SYNTHETIC_PROGRAMS,CFG-CPL-04,SYNTHETIC_PSEUDONYMOUS_WORKFORCE,SNP-COOLIT-20260925-BL,SCN-BASELINE,ESIG-00018,MES_OPERATION,MESOP-00018,OPR-018,TEST_RESULT_ATTESTATION,2026-07-10T09:20:00-06:00,SYNTHETIC_BADGE_AND_PIN,VALID,07be42b3f4249ea8fb730b3e9915f66d168a71e3fcd9a5954dc3fde48ec23bd1,NOT_REVOKED
TEN-COOLIT-SYN-001,SITE-COOLIT-SYN-01,MES,ELECTRONIC_SIGNATURE,ESIG-00019,MESOP-00019,RESOLVED,2026-07-08T09:20:00-06:00,2026-09-26T08:00:00-06:00,2026-06-29T00:00:00-06:00,,1,,false,ACTIVE,,,VALID,CURRENT,coolit-synthetic-v2.0.0,ALL_SYNTHETIC_CUSTOMERS,ALL_SYNTHETIC_PROGRAMS,CFG-CDU-03,SYNTHETIC_PSEUDONYMOUS_WORKFORCE,SNP-COOLIT-20260925-BL,SCN-BASELINE,ESIG-00019,MES_OPERATION,MESOP-00019,OPR-019,OPERATION_COMPLETION,2026-07-08T09:20:00-06:00,SYNTHETIC_BADGE_AND_PIN,VALID,87c2ccb388f411d26f2a16ef6db4d83998545c6cc70cb9bd06c9e1f45e395b39,NOT_REVOKED
TEN-COOLIT-SYN-001,SITE-COOLIT-SYN-01,MES,ELECTRONIC_SIGNATURE,ESIG-00020,MESOP-00020,RESOLVED,2026-07-09T10:20:00-06:00,2026-09-26T08:00:00-06:00,2026-06-29T00:00:00-06:00,,1,,false,ACTIVE,,,VALID,CURRENT,coolit-synthetic-v2.0.0,ALL_SYNTHETIC_CUSTOMERS,ALL_SYNTHETIC_PROGRAMS,CFG-CDU-03,SYNTHETIC_PSEUDONYMOUS_WORKFORCE,SNP-COOLIT-20260925-BL,SCN-BASELINE,ESIG-00020,MES_OPERATION,MESOP-00020,OPR-020,OPERATION_COMPLETION,2026-07-09T10:20:00-06:00,SYNTHETIC_BADGE_AND_PIN,VALID,2680a0579afd3e9f86e6742f7a47acce8b43e3c520c48cac3b3e4b02779c0f06,NOT_REVOKED
TEN-COOLIT-SYN-001,SITE-COOLIT-SYN-01,MES,ELECTRONIC_SIGNATURE,ESIG-00021,MESOP-00021,RESOLVED,2026-07-10T11:20:00-06:00,2026-09-26T08:00:00-06:00,2026-06-29T00:00:00-06:00,,1,,false,ACTIVE,,,VALID,CURRENT,coolit-synthetic-v2.0.0,ALL_SYNTHETIC_CUSTOMERS,ALL_SYNTHETIC_PROGRAMS,CFG-CDU-03,SYNTHETIC_PSEUDONYMOUS_WORKFORCE,SNP-COOLIT-20260925-BL,SCN-BASELINE,ESIG-00021,MES_OPERATION,MESOP-00021,OPR-021,OPERATION_COMPLETION,2026-07-10T11:20:00-06:00,SYNTHETIC_BADGE_AND_PIN,VALID,c475cac6401e35e930420b4757b888a136ce2b1a23ed994bb4d787122677b163,NOT_REVOKED
TEN-COOLIT-SYN-001,SITE-COOLIT-SYN-01,MES,ELECTRONIC_SIGNATURE,ESIG-00022,MESOP-00022,RESOLVED,2026-07-11T12:20:00-06:00,2026-09-26T08:00:00-06:00,2026-06-29T00:00:00-06:00,,1,,false,ACTIVE,,,VALID,CURRENT,coolit-synthetic-v2.0.0,ALL_SYNTHETIC_CUSTOMERS,ALL_SYNTHETIC_PROGRAMS,CFG-CDU-03,SYNTHETIC_PSEUDONYMOUS_WORKFORCE,SNP-COOLIT-20260925-BL,SCN-BASELINE,ESIG-00022,MES_OPERATION,MESOP-00022,OPR-022,TEST_RESULT_ATTESTATION,2026-07-11T12:20:00-06:00,SYNTHETIC_BADGE_AND_PIN,VALID,cdcdf76b1dcb48dfd9ce7e8cfcd085f26101a56d253175595945000d3cc383b2,NOT_REVOKED
TEN-COOLIT-SYN-001,SITE-COOLIT-SYN-01,MES,ELECTRONIC_SIGNATURE,ESIG-00023,MESOP-00023,RESOLVED,2026-07-12T13:20:00-06:00,2026-09-26T08:00:00-06:00,2026-06-29T00:00:00-06:00,,1,,false,ACTIVE,,,VALID,CURRENT,coolit-synthetic-v2.0.0,ALL_SYNTHETIC_CUSTOMERS,ALL_SYNTHETIC_PROGRAMS,CFG-CDU-03,SYNTHETIC_PSEUDONYMOUS_WORKFORCE,SNP-COOLIT-20260925-BL,SCN-BASELINE,ESIG-00023,MES_OPERATION,MESOP-00023,OPR-023,TEST_RESULT_ATTESTATION,2026-07-12T13:20:00-06:00,SYNTHETIC_BADGE_AND_PIN,VALID,be97e7c1a80db1d797fdcde65a365709b3e9f253fae5f54edc947884e5e38a14,NOT_REVOKED
TEN-COOLIT-SYN-001,SITE-COOLIT-SYN-01,MES,ELECTRONIC_SIGNATURE,ESIG-00024,MESOP-00024,RESOLVED,2026-07-13T09:20:00-06:00,2026-09-26T08:00:00-06:00,2026-06-29T00:00:00-06:00,,1,,false,ACTIVE,,,VALID,CURRENT,coolit-synthetic-v2.0.0,ALL_SYNTHETIC_CUSTOMERS,ALL_SYNTHETIC_PROGRAMS,CFG-CDU-03,SYNTHETIC_PSEUDONYMOUS_WORKFORCE,SNP-COOLIT-20260925-BL,SCN-BASELINE,ESIG-00024,MES_OPERATION,MESOP-00024,OPR-024,TEST_RESULT_ATTESTATION,2026-07-13T09:20:00-06:00,SYNTHETIC_BADGE_AND_PIN,VALID,bcf80abfa9cffbfc5232f434de0cd6b88c7b806dda2902661de37b4ec74fbc7b,NOT_REVOKED
TEN-COOLIT-SYN-001,SITE-COOLIT-SYN-01,MES,ELECTRONIC_SIGNATURE,ESIG-00025,MESOP-00025,RESOLVED,2026-07-11T09:20:00-06:00,2026-09-26T08:00:00-06:00,2026-06-29T00:00:00-06:00,,1,,false,ACTIVE,,,VALID,CURRENT,coolit-synthetic-v2.0.0,ALL_SYNTHETIC_CUSTOMERS,ALL_SYNTHETIC_PROGRAMS,CFG-RM-02,SYNTHETIC_PSEUDONYMOUS_WORKFORCE,SNP-COOLIT-20260925-BL,SCN-BASELINE,ESIG-00025,MES_OPERATION,MESOP-00025,OPR-025,OPERATION_COMPLETION,2026-07-11T09:20:00-06:00,SYNTHETIC_BADGE_AND_PIN,VALID,3f915dda4c493001c6d57aeca71deb8599b0fd038e7ed8586ef36fe67e08739a,NOT_REVOKED
TEN-COOLIT-SYN-001,SITE-COOLIT-SYN-01,MES,ELECTRONIC_SIGNATURE,ESIG-00026,MESOP-00026,RESOLVED,2026-07-12T10:20:00-06:00,2026-09-26T08:00:00-06:00,2026-06-29T00:00:00-06:00,,1,,false,ACTIVE,,,VALID,CURRENT,coolit-synthetic-v2.0.0,ALL_SYNTHETIC_CUSTOMERS,ALL_SYNTHETIC_PROGRAMS,CFG-RM-02,SYNTHETIC_PSEUDONYMOUS_WORKFORCE,SNP-COOLIT-20260925-BL,SCN-BASELINE,ESIG-00026,MES_OPERATION,MESOP-00026,OPR-026,OPERATION_COMPLETION,2026-07-12T10:20:00-06:00,SYNTHETIC_BADGE_AND_PIN,VALID,c35de3cb92da5fb606f4e54789bafd9137fa4376ea289dd6aeb9d0c66b098844,NOT_REVOKED
TEN-COOLIT-SYN-001,SITE-COOLIT-SYN-01,MES,ELECTRONIC_SIGNATURE,ESIG-00027,MESOP-00027,RESOLVED,2026-07-13T11:20:00-06:00,2026-09-26T08:00:00-06:00,2026-06-29T00:00:00-06:00,,1,,false,ACTIVE,,,VALID,CURRENT,coolit-synthetic-v2.0.0,ALL_SYNTHETIC_CUSTOMERS,ALL_SYNTHETIC_PROGRAMS,CFG-RM-02,SYNTHETIC_PSEUDONYMOUS_WORKFORCE,SNP-COOLIT-20260925-BL,SCN-BASELINE,ESIG-00027,MES_OPERATION,MESOP-00027,OPR-027,OPERATION_COMPLETION,2026-07-13T11:20:00-06:00,SYNTHETIC_BADGE_AND_PIN,VALID,5e20f245621f60852cf546ca5e9bb99e3b80bd17b42054b0e1091a0371a298b5,NOT_REVOKED
TEN-COOLIT-SYN-001,SITE-COOLIT-SYN-01,MES,ELECTRONIC_SIGNATURE,ESIG-00028,MESOP-00028,RESOLVED,2026-07-14T12:20:00-06:00,2026-09-26T08:00:00-06:00,2026-06-29T00:00:00-06:00,,1,,false,ACTIVE,,,VALID,CURRENT,coolit-synthetic-v2.0.0,ALL_SYNTHETIC_CUSTOMERS,ALL_SYNTHETIC_PROGRAMS,CFG-RM-02,SYNTHETIC_PSEUDONYMOUS_WORKFORCE,SNP-COOLIT-20260925-BL,SCN-BASELINE,ESIG-00028,MES_OPERATION,MESOP-00028,OPR-028,TEST_RESULT_ATTESTATION,2026-07-14T12:20:00-06:00,SYNTHETIC_BADGE_AND_PIN,VALID,7664877d3529e2ebf6ad4a17d620403a265e8ec416f906a874dfdf750b27570c,NOT_REVOKED
TEN-COOLIT-SYN-001,SITE-COOLIT-SYN-01,MES,ELECTRONIC_SIGNATURE,ESIG-00029,MESOP-00029,RESOLVED,2026-07-15T13:20:00-06:00,2026-09-26T08:00:00-06:00,2026-06-29T00:00:00-06:00,,1,,false,ACTIVE,,,VALID,CURRENT,coolit-synthetic-v2.0.0,ALL_SYNTHETIC_CUSTOMERS,ALL_SYNTHETIC_PROGRAMS,CFG-RM-02,SYNTHETIC_PSEUDONYMOUS_WORKFORCE,SNP-COOLIT-20260925-BL,SCN-BASELINE,ESIG-00029,MES_OPERATION,MESOP-00029,OPR-029,TEST_RESULT_ATTESTATION,2026-07-15T13:20:00-06:00,SYNTHETIC_BADGE_AND_PIN,VALID,444f8031c6e70baa815c2f24d559edea4064e244d5caa5aec642058fd7eafc19,NOT_REVOKED
TEN-COOLIT-SYN-001,SITE-COOLIT-SYN-01,MES,ELECTRONIC_SIGNATURE,ESIG-00030,MESOP-00030,RESOLVED,2026-07-16T09:20:00-06:00,2026-09-26T08:00:00-06:00,2026-06-29T00:00:00-06:00,,1,,false,ACTIVE,,,VALID,CURRENT,coolit-synthetic-v2.0.0,ALL_SYNTHETIC_CUSTOMERS,ALL_SYNTHETIC_PROGRAMS,CFG-RM-02,SYNTHETIC_PSEUDONYMOUS_WORKFORCE,SNP-COOLIT-20260925-BL,SCN-BASELINE,ESIG-00030,MES_OPERATION,MESOP-00030,OPR-030,TEST_RESULT_ATTESTATION,2026-07-16T09:20:00-06:00,SYNTHETIC_BADGE_AND_PIN,VALID,1d71e509db88fd09ec51012e1ba8da98697db348c41968d663e5cb936620594b,NOT_REVOKED
TEN-COOLIT-SYN-001,SITE-COOLIT-SYN-01,MES,ELECTRONIC_SIGNATURE,ESIG-00031,MESOP-00031,RESOLVED,2026-07-14T09:20:00-06:00,2026-09-26T08:00:00-06:00,2026-06-29T00:00:00-06:00,,1,,false,ACTIVE,,,VALID,CURRENT,coolit-synthetic-v2.0.0,ALL_SYNTHETIC_CUSTOMERS,ALL_SYNTHETIC_PROGRAMS,CFG-CPL-01,SYNTHETIC_PSEUDONYMOUS_WORKFORCE,SNP-COOLIT-20260925-BL,SCN-BASELINE,ESIG-00031,MES_OPERATION,MESOP-00031,OPR-031,OPERATION_COMPLETION,2026-07-14T09:20:00-06:00,SYNTHETIC_BADGE_AND_PIN,VALID,3e8183719c260152b8fefff6edd093175890ae05074436006c1edbdc5a751710,NOT_REVOKED
TEN-COOLIT-SYN-001,SITE-COOLIT-SYN-01,MES,ELECTRONIC_SIGNATURE,ESIG-00032,MESOP-00032,RESOLVED,2026-07-15T10:20:00-06:00,2026-09-26T08:00:00-06:00,2026-06-29T00:00:00-06:00,,1,,false,ACTIVE,,,VALID,CURRENT,coolit-synthetic-v2.0.0,ALL_SYNTHETIC_CUSTOMERS,ALL_SYNTHETIC_PROGRAMS,CFG-CPL-01,SYNTHETIC_PSEUDONYMOUS_WORKFORCE,SNP-COOLIT-20260925-BL,SCN-BASELINE,ESIG-00032,MES_OPERATION,MESOP-00032,OPR-032,OPERATION_COMPLETION,2026-07-15T10:20:00-06:00,SYNTHETIC_BADGE_AND_PIN,VALID,1656e2c91b77778e1da72d56e106c38f2931524559f38eea2430ea4c16af9985,NOT_REVOKED
TEN-COOLIT-SYN-001,SITE-COOLIT-SYN-01,MES,ELECTRONIC_SIGNATURE,ESIG-00033,MESOP-00033,RESOLVED,2026-07-16T11:20:00-06:00,2026-09-26T08:00:00-06:00,2026-06-29T00:00:00-06:00,,1,,false,ACTIVE,,,VALID,CURRENT,coolit-synthetic-v2.0.0,ALL_SYNTHETIC_CUSTOMERS,ALL_SYNTHETIC_PROGRAMS,CFG-CPL-01,SYNTHETIC_PSEUDONYMOUS_WORKFORCE,SNP-COOLIT-20260925-BL,SCN-BASELINE,ESIG-00033,MES_OPERATION,MESOP-00033,OPR-033,OPERATION_COMPLETION,2026-07-16T11:20:00-06:00,SYNTHETIC_BADGE_AND_PIN,VALID,3241bdda1e92ec019a1ee16791f55bff634190fab69cdede7c99fa180655210b,NOT_REVOKED
TEN-COOLIT-SYN-001,SITE-COOLIT-SYN-01,MES,ELECTRONIC_SIGNATURE,ESIG-00034,MESOP-00034,RESOLVED,2026-07-17T12:20:00-06:00,2026-09-26T08:00:00-06:00,2026-06-29T00:00:00-06:00,,1,,false,ACTIVE,,,VALID,CURRENT,coolit-synthetic-v2.0.0,ALL_SYNTHETIC_CUSTOMERS,ALL_SYNTHETIC_PROGRAMS,CFG-CPL-01,SYNTHETIC_PSEUDONYMOUS_WORKFORCE,SNP-COOLIT-20260925-BL,SCN-BASELINE,ESIG-00034,MES_OPERATION,MESOP-00034,OPR-034,TEST_RESULT_ATTESTATION,2026-07-17T12:20:00-06:00,SYNTHETIC_BADGE_AND_PIN,VALID,98985902b7f1c547da603b190d6e65350b5235ce6afad48694da7cca21c42e71,NOT_REVOKED
TEN-COOLIT-SYN-001,SITE-COOLIT-SYN-01,MES,ELECTRONIC_SIGNATURE,ESIG-00035,MESOP-00035,RESOLVED,2026-07-18T13:20:00-06:00,2026-09-26T08:00:00-06:00,2026-06-29T00:00:00-06:00,,1,,false,ACTIVE,,,VALID,CURRENT,coolit-synthetic-v2.0.0,ALL_SYNTHETIC_CUSTOMERS,ALL_SYNTHETIC_PROGRAMS,CFG-CPL-01,SYNTHETIC_PSEUDONYMOUS_WORKFORCE,SNP-COOLIT-20260925-BL,SCN-BASELINE,ESIG-00035,MES_OPERATION,MESOP-00035,OPR-035,TEST_RESULT_ATTESTATION,2026-07-18T13:20:00-06:00,SYNTHETIC_BADGE_AND_PIN,VALID,04c015725e6ff6c63943209420f9cdab4f54defb3fc1af8eaaf58fba4c019f06,NOT_REVOKED
TEN-COOLIT-SYN-001,SITE-COOLIT-SYN-01,MES,ELECTRONIC_SIGNATURE,ESIG-00036,MESOP-00036,RESOLVED,2026-07-19T09:20:00-06:00,2026-09-26T08:00:00-06:00,2026-06-29T00:00:00-06:00,,1,,false,ACTIVE,,,VALID,CURRENT,coolit-synthetic-v2.0.0,ALL_SYNTHETIC_CUSTOMERS,ALL_SYNTHETIC_PROGRAMS,CFG-CPL-01,SYNTHETIC_PSEUDONYMOUS_WORKFORCE,SNP-COOLIT-20260925-BL,SCN-BASELINE,ESIG-00036,MES_OPERATION,MESOP-00036,OPR-036,TEST_RESULT_ATTESTATION,2026-07-19T09:20:00-06:00,SYNTHETIC_BADGE_AND_PIN,VALID,03f06684c264177ba5b625bfdd0f85fb4afe6712f4703fbcf06a403e7b819b69,NOT_REVOKED
TEN-COOLIT-SYN-001,SITE-COOLIT-SYN-01,MES,ELECTRONIC_SIGNATURE,ESIG-00037,MESOP-00037,RESOLVED,2026-07-17T09:20:00-06:00,2026-09-26T08:00:00-06:00,2026-06-29T00:00:00-06:00,,1,,false,ACTIVE,,,VALID,CURRENT,coolit-synthetic-v2.0.0,ALL_SYNTHETIC_CUSTOMERS,ALL_SYNTHETIC_PROGRAMS,CFG-RM-04,SYNTHETIC_PSEUDONYMOUS_WORKFORCE,SNP-COOLIT-20260925-BL,SCN-BASELINE,ESIG-00037,MES_OPERATION,MESOP-00037,OPR-001,OPERATION_COMPLETION,2026-07-17T09:20:00-06:00,SYNTHETIC_BADGE_AND_PIN,VALID,01feb68ffca2ab1b522a3225cdf8e910c1d4733261686ef202f0fc357f7cfad7,NOT_REVOKED
TEN-COOLIT-SYN-001,SITE-COOLIT-SYN-01,MES,ELECTRONIC_SIGNATURE,ESIG-00038,MESOP-00038,RESOLVED,2026-07-18T10:20:00-06:00,2026-09-26T08:00:00-06:00,2026-06-29T00:00:00-06:00,,1,,false,ACTIVE,,,VALID,CURRENT,coolit-synthetic-v2.0.0,ALL_SYNTHETIC_CUSTOMERS,ALL_SYNTHETIC_PROGRAMS,CFG-RM-04,SYNTHETIC_PSEUDONYMOUS_WORKFORCE,SNP-COOLIT-20260925-BL,SCN-BASELINE,ESIG-00038,MES_OPERATION,MESOP-00038,OPR-002,OPERATION_COMPLETION,2026-07-18T10:20:00-06:00,SYNTHETIC_BADGE_AND_PIN,VALID,05efa3f1d7cff62e363c003971b4bb66fa6553bb226569d7a8fbf5b70a4344ed,NOT_REVOKED
TEN-COOLIT-SYN-001,SITE-COOLIT-SYN-01,MES,ELECTRONIC_SIGNATURE,ESIG-00039,MESOP-00039,RESOLVED,2026-07-19T11:20:00-06:00,2026-09-26T08:00:00-06:00,2026-06-29T00:00:00-06:00,,1,,false,ACTIVE,,,VALID,CURRENT,coolit-synthetic-v2.0.0,ALL_SYNTHETIC_CUSTOMERS,ALL_SYNTHETIC_PROGRAMS,CFG-RM-04,SYNTHETIC_PSEUDONYMOUS_WORKFORCE,SNP-COOLIT-20260925-BL,SCN-BASELINE,ESIG-00039,MES_OPERATION,MESOP-00039,OPR-003,OPERATION_COMPLETION,2026-07-19T11:20:00-06:00,SYNTHETIC_BADGE_AND_PIN,VALID,2fc1df984b293095f43bfad0f32b94fa613715718086eb0d984f5c8d949a9e07,NOT_REVOKED
TEN-COOLIT-SYN-001,SITE-COOLIT-SYN-01,MES,ELECTRONIC_SIGNATURE,ESIG-00040,MESOP-00040,RESOLVED,2026-07-20T12:20:00-06:00,2026-09-26T08:00:00-06:00,2026-06-29T00:00:00-06:00,,1,,false,ACTIVE,,,VALID,CURRENT,coolit-synthetic-v2.0.0,ALL_SYNTHETIC_CUSTOMERS,ALL_SYNTHETIC_PROGRAMS,CFG-RM-04,SYNTHETIC_PSEUDONYMOUS_WORKFORCE,SNP-COOLIT-20260925-BL,SCN-BASELINE,ESIG-00040,MES_OPERATION,MESOP-00040,OPR-004,TEST_RESULT_ATTESTATION,2026-07-20T12:20:00-06:00,SYNTHETIC_BADGE_AND_PIN,VALID,ee30e026e2b8c38652caf4bf61f73747155dab967a85b6feec4a7609e6f7e967,NOT_REVOKED
TEN-COOLIT-SYN-001,SITE-COOLIT-SYN-01,MES,ELECTRONIC_SIGNATURE,ESIG-00041,MESOP-00041,RESOLVED,2026-07-21T13:20:00-06:00,2026-09-26T08:00:00-06:00,2026-06-29T00:00:00-06:00,,1,,false,ACTIVE,,,VALID,CURRENT,coolit-synthetic-v2.0.0,ALL_SYNTHETIC_CUSTOMERS,ALL_SYNTHETIC_PROGRAMS,CFG-RM-04,SYNTHETIC_PSEUDONYMOUS_WORKFORCE,SNP-COOLIT-20260925-BL,SCN-BASELINE,ESIG-00041,MES_OPERATION,MESOP-00041,OPR-005,TEST_RESULT_ATTESTATION,2026-07-21T13:20:00-06:00,SYNTHETIC_BADGE_AND_PIN,VALID,aaea448958d132ac73a279b0a6e0977bc5d695521383d6062399be2fd61d7b7b,NOT_REVOKED
TEN-COOLIT-SYN-001,SITE-COOLIT-SYN-01,MES,ELECTRONIC_SIGNATURE,ESIG-00042,MESOP-00042,RESOLVED,2026-07-22T09:20:00-06:00,2026-09-26T08:00:00-06:00,2026-06-29T00:00:00-06:00,,1,,false,ACTIVE,,,VALID,CURRENT,coolit-synthetic-v2.0.0,ALL_SYNTHETIC_CUSTOMERS,ALL_SYNTHETIC_PROGRAMS,CFG-RM-04,SYNTHETIC_PSEUDONYMOUS_WORKFORCE,SNP-COOLIT-20260925-BL,SCN-BASELINE,ESIG-00042,MES_OPERATION,MESOP-00042,OPR-006,TEST_RESULT_ATTESTATION,2026-07-22T09:20:00-06:00,SYNTHETIC_BADGE_AND_PIN,VALID,725fad10ca02ee8b631dbe2d42ba8b644b8a5e58b64f8d92971e3703556736e5,NOT_REVOKED
TEN-COOLIT-SYN-001,SITE-COOLIT-SYN-01,MES,ELECTRONIC_SIGNATURE,ESIG-00043,MESOP-00043,RESOLVED,2026-07-20T09:20:00-06:00,2026-09-26T08:00:00-06:00,2026-06-29T00:00:00-06:00,,1,,false,ACTIVE,,,VALID,CURRENT,coolit-synthetic-v2.0.0,ALL_SYNTHETIC_CUSTOMERS,ALL_SYNTHETIC_PROGRAMS,CFG-CPL-03,SYNTHETIC_PSEUDONYMOUS_WORKFORCE,SNP-COOLIT-20260925-BL,SCN-BASELINE,ESIG-00043,MES_OPERATION,MESOP-00043,OPR-007,OPERATION_COMPLETION,2026-07-20T09:20:00-06:00,SYNTHETIC_BADGE_AND_PIN,VALID,60a671ac1a61048e44c3d9ed98e45c07e794f07328e30dbaf695e47e26b5e98e,NOT_REVOKED
TEN-COOLIT-SYN-001,SITE-COOLIT-SYN-01,MES,ELECTRONIC_SIGNATURE,ESIG-00044,MESOP-00044,RESOLVED,2026-07-21T10:20:00-06:00,2026-09-26T08:00:00-06:00,2026-06-29T00:00:00-06:00,,1,,false,ACTIVE,,,VALID,CURRENT,coolit-synthetic-v2.0.0,ALL_SYNTHETIC_CUSTOMERS,ALL_SYNTHETIC_PROGRAMS,CFG-CPL-03,SYNTHETIC_PSEUDONYMOUS_WORKFORCE,SNP-COOLIT-20260925-BL,SCN-BASELINE,ESIG-00044,MES_OPERATION,MESOP-00044,OPR-008,OPERATION_COMPLETION,2026-07-21T10:20:00-06:00,SYNTHETIC_BADGE_AND_PIN,VALID,5e0959fae72bd2d4b88756f24a38437cdf357a26ecdf1fdb05c1dc25c61b36de,NOT_REVOKED
TEN-COOLIT-SYN-001,SITE-COOLIT-SYN-01,MES,ELECTRONIC_SIGNATURE,ESIG-00045,MESOP-00045,RESOLVED,2026-07-22T11:20:00-06:00,2026-09-26T08:00:00-06:00,2026-06-29T00:00:00-06:00,,1,,false,ACTIVE,,,VALID,CURRENT,coolit-synthetic-v2.0.0,ALL_SYNTHETIC_CUSTOMERS,ALL_SYNTHETIC_PROGRAMS,CFG-CPL-03,SYNTHETIC_PSEUDONYMOUS_WORKFORCE,SNP-COOLIT-20260925-BL,SCN-BASELINE,ESIG-00045,MES_OPERATION,MESOP-00045,OPR-009,OPERATION_COMPLETION,2026-07-22T11:20:00-06:00,SYNTHETIC_BADGE_AND_PIN,VALID,f61adfef34f82cc5501be2f5e1ce7c30cbb31e4fb719c708768301ea006f5142,NOT_REVOKED
TEN-COOLIT-SYN-001,SITE-COOLIT-SYN-01,MES,ELECTRONIC_SIGNATURE,ESIG-00046,MESOP-00046,RESOLVED,2026-07-23T12:20:00-06:00,2026-09-26T08:00:00-06:00,2026-06-29T00:00:00-06:00,,1,,false,ACTIVE,,,VALID,CURRENT,coolit-synthetic-v2.0.0,ALL_SYNTHETIC_CUSTOMERS,ALL_SYNTHETIC_PROGRAMS,CFG-CPL-03,SYNTHETIC_PSEUDONYMOUS_WORKFORCE,SNP-COOLIT-20260925-BL,SCN-BASELINE,ESIG-00046,MES_OPERATION,MESOP-00046,OPR-010,TEST_RESULT_ATTESTATION,2026-07-23T12:20:00-06:00,SYNTHETIC_BADGE_AND_PIN,VALID,af1d114c1b07e3f77d021f355be1aecad9cfa572c7eab134485079677c7ff7ac,NOT_REVOKED
TEN-COOLIT-SYN-001,SITE-COOLIT-SYN-01,MES,ELECTRONIC_SIGNATURE,ESIG-00047,MESOP-00047,RESOLVED,2026-07-24T13:20:00-06:00,2026-09-26T08:00:00-06:00,2026-06-29T00:00:00-06:00,,1,,false,ACTIVE,,,VALID,CURRENT,coolit-synthetic-v2.0.0,ALL_SYNTHETIC_CUSTOMERS,ALL_SYNTHETIC_PROGRAMS,CFG-CPL-03,SYNTHETIC_PSEUDONYMOUS_WORKFORCE,SNP-COOLIT-20260925-BL,SCN-BASELINE,ESIG-00047,MES_OPERATION,MESOP-00047,OPR-011,TEST_RESULT_ATTESTATION,2026-07-24T13:20:00-06:00,SYNTHETIC_BADGE_AND_PIN,VALID,13b5d373b7757a2619a994f681383ae56b15723c49ecb0d657da45b2da5d6cf6,NOT_REVOKED
TEN-COOLIT-SYN-001,SITE-COOLIT-SYN-01,MES,ELECTRONIC_SIGNATURE,ESIG-00048,MESOP-00048,RESOLVED,2026-07-25T09:20:00-06:00,2026-09-26T08:00:00-06:00,2026-06-29T00:00:00-06:00,,1,,false,ACTIVE,,,VALID,CURRENT,coolit-synthetic-v2.0.0,ALL_SYNTHETIC_CUSTOMERS,ALL_SYNTHETIC_PROGRAMS,CFG-CPL-03,SYNTHETIC_PSEUDONYMOUS_WORKFORCE,SNP-COOLIT-20260925-BL,SCN-BASELINE,ESIG-00048,MES_OPERATION,MESOP-00048,OPR-012,TEST_RESULT_ATTESTATION,2026-07-25T09:20:00-06:00,SYNTHETIC_BADGE_AND_PIN,VALID,01877e3c639f2b76849cc86ff6e64913b3a0f85af47a7ded4335c3a294884444,NOT_REVOKED
TEN-COOLIT-SYN-001,SITE-COOLIT-SYN-01,MES,ELECTRONIC_SIGNATURE,ESIG-00049,MESOP-00049,RESOLVED,2026-07-23T09:20:00-06:00,2026-09-26T08:00:00-06:00,2026-06-29T00:00:00-06:00,,1,,false,ACTIVE,,,VALID,CURRENT,coolit-synthetic-v2.0.0,ALL_SYNTHETIC_CUSTOMERS,ALL_SYNTHETIC_PROGRAMS,CFG-CDU-02,SYNTHETIC_PSEUDONYMOUS_WORKFORCE,SNP-COOLIT-20260925-BL,SCN-BASELINE,ESIG-00049,MES_OPERATION,MESOP-00049,OPR-013,OPERATION_COMPLETION,2026-07-23T09:20:00-06:00,SYNTHETIC_BADGE_AND_PIN,VALID,e94d9ab700b3243c46de719172507a14e39b31f8b97812ee070be7d7baf2e12d,NOT_REVOKED
TEN-COOLIT-SYN-001,SITE-COOLIT-SYN-01,MES,ELECTRONIC_SIGNATURE,ESIG-00050,MESOP-00050,RESOLVED,2026-07-24T10:20:00-06:00,2026-09-26T08:00:00-06:00,2026-06-29T00:00:00-06:00,,1,,false,ACTIVE,,,VALID,CURRENT,coolit-synthetic-v2.0.0,ALL_SYNTHETIC_CUSTOMERS,ALL_SYNTHETIC_PROGRAMS,CFG-CDU-02,SYNTHETIC_PSEUDONYMOUS_WORKFORCE,SNP-COOLIT-20260925-BL,SCN-BASELINE,ESIG-00050,MES_OPERATION,MESOP-00050,OPR-014,OPERATION_COMPLETION,2026-07-24T10:20:00-06:00,SYNTHETIC_BADGE_AND_PIN,VALID,e3e2f01d4314604b24c0490ebcc2cbb323821dbb8eddbd89fd4aa5dad87e67b4,NOT_REVOKED
TEN-COOLIT-SYN-001,SITE-COOLIT-SYN-01,MES,ELECTRONIC_SIGNATURE,ESIG-00051,MESOP-00051,RESOLVED,2026-07-25T11:20:00-06:00,2026-09-26T08:00:00-06:00,2026-06-29T00:00:00-06:00,,1,,false,ACTIVE,,,VALID,CURRENT,coolit-synthetic-v2.0.0,ALL_SYNTHETIC_CUSTOMERS,ALL_SYNTHETIC_PROGRAMS,CFG-CDU-02,SYNTHETIC_PSEUDONYMOUS_WORKFORCE,SNP-COOLIT-20260925-BL,SCN-BASELINE,ESIG-00051,MES_OPERATION,MESOP-00051,OPR-015,OPERATION_COMPLETION,2026-07-25T11:20:00-06:00,SYNTHETIC_BADGE_AND_PIN,VALID,2e0b291cb9e9b0853d67bbbbaa1afef9da117d702bd0e641c91184a3fc969731,NOT_REVOKED
TEN-COOLIT-SYN-001,SITE-COOLIT-SYN-01,MES,ELECTRONIC_SIGNATURE,ESIG-00052,MESOP-00052,RESOLVED,2026-07-26T12:20:00-06:00,2026-09-26T08:00:00-06:00,2026-06-29T00:00:00-06:00,,1,,false,ACTIVE,,,VALID,CURRENT,coolit-synthetic-v2.0.0,ALL_SYNTHETIC_CUSTOMERS,ALL_SYNTHETIC_PROGRAMS,CFG-CDU-02,SYNTHETIC_PSEUDONYMOUS_WORKFORCE,SNP-COOLIT-20260925-BL,SCN-BASELINE,ESIG-00052,MES_OPERATION,MESOP-00052,OPR-016,TEST_RESULT_ATTESTATION,2026-07-26T12:20:00-06:00,SYNTHETIC_BADGE_AND_PIN,VALID,f9f4bd5f179c5d8a2ad817d92806ddce7522642bb5a9e955ccf571ce44d19b9c,NOT_REVOKED
TEN-COOLIT-SYN-001,SITE-COOLIT-SYN-01,MES,ELECTRONIC_SIGNATURE,ESIG-00053,MESOP-00053,RESOLVED,2026-07-27T13:20:00-06:00,2026-09-26T08:00:00-06:00,2026-06-29T00:00:00-06:00,,1,,false,ACTIVE,,,VALID,CURRENT,coolit-synthetic-v2.0.0,ALL_SYNTHETIC_CUSTOMERS,ALL_SYNTHETIC_PROGRAMS,CFG-CDU-02,SYNTHETIC_PSEUDONYMOUS_WORKFORCE,SNP-COOLIT-20260925-BL,SCN-BASELINE,ESIG-00053,MES_OPERATION,MESOP-00053,OPR-017,TEST_RESULT_ATTESTATION,2026-07-27T13:20:00-06:00,SYNTHETIC_BADGE_AND_PIN,VALID,db2d6f7f6e4c24c5c15b328e02c4429649394eab2e65d4412c45922daba32a21,NOT_REVOKED
TEN-COOLIT-SYN-001,SITE-COOLIT-SYN-01,MES,ELECTRONIC_SIGNATURE,ESIG-00054,MESOP-00054,RESOLVED,2026-07-28T09:20:00-06:00,2026-09-26T08:00:00-06:00,2026-06-29T00:00:00-06:00,,1,,false,ACTIVE,,,VALID,CURRENT,coolit-synthetic-v2.0.0,ALL_SYNTHETIC_CUSTOMERS,ALL_SYNTHETIC_PROGRAMS,CFG-CDU-02,SYNTHETIC_PSEUDONYMOUS_WORKFORCE,SNP-COOLIT-20260925-BL,SCN-BASELINE,ESIG-00054,MES_OPERATION,MESOP-00054,OPR-018,TEST_RESULT_ATTESTATION,2026-07-28T09:20:00-06:00,SYNTHETIC_BADGE_AND_PIN,VALID,80d56cf777175ceb26939c0f65347a1ab1bf61b0fe2406cf0f7d6471d21550cd,NOT_REVOKED
TEN-COOLIT-SYN-001,SITE-COOLIT-SYN-01,MES,ELECTRONIC_SIGNATURE,ESIG-00055,MESOP-00055,RESOLVED,2026-07-26T09:20:00-06:00,2026-09-26T08:00:00-06:00,2026-06-29T00:00:00-06:00,,1,,false,ACTIVE,,,VALID,CURRENT,coolit-synthetic-v2.0.0,ALL_SYNTHETIC_CUSTOMERS,ALL_SYNTHETIC_PROGRAMS,CFG-RM-01,SYNTHETIC_PSEUDONYMOUS_WORKFORCE,SNP-COOLIT-20260925-BL,SCN-BASELINE,ESIG-00055,MES_OPERATION,MESOP-00055,OPR-019,OPERATION_COMPLETION,2026-07-26T09:20:00-06:00,SYNTHETIC_BADGE_AND_PIN,VALID,97f105d5e82b0587890818b56ec7554dbd54a8142ed694170dc4f460adbb7048,NOT_REVOKED
TEN-COOLIT-SYN-001,SITE-COOLIT-SYN-01,MES,ELECTRONIC_SIGNATURE,ESIG-00056,MESOP-00056,RESOLVED,2026-07-27T10:20:00-06:00,2026-09-26T08:00:00-06:00,2026-06-29T00:00:00-06:00,,1,,false,ACTIVE,,,VALID,CURRENT,coolit-synthetic-v2.0.0,ALL_SYNTHETIC_CUSTOMERS,ALL_SYNTHETIC_PROGRAMS,CFG-RM-01,SYNTHETIC_PSEUDONYMOUS_WORKFORCE,SNP-COOLIT-20260925-BL,SCN-BASELINE,ESIG-00056,MES_OPERATION,MESOP-00056,OPR-020,OPERATION_COMPLETION,2026-07-27T10:20:00-06:00,SYNTHETIC_BADGE_AND_PIN,VALID,6485c88a1691e5ff7e3333a3e1d4533546a785ea2cbe90361bc0b28a4a3041f6,NOT_REVOKED
TEN-COOLIT-SYN-001,SITE-COOLIT-SYN-01,MES,ELECTRONIC_SIGNATURE,ESIG-00057,MESOP-00057,RESOLVED,2026-07-28T11:20:00-06:00,2026-09-26T08:00:00-06:00,2026-06-29T00:00:00-06:00,,1,,false,ACTIVE,,,VALID,CURRENT,coolit-synthetic-v2.0.0,ALL_SYNTHETIC_CUSTOMERS,ALL_SYNTHETIC_PROGRAMS,CFG-RM-01,SYNTHETIC_PSEUDONYMOUS_WORKFORCE,SNP-COOLIT-20260925-BL,SCN-BASELINE,ESIG-00057,MES_OPERATION,MESOP-00057,OPR-021,OPERATION_COMPLETION,2026-07-28T11:20:00-06:00,SYNTHETIC_BADGE_AND_PIN,VALID,ee4ff4bdcca91f1a15ed30d4125f1e977afd95084e5900c5deabd2637266b368,NOT_REVOKED
TEN-COOLIT-SYN-001,SITE-COOLIT-SYN-01,MES,ELECTRONIC_SIGNATURE,ESIG-00058,MESOP-00058,RESOLVED,2026-07-29T12:20:00-06:00,2026-09-26T08:00:00-06:00,2026-06-29T00:00:00-06:00,,1,,false,ACTIVE,,,VALID,CURRENT,coolit-synthetic-v2.0.0,ALL_SYNTHETIC_CUSTOMERS,ALL_SYNTHETIC_PROGRAMS,CFG-RM-01,SYNTHETIC_PSEUDONYMOUS_WORKFORCE,SNP-COOLIT-20260925-BL,SCN-BASELINE,ESIG-00058,MES_OPERATION,MESOP-00058,OPR-022,TEST_RESULT_ATTESTATION,2026-07-29T12:20:00-06:00,SYNTHETIC_BADGE_AND_PIN,VALID,0f313d4890b3577b1247f48e5474cf0623adde506b3a5e457da4cae98af471b2,NOT_REVOKED
TEN-COOLIT-SYN-001,SITE-COOLIT-SYN-01,MES,ELECTRONIC_SIGNATURE,ESIG-00059,MESOP-00059,RESOLVED,2026-07-30T13:20:00-06:00,2026-09-26T08:00:00-06:00,2026-06-29T00:00:00-06:00,,1,,false,ACTIVE,,,VALID,CURRENT,coolit-synthetic-v2.0.0,ALL_SYNTHETIC_CUSTOMERS,ALL_SYNTHETIC_PROGRAMS,CFG-RM-01,SYNTHETIC_PSEUDONYMOUS_WORKFORCE,SNP-COOLIT-20260925-BL,SCN-BASELINE,ESIG-00059,MES_OPERATION,MESOP-00059,OPR-023,TEST_RESULT_ATTESTATION,2026-07-30T13:20:00-06:00,SYNTHETIC_BADGE_AND_PIN,VALID,8f612a53b18bf5c443c5eba224c5faa4960ec8cc0404a194a0ab2f2076717f18,NOT_REVOKED
TEN-COOLIT-SYN-001,SITE-COOLIT-SYN-01,MES,ELECTRONIC_SIGNATURE,ESIG-00060,MESOP-00060,RESOLVED,2026-07-31T09:20:00-06:00,2026-09-26T08:00:00-06:00,2026-06-29T00:00:00-06:00,,1,,false,ACTIVE,,,VALID,CURRENT,coolit-synthetic-v2.0.0,ALL_SYNTHETIC_CUSTOMERS,ALL_SYNTHETIC_PROGRAMS,CFG-RM-01,SYNTHETIC_PSEUDONYMOUS_WORKFORCE,SNP-COOLIT-20260925-BL,SCN-BASELINE,ESIG-00060,MES_OPERATION,MESOP-00060,OPR-024,TEST_RESULT_ATTESTATION,2026-07-31T09:20:00-06:00,SYNTHETIC_BADGE_AND_PIN,VALID,f1cf2f5760ffaf6892666cce34acf7bd1a32928c67b8b230b2d292f3ff7d8009,NOT_REVOKED
TEN-COOLIT-SYN-001,SITE-COOLIT-SYN-01,MES,ELECTRONIC_SIGNATURE,ESIG-00061,MESOP-00061,RESOLVED,2026-07-29T09:20:00-06:00,2026-09-26T08:00:00-06:00,2026-06-29T00:00:00-06:00,,1,,false,ACTIVE,,,VALID,CURRENT,coolit-synthetic-v2.0.0,ALL_SYNTHETIC_CUSTOMERS,ALL_SYNTHETIC_PROGRAMS,CFG-CDU-04,SYNTHETIC_PSEUDONYMOUS_WORKFORCE,SNP-COOLIT-20260925-BL,SCN-BASELINE,ESIG-00061,MES_OPERATION,MESOP-00061,OPR-025,OPERATION_COMPLETION,2026-07-29T09:20:00-06:00,SYNTHETIC_BADGE_AND_PIN,VALID,a586eb36643fe6fa52cd2b828483a84779e7726f0cd5bd1fab2cebbdabed51ce,NOT_REVOKED
TEN-COOLIT-SYN-001,SITE-COOLIT-SYN-01,MES,ELECTRONIC_SIGNATURE,ESIG-00062,MESOP-00062,RESOLVED,2026-07-30T10:20:00-06:00,2026-09-26T08:00:00-06:00,2026-06-29T00:00:00-06:00,,1,,false,ACTIVE,,,VALID,CURRENT,coolit-synthetic-v2.0.0,ALL_SYNTHETIC_CUSTOMERS,ALL_SYNTHETIC_PROGRAMS,CFG-CDU-04,SYNTHETIC_PSEUDONYMOUS_WORKFORCE,SNP-COOLIT-20260925-BL,SCN-BASELINE,ESIG-00062,MES_OPERATION,MESOP-00062,OPR-026,OPERATION_COMPLETION,2026-07-30T10:20:00-06:00,SYNTHETIC_BADGE_AND_PIN,VALID,44d908eef5624929173de49d6b259132d82e0bf2ae740cd10cd03239b707097c,NOT_REVOKED
TEN-COOLIT-SYN-001,SITE-COOLIT-SYN-01,MES,ELECTRONIC_SIGNATURE,ESIG-00063,MESOP-00063,RESOLVED,2026-07-31T11:20:00-06:00,2026-09-26T08:00:00-06:00,2026-06-29T00:00:00-06:00,,1,,false,ACTIVE,,,VALID,CURRENT,coolit-synthetic-v2.0.0,ALL_SYNTHETIC_CUSTOMERS,ALL_SYNTHETIC_PROGRAMS,CFG-CDU-04,SYNTHETIC_PSEUDONYMOUS_WORKFORCE,SNP-COOLIT-20260925-BL,SCN-BASELINE,ESIG-00063,MES_OPERATION,MESOP-00063,OPR-027,OPERATION_COMPLETION,2026-07-31T11:20:00-06:00,SYNTHETIC_BADGE_AND_PIN,VALID,7a4888c13b21b30878026c23f529d0abd213689044e4db2f514a678dd0ca9bf2,NOT_REVOKED
TEN-COOLIT-SYN-001,SITE-COOLIT-SYN-01,MES,ELECTRONIC_SIGNATURE,ESIG-00064,MESOP-00064,RESOLVED,2026-08-01T12:20:00-06:00,2026-09-26T08:00:00-06:00,2026-06-29T00:00:00-06:00,,1,,false,ACTIVE,,,VALID,CURRENT,coolit-synthetic-v2.0.0,ALL_SYNTHETIC_CUSTOMERS,ALL_SYNTHETIC_PROGRAMS,CFG-CDU-04,SYNTHETIC_PSEUDONYMOUS_WORKFORCE,SNP-COOLIT-20260925-BL,SCN-BASELINE,ESIG-00064,MES_OPERATION,MESOP-00064,OPR-028,TEST_RESULT_ATTESTATION,2026-08-01T12:20:00-06:00,SYNTHETIC_BADGE_AND_PIN,VALID,4a63805c52165fce66bf2cf178a1f20e82b9b35bc10a92370ccea2010fba7eba,NOT_REVOKED
TEN-COOLIT-SYN-001,SITE-COOLIT-SYN-01,MES,ELECTRONIC_SIGNATURE,ESIG-00065,MESOP-00065,RESOLVED,2026-08-02T13:20:00-06:00,2026-09-26T08:00:00-06:00,2026-06-29T00:00:00-06:00,,1,,false,ACTIVE,,,VALID,CURRENT,coolit-synthetic-v2.0.0,ALL_SYNTHETIC_CUSTOMERS,ALL_SYNTHETIC_PROGRAMS,CFG-CDU-04,SYNTHETIC_PSEUDONYMOUS_WORKFORCE,SNP-COOLIT-20260925-BL,SCN-BASELINE,ESIG-00065,MES_OPERATION,MESOP-00065,OPR-029,TEST_RESULT_ATTESTATION,2026-08-02T13:20:00-06:00,SYNTHETIC_BADGE_AND_PIN,VALID,2ea45c2f1d42e471e78c30b71d67655ad92be55883bd664d08e37d0bd73f0290,NOT_REVOKED
TEN-COOLIT-SYN-001,SITE-COOLIT-SYN-01,MES,ELECTRONIC_SIGNATURE,ESIG-00066,MESOP-00066,RESOLVED,2026-08-03T09:20:00-06:00,2026-09-26T08:00:00-06:00,2026-06-29T00:00:00-06:00,,1,,false,ACTIVE,,,VALID,CURRENT,coolit-synthetic-v2.0.0,ALL_SYNTHETIC_CUSTOMERS,ALL_SYNTHETIC_PROGRAMS,CFG-CDU-04,SYNTHETIC_PSEUDONYMOUS_WORKFORCE,SNP-COOLIT-20260925-BL,SCN-BASELINE,ESIG-00066,MES_OPERATION,MESOP-00066,OPR-030,TEST_RESULT_ATTESTATION,2026-08-03T09:20:00-06:00,SYNTHETIC_BADGE_AND_PIN,VALID,d135b05a16486f9b6567833fbec60052690bd4d4573b2d5ca48023a3a0673254,NOT_REVOKED
TEN-COOLIT-SYN-001,SITE-COOLIT-SYN-01,MES,ELECTRONIC_SIGNATURE,ESIG-00067,MESOP-00067,RESOLVED,2026-08-01T09:20:00-06:00,2026-09-26T08:00:00-06:00,2026-06-29T00:00:00-06:00,,1,,false,ACTIVE,,,VALID,CURRENT,coolit-synthetic-v2.0.0,ALL_SYNTHETIC_CUSTOMERS,ALL_SYNTHETIC_PROGRAMS,CFG-RM-03,SYNTHETIC_PSEUDONYMOUS_WORKFORCE,SNP-COOLIT-20260925-BL,SCN-BASELINE,ESIG-00067,MES_OPERATION,MESOP-00067,OPR-031,OPERATION_COMPLETION,2026-08-01T09:20:00-06:00,SYNTHETIC_BADGE_AND_PIN,VALID,68155a8304254c175d894e16fccecfec5efeb16faabfb574fc9fa6a3b8b2430e,NOT_REVOKED
TEN-COOLIT-SYN-001,SITE-COOLIT-SYN-01,MES,ELECTRONIC_SIGNATURE,ESIG-00068,MESOP-00068,RESOLVED,2026-08-02T10:20:00-06:00,2026-09-26T08:00:00-06:00,2026-06-29T00:00:00-06:00,,1,,false,ACTIVE,,,VALID,CURRENT,coolit-synthetic-v2.0.0,ALL_SYNTHETIC_CUSTOMERS,ALL_SYNTHETIC_PROGRAMS,CFG-RM-03,SYNTHETIC_PSEUDONYMOUS_WORKFORCE,SNP-COOLIT-20260925-BL,SCN-BASELINE,ESIG-00068,MES_OPERATION,MESOP-00068,OPR-032,OPERATION_COMPLETION,2026-08-02T10:20:00-06:00,SYNTHETIC_BADGE_AND_PIN,VALID,2b5e5ee8f871b45c5b59725da51b629a46b536432ccdb281b7bc0556c5e0aca9,NOT_REVOKED
TEN-COOLIT-SYN-001,SITE-COOLIT-SYN-01,MES,ELECTRONIC_SIGNATURE,ESIG-00069,MESOP-00069,RESOLVED,2026-08-03T11:20:00-06:00,2026-09-26T08:00:00-06:00,2026-06-29T00:00:00-06:00,,1,,false,ACTIVE,,,VALID,CURRENT,coolit-synthetic-v2.0.0,ALL_SYNTHETIC_CUSTOMERS,ALL_SYNTHETIC_PROGRAMS,CFG-RM-03,SYNTHETIC_PSEUDONYMOUS_WORKFORCE,SNP-COOLIT-20260925-BL,SCN-BASELINE,ESIG-00069,MES_OPERATION,MESOP-00069,OPR-033,OPERATION_COMPLETION,2026-08-03T11:20:00-06:00,SYNTHETIC_BADGE_AND_PIN,VALID,092c441fbdcf04d5df17c9736b5c0756db1417fca0c733961287ff8040eb7bc3,NOT_REVOKED
TEN-COOLIT-SYN-001,SITE-COOLIT-SYN-01,MES,ELECTRONIC_SIGNATURE,ESIG-00070,MESOP-00070,RESOLVED,2026-08-04T12:20:00-06:00,2026-09-26T08:00:00-06:00,2026-06-29T00:00:00-06:00,,1,,false,ACTIVE,,,VALID,CURRENT,coolit-synthetic-v2.0.0,ALL_SYNTHETIC_CUSTOMERS,ALL_SYNTHETIC_PROGRAMS,CFG-RM-03,SYNTHETIC_PSEUDONYMOUS_WORKFORCE,SNP-COOLIT-20260925-BL,SCN-BASELINE,ESIG-00070,MES_OPERATION,MESOP-00070,OPR-034,TEST_RESULT_ATTESTATION,2026-08-04T12:20:00-06:00,SYNTHETIC_BADGE_AND_PIN,VALID,60967dca2694c946e067c470650bf7056d8caed369c54f24b0d7671f8e882b4c,NOT_REVOKED
TEN-COOLIT-SYN-001,SITE-COOLIT-SYN-01,MES,ELECTRONIC_SIGNATURE,ESIG-00071,MESOP-00071,RESOLVED,2026-08-05T13:20:00-06:00,2026-09-26T08:00:00-06:00,2026-06-29T00:00:00-06:00,,1,,false,ACTIVE,,,VALID,CURRENT,coolit-synthetic-v2.0.0,ALL_SYNTHETIC_CUSTOMERS,ALL_SYNTHETIC_PROGRAMS,CFG-RM-03,SYNTHETIC_PSEUDONYMOUS_WORKFORCE,SNP-COOLIT-20260925-BL,SCN-BASELINE,ESIG-00071,MES_OPERATION,MESOP-00071,OPR-035,TEST_RESULT_ATTESTATION,2026-08-05T13:20:00-06:00,SYNTHETIC_BADGE_AND_PIN,VALID,c53f16ed37feb8aa71beeb4c90076e7d37622090590bd562caa1106f277ed15b,NOT_REVOKED
TEN-COOLIT-SYN-001,SITE-COOLIT-SYN-01,MES,ELECTRONIC_SIGNATURE,ESIG-00072,MESOP-00072,RESOLVED,2026-08-06T09:20:00-06:00,2026-09-26T08:00:00-06:00,2026-06-29T00:00:00-06:00,,1,,false,ACTIVE,,,VALID,CURRENT,coolit-synthetic-v2.0.0,ALL_SYNTHETIC_CUSTOMERS,ALL_SYNTHETIC_PROGRAMS,CFG-RM-03,SYNTHETIC_PSEUDONYMOUS_WORKFORCE,SNP-COOLIT-20260925-BL,SCN-BASELINE,ESIG-00072,MES_OPERATION,MESOP-00072,OPR-036,TEST_RESULT_ATTESTATION,2026-08-06T09:20:00-06:00,SYNTHETIC_BADGE_AND_PIN,VALID,6ed205b80d818d6d18fce8e1f8d8bd0af2266c234f54b7fb9daf301b8bb41f0b,NOT_REVOKED
TEN-COOLIT-SYN-001,SITE-COOLIT-SYN-01,MES,ELECTRONIC_SIGNATURE,ESIG-00073,MESOP-00073,RESOLVED,2026-08-04T09:20:00-06:00,2026-09-26T08:00:00-06:00,2026-06-29T00:00:00-06:00,,1,,false,ACTIVE,,,VALID,CURRENT,coolit-synthetic-v2.0.0,ALL_SYNTHETIC_CUSTOMERS,ALL_SYNTHETIC_PROGRAMS,CFG-CPL-02,SYNTHETIC_PSEUDONYMOUS_WORKFORCE,SNP-COOLIT-20260925-BL,SCN-BASELINE,ESIG-00073,MES_OPERATION,MESOP-00073,OPR-001,OPERATION_COMPLETION,2026-08-04T09:20:00-06:00,SYNTHETIC_BADGE_AND_PIN,VALID,3621d691500dc96157dc5c10a56e5ef05cbcaa8e4acea3c906580560c1275616,NOT_REVOKED
TEN-COOLIT-SYN-001,SITE-COOLIT-SYN-01,MES,ELECTRONIC_SIGNATURE,ESIG-00074,MESOP-00074,RESOLVED,2026-08-05T10:20:00-06:00,2026-09-26T08:00:00-06:00,2026-06-29T00:00:00-06:00,,1,,false,ACTIVE,,,VALID,CURRENT,coolit-synthetic-v2.0.0,ALL_SYNTHETIC_CUSTOMERS,ALL_SYNTHETIC_PROGRAMS,CFG-CPL-02,SYNTHETIC_PSEUDONYMOUS_WORKFORCE,SNP-COOLIT-20260925-BL,SCN-BASELINE,ESIG-00074,MES_OPERATION,MESOP-00074,OPR-002,OPERATION_COMPLETION,2026-08-05T10:20:00-06:00,SYNTHETIC_BADGE_AND_PIN,VALID,261eaea235d751a7b2cd2e0e28f6b088c355489b5da31cdd9bfb90e59326a531,NOT_REVOKED
TEN-COOLIT-SYN-001,SITE-COOLIT-SYN-01,MES,ELECTRONIC_SIGNATURE,ESIG-00075,MESOP-00075,RESOLVED,2026-08-06T11:20:00-06:00,2026-09-26T08:00:00-06:00,2026-06-29T00:00:00-06:00,,1,,false,ACTIVE,,,VALID,CURRENT,coolit-synthetic-v2.0.0,ALL_SYNTHETIC_CUSTOMERS,ALL_SYNTHETIC_PROGRAMS,CFG-CPL-02,SYNTHETIC_PSEUDONYMOUS_WORKFORCE,SNP-COOLIT-20260925-BL,SCN-BASELINE,ESIG-00075,MES_OPERATION,MESOP-00075,OPR-003,OPERATION_COMPLETION,2026-08-06T11:20:00-06:00,SYNTHETIC_BADGE_AND_PIN,VALID,d40ccb0dea321564267697f3c76b9e05841c09a19e8c9c8dfd482080bee9738c,NOT_REVOKED
TEN-COOLIT-SYN-001,SITE-COOLIT-SYN-01,MES,ELECTRONIC_SIGNATURE,ESIG-00076,MESOP-00076,RESOLVED,2026-08-07T12:20:00-06:00,2026-09-26T08:00:00-06:00,2026-06-29T00:00:00-06:00,,1,,false,ACTIVE,,,VALID,CURRENT,coolit-synthetic-v2.0.0,ALL_SYNTHETIC_CUSTOMERS,ALL_SYNTHETIC_PROGRAMS,CFG-CPL-02,SYNTHETIC_PSEUDONYMOUS_WORKFORCE,SNP-COOLIT-20260925-BL,SCN-BASELINE,ESIG-00076,MES_OPERATION,MESOP-00076,OPR-004,TEST_RESULT_ATTESTATION,2026-08-07T12:20:00-06:00,SYNTHETIC_BADGE_AND_PIN,VALID,ce2c7b48956b655b014bcf7591a1e53280bb87c35fd208d8b293fa4b397871b8,NOT_REVOKED
TEN-COOLIT-SYN-001,SITE-COOLIT-SYN-01,MES,ELECTRONIC_SIGNATURE,ESIG-00077,MESOP-00077,RESOLVED,2026-08-08T13:20:00-06:00,2026-09-26T08:00:00-06:00,2026-06-29T00:00:00-06:00,,1,,false,ACTIVE,,,VALID,CURRENT,coolit-synthetic-v2.0.0,ALL_SYNTHETIC_CUSTOMERS,ALL_SYNTHETIC_PROGRAMS,CFG-CPL-02,SYNTHETIC_PSEUDONYMOUS_WORKFORCE,SNP-COOLIT-20260925-BL,SCN-BASELINE,ESIG-00077,MES_OPERATION,MESOP-00077,OPR-005,TEST_RESULT_ATTESTATION,2026-08-08T13:20:00-06:00,SYNTHETIC_BADGE_AND_PIN,VALID,4c3cbc8004a318d88d248eae0927d51f2c1af87f423a5afa0b1e75b2f7bac82b,NOT_REVOKED
TEN-COOLIT-SYN-001,SITE-COOLIT-SYN-01,MES,ELECTRONIC_SIGNATURE,ESIG-00078,MESOP-00078,RESOLVED,2026-08-09T09:20:00-06:00,2026-09-26T08:00:00-06:00,2026-06-29T00:00:00-06:00,,1,,false,ACTIVE,,,VALID,CURRENT,coolit-synthetic-v2.0.0,ALL_SYNTHETIC_CUSTOMERS,ALL_SYNTHETIC_PROGRAMS,CFG-CPL-02,SYNTHETIC_PSEUDONYMOUS_WORKFORCE,SNP-COOLIT-20260925-BL,SCN-BASELINE,ESIG-00078,MES_OPERATION,MESOP-00078,OPR-006,TEST_RESULT_ATTESTATION,2026-08-09T09:20:00-06:00,SYNTHETIC_BADGE_AND_PIN,VALID,1e0411a6625922a25f341b620b65329c347dcfa861c19fcea44a73a57a64100a,NOT_REVOKED
TEN-COOLIT-SYN-001,SITE-COOLIT-SYN-01,MES,ELECTRONIC_SIGNATURE,ESIG-00079,MESOP-00079,RESOLVED,2026-08-07T09:20:00-06:00,2026-09-26T08:00:00-06:00,2026-06-29T00:00:00-06:00,,1,,false,ACTIVE,,,VALID,CURRENT,coolit-synthetic-v2.0.0,ALL_SYNTHETIC_CUSTOMERS,ALL_SYNTHETIC_PROGRAMS,CFG-CDU-01,SYNTHETIC_PSEUDONYMOUS_WORKFORCE,SNP-COOLIT-20260925-BL,SCN-BASELINE,ESIG-00079,MES_OPERATION,MESOP-00079,OPR-007,OPERATION_COMPLETION,2026-08-07T09:20:00-06:00,SYNTHETIC_BADGE_AND_PIN,VALID,95dc59fe32b898b9ec530402e07fb5dac9b445a976540f30d2a2613dced885e9,NOT_REVOKED
TEN-COOLIT-SYN-001,SITE-COOLIT-SYN-01,MES,ELECTRONIC_SIGNATURE,ESIG-00080,MESOP-00080,RESOLVED,2026-08-08T10:20:00-06:00,2026-09-26T08:00:00-06:00,2026-06-29T00:00:00-06:00,,1,,false,ACTIVE,,,VALID,CURRENT,coolit-synthetic-v2.0.0,ALL_SYNTHETIC_CUSTOMERS,ALL_SYNTHETIC_PROGRAMS,CFG-CDU-01,SYNTHETIC_PSEUDONYMOUS_WORKFORCE,SNP-COOLIT-20260925-BL,SCN-BASELINE,ESIG-00080,MES_OPERATION,MESOP-00080,OPR-008,OPERATION_COMPLETION,2026-08-08T10:20:00-06:00,SYNTHETIC_BADGE_AND_PIN,VALID,a9ba80e26324cb931834be3297ae16fd0c5aec10e088f4badbc56b59ff2fa497,NOT_REVOKED
TEN-COOLIT-SYN-001,SITE-COOLIT-SYN-01,MES,ELECTRONIC_SIGNATURE,ESIG-00081,MESOP-00081,RESOLVED,2026-08-09T11:20:00-06:00,2026-09-26T08:00:00-06:00,2026-06-29T00:00:00-06:00,,1,,false,ACTIVE,,,VALID,CURRENT,coolit-synthetic-v2.0.0,ALL_SYNTHETIC_CUSTOMERS,ALL_SYNTHETIC_PROGRAMS,CFG-CDU-01,SYNTHETIC_PSEUDONYMOUS_WORKFORCE,SNP-COOLIT-20260925-BL,SCN-BASELINE,ESIG-00081,MES_OPERATION,MESOP-00081,OPR-009,OPERATION_COMPLETION,2026-08-09T11:20:00-06:00,SYNTHETIC_BADGE_AND_PIN,VALID,7ac5e869a989f7f6a1239de6306ee7bfe3b50056b037a74e3a47e72a3186c46a,NOT_REVOKED
TEN-COOLIT-SYN-001,SITE-COOLIT-SYN-01,MES,ELECTRONIC_SIGNATURE,ESIG-00082,MESOP-00082,RESOLVED,2026-08-10T12:20:00-06:00,2026-09-26T08:00:00-06:00,2026-06-29T00:00:00-06:00,,1,,false,ACTIVE,,,VALID,CURRENT,coolit-synthetic-v2.0.0,ALL_SYNTHETIC_CUSTOMERS,ALL_SYNTHETIC_PROGRAMS,CFG-CDU-01,SYNTHETIC_PSEUDONYMOUS_WORKFORCE,SNP-COOLIT-20260925-BL,SCN-BASELINE,ESIG-00082,MES_OPERATION,MESOP-00082,OPR-010,TEST_RESULT_ATTESTATION,2026-08-10T12:20:00-06:00,SYNTHETIC_BADGE_AND_PIN,VALID,b1e7409eeaafbb4b7c77afbdc9a0a8aba304c94537472511e72938aef9437f70,NOT_REVOKED
TEN-COOLIT-SYN-001,SITE-COOLIT-SYN-01,MES,ELECTRONIC_SIGNATURE,ESIG-00083,MESOP-00083,RESOLVED,2026-08-11T13:20:00-06:00,2026-09-26T08:00:00-06:00,2026-06-29T00:00:00-06:00,,1,,false,ACTIVE,,,VALID,CURRENT,coolit-synthetic-v2.0.0,ALL_SYNTHETIC_CUSTOMERS,ALL_SYNTHETIC_PROGRAMS,CFG-CDU-01,SYNTHETIC_PSEUDONYMOUS_WORKFORCE,SNP-COOLIT-20260925-BL,SCN-BASELINE,ESIG-00083,MES_OPERATION,MESOP-00083,OPR-011,TEST_RESULT_ATTESTATION,2026-08-11T13:20:00-06:00,SYNTHETIC_BADGE_AND_PIN,VALID,92886927d7dd296e0e2e03ec7021036be68736e260b31ab9b9d94bc0cd4911a4,NOT_REVOKED
TEN-COOLIT-SYN-001,SITE-COOLIT-SYN-01,MES,ELECTRONIC_SIGNATURE,ESIG-00084,MESOP-00084,RESOLVED,2026-08-12T09:20:00-06:00,2026-09-26T08:00:00-06:00,2026-06-29T00:00:00-06:00,,1,,false,ACTIVE,,,VALID,CURRENT,coolit-synthetic-v2.0.0,ALL_SYNTHETIC_CUSTOMERS,ALL_SYNTHETIC_PROGRAMS,CFG-CDU-01,SYNTHETIC_PSEUDONYMOUS_WORKFORCE,SNP-COOLIT-20260925-BL,SCN-BASELINE,ESIG-00084,MES_OPERATION,MESOP-00084,OPR-012,TEST_RESULT_ATTESTATION,2026-08-12T09:20:00-06:00,SYNTHETIC_BADGE_AND_PIN,VALID,1ce5911d9bb157e5ef3963701338a65c191f1ca720f5767e84a9a3e8bdab74e4,NOT_REVOKED
TEN-COOLIT-SYN-001,SITE-COOLIT-SYN-01,MES,ELECTRONIC_SIGNATURE,ESIG-00085,MESOP-00085,RESOLVED,2026-08-10T09:20:00-06:00,2026-09-26T08:00:00-06:00,2026-06-29T00:00:00-06:00,,1,,false,ACTIVE,,,VALID,CURRENT,coolit-synthetic-v2.0.0,ALL_SYNTHETIC_CUSTOMERS,ALL_SYNTHETIC_PROGRAMS,CFG-CPL-04,SYNTHETIC_PSEUDONYMOUS_WORKFORCE,SNP-COOLIT-20260925-BL,SCN-BASELINE,ESIG-00085,MES_OPERATION,MESOP-00085,OPR-013,OPERATION_COMPLETION,2026-08-10T09:20:00-06:00,SYNTHETIC_BADGE_AND_PIN,VALID,ce94800e1f3200d4010b472e9bcf3e768a7b14316fe40187ac1a30ab7aa4488c,NOT_REVOKED
TEN-COOLIT-SYN-001,SITE-COOLIT-SYN-01,MES,ELECTRONIC_SIGNATURE,ESIG-00086,MESOP-00086,RESOLVED,2026-08-11T10:20:00-06:00,2026-09-26T08:00:00-06:00,2026-06-29T00:00:00-06:00,,1,,false,ACTIVE,,,VALID,CURRENT,coolit-synthetic-v2.0.0,ALL_SYNTHETIC_CUSTOMERS,ALL_SYNTHETIC_PROGRAMS,CFG-CPL-04,SYNTHETIC_PSEUDONYMOUS_WORKFORCE,SNP-COOLIT-20260925-BL,SCN-BASELINE,ESIG-00086,MES_OPERATION,MESOP-00086,OPR-014,OPERATION_COMPLETION,2026-08-11T10:20:00-06:00,SYNTHETIC_BADGE_AND_PIN,VALID,4b7cc5ed0c48d4380785e46694e1a08d14b04000ba4675e5fa7efd961de72e44,NOT_REVOKED
TEN-COOLIT-SYN-001,SITE-COOLIT-SYN-01,MES,ELECTRONIC_SIGNATURE,ESIG-00087,MESOP-00087,RESOLVED,2026-08-12T11:20:00-06:00,2026-09-26T08:00:00-06:00,2026-06-29T00:00:00-06:00,,1,,false,ACTIVE,,,VALID,CURRENT,coolit-synthetic-v2.0.0,ALL_SYNTHETIC_CUSTOMERS,ALL_SYNTHETIC_PROGRAMS,CFG-CPL-04,SYNTHETIC_PSEUDONYMOUS_WORKFORCE,SNP-COOLIT-20260925-BL,SCN-BASELINE,ESIG-00087,MES_OPERATION,MESOP-00087,OPR-015,OPERATION_COMPLETION,2026-08-12T11:20:00-06:00,SYNTHETIC_BADGE_AND_PIN,VALID,5dee994800b5df658ee75c6a7d2f161d7aec9216c10f238ea28bc7ec0ecf0d38,NOT_REVOKED
TEN-COOLIT-SYN-001,SITE-COOLIT-SYN-01,MES,ELECTRONIC_SIGNATURE,ESIG-00088,MESOP-00088,RESOLVED,2026-08-13T12:20:00-06:00,2026-09-26T08:00:00-06:00,2026-06-29T00:00:00-06:00,,1,,false,ACTIVE,,,VALID,CURRENT,coolit-synthetic-v2.0.0,ALL_SYNTHETIC_CUSTOMERS,ALL_SYNTHETIC_PROGRAMS,CFG-CPL-04,SYNTHETIC_PSEUDONYMOUS_WORKFORCE,SNP-COOLIT-20260925-BL,SCN-BASELINE,ESIG-00088,MES_OPERATION,MESOP-00088,OPR-016,TEST_RESULT_ATTESTATION,2026-08-13T12:20:00-06:00,SYNTHETIC_BADGE_AND_PIN,VALID,77ed50c967678961a377dd78bd13cb6832170dfa4089b7e299b7cb146bfc313f,NOT_REVOKED
TEN-COOLIT-SYN-001,SITE-COOLIT-SYN-01,MES,ELECTRONIC_SIGNATURE,ESIG-00089,MESOP-00089,RESOLVED,2026-08-14T13:20:00-06:00,2026-09-26T08:00:00-06:00,2026-06-29T00:00:00-06:00,,1,,false,ACTIVE,,,VALID,CURRENT,coolit-synthetic-v2.0.0,ALL_SYNTHETIC_CUSTOMERS,ALL_SYNTHETIC_PROGRAMS,CFG-CPL-04,SYNTHETIC_PSEUDONYMOUS_WORKFORCE,SNP-COOLIT-20260925-BL,SCN-BASELINE,ESIG-00089,MES_OPERATION,MESOP-00089,OPR-017,TEST_RESULT_ATTESTATION,2026-08-14T13:20:00-06:00,SYNTHETIC_BADGE_AND_PIN,VALID,595293d462e0a7e2332c898fc365fdb579930062a9c5a431305df68b733edd52,NOT_REVOKED
TEN-COOLIT-SYN-001,SITE-COOLIT-SYN-01,MES,ELECTRONIC_SIGNATURE,ESIG-00090,MESOP-00090,RESOLVED,2026-08-15T09:20:00-06:00,2026-09-26T08:00:00-06:00,2026-06-29T00:00:00-06:00,,1,,false,ACTIVE,,,VALID,CURRENT,coolit-synthetic-v2.0.0,ALL_SYNTHETIC_CUSTOMERS,ALL_SYNTHETIC_PROGRAMS,CFG-CPL-04,SYNTHETIC_PSEUDONYMOUS_WORKFORCE,SNP-COOLIT-20260925-BL,SCN-BASELINE,ESIG-00090,MES_OPERATION,MESOP-00090,OPR-018,TEST_RESULT_ATTESTATION,2026-08-15T09:20:00-06:00,SYNTHETIC_BADGE_AND_PIN,VALID,65a03cd1072b92c955dc96a87cf1f3f0f4f07e65c69e81219c0c85519cc6a543,NOT_REVOKED
TEN-COOLIT-SYN-001,SITE-COOLIT-SYN-01,MES,ELECTRONIC_SIGNATURE,ESIG-00091,MESOP-00091,RESOLVED,2026-08-13T09:20:00-06:00,2026-09-26T08:00:00-06:00,2026-06-29T00:00:00-06:00,,1,,false,ACTIVE,,,VALID,CURRENT,coolit-synthetic-v2.0.0,ALL_SYNTHETIC_CUSTOMERS,ALL_SYNTHETIC_PROGRAMS,CFG-CDU-03,SYNTHETIC_PSEUDONYMOUS_WORKFORCE,SNP-COOLIT-20260925-BL,SCN-BASELINE,ESIG-00091,MES_OPERATION,MESOP-00091,OPR-019,OPERATION_COMPLETION,2026-08-13T09:20:00-06:00,SYNTHETIC_BADGE_AND_PIN,VALID,d59ffec5f11c4350cdd479bbb4ed96d89c7c10266a6982c70e50456c3d50cb27,NOT_REVOKED
TEN-COOLIT-SYN-001,SITE-COOLIT-SYN-01,MES,ELECTRONIC_SIGNATURE,ESIG-00092,MESOP-00092,RESOLVED,2026-08-14T10:20:00-06:00,2026-09-26T08:00:00-06:00,2026-06-29T00:00:00-06:00,,1,,false,ACTIVE,,,VALID,CURRENT,coolit-synthetic-v2.0.0,ALL_SYNTHETIC_CUSTOMERS,ALL_SYNTHETIC_PROGRAMS,CFG-CDU-03,SYNTHETIC_PSEUDONYMOUS_WORKFORCE,SNP-COOLIT-20260925-BL,SCN-BASELINE,ESIG-00092,MES_OPERATION,MESOP-00092,OPR-020,OPERATION_COMPLETION,2026-08-14T10:20:00-06:00,SYNTHETIC_BADGE_AND_PIN,VALID,dd4ee9004027abc2fea38ef7cff277b8dc8f90d962030b75e8b9309e9d158f96,NOT_REVOKED
TEN-COOLIT-SYN-001,SITE-COOLIT-SYN-01,MES,ELECTRONIC_SIGNATURE,ESIG-00093,MESOP-00093,RESOLVED,2026-08-15T11:20:00-06:00,2026-09-26T08:00:00-06:00,2026-06-29T00:00:00-06:00,,1,,false,ACTIVE,,,VALID,CURRENT,coolit-synthetic-v2.0.0,ALL_SYNTHETIC_CUSTOMERS,ALL_SYNTHETIC_PROGRAMS,CFG-CDU-03,SYNTHETIC_PSEUDONYMOUS_WORKFORCE,SNP-COOLIT-20260925-BL,SCN-BASELINE,ESIG-00093,MES_OPERATION,MESOP-00093,OPR-021,OPERATION_COMPLETION,2026-08-15T11:20:00-06:00,SYNTHETIC_BADGE_AND_PIN,VALID,ecfcb56baa8a1c95aba836a4143b93040c53ee633a4efd733b12327449687e22,NOT_REVOKED
TEN-COOLIT-SYN-001,SITE-COOLIT-SYN-01,MES,ELECTRONIC_SIGNATURE,ESIG-00094,MESOP-00094,RESOLVED,2026-08-16T12:20:00-06:00,2026-09-26T08:00:00-06:00,2026-06-29T00:00:00-06:00,,1,,false,ACTIVE,,,VALID,CURRENT,coolit-synthetic-v2.0.0,ALL_SYNTHETIC_CUSTOMERS,ALL_SYNTHETIC_PROGRAMS,CFG-CDU-03,SYNTHETIC_PSEUDONYMOUS_WORKFORCE,SNP-COOLIT-20260925-BL,SCN-BASELINE,ESIG-00094,MES_OPERATION,MESOP-00094,OPR-022,TEST_RESULT_ATTESTATION,2026-08-16T12:20:00-06:00,SYNTHETIC_BADGE_AND_PIN,VALID,682865c9a1b8e900ce7d8aa9d5dea86bbd762c84d841ca7599bc2eca7a1fd1f8,NOT_REVOKED
TEN-COOLIT-SYN-001,SITE-COOLIT-SYN-01,MES,ELECTRONIC_SIGNATURE,ESIG-00095,MESOP-00095,RESOLVED,2026-08-17T13:20:00-06:00,2026-09-26T08:00:00-06:00,2026-06-29T00:00:00-06:00,,1,,false,ACTIVE,,,VALID,CURRENT,coolit-synthetic-v2.0.0,ALL_SYNTHETIC_CUSTOMERS,ALL_SYNTHETIC_PROGRAMS,CFG-CDU-03,SYNTHETIC_PSEUDONYMOUS_WORKFORCE,SNP-COOLIT-20260925-BL,SCN-BASELINE,ESIG-00095,MES_OPERATION,MESOP-00095,OPR-023,TEST_RESULT_ATTESTATION,2026-08-17T13:20:00-06:00,SYNTHETIC_BADGE_AND_PIN,VALID,4ba6cfffa84bd38018c8e8289961687d3db1b6da7220ba83b453561e85d835fe,NOT_REVOKED
TEN-COOLIT-SYN-001,SITE-COOLIT-SYN-01,MES,ELECTRONIC_SIGNATURE,ESIG-00096,MESOP-00096,RESOLVED,2026-08-18T09:20:00-06:00,2026-09-26T08:00:00-06:00,2026-06-29T00:00:00-06:00,,1,,false,ACTIVE,,,VALID,CURRENT,coolit-synthetic-v2.0.0,ALL_SYNTHETIC_CUSTOMERS,ALL_SYNTHETIC_PROGRAMS,CFG-CDU-03,SYNTHETIC_PSEUDONYMOUS_WORKFORCE,SNP-COOLIT-20260925-BL,SCN-BASELINE,ESIG-00096,MES_OPERATION,MESOP-00096,OPR-024,TEST_RESULT_ATTESTATION,2026-08-18T09:20:00-06:00,SYNTHETIC_BADGE_AND_PIN,VALID,0a84d6f6a06b3140c59d153d66af0c7f2fb3673c469cf093ce5635eef98c7303,NOT_REVOKED
TEN-COOLIT-SYN-001,SITE-COOLIT-SYN-01,MES,ELECTRONIC_SIGNATURE,ESIG-00097,MESOP-00097,RESOLVED,2026-08-16T09:20:00-06:00,2026-09-26T08:00:00-06:00,2026-06-29T00:00:00-06:00,,1,,false,ACTIVE,,,VALID,CURRENT,coolit-synthetic-v2.0.0,ALL_SYNTHETIC_CUSTOMERS,ALL_SYNTHETIC_PROGRAMS,CFG-RM-02,SYNTHETIC_PSEUDONYMOUS_WORKFORCE,SNP-COOLIT-20260925-BL,SCN-BASELINE,ESIG-00097,MES_OPERATION,MESOP-00097,OPR-025,OPERATION_COMPLETION,2026-08-16T09:20:00-06:00,SYNTHETIC_BADGE_AND_PIN,VALID,901b7aa88d4b21c24ffbe8fb3503797daa41e538e2e12817adf7fca69120a415,NOT_REVOKED
TEN-COOLIT-SYN-001,SITE-COOLIT-SYN-01,MES,ELECTRONIC_SIGNATURE,ESIG-00098,MESOP-00098,RESOLVED,2026-08-17T10:20:00-06:00,2026-09-26T08:00:00-06:00,2026-06-29T00:00:00-06:00,,1,,false,ACTIVE,,,VALID,CURRENT,coolit-synthetic-v2.0.0,ALL_SYNTHETIC_CUSTOMERS,ALL_SYNTHETIC_PROGRAMS,CFG-RM-02,SYNTHETIC_PSEUDONYMOUS_WORKFORCE,SNP-COOLIT-20260925-BL,SCN-BASELINE,ESIG-00098,MES_OPERATION,MESOP-00098,OPR-026,OPERATION_COMPLETION,2026-08-17T10:20:00-06:00,SYNTHETIC_BADGE_AND_PIN,VALID,d63d03077502dfe94f7792af69dbfc447e5c6ac28f9fd0f6cfc0c230ac75e4e8,NOT_REVOKED
TEN-COOLIT-SYN-001,SITE-COOLIT-SYN-01,MES,ELECTRONIC_SIGNATURE,ESIG-00099,MESOP-00099,RESOLVED,2026-08-18T11:20:00-06:00,2026-09-26T08:00:00-06:00,2026-06-29T00:00:00-06:00,,1,,false,ACTIVE,,,VALID,CURRENT,coolit-synthetic-v2.0.0,ALL_SYNTHETIC_CUSTOMERS,ALL_SYNTHETIC_PROGRAMS,CFG-RM-02,SYNTHETIC_PSEUDONYMOUS_WORKFORCE,SNP-COOLIT-20260925-BL,SCN-BASELINE,ESIG-00099,MES_OPERATION,MESOP-00099,OPR-027,OPERATION_COMPLETION,2026-08-18T11:20:00-06:00,SYNTHETIC_BADGE_AND_PIN,VALID,c68714e9977c183de9ae7fffa324fbf8bfdab8e22d47604a6f9cc7f7c183e961,NOT_REVOKED
TEN-COOLIT-SYN-001,SITE-COOLIT-SYN-01,MES,ELECTRONIC_SIGNATURE,ESIG-00100,MESOP-00100,RESOLVED,2026-08-19T12:20:00-06:00,2026-09-26T08:00:00-06:00,2026-06-29T00:00:00-06:00,,1,,false,ACTIVE,,,VALID,CURRENT,coolit-synthetic-v2.0.0,ALL_SYNTHETIC_CUSTOMERS,ALL_SYNTHETIC_PROGRAMS,CFG-RM-02,SYNTHETIC_PSEUDONYMOUS_WORKFORCE,SNP-COOLIT-20260925-BL,SCN-BASELINE,ESIG-00100,MES_OPERATION,MESOP-00100,OPR-028,TEST_RESULT_ATTESTATION,2026-08-19T12:20:00-06:00,SYNTHETIC_BADGE_AND_PIN,VALID,492b9f1f1f9a6aee6a99b3057f0cd3d5e4e26b26053f8464b46bf8b82659d0d1,NOT_REVOKED
TEN-COOLIT-SYN-001,SITE-COOLIT-SYN-01,MES,ELECTRONIC_SIGNATURE,ESIG-00101,MESOP-00101,RESOLVED,2026-08-20T13:20:00-06:00,2026-09-26T08:00:00-06:00,2026-06-29T00:00:00-06:00,,1,,false,ACTIVE,,,VALID,CURRENT,coolit-synthetic-v2.0.0,ALL_SYNTHETIC_CUSTOMERS,ALL_SYNTHETIC_PROGRAMS,CFG-RM-02,SYNTHETIC_PSEUDONYMOUS_WORKFORCE,SNP-COOLIT-20260925-BL,SCN-BASELINE,ESIG-00101,MES_OPERATION,MESOP-00101,OPR-029,TEST_RESULT_ATTESTATION,2026-08-20T13:20:00-06:00,SYNTHETIC_BADGE_AND_PIN,VALID,aa0409e5a2edfba980dd1b916e9b6129d057669659e191df98310a0694ac81de,NOT_REVOKED
TEN-COOLIT-SYN-001,SITE-COOLIT-SYN-01,MES,ELECTRONIC_SIGNATURE,ESIG-00102,MESOP-00102,RESOLVED,2026-08-21T09:20:00-06:00,2026-09-26T08:00:00-06:00,2026-06-29T00:00:00-06:00,,1,,false,ACTIVE,,,VALID,CURRENT,coolit-synthetic-v2.0.0,ALL_SYNTHETIC_CUSTOMERS,ALL_SYNTHETIC_PROGRAMS,CFG-RM-02,SYNTHETIC_PSEUDONYMOUS_WORKFORCE,SNP-COOLIT-20260925-BL,SCN-BASELINE,ESIG-00102,MES_OPERATION,MESOP-00102,OPR-030,TEST_RESULT_ATTESTATION,2026-08-21T09:20:00-06:00,SYNTHETIC_BADGE_AND_PIN,VALID,28684c57dbdf18623f50f6fdca4306584b0ff17a8ce965e495d4b4508c3c8355,NOT_REVOKED
TEN-COOLIT-SYN-001,SITE-COOLIT-SYN-01,MES,ELECTRONIC_SIGNATURE,ESIG-00103,MESOP-00103,RESOLVED,2026-08-19T09:20:00-06:00,2026-09-26T08:00:00-06:00,2026-06-29T00:00:00-06:00,,1,,false,ACTIVE,,,VALID,CURRENT,coolit-synthetic-v2.0.0,ALL_SYNTHETIC_CUSTOMERS,ALL_SYNTHETIC_PROGRAMS,CFG-CPL-01,SYNTHETIC_PSEUDONYMOUS_WORKFORCE,SNP-COOLIT-20260925-BL,SCN-BASELINE,ESIG-00103,MES_OPERATION,MESOP-00103,OPR-031,OPERATION_COMPLETION,2026-08-19T09:20:00-06:00,SYNTHETIC_BADGE_AND_PIN,VALID,2afd7113248b1a93ebd0c239a84efb5aa74ba21bdb2d64a5afbab0ca175c26a0,NOT_REVOKED
TEN-COOLIT-SYN-001,SITE-COOLIT-SYN-01,MES,ELECTRONIC_SIGNATURE,ESIG-00104,MESOP-00104,RESOLVED,2026-08-20T10:20:00-06:00,2026-09-26T08:00:00-06:00,2026-06-29T00:00:00-06:00,,1,,false,ACTIVE,,,VALID,CURRENT,coolit-synthetic-v2.0.0,ALL_SYNTHETIC_CUSTOMERS,ALL_SYNTHETIC_PROGRAMS,CFG-CPL-01,SYNTHETIC_PSEUDONYMOUS_WORKFORCE,SNP-COOLIT-20260925-BL,SCN-BASELINE,ESIG-00104,MES_OPERATION,MESOP-00104,OPR-032,OPERATION_COMPLETION,2026-08-20T10:20:00-06:00,SYNTHETIC_BADGE_AND_PIN,VALID,bf6d29267ed7e3c97c0fa3c89fdd170d31b14842fef892cc90c5b057e968f78a,NOT_REVOKED
TEN-COOLIT-SYN-001,SITE-COOLIT-SYN-01,MES,ELECTRONIC_SIGNATURE,ESIG-00105,MESOP-00105,RESOLVED,2026-08-21T11:20:00-06:00,2026-09-26T08:00:00-06:00,2026-06-29T00:00:00-06:00,,1,,false,ACTIVE,,,VALID,CURRENT,coolit-synthetic-v2.0.0,ALL_SYNTHETIC_CUSTOMERS,ALL_SYNTHETIC_PROGRAMS,CFG-CPL-01,SYNTHETIC_PSEUDONYMOUS_WORKFORCE,SNP-COOLIT-20260925-BL,SCN-BASELINE,ESIG-00105,MES_OPERATION,MESOP-00105,OPR-033,OPERATION_COMPLETION,2026-08-21T11:20:00-06:00,SYNTHETIC_BADGE_AND_PIN,VALID,532cdb131307f1205662c9b69539127588d5046e5d34fa2042cd2848aad7f6a1,NOT_REVOKED
TEN-COOLIT-SYN-001,SITE-COOLIT-SYN-01,MES,ELECTRONIC_SIGNATURE,ESIG-00106,MESOP-00106,RESOLVED,2026-08-22T12:20:00-06:00,2026-09-26T08:00:00-06:00,2026-06-29T00:00:00-06:00,,1,,false,ACTIVE,,,VALID,CURRENT,coolit-synthetic-v2.0.0,ALL_SYNTHETIC_CUSTOMERS,ALL_SYNTHETIC_PROGRAMS,CFG-CPL-01,SYNTHETIC_PSEUDONYMOUS_WORKFORCE,SNP-COOLIT-20260925-BL,SCN-BASELINE,ESIG-00106,MES_OPERATION,MESOP-00106,OPR-034,TEST_RESULT_ATTESTATION,2026-08-22T12:20:00-06:00,SYNTHETIC_BADGE_AND_PIN,VALID,52baf7b9cf1a6d9f4421a28b14b575b837ffbac3918f2a44d04bafabb4d52282,NOT_REVOKED
TEN-COOLIT-SYN-001,SITE-COOLIT-SYN-01,MES,ELECTRONIC_SIGNATURE,ESIG-00107,MESOP-00107,RESOLVED,2026-08-23T13:20:00-06:00,2026-09-26T08:00:00-06:00,2026-06-29T00:00:00-06:00,,1,,false,ACTIVE,,,VALID,CURRENT,coolit-synthetic-v2.0.0,ALL_SYNTHETIC_CUSTOMERS,ALL_SYNTHETIC_PROGRAMS,CFG-CPL-01,SYNTHETIC_PSEUDONYMOUS_WORKFORCE,SNP-COOLIT-20260925-BL,SCN-BASELINE,ESIG-00107,MES_OPERATION,MESOP-00107,OPR-035,TEST_RESULT_ATTESTATION,2026-08-23T13:20:00-06:00,SYNTHETIC_BADGE_AND_PIN,VALID,afe22b699c863598fd541bb90d89cb38bf2fce7f952587cd153486de30dd9624,NOT_REVOKED
TEN-COOLIT-SYN-001,SITE-COOLIT-SYN-01,MES,ELECTRONIC_SIGNATURE,ESIG-00108,MESOP-00108,RESOLVED,2026-08-24T09:20:00-06:00,2026-09-26T08:00:00-06:00,2026-06-29T00:00:00-06:00,,1,,false,ACTIVE,,,VALID,CURRENT,coolit-synthetic-v2.0.0,ALL_SYNTHETIC_CUSTOMERS,ALL_SYNTHETIC_PROGRAMS,CFG-CPL-01,SYNTHETIC_PSEUDONYMOUS_WORKFORCE,SNP-COOLIT-20260925-BL,SCN-BASELINE,ESIG-00108,MES_OPERATION,MESOP-00108,OPR-036,TEST_RESULT_ATTESTATION,2026-08-24T09:20:00-06:00,SYNTHETIC_BADGE_AND_PIN,VALID,e01cf4c0c1ea5163ee8117e7b27abd942a28f32ccc46db5627675236066137f2,NOT_REVOKED
TEN-COOLIT-SYN-001,SITE-COOLIT-SYN-01,MES,ELECTRONIC_SIGNATURE,ESIG-00109,MESOP-00109,RESOLVED,2026-08-22T09:20:00-06:00,2026-09-26T08:00:00-06:00,2026-06-29T00:00:00-06:00,,1,,false,ACTIVE,,,VALID,CURRENT,coolit-synthetic-v2.0.0,ALL_SYNTHETIC_CUSTOMERS,ALL_SYNTHETIC_PROGRAMS,CFG-RM-04,SYNTHETIC_PSEUDONYMOUS_WORKFORCE,SNP-COOLIT-20260925-BL,SCN-BASELINE,ESIG-00109,MES_OPERATION,MESOP-00109,OPR-001,OPERATION_COMPLETION,2026-08-22T09:20:00-06:00,SYNTHETIC_BADGE_AND_PIN,VALID,5bf17f64303a0a387e341b666f8a6d267f904621d585d13cae9eea1ec36bce0d,NOT_REVOKED
TEN-COOLIT-SYN-001,SITE-COOLIT-SYN-01,MES,ELECTRONIC_SIGNATURE,ESIG-00110,MESOP-00110,RESOLVED,2026-08-23T10:20:00-06:00,2026-09-26T08:00:00-06:00,2026-06-29T00:00:00-06:00,,1,,false,ACTIVE,,,VALID,CURRENT,coolit-synthetic-v2.0.0,ALL_SYNTHETIC_CUSTOMERS,ALL_SYNTHETIC_PROGRAMS,CFG-RM-04,SYNTHETIC_PSEUDONYMOUS_WORKFORCE,SNP-COOLIT-20260925-BL,SCN-BASELINE,ESIG-00110,MES_OPERATION,MESOP-00110,OPR-002,OPERATION_COMPLETION,2026-08-23T10:20:00-06:00,SYNTHETIC_BADGE_AND_PIN,VALID,4486d53d576f35f3d41eb761c6238f6cc304a805cc10054abaa6367c2f3d0e87,NOT_REVOKED
TEN-COOLIT-SYN-001,SITE-COOLIT-SYN-01,MES,ELECTRONIC_SIGNATURE,ESIG-00111,MESOP-00115,RESOLVED,2026-08-25T09:20:00-06:00,2026-09-26T08:00:00-06:00,2026-06-29T00:00:00-06:00,,1,,false,ACTIVE,,,VALID,CURRENT,coolit-synthetic-v2.0.0,ALL_SYNTHETIC_CUSTOMERS,ALL_SYNTHETIC_PROGRAMS,CFG-CPL-03,SYNTHETIC_PSEUDONYMOUS_WORKFORCE,SNP-COOLIT-20260925-BL,SCN-BASELINE,ESIG-00111,MES_OPERATION,MESOP-00115,OPR-003,OPERATION_COMPLETION,2026-08-25T09:20:00-06:00,SYNTHETIC_BADGE_AND_PIN,VALID,2ab0e614439a6c3ed24c3328621e49cc101696827c054836b9837a97c689e46b,NOT_REVOKED
TEN-COOLIT-SYN-001,SITE-COOLIT-SYN-01,MES,ELECTRONIC_SIGNATURE,ESIG-00112,MESOP-00116,RESOLVED,2026-08-26T10:20:00-06:00,2026-09-26T08:00:00-06:00,2026-06-29T00:00:00-06:00,,1,,false,ACTIVE,,,VALID,CURRENT,coolit-synthetic-v2.0.0,ALL_SYNTHETIC_CUSTOMERS,ALL_SYNTHETIC_PROGRAMS,CFG-CPL-03,SYNTHETIC_PSEUDONYMOUS_WORKFORCE,SNP-COOLIT-20260925-BL,SCN-BASELINE,ESIG-00112,MES_OPERATION,MESOP-00116,OPR-004,OPERATION_COMPLETION,2026-08-26T10:20:00-06:00,SYNTHETIC_BADGE_AND_PIN,VALID,69ef64b20311b44a4871d2e734dbfb0ded623b21817c5aba4070c99622fc106c,NOT_REVOKED
TEN-COOLIT-SYN-001,SITE-COOLIT-SYN-01,MES,ELECTRONIC_SIGNATURE,ESIG-00113,MESOP-00121,RESOLVED,2026-08-28T09:20:00-06:00,2026-09-26T08:00:00-06:00,2026-06-29T00:00:00-06:00,,1,,false,ACTIVE,,,VALID,CURRENT,coolit-synthetic-v2.0.0,ALL_SYNTHETIC_CUSTOMERS,ALL_SYNTHETIC_PROGRAMS,CFG-CDU-02,SYNTHETIC_PSEUDONYMOUS_WORKFORCE,SNP-COOLIT-20260925-BL,SCN-BASELINE,ESIG-00113,MES_OPERATION,MESOP-00121,OPR-005,OPERATION_COMPLETION,2026-08-28T09:20:00-06:00,SYNTHETIC_BADGE_AND_PIN,VALID,1f10a59f4842d6925a36b58b70267d4ca3e17e398decf57706874ef76acd2a55,NOT_REVOKED
TEN-COOLIT-SYN-001,SITE-COOLIT-SYN-01,MES,ELECTRONIC_SIGNATURE,ESIG-00114,MESOP-00122,RESOLVED,2026-08-29T10:20:00-06:00,2026-09-26T08:00:00-06:00,2026-06-29T00:00:00-06:00,,1,,false,ACTIVE,,,VALID,CURRENT,coolit-synthetic-v2.0.0,ALL_SYNTHETIC_CUSTOMERS,ALL_SYNTHETIC_PROGRAMS,CFG-CDU-02,SYNTHETIC_PSEUDONYMOUS_WORKFORCE,SNP-COOLIT-20260925-BL,SCN-BASELINE,ESIG-00114,MES_OPERATION,MESOP-00122,OPR-006,OPERATION_COMPLETION,2026-08-29T10:20:00-06:00,SYNTHETIC_BADGE_AND_PIN,VALID,a155a84d8821d6ad54455c47ef3d77b840a057dfbc0beee57b6053b94a9968a4,NOT_REVOKED
TEN-COOLIT-SYN-001,SITE-COOLIT-SYN-01,MES,ELECTRONIC_SIGNATURE,ESIG-00115,MESOP-00125,RESOLVED,2026-08-31T09:20:00-06:00,2026-09-26T08:00:00-06:00,2026-06-29T00:00:00-06:00,,1,,false,ACTIVE,,,VALID,CURRENT,coolit-synthetic-v2.0.0,ALL_SYNTHETIC_CUSTOMERS,ALL_SYNTHETIC_PROGRAMS,CFG-RM-01,SYNTHETIC_PSEUDONYMOUS_WORKFORCE,SNP-COOLIT-20260925-BL,SCN-BASELINE,ESIG-00115,MES_OPERATION,MESOP-00125,OPR-007,OPERATION_COMPLETION,2026-08-31T09:20:00-06:00,SYNTHETIC_BADGE_AND_PIN,VALID,c7cf752bed6c4620b506f836bb599019a7dc9629a6e24e393e81fd43da799597,NOT_REVOKED
TEN-COOLIT-SYN-001,SITE-COOLIT-SYN-01,MES,ELECTRONIC_SIGNATURE,ESIG-00116,MESOP-00126,RESOLVED,2026-09-01T10:20:00-06:00,2026-09-26T08:00:00-06:00,2026-06-29T00:00:00-06:00,,1,,false,ACTIVE,,,VALID,CURRENT,coolit-synthetic-v2.0.0,ALL_SYNTHETIC_CUSTOMERS,ALL_SYNTHETIC_PROGRAMS,CFG-RM-01,SYNTHETIC_PSEUDONYMOUS_WORKFORCE,SNP-COOLIT-20260925-BL,SCN-BASELINE,ESIG-00116,MES_OPERATION,MESOP-00126,OPR-008,OPERATION_COMPLETION,2026-09-01T10:20:00-06:00,SYNTHETIC_BADGE_AND_PIN,VALID,fc1b5e47103b4d2ed8f6fa98d50c5298ccc361a03cd3a0e3514ff488a29da29d,NOT_REVOKED
TEN-COOLIT-SYN-001,SITE-COOLIT-SYN-01,MES,ELECTRONIC_SIGNATURE,ESIG-00117,MESOP-00129,RESOLVED,2026-09-03T09:20:00-06:00,2026-09-26T08:00:00-06:00,2026-06-29T00:00:00-06:00,,1,,false,ACTIVE,,,VALID,CURRENT,coolit-synthetic-v2.0.0,ALL_SYNTHETIC_CUSTOMERS,ALL_SYNTHETIC_PROGRAMS,CFG-CDU-04,SYNTHETIC_PSEUDONYMOUS_WORKFORCE,SNP-COOLIT-20260925-BL,SCN-BASELINE,ESIG-00117,MES_OPERATION,MESOP-00129,OPR-009,OPERATION_COMPLETION,2026-09-03T09:20:00-06:00,SYNTHETIC_BADGE_AND_PIN,VALID,c57317888fb1f549de8454f75e91f3412e3fe63d97ebef5f4317fa06282e3832,NOT_REVOKED
TEN-COOLIT-SYN-001,SITE-COOLIT-SYN-01,MES,ELECTRONIC_SIGNATURE,ESIG-00118,MESOP-00130,RESOLVED,2026-09-04T10:20:00-06:00,2026-09-26T08:00:00-06:00,2026-06-29T00:00:00-06:00,,1,,false,ACTIVE,,,VALID,CURRENT,coolit-synthetic-v2.0.0,ALL_SYNTHETIC_CUSTOMERS,ALL_SYNTHETIC_PROGRAMS,CFG-CDU-04,SYNTHETIC_PSEUDONYMOUS_WORKFORCE,SNP-COOLIT-20260925-BL,SCN-BASELINE,ESIG-00118,MES_OPERATION,MESOP-00130,OPR-010,OPERATION_COMPLETION,2026-09-04T10:20:00-06:00,SYNTHETIC_BADGE_AND_PIN,VALID,54f992432dc2dcef06d552e70dfe687d3baa0c2bf370b6b94dea8b9e92deb451,NOT_REVOKED
TEN-COOLIT-SYN-001,SITE-COOLIT-SYN-01,MES,ELECTRONIC_SIGNATURE,ESIG-00119,MESOP-00133,RESOLVED,2026-09-06T09:20:00-06:00,2026-09-26T08:00:00-06:00,2026-06-29T00:00:00-06:00,,1,,false,ACTIVE,,,VALID,CURRENT,coolit-synthetic-v2.0.0,ALL_SYNTHETIC_CUSTOMERS,ALL_SYNTHETIC_PROGRAMS,CFG-RM-03,SYNTHETIC_PSEUDONYMOUS_WORKFORCE,SNP-COOLIT-20260925-BL,SCN-BASELINE,ESIG-00119,MES_OPERATION,MESOP-00133,OPR-011,OPERATION_COMPLETION,2026-09-06T09:20:00-06:00,SYNTHETIC_BADGE_AND_PIN,VALID,48187706aebf3839bf0b7f01c2aaa7b7ab760a4f232a402349df89c097c9e71a,NOT_REVOKED
TEN-COOLIT-SYN-001,SITE-COOLIT-SYN-01,MES,ELECTRONIC_SIGNATURE,ESIG-00120,MESOP-00134,RESOLVED,2026-09-07T10:20:00-06:00,2026-09-26T08:00:00-06:00,2026-06-29T00:00:00-06:00,,1,,false,ACTIVE,,,VALID,CURRENT,coolit-synthetic-v2.0.0,ALL_SYNTHETIC_CUSTOMERS,ALL_SYNTHETIC_PROGRAMS,CFG-RM-03,SYNTHETIC_PSEUDONYMOUS_WORKFORCE,SNP-COOLIT-20260925-BL,SCN-BASELINE,ESIG-00120,MES_OPERATION,MESOP-00134,OPR-012,OPERATION_COMPLETION,2026-09-07T10:20:00-06:00,SYNTHETIC_BADGE_AND_PIN,VALID,47a7c6fa8df9d040a128718f7bd170ed1a3e01e142d4c4562f4eae3ba9069ac7,NOT_REVOKED
TEN-COOLIT-SYN-001,SITE-COOLIT-SYN-01,MES,ELECTRONIC_SIGNATURE,ESIG-00121,MESOP-00137,RESOLVED,2026-09-09T09:20:00-06:00,2026-09-26T08:00:00-06:00,2026-06-29T00:00:00-06:00,,1,,false,ACTIVE,,,VALID,CURRENT,coolit-synthetic-v2.0.0,ALL_SYNTHETIC_CUSTOMERS,ALL_SYNTHETIC_PROGRAMS,CFG-CPL-02,SYNTHETIC_PSEUDONYMOUS_WORKFORCE,SNP-COOLIT-20260925-BL,SCN-BASELINE,ESIG-00121,MES_OPERATION,MESOP-00137,OPR-013,OPERATION_COMPLETION,2026-09-09T09:20:00-06:00,SYNTHETIC_BADGE_AND_PIN,VALID,22b5bbb155f263815aed1befe28c1b73dd448909be0a584ad8ded75a5a89a691,NOT_REVOKED
TEN-COOLIT-SYN-001,SITE-COOLIT-SYN-01,MES,ELECTRONIC_SIGNATURE,ESIG-00122,MESOP-00138,RESOLVED,2026-09-10T10:20:00-06:00,2026-09-26T08:00:00-06:00,2026-06-29T00:00:00-06:00,,1,,false,ACTIVE,,,VALID,CURRENT,coolit-synthetic-v2.0.0,ALL_SYNTHETIC_CUSTOMERS,ALL_SYNTHETIC_PROGRAMS,CFG-CPL-02,SYNTHETIC_PSEUDONYMOUS_WORKFORCE,SNP-COOLIT-20260925-BL,SCN-BASELINE,ESIG-00122,MES_OPERATION,MESOP-00138,OPR-014,OPERATION_COMPLETION,2026-09-10T10:20:00-06:00,SYNTHETIC_BADGE_AND_PIN,VALID,142c9c69dec58d2ddf8d2b0b9258d6cab542b6e4eb0beeab3ad0aebecaffc19e,NOT_REVOKED
TEN-COOLIT-SYN-001,SITE-COOLIT-SYN-01,MES,ELECTRONIC_SIGNATURE,ESIG-00123,MESOP-00141,RESOLVED,2026-09-12T09:20:00-06:00,2026-09-26T08:00:00-06:00,2026-06-29T00:00:00-06:00,,1,,false,ACTIVE,,,VALID,CURRENT,coolit-synthetic-v2.0.0,ALL_SYNTHETIC_CUSTOMERS,ALL_SYNTHETIC_PROGRAMS,CFG-CDU-01,SYNTHETIC_PSEUDONYMOUS_WORKFORCE,SNP-COOLIT-20260925-BL,SCN-BASELINE,ESIG-00123,MES_OPERATION,MESOP-00141,OPR-015,OPERATION_COMPLETION,2026-09-12T09:20:00-06:00,SYNTHETIC_BADGE_AND_PIN,VALID,abefc55927feb7de67bb3b29b679dd427c7152942024ddcc9df8712eaa5fadb2,NOT_REVOKED
TEN-COOLIT-SYN-001,SITE-COOLIT-SYN-01,MES,ELECTRONIC_SIGNATURE,ESIG-00124,MESOP-00142,RESOLVED,2026-09-13T10:20:00-06:00,2026-09-26T08:00:00-06:00,2026-06-29T00:00:00-06:00,,1,,false,ACTIVE,,,VALID,CURRENT,coolit-synthetic-v2.0.0,ALL_SYNTHETIC_CUSTOMERS,ALL_SYNTHETIC_PROGRAMS,CFG-CDU-01,SYNTHETIC_PSEUDONYMOUS_WORKFORCE,SNP-COOLIT-20260925-BL,SCN-BASELINE,ESIG-00124,MES_OPERATION,MESOP-00142,OPR-016,OPERATION_COMPLETION,2026-09-13T10:20:00-06:00,SYNTHETIC_BADGE_AND_PIN,VALID,74131d4f4e54532e7edcfbfdec3e55c3ca0163e0a1271269762b575564cdf5af,NOT_REVOKED
