tenant_id,site_id,source_system,source_object,source_record_id,canonical_id,crosswalk_status,source_event_at,ingested_at,effective_from,effective_to,record_version,supersedes_source_record_id,is_deleted,semantic_status,uom,currency,data_quality_state,freshness_state,transformation_version,customer_scope,program_scope,product_scope,sensitivity_class,snapshot_id,scenario_id,configuration_rule_id,configuration_id,rule_type,rule_expression,rule_version,effective_from_date,effective_to_date,severity,owner_role,approval_state
TEN-COOLIT-SYN-001,SITE-COOLIT-SYN-01,CRM,CONFIGURATION_RULE,CPQR-01-1,CFG-CPL-01,RESOLVED,2026-09-25T23:59:59-06:00,2026-09-26T08:00:00-06:00,2026-06-29T00:00:00-06:00,,1,,false,ACTIVE,,,VALID,CURRENT,coolit-synthetic-v2.0.0,ALL_SYNTHETIC_CUSTOMERS,ALL_SYNTHETIC_PROGRAMS,CFG-CPL-01,SYNTHETIC_INTERNAL,SNP-COOLIT-20260925-BL,SCN-BASELINE,CPQR-01-1,CFG-CPL-01,REQUIRED_OPTION,"connection IN ('QD','FLANGED')",CPQ-RULES-2.0,2024-10-01,,WARN_OR_VALIDATE,CPQ Product Owner,APPROVED_SYNTHETIC
TEN-COOLIT-SYN-001,SITE-COOLIT-SYN-01,CRM,CONFIGURATION_RULE,CPQR-01-2,CFG-CPL-01,RESOLVED,2026-09-25T23:59:59-06:00,2026-09-26T08:00:00-06:00,2026-06-29T00:00:00-06:00,,1,,false,ACTIVE,,,VALID,CURRENT,coolit-synthetic-v2.0.0,ALL_SYNTHETIC_CUSTOMERS,ALL_SYNTHETIC_PROGRAMS,CFG-CPL-01,SYNTHETIC_INTERNAL,SNP-COOLIT-20260925-BL,SCN-BASELINE,CPQR-01-2,CFG-CPL-01,INCOMPATIBILITY,NOT(controls='ADVANCED' AND hydraulic_class='H1'),CPQ-RULES-2.0,2024-10-01,,BLOCK,CPQ Product Owner,APPROVED_SYNTHETIC
TEN-COOLIT-SYN-001,SITE-COOLIT-SYN-01,CRM,CONFIGURATION_RULE,CPQR-01-3,CFG-CPL-01,RESOLVED,2026-09-25T23:59:59-06:00,2026-09-26T08:00:00-06:00,2026-06-29T00:00:00-06:00,,1,,false,ACTIVE,,,VALID,CURRENT,coolit-synthetic-v2.0.0,ALL_SYNTHETIC_CUSTOMERS,ALL_SYNTHETIC_PROGRAMS,CFG-CPL-01,SYNTHETIC_INTERNAL,SNP-COOLIT-20260925-BL,SCN-BASELINE,CPQR-01-3,CFG-CPL-01,MINIMUM_RANGE,quantity >= 1,CPQ-RULES-2.0,2024-10-01,,WARN_OR_VALIDATE,CPQ Product Owner,APPROVED_SYNTHETIC
TEN-COOLIT-SYN-001,SITE-COOLIT-SYN-01,CRM,CONFIGURATION_RULE,CPQR-01-4,CFG-CPL-01,RESOLVED,2026-09-25T23:59:59-06:00,2026-09-26T08:00:00-06:00,2026-06-29T00:00:00-06:00,,1,,false,ACTIVE,,,VALID,CURRENT,coolit-synthetic-v2.0.0,ALL_SYNTHETIC_CUSTOMERS,ALL_SYNTHETIC_PROGRAMS,CFG-CPL-01,SYNTHETIC_INTERNAL,SNP-COOLIT-20260925-BL,SCN-BASELINE,CPQR-01-4,CFG-CPL-01,MAXIMUM_RANGE,quantity <= 250,CPQ-RULES-2.0,2024-10-01,,WARN_OR_VALIDATE,CPQ Product Owner,APPROVED_SYNTHETIC
TEN-COOLIT-SYN-001,SITE-COOLIT-SYN-01,CRM,CONFIGURATION_RULE,CPQR-01-5,CFG-CPL-01,RESOLVED,2026-09-25T23:59:59-06:00,2026-09-26T08:00:00-06:00,2026-06-29T00:00:00-06:00,,1,,false,ACTIVE,,,VALID,CURRENT,coolit-synthetic-v2.0.0,ALL_SYNTHETIC_CUSTOMERS,ALL_SYNTHETIC_PROGRAMS,CFG-CPL-01,SYNTHETIC_INTERNAL,SNP-COOLIT-20260925-BL,SCN-BASELINE,CPQR-01-5,CFG-CPL-01,PLM_RELEASE_REQUIRED,"configuration_revision.lifecycle_state IN ('RELEASED','RAMP')",CPQ-RULES-2.0,2024-10-01,,BLOCK,CPQ Product Owner,APPROVED_SYNTHETIC
TEN-COOLIT-SYN-001,SITE-COOLIT-SYN-01,CRM,CONFIGURATION_RULE,CPQR-02-1,CFG-CPL-02,RESOLVED,2026-09-25T23:59:59-06:00,2026-09-26T08:00:00-06:00,2026-06-29T00:00:00-06:00,,1,,false,ACTIVE,,,VALID,CURRENT,coolit-synthetic-v2.0.0,ALL_SYNTHETIC_CUSTOMERS,ALL_SYNTHETIC_PROGRAMS,CFG-CPL-02,SYNTHETIC_INTERNAL,SNP-COOLIT-20260925-BL,SCN-BASELINE,CPQR-02-1,CFG-CPL-02,REQUIRED_OPTION,"connection IN ('QD','FLANGED')",CPQ-RULES-2.0,2024-10-01,,WARN_OR_VALIDATE,CPQ Product Owner,APPROVED_SYNTHETIC
TEN-COOLIT-SYN-001,SITE-COOLIT-SYN-01,CRM,CONFIGURATION_RULE,CPQR-02-2,CFG-CPL-02,RESOLVED,2026-09-25T23:59:59-06:00,2026-09-26T08:00:00-06:00,2026-06-29T00:00:00-06:00,,1,,false,ACTIVE,,,VALID,CURRENT,coolit-synthetic-v2.0.0,ALL_SYNTHETIC_CUSTOMERS,ALL_SYNTHETIC_PROGRAMS,CFG-CPL-02,SYNTHETIC_INTERNAL,SNP-COOLIT-20260925-BL,SCN-BASELINE,CPQR-02-2,CFG-CPL-02,INCOMPATIBILITY,NOT(controls='ADVANCED' AND hydraulic_class='H1'),CPQ-RULES-2.0,2024-10-01,,BLOCK,CPQ Product Owner,APPROVED_SYNTHETIC
TEN-COOLIT-SYN-001,SITE-COOLIT-SYN-01,CRM,CONFIGURATION_RULE,CPQR-02-3,CFG-CPL-02,RESOLVED,2026-09-25T23:59:59-06:00,2026-09-26T08:00:00-06:00,2026-06-29T00:00:00-06:00,,1,,false,ACTIVE,,,VALID,CURRENT,coolit-synthetic-v2.0.0,ALL_SYNTHETIC_CUSTOMERS,ALL_SYNTHETIC_PROGRAMS,CFG-CPL-02,SYNTHETIC_INTERNAL,SNP-COOLIT-20260925-BL,SCN-BASELINE,CPQR-02-3,CFG-CPL-02,MINIMUM_RANGE,quantity >= 1,CPQ-RULES-2.0,2024-10-01,,WARN_OR_VALIDATE,CPQ Product Owner,APPROVED_SYNTHETIC
TEN-COOLIT-SYN-001,SITE-COOLIT-SYN-01,CRM,CONFIGURATION_RULE,CPQR-02-4,CFG-CPL-02,RESOLVED,2026-09-25T23:59:59-06:00,2026-09-26T08:00:00-06:00,2026-06-29T00:00:00-06:00,,1,,false,ACTIVE,,,VALID,CURRENT,coolit-synthetic-v2.0.0,ALL_SYNTHETIC_CUSTOMERS,ALL_SYNTHETIC_PROGRAMS,CFG-CPL-02,SYNTHETIC_INTERNAL,SNP-COOLIT-20260925-BL,SCN-BASELINE,CPQR-02-4,CFG-CPL-02,MAXIMUM_RANGE,quantity <= 250,CPQ-RULES-2.0,2024-10-01,,WARN_OR_VALIDATE,CPQ Product Owner,APPROVED_SYNTHETIC
TEN-COOLIT-SYN-001,SITE-COOLIT-SYN-01,CRM,CONFIGURATION_RULE,CPQR-02-5,CFG-CPL-02,RESOLVED,2026-09-25T23:59:59-06:00,2026-09-26T08:00:00-06:00,2026-06-29T00:00:00-06:00,,1,,false,ACTIVE,,,VALID,CURRENT,coolit-synthetic-v2.0.0,ALL_SYNTHETIC_CUSTOMERS,ALL_SYNTHETIC_PROGRAMS,CFG-CPL-02,SYNTHETIC_INTERNAL,SNP-COOLIT-20260925-BL,SCN-BASELINE,CPQR-02-5,CFG-CPL-02,PLM_RELEASE_REQUIRED,"configuration_revision.lifecycle_state IN ('RELEASED','RAMP')",CPQ-RULES-2.0,2024-10-01,,BLOCK,CPQ Product Owner,APPROVED_SYNTHETIC
TEN-COOLIT-SYN-001,SITE-COOLIT-SYN-01,CRM,CONFIGURATION_RULE,CPQR-03-1,CFG-CPL-03,RESOLVED,2026-09-25T23:59:59-06:00,2026-09-26T08:00:00-06:00,2026-06-29T00:00:00-06:00,,1,,false,ACTIVE,,,VALID,CURRENT,coolit-synthetic-v2.0.0,ALL_SYNTHETIC_CUSTOMERS,ALL_SYNTHETIC_PROGRAMS,CFG-CPL-03,SYNTHETIC_INTERNAL,SNP-COOLIT-20260925-BL,SCN-BASELINE,CPQR-03-1,CFG-CPL-03,REQUIRED_OPTION,"connection IN ('QD','FLANGED')",CPQ-RULES-2.0,2024-10-01,,WARN_OR_VALIDATE,CPQ Product Owner,APPROVED_SYNTHETIC
TEN-COOLIT-SYN-001,SITE-COOLIT-SYN-01,CRM,CONFIGURATION_RULE,CPQR-03-2,CFG-CPL-03,RESOLVED,2026-09-25T23:59:59-06:00,2026-09-26T08:00:00-06:00,2026-06-29T00:00:00-06:00,,1,,false,ACTIVE,,,VALID,CURRENT,coolit-synthetic-v2.0.0,ALL_SYNTHETIC_CUSTOMERS,ALL_SYNTHETIC_PROGRAMS,CFG-CPL-03,SYNTHETIC_INTERNAL,SNP-COOLIT-20260925-BL,SCN-BASELINE,CPQR-03-2,CFG-CPL-03,INCOMPATIBILITY,NOT(controls='ADVANCED' AND hydraulic_class='H1'),CPQ-RULES-2.0,2024-10-01,,BLOCK,CPQ Product Owner,APPROVED_SYNTHETIC
TEN-COOLIT-SYN-001,SITE-COOLIT-SYN-01,CRM,CONFIGURATION_RULE,CPQR-03-3,CFG-CPL-03,RESOLVED,2026-09-25T23:59:59-06:00,2026-09-26T08:00:00-06:00,2026-06-29T00:00:00-06:00,,1,,false,ACTIVE,,,VALID,CURRENT,coolit-synthetic-v2.0.0,ALL_SYNTHETIC_CUSTOMERS,ALL_SYNTHETIC_PROGRAMS,CFG-CPL-03,SYNTHETIC_INTERNAL,SNP-COOLIT-20260925-BL,SCN-BASELINE,CPQR-03-3,CFG-CPL-03,MINIMUM_RANGE,quantity >= 1,CPQ-RULES-2.0,2024-10-01,,WARN_OR_VALIDATE,CPQ Product Owner,APPROVED_SYNTHETIC
TEN-COOLIT-SYN-001,SITE-COOLIT-SYN-01,CRM,CONFIGURATION_RULE,CPQR-03-4,CFG-CPL-03,RESOLVED,2026-09-25T23:59:59-06:00,2026-09-26T08:00:00-06:00,2026-06-29T00:00:00-06:00,,1,,false,ACTIVE,,,VALID,CURRENT,coolit-synthetic-v2.0.0,ALL_SYNTHETIC_CUSTOMERS,ALL_SYNTHETIC_PROGRAMS,CFG-CPL-03,SYNTHETIC_INTERNAL,SNP-COOLIT-20260925-BL,SCN-BASELINE,CPQR-03-4,CFG-CPL-03,MAXIMUM_RANGE,quantity <= 250,CPQ-RULES-2.0,2024-10-01,,WARN_OR_VALIDATE,CPQ Product Owner,APPROVED_SYNTHETIC
TEN-COOLIT-SYN-001,SITE-COOLIT-SYN-01,CRM,CONFIGURATION_RULE,CPQR-03-5,CFG-CPL-03,RESOLVED,2026-09-25T23:59:59-06:00,2026-09-26T08:00:00-06:00,2026-06-29T00:00:00-06:00,,1,,false,ACTIVE,,,VALID,CURRENT,coolit-synthetic-v2.0.0,ALL_SYNTHETIC_CUSTOMERS,ALL_SYNTHETIC_PROGRAMS,CFG-CPL-03,SYNTHETIC_INTERNAL,SNP-COOLIT-20260925-BL,SCN-BASELINE,CPQR-03-5,CFG-CPL-03,PLM_RELEASE_REQUIRED,"configuration_revision.lifecycle_state IN ('RELEASED','RAMP')",CPQ-RULES-2.0,2024-10-01,,BLOCK,CPQ Product Owner,APPROVED_SYNTHETIC
TEN-COOLIT-SYN-001,SITE-COOLIT-SYN-01,CRM,CONFIGURATION_RULE,CPQR-04-1,CFG-CPL-04,RESOLVED,2026-09-25T23:59:59-06:00,2026-09-26T08:00:00-06:00,2026-06-29T00:00:00-06:00,,1,,false,ACTIVE,,,VALID,CURRENT,coolit-synthetic-v2.0.0,ALL_SYNTHETIC_CUSTOMERS,ALL_SYNTHETIC_PROGRAMS,CFG-CPL-04,SYNTHETIC_INTERNAL,SNP-COOLIT-20260925-BL,SCN-BASELINE,CPQR-04-1,CFG-CPL-04,REQUIRED_OPTION,"connection IN ('QD','FLANGED')",CPQ-RULES-2.0,2024-10-01,,WARN_OR_VALIDATE,CPQ Product Owner,APPROVED_SYNTHETIC
TEN-COOLIT-SYN-001,SITE-COOLIT-SYN-01,CRM,CONFIGURATION_RULE,CPQR-04-2,CFG-CPL-04,RESOLVED,2026-09-25T23:59:59-06:00,2026-09-26T08:00:00-06:00,2026-06-29T00:00:00-06:00,,1,,false,ACTIVE,,,VALID,CURRENT,coolit-synthetic-v2.0.0,ALL_SYNTHETIC_CUSTOMERS,ALL_SYNTHETIC_PROGRAMS,CFG-CPL-04,SYNTHETIC_INTERNAL,SNP-COOLIT-20260925-BL,SCN-BASELINE,CPQR-04-2,CFG-CPL-04,INCOMPATIBILITY,NOT(controls='ADVANCED' AND hydraulic_class='H1'),CPQ-RULES-2.0,2024-10-01,,BLOCK,CPQ Product Owner,APPROVED_SYNTHETIC
TEN-COOLIT-SYN-001,SITE-COOLIT-SYN-01,CRM,CONFIGURATION_RULE,CPQR-04-3,CFG-CPL-04,RESOLVED,2026-09-25T23:59:59-06:00,2026-09-26T08:00:00-06:00,2026-06-29T00:00:00-06:00,,1,,false,ACTIVE,,,VALID,CURRENT,coolit-synthetic-v2.0.0,ALL_SYNTHETIC_CUSTOMERS,ALL_SYNTHETIC_PROGRAMS,CFG-CPL-04,SYNTHETIC_INTERNAL,SNP-COOLIT-20260925-BL,SCN-BASELINE,CPQR-04-3,CFG-CPL-04,MINIMUM_RANGE,quantity >= 1,CPQ-RULES-2.0,2024-10-01,,WARN_OR_VALIDATE,CPQ Product Owner,APPROVED_SYNTHETIC
TEN-COOLIT-SYN-001,SITE-COOLIT-SYN-01,CRM,CONFIGURATION_RULE,CPQR-04-4,CFG-CPL-04,RESOLVED,2026-09-25T23:59:59-06:00,2026-09-26T08:00:00-06:00,2026-06-29T00:00:00-06:00,,1,,false,ACTIVE,,,VALID,CURRENT,coolit-synthetic-v2.0.0,ALL_SYNTHETIC_CUSTOMERS,ALL_SYNTHETIC_PROGRAMS,CFG-CPL-04,SYNTHETIC_INTERNAL,SNP-COOLIT-20260925-BL,SCN-BASELINE,CPQR-04-4,CFG-CPL-04,MAXIMUM_RANGE,quantity <= 250,CPQ-RULES-2.0,2024-10-01,,WARN_OR_VALIDATE,CPQ Product Owner,APPROVED_SYNTHETIC
TEN-COOLIT-SYN-001,SITE-COOLIT-SYN-01,CRM,CONFIGURATION_RULE,CPQR-04-5,CFG-CPL-04,RESOLVED,2026-09-25T23:59:59-06:00,2026-09-26T08:00:00-06:00,2026-06-29T00:00:00-06:00,,1,,false,ACTIVE,,,VALID,CURRENT,coolit-synthetic-v2.0.0,ALL_SYNTHETIC_CUSTOMERS,ALL_SYNTHETIC_PROGRAMS,CFG-CPL-04,SYNTHETIC_INTERNAL,SNP-COOLIT-20260925-BL,SCN-BASELINE,CPQR-04-5,CFG-CPL-04,PLM_RELEASE_REQUIRED,"configuration_revision.lifecycle_state IN ('RELEASED','RAMP')",CPQ-RULES-2.0,2024-10-01,,BLOCK,CPQ Product Owner,APPROVED_SYNTHETIC
TEN-COOLIT-SYN-001,SITE-COOLIT-SYN-01,CRM,CONFIGURATION_RULE,CPQR-05-1,CFG-RM-01,RESOLVED,2026-09-25T23:59:59-06:00,2026-09-26T08:00:00-06:00,2026-06-29T00:00:00-06:00,,1,,false,ACTIVE,,,VALID,CURRENT,coolit-synthetic-v2.0.0,ALL_SYNTHETIC_CUSTOMERS,ALL_SYNTHETIC_PROGRAMS,CFG-RM-01,SYNTHETIC_INTERNAL,SNP-COOLIT-20260925-BL,SCN-BASELINE,CPQR-05-1,CFG-RM-01,REQUIRED_OPTION,"connection IN ('QD','FLANGED')",CPQ-RULES-2.0,2024-10-01,,WARN_OR_VALIDATE,CPQ Product Owner,APPROVED_SYNTHETIC
TEN-COOLIT-SYN-001,SITE-COOLIT-SYN-01,CRM,CONFIGURATION_RULE,CPQR-05-2,CFG-RM-01,RESOLVED,2026-09-25T23:59:59-06:00,2026-09-26T08:00:00-06:00,2026-06-29T00:00:00-06:00,,1,,false,ACTIVE,,,VALID,CURRENT,coolit-synthetic-v2.0.0,ALL_SYNTHETIC_CUSTOMERS,ALL_SYNTHETIC_PROGRAMS,CFG-RM-01,SYNTHETIC_INTERNAL,SNP-COOLIT-20260925-BL,SCN-BASELINE,CPQR-05-2,CFG-RM-01,INCOMPATIBILITY,NOT(controls='ADVANCED' AND hydraulic_class='H1'),CPQ-RULES-2.0,2024-10-01,,BLOCK,CPQ Product Owner,APPROVED_SYNTHETIC
TEN-COOLIT-SYN-001,SITE-COOLIT-SYN-01,CRM,CONFIGURATION_RULE,CPQR-05-3,CFG-RM-01,RESOLVED,2026-09-25T23:59:59-06:00,2026-09-26T08:00:00-06:00,2026-06-29T00:00:00-06:00,,1,,false,ACTIVE,,,VALID,CURRENT,coolit-synthetic-v2.0.0,ALL_SYNTHETIC_CUSTOMERS,ALL_SYNTHETIC_PROGRAMS,CFG-RM-01,SYNTHETIC_INTERNAL,SNP-COOLIT-20260925-BL,SCN-BASELINE,CPQR-05-3,CFG-RM-01,MINIMUM_RANGE,quantity >= 1,CPQ-RULES-2.0,2024-10-01,,WARN_OR_VALIDATE,CPQ Product Owner,APPROVED_SYNTHETIC
TEN-COOLIT-SYN-001,SITE-COOLIT-SYN-01,CRM,CONFIGURATION_RULE,CPQR-05-4,CFG-RM-01,RESOLVED,2026-09-25T23:59:59-06:00,2026-09-26T08:00:00-06:00,2026-06-29T00:00:00-06:00,,1,,false,ACTIVE,,,VALID,CURRENT,coolit-synthetic-v2.0.0,ALL_SYNTHETIC_CUSTOMERS,ALL_SYNTHETIC_PROGRAMS,CFG-RM-01,SYNTHETIC_INTERNAL,SNP-COOLIT-20260925-BL,SCN-BASELINE,CPQR-05-4,CFG-RM-01,MAXIMUM_RANGE,quantity <= 250,CPQ-RULES-2.0,2024-10-01,,WARN_OR_VALIDATE,CPQ Product Owner,APPROVED_SYNTHETIC
TEN-COOLIT-SYN-001,SITE-COOLIT-SYN-01,CRM,CONFIGURATION_RULE,CPQR-05-5,CFG-RM-01,RESOLVED,2026-09-25T23:59:59-06:00,2026-09-26T08:00:00-06:00,2026-06-29T00:00:00-06:00,,1,,false,ACTIVE,,,VALID,CURRENT,coolit-synthetic-v2.0.0,ALL_SYNTHETIC_CUSTOMERS,ALL_SYNTHETIC_PROGRAMS,CFG-RM-01,SYNTHETIC_INTERNAL,SNP-COOLIT-20260925-BL,SCN-BASELINE,CPQR-05-5,CFG-RM-01,PLM_RELEASE_REQUIRED,"configuration_revision.lifecycle_state IN ('RELEASED','RAMP')",CPQ-RULES-2.0,2024-10-01,,BLOCK,CPQ Product Owner,APPROVED_SYNTHETIC
TEN-COOLIT-SYN-001,SITE-COOLIT-SYN-01,CRM,CONFIGURATION_RULE,CPQR-06-1,CFG-RM-02,RESOLVED,2026-09-25T23:59:59-06:00,2026-09-26T08:00:00-06:00,2026-06-29T00:00:00-06:00,,1,,false,ACTIVE,,,VALID,CURRENT,coolit-synthetic-v2.0.0,ALL_SYNTHETIC_CUSTOMERS,ALL_SYNTHETIC_PROGRAMS,CFG-RM-02,SYNTHETIC_INTERNAL,SNP-COOLIT-20260925-BL,SCN-BASELINE,CPQR-06-1,CFG-RM-02,REQUIRED_OPTION,"connection IN ('QD','FLANGED')",CPQ-RULES-2.0,2024-10-01,,WARN_OR_VALIDATE,CPQ Product Owner,APPROVED_SYNTHETIC
TEN-COOLIT-SYN-001,SITE-COOLIT-SYN-01,CRM,CONFIGURATION_RULE,CPQR-06-2,CFG-RM-02,RESOLVED,2026-09-25T23:59:59-06:00,2026-09-26T08:00:00-06:00,2026-06-29T00:00:00-06:00,,1,,false,ACTIVE,,,VALID,CURRENT,coolit-synthetic-v2.0.0,ALL_SYNTHETIC_CUSTOMERS,ALL_SYNTHETIC_PROGRAMS,CFG-RM-02,SYNTHETIC_INTERNAL,SNP-COOLIT-20260925-BL,SCN-BASELINE,CPQR-06-2,CFG-RM-02,INCOMPATIBILITY,NOT(controls='ADVANCED' AND hydraulic_class='H1'),CPQ-RULES-2.0,2024-10-01,,BLOCK,CPQ Product Owner,APPROVED_SYNTHETIC
TEN-COOLIT-SYN-001,SITE-COOLIT-SYN-01,CRM,CONFIGURATION_RULE,CPQR-06-3,CFG-RM-02,RESOLVED,2026-09-25T23:59:59-06:00,2026-09-26T08:00:00-06:00,2026-06-29T00:00:00-06:00,,1,,false,ACTIVE,,,VALID,CURRENT,coolit-synthetic-v2.0.0,ALL_SYNTHETIC_CUSTOMERS,ALL_SYNTHETIC_PROGRAMS,CFG-RM-02,SYNTHETIC_INTERNAL,SNP-COOLIT-20260925-BL,SCN-BASELINE,CPQR-06-3,CFG-RM-02,MINIMUM_RANGE,quantity >= 1,CPQ-RULES-2.0,2024-10-01,,WARN_OR_VALIDATE,CPQ Product Owner,APPROVED_SYNTHETIC
TEN-COOLIT-SYN-001,SITE-COOLIT-SYN-01,CRM,CONFIGURATION_RULE,CPQR-06-4,CFG-RM-02,RESOLVED,2026-09-25T23:59:59-06:00,2026-09-26T08:00:00-06:00,2026-06-29T00:00:00-06:00,,1,,false,ACTIVE,,,VALID,CURRENT,coolit-synthetic-v2.0.0,ALL_SYNTHETIC_CUSTOMERS,ALL_SYNTHETIC_PROGRAMS,CFG-RM-02,SYNTHETIC_INTERNAL,SNP-COOLIT-20260925-BL,SCN-BASELINE,CPQR-06-4,CFG-RM-02,MAXIMUM_RANGE,quantity <= 250,CPQ-RULES-2.0,2024-10-01,,WARN_OR_VALIDATE,CPQ Product Owner,APPROVED_SYNTHETIC
TEN-COOLIT-SYN-001,SITE-COOLIT-SYN-01,CRM,CONFIGURATION_RULE,CPQR-06-5,CFG-RM-02,RESOLVED,2026-09-25T23:59:59-06:00,2026-09-26T08:00:00-06:00,2026-06-29T00:00:00-06:00,,1,,false,ACTIVE,,,VALID,CURRENT,coolit-synthetic-v2.0.0,ALL_SYNTHETIC_CUSTOMERS,ALL_SYNTHETIC_PROGRAMS,CFG-RM-02,SYNTHETIC_INTERNAL,SNP-COOLIT-20260925-BL,SCN-BASELINE,CPQR-06-5,CFG-RM-02,PLM_RELEASE_REQUIRED,"configuration_revision.lifecycle_state IN ('RELEASED','RAMP')",CPQ-RULES-2.0,2024-10-01,,BLOCK,CPQ Product Owner,APPROVED_SYNTHETIC
TEN-COOLIT-SYN-001,SITE-COOLIT-SYN-01,CRM,CONFIGURATION_RULE,CPQR-07-1,CFG-RM-03,RESOLVED,2026-09-25T23:59:59-06:00,2026-09-26T08:00:00-06:00,2026-06-29T00:00:00-06:00,,1,,false,ACTIVE,,,VALID,CURRENT,coolit-synthetic-v2.0.0,ALL_SYNTHETIC_CUSTOMERS,ALL_SYNTHETIC_PROGRAMS,CFG-RM-03,SYNTHETIC_INTERNAL,SNP-COOLIT-20260925-BL,SCN-BASELINE,CPQR-07-1,CFG-RM-03,REQUIRED_OPTION,"connection IN ('QD','FLANGED')",CPQ-RULES-2.0,2024-10-01,,WARN_OR_VALIDATE,CPQ Product Owner,APPROVED_SYNTHETIC
TEN-COOLIT-SYN-001,SITE-COOLIT-SYN-01,CRM,CONFIGURATION_RULE,CPQR-07-2,CFG-RM-03,RESOLVED,2026-09-25T23:59:59-06:00,2026-09-26T08:00:00-06:00,2026-06-29T00:00:00-06:00,,1,,false,ACTIVE,,,VALID,CURRENT,coolit-synthetic-v2.0.0,ALL_SYNTHETIC_CUSTOMERS,ALL_SYNTHETIC_PROGRAMS,CFG-RM-03,SYNTHETIC_INTERNAL,SNP-COOLIT-20260925-BL,SCN-BASELINE,CPQR-07-2,CFG-RM-03,INCOMPATIBILITY,NOT(controls='ADVANCED' AND hydraulic_class='H1'),CPQ-RULES-2.0,2024-10-01,,BLOCK,CPQ Product Owner,APPROVED_SYNTHETIC
TEN-COOLIT-SYN-001,SITE-COOLIT-SYN-01,CRM,CONFIGURATION_RULE,CPQR-07-3,CFG-RM-03,RESOLVED,2026-09-25T23:59:59-06:00,2026-09-26T08:00:00-06:00,2026-06-29T00:00:00-06:00,,1,,false,ACTIVE,,,VALID,CURRENT,coolit-synthetic-v2.0.0,ALL_SYNTHETIC_CUSTOMERS,ALL_SYNTHETIC_PROGRAMS,CFG-RM-03,SYNTHETIC_INTERNAL,SNP-COOLIT-20260925-BL,SCN-BASELINE,CPQR-07-3,CFG-RM-03,MINIMUM_RANGE,quantity >= 1,CPQ-RULES-2.0,2024-10-01,,WARN_OR_VALIDATE,CPQ Product Owner,APPROVED_SYNTHETIC
TEN-COOLIT-SYN-001,SITE-COOLIT-SYN-01,CRM,CONFIGURATION_RULE,CPQR-07-4,CFG-RM-03,RESOLVED,2026-09-25T23:59:59-06:00,2026-09-26T08:00:00-06:00,2026-06-29T00:00:00-06:00,,1,,false,ACTIVE,,,VALID,CURRENT,coolit-synthetic-v2.0.0,ALL_SYNTHETIC_CUSTOMERS,ALL_SYNTHETIC_PROGRAMS,CFG-RM-03,SYNTHETIC_INTERNAL,SNP-COOLIT-20260925-BL,SCN-BASELINE,CPQR-07-4,CFG-RM-03,MAXIMUM_RANGE,quantity <= 250,CPQ-RULES-2.0,2024-10-01,,WARN_OR_VALIDATE,CPQ Product Owner,APPROVED_SYNTHETIC
TEN-COOLIT-SYN-001,SITE-COOLIT-SYN-01,CRM,CONFIGURATION_RULE,CPQR-07-5,CFG-RM-03,RESOLVED,2026-09-25T23:59:59-06:00,2026-09-26T08:00:00-06:00,2026-06-29T00:00:00-06:00,,1,,false,ACTIVE,,,VALID,CURRENT,coolit-synthetic-v2.0.0,ALL_SYNTHETIC_CUSTOMERS,ALL_SYNTHETIC_PROGRAMS,CFG-RM-03,SYNTHETIC_INTERNAL,SNP-COOLIT-20260925-BL,SCN-BASELINE,CPQR-07-5,CFG-RM-03,PLM_RELEASE_REQUIRED,"configuration_revision.lifecycle_state IN ('RELEASED','RAMP')",CPQ-RULES-2.0,2024-10-01,,BLOCK,CPQ Product Owner,APPROVED_SYNTHETIC
TEN-COOLIT-SYN-001,SITE-COOLIT-SYN-01,CRM,CONFIGURATION_RULE,CPQR-08-1,CFG-RM-04,RESOLVED,2026-09-25T23:59:59-06:00,2026-09-26T08:00:00-06:00,2026-06-29T00:00:00-06:00,,1,,false,ACTIVE,,,VALID,CURRENT,coolit-synthetic-v2.0.0,ALL_SYNTHETIC_CUSTOMERS,ALL_SYNTHETIC_PROGRAMS,CFG-RM-04,SYNTHETIC_INTERNAL,SNP-COOLIT-20260925-BL,SCN-BASELINE,CPQR-08-1,CFG-RM-04,REQUIRED_OPTION,"connection IN ('QD','FLANGED')",CPQ-RULES-2.0,2024-10-01,,WARN_OR_VALIDATE,CPQ Product Owner,APPROVED_SYNTHETIC
TEN-COOLIT-SYN-001,SITE-COOLIT-SYN-01,CRM,CONFIGURATION_RULE,CPQR-08-2,CFG-RM-04,RESOLVED,2026-09-25T23:59:59-06:00,2026-09-26T08:00:00-06:00,2026-06-29T00:00:00-06:00,,1,,false,ACTIVE,,,VALID,CURRENT,coolit-synthetic-v2.0.0,ALL_SYNTHETIC_CUSTOMERS,ALL_SYNTHETIC_PROGRAMS,CFG-RM-04,SYNTHETIC_INTERNAL,SNP-COOLIT-20260925-BL,SCN-BASELINE,CPQR-08-2,CFG-RM-04,INCOMPATIBILITY,NOT(controls='ADVANCED' AND hydraulic_class='H1'),CPQ-RULES-2.0,2024-10-01,,BLOCK,CPQ Product Owner,APPROVED_SYNTHETIC
TEN-COOLIT-SYN-001,SITE-COOLIT-SYN-01,CRM,CONFIGURATION_RULE,CPQR-08-3,CFG-RM-04,RESOLVED,2026-09-25T23:59:59-06:00,2026-09-26T08:00:00-06:00,2026-06-29T00:00:00-06:00,,1,,false,ACTIVE,,,VALID,CURRENT,coolit-synthetic-v2.0.0,ALL_SYNTHETIC_CUSTOMERS,ALL_SYNTHETIC_PROGRAMS,CFG-RM-04,SYNTHETIC_INTERNAL,SNP-COOLIT-20260925-BL,SCN-BASELINE,CPQR-08-3,CFG-RM-04,MINIMUM_RANGE,quantity >= 1,CPQ-RULES-2.0,2024-10-01,,WARN_OR_VALIDATE,CPQ Product Owner,APPROVED_SYNTHETIC
TEN-COOLIT-SYN-001,SITE-COOLIT-SYN-01,CRM,CONFIGURATION_RULE,CPQR-08-4,CFG-RM-04,RESOLVED,2026-09-25T23:59:59-06:00,2026-09-26T08:00:00-06:00,2026-06-29T00:00:00-06:00,,1,,false,ACTIVE,,,VALID,CURRENT,coolit-synthetic-v2.0.0,ALL_SYNTHETIC_CUSTOMERS,ALL_SYNTHETIC_PROGRAMS,CFG-RM-04,SYNTHETIC_INTERNAL,SNP-COOLIT-20260925-BL,SCN-BASELINE,CPQR-08-4,CFG-RM-04,MAXIMUM_RANGE,quantity <= 250,CPQ-RULES-2.0,2024-10-01,,WARN_OR_VALIDATE,CPQ Product Owner,APPROVED_SYNTHETIC
TEN-COOLIT-SYN-001,SITE-COOLIT-SYN-01,CRM,CONFIGURATION_RULE,CPQR-08-5,CFG-RM-04,RESOLVED,2026-09-25T23:59:59-06:00,2026-09-26T08:00:00-06:00,2026-06-29T00:00:00-06:00,,1,,false,ACTIVE,,,VALID,CURRENT,coolit-synthetic-v2.0.0,ALL_SYNTHETIC_CUSTOMERS,ALL_SYNTHETIC_PROGRAMS,CFG-RM-04,SYNTHETIC_INTERNAL,SNP-COOLIT-20260925-BL,SCN-BASELINE,CPQR-08-5,CFG-RM-04,PLM_RELEASE_REQUIRED,"configuration_revision.lifecycle_state IN ('RELEASED','RAMP')",CPQ-RULES-2.0,2024-10-01,,BLOCK,CPQ Product Owner,APPROVED_SYNTHETIC
TEN-COOLIT-SYN-001,SITE-COOLIT-SYN-01,CRM,CONFIGURATION_RULE,CPQR-09-1,CFG-CDU-01,RESOLVED,2026-09-25T23:59:59-06:00,2026-09-26T08:00:00-06:00,2026-06-29T00:00:00-06:00,,1,,false,ACTIVE,,,VALID,CURRENT,coolit-synthetic-v2.0.0,ALL_SYNTHETIC_CUSTOMERS,ALL_SYNTHETIC_PROGRAMS,CFG-CDU-01,SYNTHETIC_INTERNAL,SNP-COOLIT-20260925-BL,SCN-BASELINE,CPQR-09-1,CFG-CDU-01,REQUIRED_OPTION,"connection IN ('QD','FLANGED')",CPQ-RULES-2.0,2024-10-01,,WARN_OR_VALIDATE,CPQ Product Owner,APPROVED_SYNTHETIC
TEN-COOLIT-SYN-001,SITE-COOLIT-SYN-01,CRM,CONFIGURATION_RULE,CPQR-09-2,CFG-CDU-01,RESOLVED,2026-09-25T23:59:59-06:00,2026-09-26T08:00:00-06:00,2026-06-29T00:00:00-06:00,,1,,false,ACTIVE,,,VALID,CURRENT,coolit-synthetic-v2.0.0,ALL_SYNTHETIC_CUSTOMERS,ALL_SYNTHETIC_PROGRAMS,CFG-CDU-01,SYNTHETIC_INTERNAL,SNP-COOLIT-20260925-BL,SCN-BASELINE,CPQR-09-2,CFG-CDU-01,INCOMPATIBILITY,NOT(controls='ADVANCED' AND hydraulic_class='H1'),CPQ-RULES-2.0,2024-10-01,,BLOCK,CPQ Product Owner,APPROVED_SYNTHETIC
TEN-COOLIT-SYN-001,SITE-COOLIT-SYN-01,CRM,CONFIGURATION_RULE,CPQR-09-3,CFG-CDU-01,RESOLVED,2026-09-25T23:59:59-06:00,2026-09-26T08:00:00-06:00,2026-06-29T00:00:00-06:00,,1,,false,ACTIVE,,,VALID,CURRENT,coolit-synthetic-v2.0.0,ALL_SYNTHETIC_CUSTOMERS,ALL_SYNTHETIC_PROGRAMS,CFG-CDU-01,SYNTHETIC_INTERNAL,SNP-COOLIT-20260925-BL,SCN-BASELINE,CPQR-09-3,CFG-CDU-01,MINIMUM_RANGE,quantity >= 1,CPQ-RULES-2.0,2024-10-01,,WARN_OR_VALIDATE,CPQ Product Owner,APPROVED_SYNTHETIC
TEN-COOLIT-SYN-001,SITE-COOLIT-SYN-01,CRM,CONFIGURATION_RULE,CPQR-09-4,CFG-CDU-01,RESOLVED,2026-09-25T23:59:59-06:00,2026-09-26T08:00:00-06:00,2026-06-29T00:00:00-06:00,,1,,false,ACTIVE,,,VALID,CURRENT,coolit-synthetic-v2.0.0,ALL_SYNTHETIC_CUSTOMERS,ALL_SYNTHETIC_PROGRAMS,CFG-CDU-01,SYNTHETIC_INTERNAL,SNP-COOLIT-20260925-BL,SCN-BASELINE,CPQR-09-4,CFG-CDU-01,MAXIMUM_RANGE,quantity <= 250,CPQ-RULES-2.0,2024-10-01,,WARN_OR_VALIDATE,CPQ Product Owner,APPROVED_SYNTHETIC
TEN-COOLIT-SYN-001,SITE-COOLIT-SYN-01,CRM,CONFIGURATION_RULE,CPQR-09-5,CFG-CDU-01,RESOLVED,2026-09-25T23:59:59-06:00,2026-09-26T08:00:00-06:00,2026-06-29T00:00:00-06:00,,1,,false,ACTIVE,,,VALID,CURRENT,coolit-synthetic-v2.0.0,ALL_SYNTHETIC_CUSTOMERS,ALL_SYNTHETIC_PROGRAMS,CFG-CDU-01,SYNTHETIC_INTERNAL,SNP-COOLIT-20260925-BL,SCN-BASELINE,CPQR-09-5,CFG-CDU-01,PLM_RELEASE_REQUIRED,"configuration_revision.lifecycle_state IN ('RELEASED','RAMP')",CPQ-RULES-2.0,2024-10-01,,BLOCK,CPQ Product Owner,APPROVED_SYNTHETIC
TEN-COOLIT-SYN-001,SITE-COOLIT-SYN-01,CRM,CONFIGURATION_RULE,CPQR-10-1,CFG-CDU-02,RESOLVED,2026-09-25T23:59:59-06:00,2026-09-26T08:00:00-06:00,2026-06-29T00:00:00-06:00,,1,,false,ACTIVE,,,VALID,CURRENT,coolit-synthetic-v2.0.0,ALL_SYNTHETIC_CUSTOMERS,ALL_SYNTHETIC_PROGRAMS,CFG-CDU-02,SYNTHETIC_INTERNAL,SNP-COOLIT-20260925-BL,SCN-BASELINE,CPQR-10-1,CFG-CDU-02,REQUIRED_OPTION,"connection IN ('QD','FLANGED')",CPQ-RULES-2.0,2024-10-01,,WARN_OR_VALIDATE,CPQ Product Owner,APPROVED_SYNTHETIC
TEN-COOLIT-SYN-001,SITE-COOLIT-SYN-01,CRM,CONFIGURATION_RULE,CPQR-10-2,CFG-CDU-02,RESOLVED,2026-09-25T23:59:59-06:00,2026-09-26T08:00:00-06:00,2026-06-29T00:00:00-06:00,,1,,false,ACTIVE,,,VALID,CURRENT,coolit-synthetic-v2.0.0,ALL_SYNTHETIC_CUSTOMERS,ALL_SYNTHETIC_PROGRAMS,CFG-CDU-02,SYNTHETIC_INTERNAL,SNP-COOLIT-20260925-BL,SCN-BASELINE,CPQR-10-2,CFG-CDU-02,INCOMPATIBILITY,NOT(controls='ADVANCED' AND hydraulic_class='H1'),CPQ-RULES-2.0,2024-10-01,,BLOCK,CPQ Product Owner,APPROVED_SYNTHETIC
TEN-COOLIT-SYN-001,SITE-COOLIT-SYN-01,CRM,CONFIGURATION_RULE,CPQR-10-3,CFG-CDU-02,RESOLVED,2026-09-25T23:59:59-06:00,2026-09-26T08:00:00-06:00,2026-06-29T00:00:00-06:00,,1,,false,ACTIVE,,,VALID,CURRENT,coolit-synthetic-v2.0.0,ALL_SYNTHETIC_CUSTOMERS,ALL_SYNTHETIC_PROGRAMS,CFG-CDU-02,SYNTHETIC_INTERNAL,SNP-COOLIT-20260925-BL,SCN-BASELINE,CPQR-10-3,CFG-CDU-02,MINIMUM_RANGE,quantity >= 1,CPQ-RULES-2.0,2024-10-01,,WARN_OR_VALIDATE,CPQ Product Owner,APPROVED_SYNTHETIC
TEN-COOLIT-SYN-001,SITE-COOLIT-SYN-01,CRM,CONFIGURATION_RULE,CPQR-10-4,CFG-CDU-02,RESOLVED,2026-09-25T23:59:59-06:00,2026-09-26T08:00:00-06:00,2026-06-29T00:00:00-06:00,,1,,false,ACTIVE,,,VALID,CURRENT,coolit-synthetic-v2.0.0,ALL_SYNTHETIC_CUSTOMERS,ALL_SYNTHETIC_PROGRAMS,CFG-CDU-02,SYNTHETIC_INTERNAL,SNP-COOLIT-20260925-BL,SCN-BASELINE,CPQR-10-4,CFG-CDU-02,MAXIMUM_RANGE,quantity <= 250,CPQ-RULES-2.0,2024-10-01,,WARN_OR_VALIDATE,CPQ Product Owner,APPROVED_SYNTHETIC
TEN-COOLIT-SYN-001,SITE-COOLIT-SYN-01,CRM,CONFIGURATION_RULE,CPQR-10-5,CFG-CDU-02,RESOLVED,2026-09-25T23:59:59-06:00,2026-09-26T08:00:00-06:00,2026-06-29T00:00:00-06:00,,1,,false,ACTIVE,,,VALID,CURRENT,coolit-synthetic-v2.0.0,ALL_SYNTHETIC_CUSTOMERS,ALL_SYNTHETIC_PROGRAMS,CFG-CDU-02,SYNTHETIC_INTERNAL,SNP-COOLIT-20260925-BL,SCN-BASELINE,CPQR-10-5,CFG-CDU-02,PLM_RELEASE_REQUIRED,"configuration_revision.lifecycle_state IN ('RELEASED','RAMP')",CPQ-RULES-2.0,2024-10-01,,BLOCK,CPQ Product Owner,APPROVED_SYNTHETIC
TEN-COOLIT-SYN-001,SITE-COOLIT-SYN-01,CRM,CONFIGURATION_RULE,CPQR-11-1,CFG-CDU-03,RESOLVED,2026-09-25T23:59:59-06:00,2026-09-26T08:00:00-06:00,2026-06-29T00:00:00-06:00,,1,,false,ACTIVE,,,VALID,CURRENT,coolit-synthetic-v2.0.0,ALL_SYNTHETIC_CUSTOMERS,ALL_SYNTHETIC_PROGRAMS,CFG-CDU-03,SYNTHETIC_INTERNAL,SNP-COOLIT-20260925-BL,SCN-BASELINE,CPQR-11-1,CFG-CDU-03,REQUIRED_OPTION,"connection IN ('QD','FLANGED')",CPQ-RULES-2.0,2024-10-01,,WARN_OR_VALIDATE,CPQ Product Owner,APPROVED_SYNTHETIC
TEN-COOLIT-SYN-001,SITE-COOLIT-SYN-01,CRM,CONFIGURATION_RULE,CPQR-11-2,CFG-CDU-03,RESOLVED,2026-09-25T23:59:59-06:00,2026-09-26T08:00:00-06:00,2026-06-29T00:00:00-06:00,,1,,false,ACTIVE,,,VALID,CURRENT,coolit-synthetic-v2.0.0,ALL_SYNTHETIC_CUSTOMERS,ALL_SYNTHETIC_PROGRAMS,CFG-CDU-03,SYNTHETIC_INTERNAL,SNP-COOLIT-20260925-BL,SCN-BASELINE,CPQR-11-2,CFG-CDU-03,INCOMPATIBILITY,NOT(controls='ADVANCED' AND hydraulic_class='H1'),CPQ-RULES-2.0,2024-10-01,,BLOCK,CPQ Product Owner,APPROVED_SYNTHETIC
TEN-COOLIT-SYN-001,SITE-COOLIT-SYN-01,CRM,CONFIGURATION_RULE,CPQR-11-3,CFG-CDU-03,RESOLVED,2026-09-25T23:59:59-06:00,2026-09-26T08:00:00-06:00,2026-06-29T00:00:00-06:00,,1,,false,ACTIVE,,,VALID,CURRENT,coolit-synthetic-v2.0.0,ALL_SYNTHETIC_CUSTOMERS,ALL_SYNTHETIC_PROGRAMS,CFG-CDU-03,SYNTHETIC_INTERNAL,SNP-COOLIT-20260925-BL,SCN-BASELINE,CPQR-11-3,CFG-CDU-03,MINIMUM_RANGE,quantity >= 1,CPQ-RULES-2.0,2024-10-01,,WARN_OR_VALIDATE,CPQ Product Owner,APPROVED_SYNTHETIC
TEN-COOLIT-SYN-001,SITE-COOLIT-SYN-01,CRM,CONFIGURATION_RULE,CPQR-11-4,CFG-CDU-03,RESOLVED,2026-09-25T23:59:59-06:00,2026-09-26T08:00:00-06:00,2026-06-29T00:00:00-06:00,,1,,false,ACTIVE,,,VALID,CURRENT,coolit-synthetic-v2.0.0,ALL_SYNTHETIC_CUSTOMERS,ALL_SYNTHETIC_PROGRAMS,CFG-CDU-03,SYNTHETIC_INTERNAL,SNP-COOLIT-20260925-BL,SCN-BASELINE,CPQR-11-4,CFG-CDU-03,MAXIMUM_RANGE,quantity <= 250,CPQ-RULES-2.0,2024-10-01,,WARN_OR_VALIDATE,CPQ Product Owner,APPROVED_SYNTHETIC
TEN-COOLIT-SYN-001,SITE-COOLIT-SYN-01,CRM,CONFIGURATION_RULE,CPQR-11-5,CFG-CDU-03,RESOLVED,2026-09-25T23:59:59-06:00,2026-09-26T08:00:00-06:00,2026-06-29T00:00:00-06:00,,1,,false,ACTIVE,,,VALID,CURRENT,coolit-synthetic-v2.0.0,ALL_SYNTHETIC_CUSTOMERS,ALL_SYNTHETIC_PROGRAMS,CFG-CDU-03,SYNTHETIC_INTERNAL,SNP-COOLIT-20260925-BL,SCN-BASELINE,CPQR-11-5,CFG-CDU-03,PLM_RELEASE_REQUIRED,"configuration_revision.lifecycle_state IN ('RELEASED','RAMP')",CPQ-RULES-2.0,2024-10-01,,BLOCK,CPQ Product Owner,APPROVED_SYNTHETIC
TEN-COOLIT-SYN-001,SITE-COOLIT-SYN-01,CRM,CONFIGURATION_RULE,CPQR-12-1,CFG-CDU-04,RESOLVED,2026-09-25T23:59:59-06:00,2026-09-26T08:00:00-06:00,2026-06-29T00:00:00-06:00,,1,,false,ACTIVE,,,VALID,CURRENT,coolit-synthetic-v2.0.0,ALL_SYNTHETIC_CUSTOMERS,ALL_SYNTHETIC_PROGRAMS,CFG-CDU-04,SYNTHETIC_INTERNAL,SNP-COOLIT-20260925-BL,SCN-BASELINE,CPQR-12-1,CFG-CDU-04,REQUIRED_OPTION,"connection IN ('QD','FLANGED')",CPQ-RULES-2.0,2024-10-01,,WARN_OR_VALIDATE,CPQ Product Owner,APPROVED_SYNTHETIC
TEN-COOLIT-SYN-001,SITE-COOLIT-SYN-01,CRM,CONFIGURATION_RULE,CPQR-12-2,CFG-CDU-04,RESOLVED,2026-09-25T23:59:59-06:00,2026-09-26T08:00:00-06:00,2026-06-29T00:00:00-06:00,,1,,false,ACTIVE,,,VALID,CURRENT,coolit-synthetic-v2.0.0,ALL_SYNTHETIC_CUSTOMERS,ALL_SYNTHETIC_PROGRAMS,CFG-CDU-04,SYNTHETIC_INTERNAL,SNP-COOLIT-20260925-BL,SCN-BASELINE,CPQR-12-2,CFG-CDU-04,INCOMPATIBILITY,NOT(controls='ADVANCED' AND hydraulic_class='H1'),CPQ-RULES-2.0,2024-10-01,,BLOCK,CPQ Product Owner,APPROVED_SYNTHETIC
TEN-COOLIT-SYN-001,SITE-COOLIT-SYN-01,CRM,CONFIGURATION_RULE,CPQR-12-3,CFG-CDU-04,RESOLVED,2026-09-25T23:59:59-06:00,2026-09-26T08:00:00-06:00,2026-06-29T00:00:00-06:00,,1,,false,ACTIVE,,,VALID,CURRENT,coolit-synthetic-v2.0.0,ALL_SYNTHETIC_CUSTOMERS,ALL_SYNTHETIC_PROGRAMS,CFG-CDU-04,SYNTHETIC_INTERNAL,SNP-COOLIT-20260925-BL,SCN-BASELINE,CPQR-12-3,CFG-CDU-04,MINIMUM_RANGE,quantity >= 1,CPQ-RULES-2.0,2024-10-01,,WARN_OR_VALIDATE,CPQ Product Owner,APPROVED_SYNTHETIC
TEN-COOLIT-SYN-001,SITE-COOLIT-SYN-01,CRM,CONFIGURATION_RULE,CPQR-12-4,CFG-CDU-04,RESOLVED,2026-09-25T23:59:59-06:00,2026-09-26T08:00:00-06:00,2026-06-29T00:00:00-06:00,,1,,false,ACTIVE,,,VALID,CURRENT,coolit-synthetic-v2.0.0,ALL_SYNTHETIC_CUSTOMERS,ALL_SYNTHETIC_PROGRAMS,CFG-CDU-04,SYNTHETIC_INTERNAL,SNP-COOLIT-20260925-BL,SCN-BASELINE,CPQR-12-4,CFG-CDU-04,MAXIMUM_RANGE,quantity <= 250,CPQ-RULES-2.0,2024-10-01,,WARN_OR_VALIDATE,CPQ Product Owner,APPROVED_SYNTHETIC
TEN-COOLIT-SYN-001,SITE-COOLIT-SYN-01,CRM,CONFIGURATION_RULE,CPQR-12-5,CFG-CDU-04,RESOLVED,2026-09-25T23:59:59-06:00,2026-09-26T08:00:00-06:00,2026-06-29T00:00:00-06:00,,1,,false,ACTIVE,,,VALID,CURRENT,coolit-synthetic-v2.0.0,ALL_SYNTHETIC_CUSTOMERS,ALL_SYNTHETIC_PROGRAMS,CFG-CDU-04,SYNTHETIC_INTERNAL,SNP-COOLIT-20260925-BL,SCN-BASELINE,CPQR-12-5,CFG-CDU-04,PLM_RELEASE_REQUIRED,"configuration_revision.lifecycle_state IN ('RELEASED','RAMP')",CPQ-RULES-2.0,2024-10-01,,BLOCK,CPQ Product Owner,APPROVED_SYNTHETIC
