tenant_id,site_id,source_system,source_object,source_record_id,canonical_id,crosswalk_status,source_event_at,ingested_at,effective_from,effective_to,record_version,supersedes_source_record_id,is_deleted,semantic_status,uom,currency,data_quality_state,freshness_state,transformation_version,customer_scope,program_scope,product_scope,sensitivity_class,snapshot_id,scenario_id,configuration_request_id,configuration_request_version_id,quote_line_id,normalized_attributes_json,fulfillment_class,plm_match_state,validation_state,freeze_state,freeze_date
TEN-COOLIT-SYN-001,SITE-COOLIT-SYN-01,CRM,CONFIGURATION_REQUEST,CR-0001-V1,CR-0001,RESOLVED,2026-09-25T23:59:59-06:00,2026-09-26T08:00:00-06:00,2026-06-29T00:00:00-06:00,,1,,false,ACTIVE,,,VALID,CURRENT,coolit-synthetic-v2.0.0,CUST-001,PRG-001,CFG-CPL-03,SYNTHETIC_INTERNAL,SNP-COOLIT-20260925-BL,SCN-BASELINE,CR-0001,CR-0001-V1,QL-0001,"{""hydraulic_class"":""H3"",""controls"":""ADVANCED"",""connection"":""QD""}",CTO,MATCHED_RELEASED_DEFINITION,VALID,FROZEN,2026-06-01
TEN-COOLIT-SYN-001,SITE-COOLIT-SYN-01,CRM,CONFIGURATION_REQUEST,CR-0002-V1,CR-0002,RESOLVED,2026-09-25T23:59:59-06:00,2026-09-26T08:00:00-06:00,2026-06-29T00:00:00-06:00,,1,,false,ACTIVE,,,VALID,CURRENT,coolit-synthetic-v2.0.0,CUST-003,PRG-003,CFG-RM-01,SYNTHETIC_INTERNAL,SNP-COOLIT-20260925-BL,SCN-BASELINE,CR-0002,CR-0002-V1,QL-0003,"{""hydraulic_class"":""H1"",""controls"":""STANDARD"",""connection"":""QD""}",STANDARD,MATCHED_RELEASED_DEFINITION,VALID,FROZEN,2026-06-06
TEN-COOLIT-SYN-001,SITE-COOLIT-SYN-01,CRM,CONFIGURATION_REQUEST,CR-0003-V1,CR-0003,RESOLVED,2026-09-25T23:59:59-06:00,2026-09-26T08:00:00-06:00,2026-06-29T00:00:00-06:00,,1,,false,ACTIVE,,,VALID,CURRENT,coolit-synthetic-v2.0.0,CUST-005,PRG-005,CFG-RM-03,SYNTHETIC_INTERNAL,SNP-COOLIT-20260925-BL,SCN-BASELINE,CR-0003,CR-0003-V1,QL-0005,"{""hydraulic_class"":""H3"",""controls"":""ADVANCED"",""connection"":""QD""}",STANDARD,MATCHED_RELEASED_DEFINITION,VALID,FROZEN,2026-06-11
TEN-COOLIT-SYN-001,SITE-COOLIT-SYN-01,CRM,CONFIGURATION_REQUEST,CR-0004-V1,CR-0004,RESOLVED,2026-09-25T23:59:59-06:00,2026-09-26T08:00:00-06:00,2026-06-29T00:00:00-06:00,,1,,false,ACTIVE,,,VALID,CURRENT,coolit-synthetic-v2.0.0,CUST-007,PRG-007,CFG-CDU-01,SYNTHETIC_INTERNAL,SNP-COOLIT-20260925-BL,SCN-BASELINE,CR-0004,CR-0004-V1,QL-0007,"{""hydraulic_class"":""H1"",""controls"":""STANDARD"",""connection"":""QD""}",STANDARD,MATCHED_RELEASED_DEFINITION,VALID,FROZEN,2026-06-16
TEN-COOLIT-SYN-001,SITE-COOLIT-SYN-01,CRM,CONFIGURATION_REQUEST,CR-0005-V1,CR-0005,RESOLVED,2026-09-25T23:59:59-06:00,2026-09-26T08:00:00-06:00,2026-06-29T00:00:00-06:00,,1,,false,ACTIVE,,,VALID,CURRENT,coolit-synthetic-v2.0.0,CUST-009,PRG-001,CFG-CDU-03,SYNTHETIC_INTERNAL,SNP-COOLIT-20260925-BL,SCN-BASELINE,CR-0005,CR-0005-V1,QL-0009,"{""hydraulic_class"":""H3"",""controls"":""ADVANCED"",""connection"":""QD""}",STANDARD,MATCHED_RELEASED_DEFINITION,VALID,FROZEN,2026-06-21
TEN-COOLIT-SYN-001,SITE-COOLIT-SYN-01,CRM,CONFIGURATION_REQUEST,CR-0006-V1,CR-0006,RESOLVED,2026-09-25T23:59:59-06:00,2026-09-26T08:00:00-06:00,2026-06-29T00:00:00-06:00,,1,,false,ACTIVE,,,VALID,CURRENT,coolit-synthetic-v2.0.0,CUST-001,PRG-003,CFG-CPL-01,SYNTHETIC_INTERNAL,SNP-COOLIT-20260925-BL,SCN-BASELINE,CR-0006,CR-0006-V1,QL-0011,"{""hydraulic_class"":""H1"",""controls"":""STANDARD"",""connection"":""QD""}",STANDARD,MATCHED_RELEASED_DEFINITION,VALID,FROZEN,2026-06-26
TEN-COOLIT-SYN-001,SITE-COOLIT-SYN-01,CRM,CONFIGURATION_REQUEST,CR-0007-V1,CR-0007,RESOLVED,2026-09-25T23:59:59-06:00,2026-09-26T08:00:00-06:00,2026-06-29T00:00:00-06:00,,1,,false,ACTIVE,,,VALID,CURRENT,coolit-synthetic-v2.0.0,CUST-003,PRG-005,CFG-CPL-03,SYNTHETIC_INTERNAL,SNP-COOLIT-20260925-BL,SCN-BASELINE,CR-0007,CR-0007-V1,QL-0013,"{""hydraulic_class"":""H3"",""controls"":""ADVANCED"",""connection"":""QD""}",CTO,MATCHED_RELEASED_DEFINITION,VALID,FROZEN,2026-07-01
TEN-COOLIT-SYN-001,SITE-COOLIT-SYN-01,CRM,CONFIGURATION_REQUEST,CR-0008-V1,CR-0008,RESOLVED,2026-09-25T23:59:59-06:00,2026-09-26T08:00:00-06:00,2026-06-29T00:00:00-06:00,,1,,false,ACTIVE,,,VALID,CURRENT,coolit-synthetic-v2.0.0,CUST-005,PRG-007,CFG-RM-01,SYNTHETIC_INTERNAL,SNP-COOLIT-20260925-BL,SCN-BASELINE,CR-0008,CR-0008-V1,QL-0015,"{""hydraulic_class"":""H1"",""controls"":""STANDARD"",""connection"":""QD""}",STANDARD,MATCHED_RELEASED_DEFINITION,VALID,FROZEN,2026-07-06
TEN-COOLIT-SYN-001,SITE-COOLIT-SYN-01,CRM,CONFIGURATION_REQUEST,CR-0009-V1,CR-0009,RESOLVED,2026-09-25T23:59:59-06:00,2026-09-26T08:00:00-06:00,2026-06-29T00:00:00-06:00,,1,,false,ACTIVE,,,VALID,CURRENT,coolit-synthetic-v2.0.0,CUST-002,PRG-002,CFG-RM-03,SYNTHETIC_INTERNAL,SNP-COOLIT-20260925-BL,SCN-BASELINE,CR-0009,CR-0009-V1,QL-0017,"{""hydraulic_class"":""H3"",""controls"":""ADVANCED"",""connection"":""QD""}",STANDARD,MATCHED_RELEASED_DEFINITION,VALID,FROZEN,2026-07-11
TEN-COOLIT-SYN-001,SITE-COOLIT-SYN-01,CRM,CONFIGURATION_REQUEST,CR-0010-V1,CR-0010,RESOLVED,2026-09-25T23:59:59-06:00,2026-09-26T08:00:00-06:00,2026-06-29T00:00:00-06:00,,1,,false,ACTIVE,,,VALID,CURRENT,coolit-synthetic-v2.0.0,CUST-004,PRG-004,CFG-CDU-01,SYNTHETIC_INTERNAL,SNP-COOLIT-20260925-BL,SCN-BASELINE,CR-0010,CR-0010-V1,QL-0019,"{""hydraulic_class"":""H1"",""controls"":""STANDARD"",""connection"":""QD""}",STANDARD,MATCHED_RELEASED_DEFINITION,VALID,FROZEN,2026-07-16
TEN-COOLIT-SYN-001,SITE-COOLIT-SYN-01,CRM,CONFIGURATION_REQUEST,CR-0011-V1,CR-0011,RESOLVED,2026-09-25T23:59:59-06:00,2026-09-26T08:00:00-06:00,2026-06-29T00:00:00-06:00,,1,,false,ACTIVE,,,VALID,CURRENT,coolit-synthetic-v2.0.0,CUST-006,PRG-006,CFG-CDU-03,SYNTHETIC_INTERNAL,SNP-COOLIT-20260925-BL,SCN-BASELINE,CR-0011,CR-0011-V1,QL-0021,"{""hydraulic_class"":""H3"",""controls"":""ADVANCED"",""connection"":""QD""}",STANDARD,MATCHED_RELEASED_DEFINITION,VALID,FROZEN,2026-07-21
TEN-COOLIT-SYN-001,SITE-COOLIT-SYN-01,CRM,CONFIGURATION_REQUEST,CR-0012-V1,CR-0012,RESOLVED,2026-09-25T23:59:59-06:00,2026-09-26T08:00:00-06:00,2026-06-29T00:00:00-06:00,,1,,false,ACTIVE,,,VALID,CURRENT,coolit-synthetic-v2.0.0,CUST-008,PRG-008,CFG-CPL-01,SYNTHETIC_INTERNAL,SNP-COOLIT-20260925-BL,SCN-BASELINE,CR-0012,CR-0012-V1,QL-0023,"{""hydraulic_class"":""H1"",""controls"":""STANDARD"",""connection"":""QD""}",STANDARD,MATCHED_RELEASED_DEFINITION,VALID,FROZEN,2026-07-26
TEN-COOLIT-SYN-001,SITE-COOLIT-SYN-01,CRM,CONFIGURATION_REQUEST,CR-0013-V1,CR-0013,RESOLVED,2026-09-25T23:59:59-06:00,2026-09-26T08:00:00-06:00,2026-06-29T00:00:00-06:00,,1,,false,ACTIVE,,,VALID,CURRENT,coolit-synthetic-v2.0.0,CUST-001,PRG-001,CFG-CPL-03,SYNTHETIC_INTERNAL,SNP-COOLIT-20260925-BL,SCN-BASELINE,CR-0013,CR-0013-V1,QL-0025,"{""hydraulic_class"":""H3"",""controls"":""ADVANCED"",""connection"":""QD""}",CTO,MATCHED_RELEASED_DEFINITION,VALID,FROZEN,2026-07-31
TEN-COOLIT-SYN-001,SITE-COOLIT-SYN-01,CRM,CONFIGURATION_REQUEST,CR-0014-V1,CR-0014,RESOLVED,2026-09-25T23:59:59-06:00,2026-09-26T08:00:00-06:00,2026-06-29T00:00:00-06:00,,1,,false,ACTIVE,,,VALID,CURRENT,coolit-synthetic-v2.0.0,CUST-003,PRG-003,CFG-RM-01,SYNTHETIC_INTERNAL,SNP-COOLIT-20260925-BL,SCN-BASELINE,CR-0014,CR-0014-V1,QL-0027,"{""hydraulic_class"":""H1"",""controls"":""STANDARD"",""connection"":""QD""}",STANDARD,MATCHED_RELEASED_DEFINITION,VALID,FROZEN,2026-08-05
TEN-COOLIT-SYN-001,SITE-COOLIT-SYN-01,CRM,CONFIGURATION_REQUEST,CR-0015-V1,CR-0015,RESOLVED,2026-09-25T23:59:59-06:00,2026-09-26T08:00:00-06:00,2026-06-29T00:00:00-06:00,,1,,false,ACTIVE,,,VALID,CURRENT,coolit-synthetic-v2.0.0,CUST-005,PRG-005,CFG-RM-03,SYNTHETIC_INTERNAL,SNP-COOLIT-20260925-BL,SCN-BASELINE,CR-0015,CR-0015-V1,QL-0029,"{""hydraulic_class"":""H3"",""controls"":""ADVANCED"",""connection"":""QD""}",STANDARD,MATCHED_RELEASED_DEFINITION,VALID,FROZEN,2026-08-10
TEN-COOLIT-SYN-001,SITE-COOLIT-SYN-01,CRM,CONFIGURATION_REQUEST,CR-0016-V1,CR-0016,RESOLVED,2026-09-25T23:59:59-06:00,2026-09-26T08:00:00-06:00,2026-06-29T00:00:00-06:00,,1,,false,ACTIVE,,,VALID,CURRENT,coolit-synthetic-v2.0.0,CUST-007,PRG-007,CFG-CDU-01,SYNTHETIC_INTERNAL,SNP-COOLIT-20260925-BL,SCN-BASELINE,CR-0016,CR-0016-V1,QL-0031,"{""hydraulic_class"":""H1"",""controls"":""STANDARD"",""connection"":""QD""}",STANDARD,MATCHED_RELEASED_DEFINITION,VALID,FROZEN,2026-08-15
TEN-COOLIT-SYN-001,SITE-COOLIT-SYN-01,CRM,CONFIGURATION_REQUEST,CR-0017-V1,CR-0017,RESOLVED,2026-09-25T23:59:59-06:00,2026-09-26T08:00:00-06:00,2026-06-29T00:00:00-06:00,,1,,false,ACTIVE,,,VALID,CURRENT,coolit-synthetic-v2.0.0,CUST-009,PRG-001,CFG-CDU-03,SYNTHETIC_INTERNAL,SNP-COOLIT-20260925-BL,SCN-BASELINE,CR-0017,CR-0017-V1,QL-0033,"{""hydraulic_class"":""H3"",""controls"":""ADVANCED"",""connection"":""QD""}",STANDARD,MATCHED_RELEASED_DEFINITION,VALID,FROZEN,2026-08-20
TEN-COOLIT-SYN-001,SITE-COOLIT-SYN-01,CRM,CONFIGURATION_REQUEST,CR-0018-V1,CR-0018,RESOLVED,2026-09-25T23:59:59-06:00,2026-09-26T08:00:00-06:00,2026-06-29T00:00:00-06:00,,1,,false,ACTIVE,,,VALID,CURRENT,coolit-synthetic-v2.0.0,CUST-001,PRG-003,CFG-CPL-01,SYNTHETIC_INTERNAL,SNP-COOLIT-20260925-BL,SCN-BASELINE,CR-0018,CR-0018-V1,QL-0035,"{""hydraulic_class"":""H1"",""controls"":""STANDARD"",""connection"":""QD""}",STANDARD,MATCHED_RELEASED_DEFINITION,VALID,FROZEN,2026-08-25
TEN-COOLIT-SYN-001,SITE-COOLIT-SYN-01,CRM,CONFIGURATION_REQUEST,CR-0019-V1,CR-0019,RESOLVED,2026-09-25T23:59:59-06:00,2026-09-26T08:00:00-06:00,2026-06-29T00:00:00-06:00,,1,,false,ACTIVE,,,VALID,CURRENT,coolit-synthetic-v2.0.0,CUST-003,PRG-005,CFG-CPL-03,SYNTHETIC_INTERNAL,SNP-COOLIT-20260925-BL,SCN-BASELINE,CR-0019,CR-0019-V1,QL-0037,"{""hydraulic_class"":""H3"",""controls"":""ADVANCED"",""connection"":""QD""}",CTO,MATCHED_RELEASED_DEFINITION,VALID,FROZEN,2026-08-30
TEN-COOLIT-SYN-001,SITE-COOLIT-SYN-01,CRM,CONFIGURATION_REQUEST,CR-0020-V1,CR-0020,RESOLVED,2026-09-25T23:59:59-06:00,2026-09-26T08:00:00-06:00,2026-06-29T00:00:00-06:00,,1,,false,ACTIVE,,,VALID,CURRENT,coolit-synthetic-v2.0.0,CUST-005,PRG-007,CFG-RM-01,SYNTHETIC_INTERNAL,SNP-COOLIT-20260925-BL,SCN-BASELINE,CR-0020,CR-0020-V1,QL-0039,"{""hydraulic_class"":""H1"",""controls"":""STANDARD"",""connection"":""QD""}",STANDARD,MATCHED_RELEASED_DEFINITION,VALID,FROZEN,2026-09-04
TEN-COOLIT-SYN-001,SITE-COOLIT-SYN-01,CRM,CONFIGURATION_REQUEST,CR-0021-V1,CR-0021,RESOLVED,2026-09-25T23:59:59-06:00,2026-09-26T08:00:00-06:00,2026-06-29T00:00:00-06:00,,1,,false,ACTIVE,,,VALID,CURRENT,coolit-synthetic-v2.0.0,CUST-002,PRG-002,CFG-RM-03,SYNTHETIC_INTERNAL,SNP-COOLIT-20260925-BL,SCN-BASELINE,CR-0021,CR-0021-V1,QL-0041,"{""hydraulic_class"":""H3"",""controls"":""ADVANCED"",""connection"":""QD""}",STANDARD,MATCHED_RELEASED_DEFINITION,VALID,OPEN,
TEN-COOLIT-SYN-001,SITE-COOLIT-SYN-01,CRM,CONFIGURATION_REQUEST,CR-0022-V1,CR-0022,RESOLVED,2026-09-25T23:59:59-06:00,2026-09-26T08:00:00-06:00,2026-06-29T00:00:00-06:00,,1,,false,ACTIVE,,,VALID,CURRENT,coolit-synthetic-v2.0.0,CUST-004,PRG-004,CFG-CDU-01,SYNTHETIC_INTERNAL,SNP-COOLIT-20260925-BL,SCN-BASELINE,CR-0022,CR-0022-V1,QL-0043,"{""hydraulic_class"":""H1"",""controls"":""STANDARD"",""connection"":""QD""}",STANDARD,MATCHED_RELEASED_DEFINITION,VALID,OPEN,
TEN-COOLIT-SYN-001,SITE-COOLIT-SYN-01,CRM,CONFIGURATION_REQUEST,CR-0023-V1,CR-0023,RESOLVED,2026-09-25T23:59:59-06:00,2026-09-26T08:00:00-06:00,2026-06-29T00:00:00-06:00,,1,,false,ACTIVE,,,VALID,CURRENT,coolit-synthetic-v2.0.0,CUST-006,PRG-006,CFG-CDU-03,SYNTHETIC_INTERNAL,SNP-COOLIT-20260925-BL,SCN-BASELINE,CR-0023,CR-0023-V1,QL-0045,"{""hydraulic_class"":""H3"",""controls"":""ADVANCED"",""connection"":""QD""}",STANDARD,MATCHED_RELEASED_DEFINITION,VALID,OPEN,
TEN-COOLIT-SYN-001,SITE-COOLIT-SYN-01,CRM,CONFIGURATION_REQUEST,CR-0024-V1,CR-0024,RESOLVED,2026-09-25T23:59:59-06:00,2026-09-26T08:00:00-06:00,2026-06-29T00:00:00-06:00,,1,,false,ACTIVE,,,VALID,CURRENT,coolit-synthetic-v2.0.0,CUST-008,PRG-008,CFG-CPL-01,SYNTHETIC_INTERNAL,SNP-COOLIT-20260925-BL,SCN-BASELINE,CR-0024,CR-0024-V1,QL-0047,"{""hydraulic_class"":""H1"",""controls"":""STANDARD"",""connection"":""QD""}",STANDARD,MATCHED_RELEASED_DEFINITION,VALID,OPEN,
TEN-COOLIT-SYN-001,SITE-COOLIT-SYN-01,CRM,CONFIGURATION_REQUEST,CR-0025-V1,CR-0025,RESOLVED,2026-09-25T23:59:59-06:00,2026-09-26T08:00:00-06:00,2026-06-29T00:00:00-06:00,,1,,false,ACTIVE,,,VALID,CURRENT,coolit-synthetic-v2.0.0,CUST-001,PRG-001,CFG-CPL-03,SYNTHETIC_INTERNAL,SNP-COOLIT-20260925-BL,SCN-BASELINE,CR-0025,CR-0025-V1,QL-0049,"{""hydraulic_class"":""H3"",""controls"":""ADVANCED"",""connection"":""QD""}",CTO,MATCHED_RELEASED_DEFINITION,VALID,OPEN,
TEN-COOLIT-SYN-001,SITE-COOLIT-SYN-01,CRM,CONFIGURATION_REQUEST,CR-0026-V1,CR-0026,RESOLVED,2026-09-25T23:59:59-06:00,2026-09-26T08:00:00-06:00,2026-06-29T00:00:00-06:00,,1,,false,ACTIVE,,,VALID,CURRENT,coolit-synthetic-v2.0.0,CUST-003,PRG-003,CFG-RM-01,SYNTHETIC_INTERNAL,SNP-COOLIT-20260925-BL,SCN-BASELINE,CR-0026,CR-0026-V1,QL-0051,"{""hydraulic_class"":""H1"",""controls"":""STANDARD"",""connection"":""QD""}",STANDARD,MATCHED_RELEASED_DEFINITION,VALID,OPEN,
TEN-COOLIT-SYN-001,SITE-COOLIT-SYN-01,CRM,CONFIGURATION_REQUEST,CR-0027-V1,CR-0027,RESOLVED,2026-09-25T23:59:59-06:00,2026-09-26T08:00:00-06:00,2026-06-29T00:00:00-06:00,,1,,false,ACTIVE,,,VALID,CURRENT,coolit-synthetic-v2.0.0,CUST-005,PRG-005,CFG-RM-03,SYNTHETIC_INTERNAL,SNP-COOLIT-20260925-BL,SCN-BASELINE,CR-0027,CR-0027-V1,QL-0053,"{""hydraulic_class"":""H3"",""controls"":""ADVANCED"",""connection"":""QD""}",STANDARD,MATCHED_RELEASED_DEFINITION,VALID,OPEN,
TEN-COOLIT-SYN-001,SITE-COOLIT-SYN-01,CRM,CONFIGURATION_REQUEST,CR-0028-V1,CR-0028,RESOLVED,2026-09-25T23:59:59-06:00,2026-09-26T08:00:00-06:00,2026-06-29T00:00:00-06:00,,1,,false,ACTIVE,,,VALID,CURRENT,coolit-synthetic-v2.0.0,CUST-007,PRG-007,CFG-CDU-01,SYNTHETIC_INTERNAL,SNP-COOLIT-20260925-BL,SCN-BASELINE,CR-0028,CR-0028-V1,QL-0055,"{""hydraulic_class"":""H1"",""controls"":""STANDARD"",""connection"":""QD""}",STANDARD,MATCHED_RELEASED_DEFINITION,VALID,OPEN,
TEN-COOLIT-SYN-001,SITE-COOLIT-SYN-01,CRM,CONFIGURATION_REQUEST,CR-0029-V1,CR-0029,RESOLVED,2026-09-25T23:59:59-06:00,2026-09-26T08:00:00-06:00,2026-06-29T00:00:00-06:00,,1,,false,ACTIVE,,,VALID,CURRENT,coolit-synthetic-v2.0.0,CUST-009,PRG-001,CFG-CDU-03,SYNTHETIC_INTERNAL,SNP-COOLIT-20260925-BL,SCN-BASELINE,CR-0029,CR-0029-V1,QL-0057,"{""hydraulic_class"":""H3"",""controls"":""ADVANCED"",""connection"":""QD""}",STANDARD,MATCHED_RELEASED_DEFINITION,VALID,OPEN,
TEN-COOLIT-SYN-001,SITE-COOLIT-SYN-01,CRM,CONFIGURATION_REQUEST,CR-0030-V1,CR-0030,RESOLVED,2026-09-25T23:59:59-06:00,2026-09-26T08:00:00-06:00,2026-06-29T00:00:00-06:00,,1,,false,ACTIVE,,,VALID,CURRENT,coolit-synthetic-v2.0.0,CUST-001,PRG-003,CFG-CPL-01,SYNTHETIC_INTERNAL,SNP-COOLIT-20260925-BL,SCN-BASELINE,CR-0030,CR-0030-V1,QL-0059,"{""hydraulic_class"":""H1"",""controls"":""STANDARD"",""connection"":""QD""}",STANDARD,MATCHED_RELEASED_DEFINITION,VALID,OPEN,
