tenant_id,site_id,source_system,source_object,source_record_id,canonical_id,crosswalk_status,source_event_at,ingested_at,effective_from,effective_to,record_version,supersedes_source_record_id,is_deleted,semantic_status,uom,currency,data_quality_state,freshness_state,transformation_version,customer_scope,program_scope,product_scope,sensitivity_class,snapshot_id,scenario_id,stage_history_id,opportunity_id,stage,forecast_category,probability_pct,amount_usd,quantity,expected_close_date,entered_at,exited_at,loss_reason_code,change_reason_code
TEN-COOLIT-SYN-001,SITE-COOLIT-SYN-01,CRM,OPPORTUNITY_STAGE_HISTORY,STGH-001-1,OPP-0001,RESOLVED,2024-10-01T16:00:00-06:00,2026-09-26T08:00:00-06:00,2026-06-29T00:00:00-06:00,,1,,false,ACTIVE,,USD,VALID,CURRENT,coolit-synthetic-v2.0.0,CUST-001,PRG-001,ALL_SYNTHETIC_PRODUCTS,SYNTHETIC_INTERNAL,SNP-COOLIT-20260925-BL,SCN-BASELINE,STGH-001-1,OPP-0001,PROSPECTING,PIPELINE,0.05,175000,10,2024-11-30,2024-10-01T09:00:00-06:00,2024-10-21T17:00:00-06:00,,CUSTOMER_UPDATE
TEN-COOLIT-SYN-001,SITE-COOLIT-SYN-01,CRM,OPPORTUNITY_STAGE_HISTORY,STGH-001-2,OPP-0001,RESOLVED,2024-11-05T16:00:00-06:00,2026-09-26T08:00:00-06:00,2026-06-29T00:00:00-06:00,,2,STGH-001-1,false,ACTIVE,,USD,VALID,CURRENT,coolit-synthetic-v2.0.0,CUST-001,PRG-001,ALL_SYNTHETIC_PRODUCTS,SYNTHETIC_INTERNAL,SNP-COOLIT-20260925-BL,SCN-BASELINE,STGH-001-2,OPP-0001,QUALIFICATION,PIPELINE,0.2,200000,13,2025-01-18,2024-11-05T09:00:00-06:00,2024-11-30T17:00:00-06:00,,TECHNICAL_REVIEW
TEN-COOLIT-SYN-001,SITE-COOLIT-SYN-01,CRM,OPPORTUNITY_STAGE_HISTORY,STGH-001-3,OPP-0001,RESOLVED,2024-12-10T16:00:00-06:00,2026-09-26T08:00:00-06:00,2026-06-29T00:00:00-06:00,,3,STGH-001-2,false,ACTIVE,,USD,VALID,CURRENT,coolit-synthetic-v2.0.0,CUST-001,PRG-001,ALL_SYNTHETIC_PRODUCTS,SYNTHETIC_INTERNAL,SNP-COOLIT-20260925-BL,SCN-BASELINE,STGH-001-3,OPP-0001,SOLUTION_DESIGN,BEST_CASE,0.35,225000,16,2025-03-08,2024-12-10T09:00:00-06:00,2025-01-09T17:00:00-06:00,,COMMERCIAL_REVIEW
TEN-COOLIT-SYN-001,SITE-COOLIT-SYN-01,CRM,OPPORTUNITY_STAGE_HISTORY,STGH-001-4,OPP-0001,RESOLVED,2025-01-14T16:00:00-06:00,2026-09-26T08:00:00-06:00,2026-06-29T00:00:00-06:00,,4,STGH-001-3,false,ACTIVE,,USD,VALID,CURRENT,coolit-synthetic-v2.0.0,CUST-001,PRG-001,ALL_SYNTHETIC_PRODUCTS,SYNTHETIC_INTERNAL,SNP-COOLIT-20260925-BL,SCN-BASELINE,STGH-001-4,OPP-0001,PROPOSAL,BEST_CASE,0.55,250000,19,2025-04-26,2025-01-14T09:00:00-06:00,2025-02-18T17:00:00-06:00,,FORECAST_CALL
TEN-COOLIT-SYN-001,SITE-COOLIT-SYN-01,CRM,OPPORTUNITY_STAGE_HISTORY,STGH-001-5,OPP-0001,RESOLVED,2025-02-18T16:00:00-06:00,2026-09-26T08:00:00-06:00,2026-06-29T00:00:00-06:00,,5,STGH-001-4,false,ACTIVE,,USD,VALID,CURRENT,coolit-synthetic-v2.0.0,CUST-001,PRG-001,ALL_SYNTHETIC_PRODUCTS,SYNTHETIC_INTERNAL,SNP-COOLIT-20260925-BL,SCN-BASELINE,STGH-001-5,OPP-0001,NEGOTIATION,COMMIT,0.75,275000,22,2025-04-19,2025-02-18T09:00:00-06:00,2025-03-30T17:00:00-06:00,,CUSTOMER_UPDATE
TEN-COOLIT-SYN-001,SITE-COOLIT-SYN-01,CRM,OPPORTUNITY_STAGE_HISTORY,STGH-001-6,OPP-0001,RESOLVED,2025-03-25T16:00:00-06:00,2026-09-26T08:00:00-06:00,2026-06-29T00:00:00-06:00,,6,STGH-001-5,false,ACTIVE,,USD,VALID,CURRENT,coolit-synthetic-v2.0.0,CUST-001,PRG-001,ALL_SYNTHETIC_PRODUCTS,SYNTHETIC_INTERNAL,SNP-COOLIT-20260925-BL,SCN-BASELINE,STGH-001-6,OPP-0001,CLOSED_WON,CLOSED,1,300000,25,2025-06-07,2025-03-25T09:00:00-06:00,2025-04-14T17:00:00-06:00,,TECHNICAL_REVIEW
TEN-COOLIT-SYN-001,SITE-COOLIT-SYN-01,CRM,OPPORTUNITY_STAGE_HISTORY,STGH-001-7,OPP-0001,RESOLVED,2025-04-29T16:00:00-06:00,2026-09-26T08:00:00-06:00,2026-06-29T00:00:00-06:00,,7,STGH-001-6,false,ACTIVE,,USD,VALID,CURRENT,coolit-synthetic-v2.0.0,CUST-001,PRG-001,ALL_SYNTHETIC_PRODUCTS,SYNTHETIC_INTERNAL,SNP-COOLIT-20260925-BL,SCN-BASELINE,STGH-001-7,OPP-0001,CLOSED_LOST,CLOSED,0,325000,28,2025-07-26,2025-04-29T09:00:00-06:00,2025-05-24T17:00:00-06:00,PRICE,COMMERCIAL_REVIEW
TEN-COOLIT-SYN-001,SITE-COOLIT-SYN-01,CRM,OPPORTUNITY_STAGE_HISTORY,STGH-001-8,OPP-0001,RESOLVED,2025-06-03T16:00:00-06:00,2026-09-26T08:00:00-06:00,2026-06-29T00:00:00-06:00,,8,STGH-001-7,false,ACTIVE,,USD,VALID,CURRENT,coolit-synthetic-v2.0.0,CUST-001,PRG-001,ALL_SYNTHETIC_PRODUCTS,SYNTHETIC_INTERNAL,SNP-COOLIT-20260925-BL,SCN-BASELINE,STGH-001-8,OPP-0001,ON_HOLD,CLOSED,0.25,350000,31,2025-09-13,2025-06-03T09:00:00-06:00,,,FORECAST_CALL
TEN-COOLIT-SYN-001,SITE-COOLIT-SYN-01,CRM,OPPORTUNITY_STAGE_HISTORY,STGH-002-1,OPP-0002,RESOLVED,2024-10-15T16:00:00-06:00,2026-09-26T08:00:00-06:00,2026-06-29T00:00:00-06:00,,1,,false,ACTIVE,,USD,VALID,CURRENT,coolit-synthetic-v2.0.0,CUST-002,PRG-002,ALL_SYNTHETIC_PRODUCTS,SYNTHETIC_INTERNAL,SNP-COOLIT-20260925-BL,SCN-BASELINE,STGH-002-1,OPP-0002,QUALIFICATION,PIPELINE,0.2,350000,17,2024-12-14,2024-10-15T09:00:00-06:00,2024-11-04T17:00:00-06:00,,CUSTOMER_UPDATE
TEN-COOLIT-SYN-001,SITE-COOLIT-SYN-01,CRM,OPPORTUNITY_STAGE_HISTORY,STGH-002-2,OPP-0002,RESOLVED,2024-11-19T16:00:00-06:00,2026-09-26T08:00:00-06:00,2026-06-29T00:00:00-06:00,,2,STGH-002-1,false,ACTIVE,,USD,VALID,CURRENT,coolit-synthetic-v2.0.0,CUST-002,PRG-002,ALL_SYNTHETIC_PRODUCTS,SYNTHETIC_INTERNAL,SNP-COOLIT-20260925-BL,SCN-BASELINE,STGH-002-2,OPP-0002,SOLUTION_DESIGN,PIPELINE,0.35,375000,20,2025-02-01,2024-11-19T09:00:00-06:00,2024-12-14T17:00:00-06:00,,TECHNICAL_REVIEW
TEN-COOLIT-SYN-001,SITE-COOLIT-SYN-01,CRM,OPPORTUNITY_STAGE_HISTORY,STGH-002-3,OPP-0002,RESOLVED,2024-12-24T16:00:00-06:00,2026-09-26T08:00:00-06:00,2026-06-29T00:00:00-06:00,,3,STGH-002-2,false,ACTIVE,,USD,VALID,CURRENT,coolit-synthetic-v2.0.0,CUST-002,PRG-002,ALL_SYNTHETIC_PRODUCTS,SYNTHETIC_INTERNAL,SNP-COOLIT-20260925-BL,SCN-BASELINE,STGH-002-3,OPP-0002,PROPOSAL,BEST_CASE,0.55,400000,23,2025-03-22,2024-12-24T09:00:00-06:00,2025-01-23T17:00:00-06:00,,COMMERCIAL_REVIEW
TEN-COOLIT-SYN-001,SITE-COOLIT-SYN-01,CRM,OPPORTUNITY_STAGE_HISTORY,STGH-002-4,OPP-0002,RESOLVED,2025-01-28T16:00:00-06:00,2026-09-26T08:00:00-06:00,2026-06-29T00:00:00-06:00,,4,STGH-002-3,false,ACTIVE,,USD,VALID,CURRENT,coolit-synthetic-v2.0.0,CUST-002,PRG-002,ALL_SYNTHETIC_PRODUCTS,SYNTHETIC_INTERNAL,SNP-COOLIT-20260925-BL,SCN-BASELINE,STGH-002-4,OPP-0002,NEGOTIATION,BEST_CASE,0.75,425000,26,2025-05-10,2025-01-28T09:00:00-06:00,2025-03-04T17:00:00-06:00,,FORECAST_CALL
TEN-COOLIT-SYN-001,SITE-COOLIT-SYN-01,CRM,OPPORTUNITY_STAGE_HISTORY,STGH-002-5,OPP-0002,RESOLVED,2025-03-04T16:00:00-06:00,2026-09-26T08:00:00-06:00,2026-06-29T00:00:00-06:00,,5,STGH-002-4,false,ACTIVE,,USD,VALID,CURRENT,coolit-synthetic-v2.0.0,CUST-002,PRG-002,ALL_SYNTHETIC_PRODUCTS,SYNTHETIC_INTERNAL,SNP-COOLIT-20260925-BL,SCN-BASELINE,STGH-002-5,OPP-0002,CLOSED_WON,COMMIT,1,450000,29,2025-05-03,2025-03-04T09:00:00-06:00,2025-04-13T17:00:00-06:00,,CUSTOMER_UPDATE
TEN-COOLIT-SYN-001,SITE-COOLIT-SYN-01,CRM,OPPORTUNITY_STAGE_HISTORY,STGH-002-6,OPP-0002,RESOLVED,2025-04-08T16:00:00-06:00,2026-09-26T08:00:00-06:00,2026-06-29T00:00:00-06:00,,6,STGH-002-5,false,ACTIVE,,USD,VALID,CURRENT,coolit-synthetic-v2.0.0,CUST-002,PRG-002,ALL_SYNTHETIC_PRODUCTS,SYNTHETIC_INTERNAL,SNP-COOLIT-20260925-BL,SCN-BASELINE,STGH-002-6,OPP-0002,CLOSED_LOST,CLOSED,0,475000,32,2025-06-21,2025-04-08T09:00:00-06:00,2025-04-28T17:00:00-06:00,TIMING,TECHNICAL_REVIEW
TEN-COOLIT-SYN-001,SITE-COOLIT-SYN-01,CRM,OPPORTUNITY_STAGE_HISTORY,STGH-002-7,OPP-0002,RESOLVED,2025-05-13T16:00:00-06:00,2026-09-26T08:00:00-06:00,2026-06-29T00:00:00-06:00,,7,STGH-002-6,false,ACTIVE,,USD,VALID,CURRENT,coolit-synthetic-v2.0.0,CUST-002,PRG-002,ALL_SYNTHETIC_PRODUCTS,SYNTHETIC_INTERNAL,SNP-COOLIT-20260925-BL,SCN-BASELINE,STGH-002-7,OPP-0002,ON_HOLD,CLOSED,0.25,500000,35,2025-08-09,2025-05-13T09:00:00-06:00,2025-06-07T17:00:00-06:00,,COMMERCIAL_REVIEW
TEN-COOLIT-SYN-001,SITE-COOLIT-SYN-01,CRM,OPPORTUNITY_STAGE_HISTORY,STGH-002-8,OPP-0002,RESOLVED,2025-06-17T16:00:00-06:00,2026-09-26T08:00:00-06:00,2026-06-29T00:00:00-06:00,,8,STGH-002-7,false,ACTIVE,,USD,VALID,CURRENT,coolit-synthetic-v2.0.0,CUST-002,PRG-002,ALL_SYNTHETIC_PRODUCTS,SYNTHETIC_INTERNAL,SNP-COOLIT-20260925-BL,SCN-BASELINE,STGH-002-8,OPP-0002,PROSPECTING,CLOSED,0.05,525000,38,2025-09-27,2025-06-17T09:00:00-06:00,,,FORECAST_CALL
TEN-COOLIT-SYN-001,SITE-COOLIT-SYN-01,CRM,OPPORTUNITY_STAGE_HISTORY,STGH-003-1,OPP-0003,RESOLVED,2024-10-29T16:00:00-06:00,2026-09-26T08:00:00-06:00,2026-06-29T00:00:00-06:00,,1,,false,ACTIVE,,USD,VALID,CURRENT,coolit-synthetic-v2.0.0,CUST-003,PRG-003,ALL_SYNTHETIC_PRODUCTS,SYNTHETIC_INTERNAL,SNP-COOLIT-20260925-BL,SCN-BASELINE,STGH-003-1,OPP-0003,SOLUTION_DESIGN,PIPELINE,0.35,525000,24,2024-12-28,2024-10-29T09:00:00-06:00,2024-11-18T17:00:00-06:00,,CUSTOMER_UPDATE
TEN-COOLIT-SYN-001,SITE-COOLIT-SYN-01,CRM,OPPORTUNITY_STAGE_HISTORY,STGH-003-2,OPP-0003,RESOLVED,2024-12-03T16:00:00-06:00,2026-09-26T08:00:00-06:00,2026-06-29T00:00:00-06:00,,2,STGH-003-1,false,ACTIVE,,USD,VALID,CURRENT,coolit-synthetic-v2.0.0,CUST-003,PRG-003,ALL_SYNTHETIC_PRODUCTS,SYNTHETIC_INTERNAL,SNP-COOLIT-20260925-BL,SCN-BASELINE,STGH-003-2,OPP-0003,PROPOSAL,PIPELINE,0.55,550000,27,2025-02-15,2024-12-03T09:00:00-06:00,2024-12-28T17:00:00-06:00,,TECHNICAL_REVIEW
TEN-COOLIT-SYN-001,SITE-COOLIT-SYN-01,CRM,OPPORTUNITY_STAGE_HISTORY,STGH-003-3,OPP-0003,RESOLVED,2025-01-07T16:00:00-06:00,2026-09-26T08:00:00-06:00,2026-06-29T00:00:00-06:00,,3,STGH-003-2,false,ACTIVE,,USD,VALID,CURRENT,coolit-synthetic-v2.0.0,CUST-003,PRG-003,ALL_SYNTHETIC_PRODUCTS,SYNTHETIC_INTERNAL,SNP-COOLIT-20260925-BL,SCN-BASELINE,STGH-003-3,OPP-0003,NEGOTIATION,BEST_CASE,0.75,575000,30,2025-04-05,2025-01-07T09:00:00-06:00,2025-02-06T17:00:00-06:00,,COMMERCIAL_REVIEW
TEN-COOLIT-SYN-001,SITE-COOLIT-SYN-01,CRM,OPPORTUNITY_STAGE_HISTORY,STGH-003-4,OPP-0003,RESOLVED,2025-02-11T16:00:00-06:00,2026-09-26T08:00:00-06:00,2026-06-29T00:00:00-06:00,,4,STGH-003-3,false,ACTIVE,,USD,VALID,CURRENT,coolit-synthetic-v2.0.0,CUST-003,PRG-003,ALL_SYNTHETIC_PRODUCTS,SYNTHETIC_INTERNAL,SNP-COOLIT-20260925-BL,SCN-BASELINE,STGH-003-4,OPP-0003,CLOSED_WON,BEST_CASE,1,600000,33,2025-05-24,2025-02-11T09:00:00-06:00,2025-03-18T17:00:00-06:00,,FORECAST_CALL
TEN-COOLIT-SYN-001,SITE-COOLIT-SYN-01,CRM,OPPORTUNITY_STAGE_HISTORY,STGH-003-5,OPP-0003,RESOLVED,2025-03-18T16:00:00-06:00,2026-09-26T08:00:00-06:00,2026-06-29T00:00:00-06:00,,5,STGH-003-4,false,ACTIVE,,USD,VALID,CURRENT,coolit-synthetic-v2.0.0,CUST-003,PRG-003,ALL_SYNTHETIC_PRODUCTS,SYNTHETIC_INTERNAL,SNP-COOLIT-20260925-BL,SCN-BASELINE,STGH-003-5,OPP-0003,CLOSED_LOST,COMMIT,0,625000,36,2025-05-17,2025-03-18T09:00:00-06:00,2025-04-27T17:00:00-06:00,TECHNICAL_FIT,CUSTOMER_UPDATE
TEN-COOLIT-SYN-001,SITE-COOLIT-SYN-01,CRM,OPPORTUNITY_STAGE_HISTORY,STGH-003-6,OPP-0003,RESOLVED,2025-04-22T16:00:00-06:00,2026-09-26T08:00:00-06:00,2026-06-29T00:00:00-06:00,,6,STGH-003-5,false,ACTIVE,,USD,VALID,CURRENT,coolit-synthetic-v2.0.0,CUST-003,PRG-003,ALL_SYNTHETIC_PRODUCTS,SYNTHETIC_INTERNAL,SNP-COOLIT-20260925-BL,SCN-BASELINE,STGH-003-6,OPP-0003,ON_HOLD,CLOSED,0.25,650000,39,2025-07-05,2025-04-22T09:00:00-06:00,2025-05-12T17:00:00-06:00,,TECHNICAL_REVIEW
TEN-COOLIT-SYN-001,SITE-COOLIT-SYN-01,CRM,OPPORTUNITY_STAGE_HISTORY,STGH-003-7,OPP-0003,RESOLVED,2025-05-27T16:00:00-06:00,2026-09-26T08:00:00-06:00,2026-06-29T00:00:00-06:00,,7,STGH-003-6,false,ACTIVE,,USD,VALID,CURRENT,coolit-synthetic-v2.0.0,CUST-003,PRG-003,ALL_SYNTHETIC_PRODUCTS,SYNTHETIC_INTERNAL,SNP-COOLIT-20260925-BL,SCN-BASELINE,STGH-003-7,OPP-0003,PROSPECTING,CLOSED,0.05,675000,42,2025-08-23,2025-05-27T09:00:00-06:00,2025-06-21T17:00:00-06:00,,COMMERCIAL_REVIEW
TEN-COOLIT-SYN-001,SITE-COOLIT-SYN-01,CRM,OPPORTUNITY_STAGE_HISTORY,STGH-003-8,OPP-0003,RESOLVED,2025-07-01T16:00:00-06:00,2026-09-26T08:00:00-06:00,2026-06-29T00:00:00-06:00,,8,STGH-003-7,false,ACTIVE,,USD,VALID,CURRENT,coolit-synthetic-v2.0.0,CUST-003,PRG-003,ALL_SYNTHETIC_PRODUCTS,SYNTHETIC_INTERNAL,SNP-COOLIT-20260925-BL,SCN-BASELINE,STGH-003-8,OPP-0003,QUALIFICATION,CLOSED,0.2,700000,45,2025-10-11,2025-07-01T09:00:00-06:00,,,FORECAST_CALL
TEN-COOLIT-SYN-001,SITE-COOLIT-SYN-01,CRM,OPPORTUNITY_STAGE_HISTORY,STGH-004-1,OPP-0004,RESOLVED,2024-11-12T16:00:00-06:00,2026-09-26T08:00:00-06:00,2026-06-29T00:00:00-06:00,,1,,false,ACTIVE,,USD,VALID,CURRENT,coolit-synthetic-v2.0.0,CUST-004,PRG-004,ALL_SYNTHETIC_PRODUCTS,SYNTHETIC_INTERNAL,SNP-COOLIT-20260925-BL,SCN-BASELINE,STGH-004-1,OPP-0004,PROPOSAL,PIPELINE,0.55,700000,31,2025-01-11,2024-11-12T09:00:00-06:00,2024-12-02T17:00:00-06:00,,CUSTOMER_UPDATE
TEN-COOLIT-SYN-001,SITE-COOLIT-SYN-01,CRM,OPPORTUNITY_STAGE_HISTORY,STGH-004-2,OPP-0004,RESOLVED,2024-12-17T16:00:00-06:00,2026-09-26T08:00:00-06:00,2026-06-29T00:00:00-06:00,,2,STGH-004-1,false,ACTIVE,,USD,VALID,CURRENT,coolit-synthetic-v2.0.0,CUST-004,PRG-004,ALL_SYNTHETIC_PRODUCTS,SYNTHETIC_INTERNAL,SNP-COOLIT-20260925-BL,SCN-BASELINE,STGH-004-2,OPP-0004,NEGOTIATION,PIPELINE,0.75,725000,34,2025-03-01,2024-12-17T09:00:00-06:00,2025-01-11T17:00:00-06:00,,TECHNICAL_REVIEW
TEN-COOLIT-SYN-001,SITE-COOLIT-SYN-01,CRM,OPPORTUNITY_STAGE_HISTORY,STGH-004-3,OPP-0004,RESOLVED,2025-01-21T16:00:00-06:00,2026-09-26T08:00:00-06:00,2026-06-29T00:00:00-06:00,,3,STGH-004-2,false,ACTIVE,,USD,VALID,CURRENT,coolit-synthetic-v2.0.0,CUST-004,PRG-004,ALL_SYNTHETIC_PRODUCTS,SYNTHETIC_INTERNAL,SNP-COOLIT-20260925-BL,SCN-BASELINE,STGH-004-3,OPP-0004,CLOSED_WON,BEST_CASE,1,750000,37,2025-04-19,2025-01-21T09:00:00-06:00,2025-02-20T17:00:00-06:00,,COMMERCIAL_REVIEW
TEN-COOLIT-SYN-001,SITE-COOLIT-SYN-01,CRM,OPPORTUNITY_STAGE_HISTORY,STGH-004-4,OPP-0004,RESOLVED,2025-02-25T16:00:00-06:00,2026-09-26T08:00:00-06:00,2026-06-29T00:00:00-06:00,,4,STGH-004-3,false,ACTIVE,,USD,VALID,CURRENT,coolit-synthetic-v2.0.0,CUST-004,PRG-004,ALL_SYNTHETIC_PRODUCTS,SYNTHETIC_INTERNAL,SNP-COOLIT-20260925-BL,SCN-BASELINE,STGH-004-4,OPP-0004,CLOSED_LOST,BEST_CASE,0,775000,40,2025-06-07,2025-02-25T09:00:00-06:00,2025-04-01T17:00:00-06:00,NO_DECISION,FORECAST_CALL
TEN-COOLIT-SYN-001,SITE-COOLIT-SYN-01,CRM,OPPORTUNITY_STAGE_HISTORY,STGH-004-5,OPP-0004,RESOLVED,2025-04-01T16:00:00-06:00,2026-09-26T08:00:00-06:00,2026-06-29T00:00:00-06:00,,5,STGH-004-4,false,ACTIVE,,USD,VALID,CURRENT,coolit-synthetic-v2.0.0,CUST-004,PRG-004,ALL_SYNTHETIC_PRODUCTS,SYNTHETIC_INTERNAL,SNP-COOLIT-20260925-BL,SCN-BASELINE,STGH-004-5,OPP-0004,ON_HOLD,COMMIT,0.25,800000,43,2025-05-31,2025-04-01T09:00:00-06:00,2025-05-11T17:00:00-06:00,,CUSTOMER_UPDATE
TEN-COOLIT-SYN-001,SITE-COOLIT-SYN-01,CRM,OPPORTUNITY_STAGE_HISTORY,STGH-004-6,OPP-0004,RESOLVED,2025-05-06T16:00:00-06:00,2026-09-26T08:00:00-06:00,2026-06-29T00:00:00-06:00,,6,STGH-004-5,false,ACTIVE,,USD,VALID,CURRENT,coolit-synthetic-v2.0.0,CUST-004,PRG-004,ALL_SYNTHETIC_PRODUCTS,SYNTHETIC_INTERNAL,SNP-COOLIT-20260925-BL,SCN-BASELINE,STGH-004-6,OPP-0004,PROSPECTING,CLOSED,0.05,825000,46,2025-07-19,2025-05-06T09:00:00-06:00,2025-05-26T17:00:00-06:00,,TECHNICAL_REVIEW
TEN-COOLIT-SYN-001,SITE-COOLIT-SYN-01,CRM,OPPORTUNITY_STAGE_HISTORY,STGH-004-7,OPP-0004,RESOLVED,2025-06-10T16:00:00-06:00,2026-09-26T08:00:00-06:00,2026-06-29T00:00:00-06:00,,7,STGH-004-6,false,ACTIVE,,USD,VALID,CURRENT,coolit-synthetic-v2.0.0,CUST-004,PRG-004,ALL_SYNTHETIC_PRODUCTS,SYNTHETIC_INTERNAL,SNP-COOLIT-20260925-BL,SCN-BASELINE,STGH-004-7,OPP-0004,QUALIFICATION,CLOSED,0.2,850000,49,2025-09-06,2025-06-10T09:00:00-06:00,2025-07-05T17:00:00-06:00,,COMMERCIAL_REVIEW
TEN-COOLIT-SYN-001,SITE-COOLIT-SYN-01,CRM,OPPORTUNITY_STAGE_HISTORY,STGH-004-8,OPP-0004,RESOLVED,2025-07-15T16:00:00-06:00,2026-09-26T08:00:00-06:00,2026-06-29T00:00:00-06:00,,8,STGH-004-7,false,ACTIVE,,USD,VALID,CURRENT,coolit-synthetic-v2.0.0,CUST-004,PRG-004,ALL_SYNTHETIC_PRODUCTS,SYNTHETIC_INTERNAL,SNP-COOLIT-20260925-BL,SCN-BASELINE,STGH-004-8,OPP-0004,SOLUTION_DESIGN,CLOSED,0.35,875000,52,2025-10-25,2025-07-15T09:00:00-06:00,,,FORECAST_CALL
TEN-COOLIT-SYN-001,SITE-COOLIT-SYN-01,CRM,OPPORTUNITY_STAGE_HISTORY,STGH-005-1,OPP-0005,RESOLVED,2024-11-26T16:00:00-06:00,2026-09-26T08:00:00-06:00,2026-06-29T00:00:00-06:00,,1,,false,ACTIVE,,USD,VALID,CURRENT,coolit-synthetic-v2.0.0,CUST-005,PRG-005,ALL_SYNTHETIC_PRODUCTS,SYNTHETIC_INTERNAL,SNP-COOLIT-20260925-BL,SCN-BASELINE,STGH-005-1,OPP-0005,NEGOTIATION,PIPELINE,0.75,875000,38,2025-01-25,2024-11-26T09:00:00-06:00,2024-12-16T17:00:00-06:00,,CUSTOMER_UPDATE
TEN-COOLIT-SYN-001,SITE-COOLIT-SYN-01,CRM,OPPORTUNITY_STAGE_HISTORY,STGH-005-2,OPP-0005,RESOLVED,2024-12-31T16:00:00-06:00,2026-09-26T08:00:00-06:00,2026-06-29T00:00:00-06:00,,2,STGH-005-1,false,ACTIVE,,USD,VALID,CURRENT,coolit-synthetic-v2.0.0,CUST-005,PRG-005,ALL_SYNTHETIC_PRODUCTS,SYNTHETIC_INTERNAL,SNP-COOLIT-20260925-BL,SCN-BASELINE,STGH-005-2,OPP-0005,CLOSED_WON,PIPELINE,1,900000,41,2025-03-15,2024-12-31T09:00:00-06:00,2025-01-25T17:00:00-06:00,,TECHNICAL_REVIEW
TEN-COOLIT-SYN-001,SITE-COOLIT-SYN-01,CRM,OPPORTUNITY_STAGE_HISTORY,STGH-005-3,OPP-0005,RESOLVED,2025-02-04T16:00:00-06:00,2026-09-26T08:00:00-06:00,2026-06-29T00:00:00-06:00,,3,STGH-005-2,false,ACTIVE,,USD,VALID,CURRENT,coolit-synthetic-v2.0.0,CUST-005,PRG-005,ALL_SYNTHETIC_PRODUCTS,SYNTHETIC_INTERNAL,SNP-COOLIT-20260925-BL,SCN-BASELINE,STGH-005-3,OPP-0005,CLOSED_LOST,BEST_CASE,0,925000,44,2025-05-03,2025-02-04T09:00:00-06:00,2025-03-06T17:00:00-06:00,PRICE,COMMERCIAL_REVIEW
TEN-COOLIT-SYN-001,SITE-COOLIT-SYN-01,CRM,OPPORTUNITY_STAGE_HISTORY,STGH-005-4,OPP-0005,RESOLVED,2025-03-11T16:00:00-06:00,2026-09-26T08:00:00-06:00,2026-06-29T00:00:00-06:00,,4,STGH-005-3,false,ACTIVE,,USD,VALID,CURRENT,coolit-synthetic-v2.0.0,CUST-005,PRG-005,ALL_SYNTHETIC_PRODUCTS,SYNTHETIC_INTERNAL,SNP-COOLIT-20260925-BL,SCN-BASELINE,STGH-005-4,OPP-0005,ON_HOLD,BEST_CASE,0.25,950000,47,2025-06-21,2025-03-11T09:00:00-06:00,2025-04-15T17:00:00-06:00,,FORECAST_CALL
TEN-COOLIT-SYN-001,SITE-COOLIT-SYN-01,CRM,OPPORTUNITY_STAGE_HISTORY,STGH-005-5,OPP-0005,RESOLVED,2025-04-15T16:00:00-06:00,2026-09-26T08:00:00-06:00,2026-06-29T00:00:00-06:00,,5,STGH-005-4,false,ACTIVE,,USD,VALID,CURRENT,coolit-synthetic-v2.0.0,CUST-005,PRG-005,ALL_SYNTHETIC_PRODUCTS,SYNTHETIC_INTERNAL,SNP-COOLIT-20260925-BL,SCN-BASELINE,STGH-005-5,OPP-0005,PROSPECTING,COMMIT,0.05,975000,50,2025-06-14,2025-04-15T09:00:00-06:00,2025-05-25T17:00:00-06:00,,CUSTOMER_UPDATE
TEN-COOLIT-SYN-001,SITE-COOLIT-SYN-01,CRM,OPPORTUNITY_STAGE_HISTORY,STGH-005-6,OPP-0005,RESOLVED,2025-05-20T16:00:00-06:00,2026-09-26T08:00:00-06:00,2026-06-29T00:00:00-06:00,,6,STGH-005-5,false,ACTIVE,,USD,VALID,CURRENT,coolit-synthetic-v2.0.0,CUST-005,PRG-005,ALL_SYNTHETIC_PRODUCTS,SYNTHETIC_INTERNAL,SNP-COOLIT-20260925-BL,SCN-BASELINE,STGH-005-6,OPP-0005,QUALIFICATION,CLOSED,0.2,1000000,53,2025-08-02,2025-05-20T09:00:00-06:00,2025-06-09T17:00:00-06:00,,TECHNICAL_REVIEW
TEN-COOLIT-SYN-001,SITE-COOLIT-SYN-01,CRM,OPPORTUNITY_STAGE_HISTORY,STGH-005-7,OPP-0005,RESOLVED,2025-06-24T16:00:00-06:00,2026-09-26T08:00:00-06:00,2026-06-29T00:00:00-06:00,,7,STGH-005-6,false,ACTIVE,,USD,VALID,CURRENT,coolit-synthetic-v2.0.0,CUST-005,PRG-005,ALL_SYNTHETIC_PRODUCTS,SYNTHETIC_INTERNAL,SNP-COOLIT-20260925-BL,SCN-BASELINE,STGH-005-7,OPP-0005,SOLUTION_DESIGN,CLOSED,0.35,1025000,56,2025-09-20,2025-06-24T09:00:00-06:00,2025-07-19T17:00:00-06:00,,COMMERCIAL_REVIEW
TEN-COOLIT-SYN-001,SITE-COOLIT-SYN-01,CRM,OPPORTUNITY_STAGE_HISTORY,STGH-005-8,OPP-0005,RESOLVED,2025-07-29T16:00:00-06:00,2026-09-26T08:00:00-06:00,2026-06-29T00:00:00-06:00,,8,STGH-005-7,false,ACTIVE,,USD,VALID,CURRENT,coolit-synthetic-v2.0.0,CUST-005,PRG-005,ALL_SYNTHETIC_PRODUCTS,SYNTHETIC_INTERNAL,SNP-COOLIT-20260925-BL,SCN-BASELINE,STGH-005-8,OPP-0005,PROPOSAL,CLOSED,0.55,1050000,59,2025-11-08,2025-07-29T09:00:00-06:00,,,FORECAST_CALL
TEN-COOLIT-SYN-001,SITE-COOLIT-SYN-01,CRM,OPPORTUNITY_STAGE_HISTORY,STGH-006-1,OPP-0006,RESOLVED,2024-12-10T16:00:00-06:00,2026-09-26T08:00:00-06:00,2026-06-29T00:00:00-06:00,,1,,false,ACTIVE,,USD,VALID,CURRENT,coolit-synthetic-v2.0.0,CUST-006,PRG-006,ALL_SYNTHETIC_PRODUCTS,SYNTHETIC_INTERNAL,SNP-COOLIT-20260925-BL,SCN-BASELINE,STGH-006-1,OPP-0006,CLOSED_WON,PIPELINE,1,1050000,45,2025-02-08,2024-12-10T09:00:00-06:00,2024-12-30T17:00:00-06:00,,CUSTOMER_UPDATE
TEN-COOLIT-SYN-001,SITE-COOLIT-SYN-01,CRM,OPPORTUNITY_STAGE_HISTORY,STGH-006-2,OPP-0006,RESOLVED,2025-01-14T16:00:00-06:00,2026-09-26T08:00:00-06:00,2026-06-29T00:00:00-06:00,,2,STGH-006-1,false,ACTIVE,,USD,VALID,CURRENT,coolit-synthetic-v2.0.0,CUST-006,PRG-006,ALL_SYNTHETIC_PRODUCTS,SYNTHETIC_INTERNAL,SNP-COOLIT-20260925-BL,SCN-BASELINE,STGH-006-2,OPP-0006,CLOSED_LOST,PIPELINE,0,1075000,48,2025-03-29,2025-01-14T09:00:00-06:00,2025-02-08T17:00:00-06:00,TIMING,TECHNICAL_REVIEW
TEN-COOLIT-SYN-001,SITE-COOLIT-SYN-01,CRM,OPPORTUNITY_STAGE_HISTORY,STGH-006-3,OPP-0006,RESOLVED,2025-02-18T16:00:00-06:00,2026-09-26T08:00:00-06:00,2026-06-29T00:00:00-06:00,,3,STGH-006-2,false,ACTIVE,,USD,VALID,CURRENT,coolit-synthetic-v2.0.0,CUST-006,PRG-006,ALL_SYNTHETIC_PRODUCTS,SYNTHETIC_INTERNAL,SNP-COOLIT-20260925-BL,SCN-BASELINE,STGH-006-3,OPP-0006,ON_HOLD,BEST_CASE,0.25,1100000,51,2025-05-17,2025-02-18T09:00:00-06:00,2025-03-20T17:00:00-06:00,,COMMERCIAL_REVIEW
TEN-COOLIT-SYN-001,SITE-COOLIT-SYN-01,CRM,OPPORTUNITY_STAGE_HISTORY,STGH-006-4,OPP-0006,RESOLVED,2025-03-25T16:00:00-06:00,2026-09-26T08:00:00-06:00,2026-06-29T00:00:00-06:00,,4,STGH-006-3,false,ACTIVE,,USD,VALID,CURRENT,coolit-synthetic-v2.0.0,CUST-006,PRG-006,ALL_SYNTHETIC_PRODUCTS,SYNTHETIC_INTERNAL,SNP-COOLIT-20260925-BL,SCN-BASELINE,STGH-006-4,OPP-0006,PROSPECTING,BEST_CASE,0.05,1125000,54,2025-07-05,2025-03-25T09:00:00-06:00,2025-04-29T17:00:00-06:00,,FORECAST_CALL
TEN-COOLIT-SYN-001,SITE-COOLIT-SYN-01,CRM,OPPORTUNITY_STAGE_HISTORY,STGH-006-5,OPP-0006,RESOLVED,2025-04-29T16:00:00-06:00,2026-09-26T08:00:00-06:00,2026-06-29T00:00:00-06:00,,5,STGH-006-4,false,ACTIVE,,USD,VALID,CURRENT,coolit-synthetic-v2.0.0,CUST-006,PRG-006,ALL_SYNTHETIC_PRODUCTS,SYNTHETIC_INTERNAL,SNP-COOLIT-20260925-BL,SCN-BASELINE,STGH-006-5,OPP-0006,QUALIFICATION,COMMIT,0.2,1150000,57,2025-06-28,2025-04-29T09:00:00-06:00,2025-06-08T17:00:00-06:00,,CUSTOMER_UPDATE
TEN-COOLIT-SYN-001,SITE-COOLIT-SYN-01,CRM,OPPORTUNITY_STAGE_HISTORY,STGH-006-6,OPP-0006,RESOLVED,2025-06-03T16:00:00-06:00,2026-09-26T08:00:00-06:00,2026-06-29T00:00:00-06:00,,6,STGH-006-5,false,ACTIVE,,USD,VALID,CURRENT,coolit-synthetic-v2.0.0,CUST-006,PRG-006,ALL_SYNTHETIC_PRODUCTS,SYNTHETIC_INTERNAL,SNP-COOLIT-20260925-BL,SCN-BASELINE,STGH-006-6,OPP-0006,SOLUTION_DESIGN,CLOSED,0.35,1175000,60,2025-08-16,2025-06-03T09:00:00-06:00,2025-06-23T17:00:00-06:00,,TECHNICAL_REVIEW
TEN-COOLIT-SYN-001,SITE-COOLIT-SYN-01,CRM,OPPORTUNITY_STAGE_HISTORY,STGH-006-7,OPP-0006,RESOLVED,2025-07-08T16:00:00-06:00,2026-09-26T08:00:00-06:00,2026-06-29T00:00:00-06:00,,7,STGH-006-6,false,ACTIVE,,USD,VALID,CURRENT,coolit-synthetic-v2.0.0,CUST-006,PRG-006,ALL_SYNTHETIC_PRODUCTS,SYNTHETIC_INTERNAL,SNP-COOLIT-20260925-BL,SCN-BASELINE,STGH-006-7,OPP-0006,PROPOSAL,CLOSED,0.55,1200000,63,2025-10-04,2025-07-08T09:00:00-06:00,2025-08-02T17:00:00-06:00,,COMMERCIAL_REVIEW
TEN-COOLIT-SYN-001,SITE-COOLIT-SYN-01,CRM,OPPORTUNITY_STAGE_HISTORY,STGH-006-8,OPP-0006,RESOLVED,2025-08-12T16:00:00-06:00,2026-09-26T08:00:00-06:00,2026-06-29T00:00:00-06:00,,8,STGH-006-7,false,ACTIVE,,USD,VALID,CURRENT,coolit-synthetic-v2.0.0,CUST-006,PRG-006,ALL_SYNTHETIC_PRODUCTS,SYNTHETIC_INTERNAL,SNP-COOLIT-20260925-BL,SCN-BASELINE,STGH-006-8,OPP-0006,NEGOTIATION,CLOSED,0.75,1225000,66,2025-11-22,2025-08-12T09:00:00-06:00,,,FORECAST_CALL
TEN-COOLIT-SYN-001,SITE-COOLIT-SYN-01,CRM,OPPORTUNITY_STAGE_HISTORY,STGH-007-1,OPP-0007,RESOLVED,2024-12-24T16:00:00-06:00,2026-09-26T08:00:00-06:00,2026-06-29T00:00:00-06:00,,1,,false,ACTIVE,,USD,VALID,CURRENT,coolit-synthetic-v2.0.0,CUST-007,PRG-007,ALL_SYNTHETIC_PRODUCTS,SYNTHETIC_INTERNAL,SNP-COOLIT-20260925-BL,SCN-BASELINE,STGH-007-1,OPP-0007,CLOSED_LOST,PIPELINE,0,1225000,52,2025-02-22,2024-12-24T09:00:00-06:00,2025-01-13T17:00:00-06:00,TECHNICAL_FIT,CUSTOMER_UPDATE
TEN-COOLIT-SYN-001,SITE-COOLIT-SYN-01,CRM,OPPORTUNITY_STAGE_HISTORY,STGH-007-2,OPP-0007,RESOLVED,2025-01-28T16:00:00-06:00,2026-09-26T08:00:00-06:00,2026-06-29T00:00:00-06:00,,2,STGH-007-1,false,ACTIVE,,USD,VALID,CURRENT,coolit-synthetic-v2.0.0,CUST-007,PRG-007,ALL_SYNTHETIC_PRODUCTS,SYNTHETIC_INTERNAL,SNP-COOLIT-20260925-BL,SCN-BASELINE,STGH-007-2,OPP-0007,ON_HOLD,PIPELINE,0.25,1250000,55,2025-04-12,2025-01-28T09:00:00-06:00,2025-02-22T17:00:00-06:00,,TECHNICAL_REVIEW
TEN-COOLIT-SYN-001,SITE-COOLIT-SYN-01,CRM,OPPORTUNITY_STAGE_HISTORY,STGH-007-3,OPP-0007,RESOLVED,2025-03-04T16:00:00-06:00,2026-09-26T08:00:00-06:00,2026-06-29T00:00:00-06:00,,3,STGH-007-2,false,ACTIVE,,USD,VALID,CURRENT,coolit-synthetic-v2.0.0,CUST-007,PRG-007,ALL_SYNTHETIC_PRODUCTS,SYNTHETIC_INTERNAL,SNP-COOLIT-20260925-BL,SCN-BASELINE,STGH-007-3,OPP-0007,PROSPECTING,BEST_CASE,0.05,1275000,58,2025-05-31,2025-03-04T09:00:00-06:00,2025-04-03T17:00:00-06:00,,COMMERCIAL_REVIEW
TEN-COOLIT-SYN-001,SITE-COOLIT-SYN-01,CRM,OPPORTUNITY_STAGE_HISTORY,STGH-007-4,OPP-0007,RESOLVED,2025-04-08T16:00:00-06:00,2026-09-26T08:00:00-06:00,2026-06-29T00:00:00-06:00,,4,STGH-007-3,false,ACTIVE,,USD,VALID,CURRENT,coolit-synthetic-v2.0.0,CUST-007,PRG-007,ALL_SYNTHETIC_PRODUCTS,SYNTHETIC_INTERNAL,SNP-COOLIT-20260925-BL,SCN-BASELINE,STGH-007-4,OPP-0007,QUALIFICATION,BEST_CASE,0.2,1300000,61,2025-07-19,2025-04-08T09:00:00-06:00,2025-05-13T17:00:00-06:00,,FORECAST_CALL
TEN-COOLIT-SYN-001,SITE-COOLIT-SYN-01,CRM,OPPORTUNITY_STAGE_HISTORY,STGH-007-5,OPP-0007,RESOLVED,2025-05-13T16:00:00-06:00,2026-09-26T08:00:00-06:00,2026-06-29T00:00:00-06:00,,5,STGH-007-4,false,ACTIVE,,USD,VALID,CURRENT,coolit-synthetic-v2.0.0,CUST-007,PRG-007,ALL_SYNTHETIC_PRODUCTS,SYNTHETIC_INTERNAL,SNP-COOLIT-20260925-BL,SCN-BASELINE,STGH-007-5,OPP-0007,SOLUTION_DESIGN,COMMIT,0.35,1325000,64,2025-07-12,2025-05-13T09:00:00-06:00,2025-06-22T17:00:00-06:00,,CUSTOMER_UPDATE
TEN-COOLIT-SYN-001,SITE-COOLIT-SYN-01,CRM,OPPORTUNITY_STAGE_HISTORY,STGH-007-6,OPP-0007,RESOLVED,2025-06-17T16:00:00-06:00,2026-09-26T08:00:00-06:00,2026-06-29T00:00:00-06:00,,6,STGH-007-5,false,ACTIVE,,USD,VALID,CURRENT,coolit-synthetic-v2.0.0,CUST-007,PRG-007,ALL_SYNTHETIC_PRODUCTS,SYNTHETIC_INTERNAL,SNP-COOLIT-20260925-BL,SCN-BASELINE,STGH-007-6,OPP-0007,PROPOSAL,CLOSED,0.55,1350000,67,2025-08-30,2025-06-17T09:00:00-06:00,2025-07-07T17:00:00-06:00,,TECHNICAL_REVIEW
TEN-COOLIT-SYN-001,SITE-COOLIT-SYN-01,CRM,OPPORTUNITY_STAGE_HISTORY,STGH-007-7,OPP-0007,RESOLVED,2025-07-22T16:00:00-06:00,2026-09-26T08:00:00-06:00,2026-06-29T00:00:00-06:00,,7,STGH-007-6,false,ACTIVE,,USD,VALID,CURRENT,coolit-synthetic-v2.0.0,CUST-007,PRG-007,ALL_SYNTHETIC_PRODUCTS,SYNTHETIC_INTERNAL,SNP-COOLIT-20260925-BL,SCN-BASELINE,STGH-007-7,OPP-0007,NEGOTIATION,CLOSED,0.75,1375000,70,2025-10-18,2025-07-22T09:00:00-06:00,2025-08-16T17:00:00-06:00,,COMMERCIAL_REVIEW
TEN-COOLIT-SYN-001,SITE-COOLIT-SYN-01,CRM,OPPORTUNITY_STAGE_HISTORY,STGH-007-8,OPP-0007,RESOLVED,2025-08-26T16:00:00-06:00,2026-09-26T08:00:00-06:00,2026-06-29T00:00:00-06:00,,8,STGH-007-7,false,ACTIVE,,USD,VALID,CURRENT,coolit-synthetic-v2.0.0,CUST-007,PRG-007,ALL_SYNTHETIC_PRODUCTS,SYNTHETIC_INTERNAL,SNP-COOLIT-20260925-BL,SCN-BASELINE,STGH-007-8,OPP-0007,CLOSED_WON,CLOSED,1,1400000,73,2025-12-06,2025-08-26T09:00:00-06:00,,,FORECAST_CALL
TEN-COOLIT-SYN-001,SITE-COOLIT-SYN-01,CRM,OPPORTUNITY_STAGE_HISTORY,STGH-008-1,OPP-0008,RESOLVED,2025-01-07T16:00:00-06:00,2026-09-26T08:00:00-06:00,2026-06-29T00:00:00-06:00,,1,,false,ACTIVE,,USD,VALID,CURRENT,coolit-synthetic-v2.0.0,CUST-008,PRG-008,ALL_SYNTHETIC_PRODUCTS,SYNTHETIC_INTERNAL,SNP-COOLIT-20260925-BL,SCN-BASELINE,STGH-008-1,OPP-0008,ON_HOLD,PIPELINE,0.25,1400000,59,2025-03-08,2025-01-07T09:00:00-06:00,2025-01-27T17:00:00-06:00,,CUSTOMER_UPDATE
TEN-COOLIT-SYN-001,SITE-COOLIT-SYN-01,CRM,OPPORTUNITY_STAGE_HISTORY,STGH-008-2,OPP-0008,RESOLVED,2025-02-11T16:00:00-06:00,2026-09-26T08:00:00-06:00,2026-06-29T00:00:00-06:00,,2,STGH-008-1,false,ACTIVE,,USD,VALID,CURRENT,coolit-synthetic-v2.0.0,CUST-008,PRG-008,ALL_SYNTHETIC_PRODUCTS,SYNTHETIC_INTERNAL,SNP-COOLIT-20260925-BL,SCN-BASELINE,STGH-008-2,OPP-0008,PROSPECTING,PIPELINE,0.05,1425000,62,2025-04-26,2025-02-11T09:00:00-06:00,2025-03-08T17:00:00-06:00,,TECHNICAL_REVIEW
TEN-COOLIT-SYN-001,SITE-COOLIT-SYN-01,CRM,OPPORTUNITY_STAGE_HISTORY,STGH-008-3,OPP-0008,RESOLVED,2025-03-18T16:00:00-06:00,2026-09-26T08:00:00-06:00,2026-06-29T00:00:00-06:00,,3,STGH-008-2,false,ACTIVE,,USD,VALID,CURRENT,coolit-synthetic-v2.0.0,CUST-008,PRG-008,ALL_SYNTHETIC_PRODUCTS,SYNTHETIC_INTERNAL,SNP-COOLIT-20260925-BL,SCN-BASELINE,STGH-008-3,OPP-0008,QUALIFICATION,BEST_CASE,0.2,1450000,65,2025-06-14,2025-03-18T09:00:00-06:00,2025-04-17T17:00:00-06:00,,COMMERCIAL_REVIEW
TEN-COOLIT-SYN-001,SITE-COOLIT-SYN-01,CRM,OPPORTUNITY_STAGE_HISTORY,STGH-008-4,OPP-0008,RESOLVED,2025-04-22T16:00:00-06:00,2026-09-26T08:00:00-06:00,2026-06-29T00:00:00-06:00,,4,STGH-008-3,false,ACTIVE,,USD,VALID,CURRENT,coolit-synthetic-v2.0.0,CUST-008,PRG-008,ALL_SYNTHETIC_PRODUCTS,SYNTHETIC_INTERNAL,SNP-COOLIT-20260925-BL,SCN-BASELINE,STGH-008-4,OPP-0008,SOLUTION_DESIGN,BEST_CASE,0.35,1475000,68,2025-08-02,2025-04-22T09:00:00-06:00,2025-05-27T17:00:00-06:00,,FORECAST_CALL
TEN-COOLIT-SYN-001,SITE-COOLIT-SYN-01,CRM,OPPORTUNITY_STAGE_HISTORY,STGH-008-5,OPP-0008,RESOLVED,2025-05-27T16:00:00-06:00,2026-09-26T08:00:00-06:00,2026-06-29T00:00:00-06:00,,5,STGH-008-4,false,ACTIVE,,USD,VALID,CURRENT,coolit-synthetic-v2.0.0,CUST-008,PRG-008,ALL_SYNTHETIC_PRODUCTS,SYNTHETIC_INTERNAL,SNP-COOLIT-20260925-BL,SCN-BASELINE,STGH-008-5,OPP-0008,PROPOSAL,COMMIT,0.55,1500000,71,2025-07-26,2025-05-27T09:00:00-06:00,2025-07-06T17:00:00-06:00,,CUSTOMER_UPDATE
TEN-COOLIT-SYN-001,SITE-COOLIT-SYN-01,CRM,OPPORTUNITY_STAGE_HISTORY,STGH-008-6,OPP-0008,RESOLVED,2025-07-01T16:00:00-06:00,2026-09-26T08:00:00-06:00,2026-06-29T00:00:00-06:00,,6,STGH-008-5,false,ACTIVE,,USD,VALID,CURRENT,coolit-synthetic-v2.0.0,CUST-008,PRG-008,ALL_SYNTHETIC_PRODUCTS,SYNTHETIC_INTERNAL,SNP-COOLIT-20260925-BL,SCN-BASELINE,STGH-008-6,OPP-0008,NEGOTIATION,CLOSED,0.75,1525000,74,2025-09-13,2025-07-01T09:00:00-06:00,2025-07-21T17:00:00-06:00,,TECHNICAL_REVIEW
TEN-COOLIT-SYN-001,SITE-COOLIT-SYN-01,CRM,OPPORTUNITY_STAGE_HISTORY,STGH-008-7,OPP-0008,RESOLVED,2025-08-05T16:00:00-06:00,2026-09-26T08:00:00-06:00,2026-06-29T00:00:00-06:00,,7,STGH-008-6,false,ACTIVE,,USD,VALID,CURRENT,coolit-synthetic-v2.0.0,CUST-008,PRG-008,ALL_SYNTHETIC_PRODUCTS,SYNTHETIC_INTERNAL,SNP-COOLIT-20260925-BL,SCN-BASELINE,STGH-008-7,OPP-0008,CLOSED_WON,CLOSED,1,1550000,77,2025-11-01,2025-08-05T09:00:00-06:00,2025-08-30T17:00:00-06:00,,COMMERCIAL_REVIEW
TEN-COOLIT-SYN-001,SITE-COOLIT-SYN-01,CRM,OPPORTUNITY_STAGE_HISTORY,STGH-008-8,OPP-0008,RESOLVED,2025-09-09T16:00:00-06:00,2026-09-26T08:00:00-06:00,2026-06-29T00:00:00-06:00,,8,STGH-008-7,false,ACTIVE,,USD,VALID,CURRENT,coolit-synthetic-v2.0.0,CUST-008,PRG-008,ALL_SYNTHETIC_PRODUCTS,SYNTHETIC_INTERNAL,SNP-COOLIT-20260925-BL,SCN-BASELINE,STGH-008-8,OPP-0008,CLOSED_LOST,CLOSED,0,1575000,80,2025-12-20,2025-09-09T09:00:00-06:00,,NO_DECISION,FORECAST_CALL
TEN-COOLIT-SYN-001,SITE-COOLIT-SYN-01,CRM,OPPORTUNITY_STAGE_HISTORY,STGH-009-1,OPP-0009,RESOLVED,2025-01-21T16:00:00-06:00,2026-09-26T08:00:00-06:00,2026-06-29T00:00:00-06:00,,1,,false,ACTIVE,,USD,VALID,CURRENT,coolit-synthetic-v2.0.0,CUST-009,PRG-001,ALL_SYNTHETIC_PRODUCTS,SYNTHETIC_INTERNAL,SNP-COOLIT-20260925-BL,SCN-BASELINE,STGH-009-1,OPP-0009,PROSPECTING,PIPELINE,0.05,1575000,66,2025-03-22,2025-01-21T09:00:00-06:00,2025-02-10T17:00:00-06:00,,CUSTOMER_UPDATE
TEN-COOLIT-SYN-001,SITE-COOLIT-SYN-01,CRM,OPPORTUNITY_STAGE_HISTORY,STGH-009-2,OPP-0009,RESOLVED,2025-02-25T16:00:00-06:00,2026-09-26T08:00:00-06:00,2026-06-29T00:00:00-06:00,,2,STGH-009-1,false,ACTIVE,,USD,VALID,CURRENT,coolit-synthetic-v2.0.0,CUST-009,PRG-001,ALL_SYNTHETIC_PRODUCTS,SYNTHETIC_INTERNAL,SNP-COOLIT-20260925-BL,SCN-BASELINE,STGH-009-2,OPP-0009,QUALIFICATION,PIPELINE,0.2,1600000,69,2025-05-10,2025-02-25T09:00:00-06:00,2025-03-22T17:00:00-06:00,,TECHNICAL_REVIEW
TEN-COOLIT-SYN-001,SITE-COOLIT-SYN-01,CRM,OPPORTUNITY_STAGE_HISTORY,STGH-009-3,OPP-0009,RESOLVED,2025-04-01T16:00:00-06:00,2026-09-26T08:00:00-06:00,2026-06-29T00:00:00-06:00,,3,STGH-009-2,false,ACTIVE,,USD,VALID,CURRENT,coolit-synthetic-v2.0.0,CUST-009,PRG-001,ALL_SYNTHETIC_PRODUCTS,SYNTHETIC_INTERNAL,SNP-COOLIT-20260925-BL,SCN-BASELINE,STGH-009-3,OPP-0009,SOLUTION_DESIGN,BEST_CASE,0.35,1625000,72,2025-06-28,2025-04-01T09:00:00-06:00,2025-05-01T17:00:00-06:00,,COMMERCIAL_REVIEW
TEN-COOLIT-SYN-001,SITE-COOLIT-SYN-01,CRM,OPPORTUNITY_STAGE_HISTORY,STGH-009-4,OPP-0009,RESOLVED,2025-05-06T16:00:00-06:00,2026-09-26T08:00:00-06:00,2026-06-29T00:00:00-06:00,,4,STGH-009-3,false,ACTIVE,,USD,VALID,CURRENT,coolit-synthetic-v2.0.0,CUST-009,PRG-001,ALL_SYNTHETIC_PRODUCTS,SYNTHETIC_INTERNAL,SNP-COOLIT-20260925-BL,SCN-BASELINE,STGH-009-4,OPP-0009,PROPOSAL,BEST_CASE,0.55,1650000,75,2025-08-16,2025-05-06T09:00:00-06:00,2025-06-10T17:00:00-06:00,,FORECAST_CALL
TEN-COOLIT-SYN-001,SITE-COOLIT-SYN-01,CRM,OPPORTUNITY_STAGE_HISTORY,STGH-009-5,OPP-0009,RESOLVED,2025-06-10T16:00:00-06:00,2026-09-26T08:00:00-06:00,2026-06-29T00:00:00-06:00,,5,STGH-009-4,false,ACTIVE,,USD,VALID,CURRENT,coolit-synthetic-v2.0.0,CUST-009,PRG-001,ALL_SYNTHETIC_PRODUCTS,SYNTHETIC_INTERNAL,SNP-COOLIT-20260925-BL,SCN-BASELINE,STGH-009-5,OPP-0009,NEGOTIATION,COMMIT,0.75,1675000,78,2025-08-09,2025-06-10T09:00:00-06:00,2025-07-20T17:00:00-06:00,,CUSTOMER_UPDATE
TEN-COOLIT-SYN-001,SITE-COOLIT-SYN-01,CRM,OPPORTUNITY_STAGE_HISTORY,STGH-009-6,OPP-0009,RESOLVED,2025-07-15T16:00:00-06:00,2026-09-26T08:00:00-06:00,2026-06-29T00:00:00-06:00,,6,STGH-009-5,false,ACTIVE,,USD,VALID,CURRENT,coolit-synthetic-v2.0.0,CUST-009,PRG-001,ALL_SYNTHETIC_PRODUCTS,SYNTHETIC_INTERNAL,SNP-COOLIT-20260925-BL,SCN-BASELINE,STGH-009-6,OPP-0009,CLOSED_WON,CLOSED,1,1700000,81,2025-09-27,2025-07-15T09:00:00-06:00,2025-08-04T17:00:00-06:00,,TECHNICAL_REVIEW
TEN-COOLIT-SYN-001,SITE-COOLIT-SYN-01,CRM,OPPORTUNITY_STAGE_HISTORY,STGH-009-7,OPP-0009,RESOLVED,2025-08-19T16:00:00-06:00,2026-09-26T08:00:00-06:00,2026-06-29T00:00:00-06:00,,7,STGH-009-6,false,ACTIVE,,USD,VALID,CURRENT,coolit-synthetic-v2.0.0,CUST-009,PRG-001,ALL_SYNTHETIC_PRODUCTS,SYNTHETIC_INTERNAL,SNP-COOLIT-20260925-BL,SCN-BASELINE,STGH-009-7,OPP-0009,CLOSED_LOST,CLOSED,0,1725000,84,2025-11-15,2025-08-19T09:00:00-06:00,2025-09-13T17:00:00-06:00,PRICE,COMMERCIAL_REVIEW
TEN-COOLIT-SYN-001,SITE-COOLIT-SYN-01,CRM,OPPORTUNITY_STAGE_HISTORY,STGH-009-8,OPP-0009,RESOLVED,2025-09-23T16:00:00-06:00,2026-09-26T08:00:00-06:00,2026-06-29T00:00:00-06:00,,8,STGH-009-7,false,ACTIVE,,USD,VALID,CURRENT,coolit-synthetic-v2.0.0,CUST-009,PRG-001,ALL_SYNTHETIC_PRODUCTS,SYNTHETIC_INTERNAL,SNP-COOLIT-20260925-BL,SCN-BASELINE,STGH-009-8,OPP-0009,ON_HOLD,CLOSED,0.25,1750000,87,2026-01-03,2025-09-23T09:00:00-06:00,,,FORECAST_CALL
TEN-COOLIT-SYN-001,SITE-COOLIT-SYN-01,CRM,OPPORTUNITY_STAGE_HISTORY,STGH-010-1,OPP-0010,RESOLVED,2025-02-04T16:00:00-06:00,2026-09-26T08:00:00-06:00,2026-06-29T00:00:00-06:00,,1,,false,ACTIVE,,USD,VALID,CURRENT,coolit-synthetic-v2.0.0,CUST-010,PRG-002,ALL_SYNTHETIC_PRODUCTS,SYNTHETIC_INTERNAL,SNP-COOLIT-20260925-BL,SCN-BASELINE,STGH-010-1,OPP-0010,QUALIFICATION,PIPELINE,0.2,1750000,73,2025-04-05,2025-02-04T09:00:00-06:00,2025-02-24T17:00:00-06:00,,CUSTOMER_UPDATE
TEN-COOLIT-SYN-001,SITE-COOLIT-SYN-01,CRM,OPPORTUNITY_STAGE_HISTORY,STGH-010-2,OPP-0010,RESOLVED,2025-03-11T16:00:00-06:00,2026-09-26T08:00:00-06:00,2026-06-29T00:00:00-06:00,,2,STGH-010-1,false,ACTIVE,,USD,VALID,CURRENT,coolit-synthetic-v2.0.0,CUST-010,PRG-002,ALL_SYNTHETIC_PRODUCTS,SYNTHETIC_INTERNAL,SNP-COOLIT-20260925-BL,SCN-BASELINE,STGH-010-2,OPP-0010,SOLUTION_DESIGN,PIPELINE,0.35,1775000,76,2025-05-24,2025-03-11T09:00:00-06:00,2025-04-05T17:00:00-06:00,,TECHNICAL_REVIEW
TEN-COOLIT-SYN-001,SITE-COOLIT-SYN-01,CRM,OPPORTUNITY_STAGE_HISTORY,STGH-010-3,OPP-0010,RESOLVED,2025-04-15T16:00:00-06:00,2026-09-26T08:00:00-06:00,2026-06-29T00:00:00-06:00,,3,STGH-010-2,false,ACTIVE,,USD,VALID,CURRENT,coolit-synthetic-v2.0.0,CUST-010,PRG-002,ALL_SYNTHETIC_PRODUCTS,SYNTHETIC_INTERNAL,SNP-COOLIT-20260925-BL,SCN-BASELINE,STGH-010-3,OPP-0010,PROPOSAL,BEST_CASE,0.55,1800000,79,2025-07-12,2025-04-15T09:00:00-06:00,2025-05-15T17:00:00-06:00,,COMMERCIAL_REVIEW
TEN-COOLIT-SYN-001,SITE-COOLIT-SYN-01,CRM,OPPORTUNITY_STAGE_HISTORY,STGH-010-4,OPP-0010,RESOLVED,2025-05-20T16:00:00-06:00,2026-09-26T08:00:00-06:00,2026-06-29T00:00:00-06:00,,4,STGH-010-3,false,ACTIVE,,USD,VALID,CURRENT,coolit-synthetic-v2.0.0,CUST-010,PRG-002,ALL_SYNTHETIC_PRODUCTS,SYNTHETIC_INTERNAL,SNP-COOLIT-20260925-BL,SCN-BASELINE,STGH-010-4,OPP-0010,NEGOTIATION,BEST_CASE,0.75,1825000,82,2025-08-30,2025-05-20T09:00:00-06:00,2025-06-24T17:00:00-06:00,,FORECAST_CALL
TEN-COOLIT-SYN-001,SITE-COOLIT-SYN-01,CRM,OPPORTUNITY_STAGE_HISTORY,STGH-010-5,OPP-0010,RESOLVED,2025-06-24T16:00:00-06:00,2026-09-26T08:00:00-06:00,2026-06-29T00:00:00-06:00,,5,STGH-010-4,false,ACTIVE,,USD,VALID,CURRENT,coolit-synthetic-v2.0.0,CUST-010,PRG-002,ALL_SYNTHETIC_PRODUCTS,SYNTHETIC_INTERNAL,SNP-COOLIT-20260925-BL,SCN-BASELINE,STGH-010-5,OPP-0010,CLOSED_WON,COMMIT,1,1850000,85,2025-08-23,2025-06-24T09:00:00-06:00,2025-08-03T17:00:00-06:00,,CUSTOMER_UPDATE
TEN-COOLIT-SYN-001,SITE-COOLIT-SYN-01,CRM,OPPORTUNITY_STAGE_HISTORY,STGH-010-6,OPP-0010,RESOLVED,2025-07-29T16:00:00-06:00,2026-09-26T08:00:00-06:00,2026-06-29T00:00:00-06:00,,6,STGH-010-5,false,ACTIVE,,USD,VALID,CURRENT,coolit-synthetic-v2.0.0,CUST-010,PRG-002,ALL_SYNTHETIC_PRODUCTS,SYNTHETIC_INTERNAL,SNP-COOLIT-20260925-BL,SCN-BASELINE,STGH-010-6,OPP-0010,CLOSED_LOST,CLOSED,0,1875000,88,2025-10-11,2025-07-29T09:00:00-06:00,2025-08-18T17:00:00-06:00,TIMING,TECHNICAL_REVIEW
TEN-COOLIT-SYN-001,SITE-COOLIT-SYN-01,CRM,OPPORTUNITY_STAGE_HISTORY,STGH-010-7,OPP-0010,RESOLVED,2025-09-02T16:00:00-06:00,2026-09-26T08:00:00-06:00,2026-06-29T00:00:00-06:00,,7,STGH-010-6,false,ACTIVE,,USD,VALID,CURRENT,coolit-synthetic-v2.0.0,CUST-010,PRG-002,ALL_SYNTHETIC_PRODUCTS,SYNTHETIC_INTERNAL,SNP-COOLIT-20260925-BL,SCN-BASELINE,STGH-010-7,OPP-0010,ON_HOLD,CLOSED,0.25,1900000,11,2025-11-29,2025-09-02T09:00:00-06:00,2025-09-27T17:00:00-06:00,,COMMERCIAL_REVIEW
TEN-COOLIT-SYN-001,SITE-COOLIT-SYN-01,CRM,OPPORTUNITY_STAGE_HISTORY,STGH-010-8,OPP-0010,RESOLVED,2025-10-07T16:00:00-06:00,2026-09-26T08:00:00-06:00,2026-06-29T00:00:00-06:00,,8,STGH-010-7,false,ACTIVE,,USD,VALID,CURRENT,coolit-synthetic-v2.0.0,CUST-010,PRG-002,ALL_SYNTHETIC_PRODUCTS,SYNTHETIC_INTERNAL,SNP-COOLIT-20260925-BL,SCN-BASELINE,STGH-010-8,OPP-0010,PROSPECTING,CLOSED,0.05,1925000,14,2026-01-17,2025-10-07T09:00:00-06:00,,,FORECAST_CALL
TEN-COOLIT-SYN-001,SITE-COOLIT-SYN-01,CRM,OPPORTUNITY_STAGE_HISTORY,STGH-011-1,OPP-0011,RESOLVED,2025-02-18T16:00:00-06:00,2026-09-26T08:00:00-06:00,2026-06-29T00:00:00-06:00,,1,,false,ACTIVE,,USD,VALID,CURRENT,coolit-synthetic-v2.0.0,CUST-001,PRG-003,ALL_SYNTHETIC_PRODUCTS,SYNTHETIC_INTERNAL,SNP-COOLIT-20260925-BL,SCN-BASELINE,STGH-011-1,OPP-0011,SOLUTION_DESIGN,PIPELINE,0.35,1925000,80,2025-04-19,2025-02-18T09:00:00-06:00,2025-03-10T17:00:00-06:00,,CUSTOMER_UPDATE
TEN-COOLIT-SYN-001,SITE-COOLIT-SYN-01,CRM,OPPORTUNITY_STAGE_HISTORY,STGH-011-2,OPP-0011,RESOLVED,2025-03-25T16:00:00-06:00,2026-09-26T08:00:00-06:00,2026-06-29T00:00:00-06:00,,2,STGH-011-1,false,ACTIVE,,USD,VALID,CURRENT,coolit-synthetic-v2.0.0,CUST-001,PRG-003,ALL_SYNTHETIC_PRODUCTS,SYNTHETIC_INTERNAL,SNP-COOLIT-20260925-BL,SCN-BASELINE,STGH-011-2,OPP-0011,PROPOSAL,PIPELINE,0.55,1950000,83,2025-06-07,2025-03-25T09:00:00-06:00,2025-04-19T17:00:00-06:00,,TECHNICAL_REVIEW
TEN-COOLIT-SYN-001,SITE-COOLIT-SYN-01,CRM,OPPORTUNITY_STAGE_HISTORY,STGH-011-3,OPP-0011,RESOLVED,2025-04-29T16:00:00-06:00,2026-09-26T08:00:00-06:00,2026-06-29T00:00:00-06:00,,3,STGH-011-2,false,ACTIVE,,USD,VALID,CURRENT,coolit-synthetic-v2.0.0,CUST-001,PRG-003,ALL_SYNTHETIC_PRODUCTS,SYNTHETIC_INTERNAL,SNP-COOLIT-20260925-BL,SCN-BASELINE,STGH-011-3,OPP-0011,NEGOTIATION,BEST_CASE,0.75,1975000,86,2025-07-26,2025-04-29T09:00:00-06:00,2025-05-29T17:00:00-06:00,,COMMERCIAL_REVIEW
TEN-COOLIT-SYN-001,SITE-COOLIT-SYN-01,CRM,OPPORTUNITY_STAGE_HISTORY,STGH-011-4,OPP-0011,RESOLVED,2025-06-03T16:00:00-06:00,2026-09-26T08:00:00-06:00,2026-06-29T00:00:00-06:00,,4,STGH-011-3,false,ACTIVE,,USD,VALID,CURRENT,coolit-synthetic-v2.0.0,CUST-001,PRG-003,ALL_SYNTHETIC_PRODUCTS,SYNTHETIC_INTERNAL,SNP-COOLIT-20260925-BL,SCN-BASELINE,STGH-011-4,OPP-0011,CLOSED_WON,BEST_CASE,1,2000000,89,2025-09-13,2025-06-03T09:00:00-06:00,2025-07-08T17:00:00-06:00,,FORECAST_CALL
TEN-COOLIT-SYN-001,SITE-COOLIT-SYN-01,CRM,OPPORTUNITY_STAGE_HISTORY,STGH-011-5,OPP-0011,RESOLVED,2025-07-08T16:00:00-06:00,2026-09-26T08:00:00-06:00,2026-06-29T00:00:00-06:00,,5,STGH-011-4,false,ACTIVE,,USD,VALID,CURRENT,coolit-synthetic-v2.0.0,CUST-001,PRG-003,ALL_SYNTHETIC_PRODUCTS,SYNTHETIC_INTERNAL,SNP-COOLIT-20260925-BL,SCN-BASELINE,STGH-011-5,OPP-0011,CLOSED_LOST,COMMIT,0,2025000,12,2025-09-06,2025-07-08T09:00:00-06:00,2025-08-17T17:00:00-06:00,TECHNICAL_FIT,CUSTOMER_UPDATE
TEN-COOLIT-SYN-001,SITE-COOLIT-SYN-01,CRM,OPPORTUNITY_STAGE_HISTORY,STGH-011-6,OPP-0011,RESOLVED,2025-08-12T16:00:00-06:00,2026-09-26T08:00:00-06:00,2026-06-29T00:00:00-06:00,,6,STGH-011-5,false,ACTIVE,,USD,VALID,CURRENT,coolit-synthetic-v2.0.0,CUST-001,PRG-003,ALL_SYNTHETIC_PRODUCTS,SYNTHETIC_INTERNAL,SNP-COOLIT-20260925-BL,SCN-BASELINE,STGH-011-6,OPP-0011,ON_HOLD,CLOSED,0.25,2050000,15,2025-10-25,2025-08-12T09:00:00-06:00,2025-09-01T17:00:00-06:00,,TECHNICAL_REVIEW
TEN-COOLIT-SYN-001,SITE-COOLIT-SYN-01,CRM,OPPORTUNITY_STAGE_HISTORY,STGH-011-7,OPP-0011,RESOLVED,2025-09-16T16:00:00-06:00,2026-09-26T08:00:00-06:00,2026-06-29T00:00:00-06:00,,7,STGH-011-6,false,ACTIVE,,USD,VALID,CURRENT,coolit-synthetic-v2.0.0,CUST-001,PRG-003,ALL_SYNTHETIC_PRODUCTS,SYNTHETIC_INTERNAL,SNP-COOLIT-20260925-BL,SCN-BASELINE,STGH-011-7,OPP-0011,PROSPECTING,CLOSED,0.05,2075000,18,2025-12-13,2025-09-16T09:00:00-06:00,2025-10-11T17:00:00-06:00,,COMMERCIAL_REVIEW
TEN-COOLIT-SYN-001,SITE-COOLIT-SYN-01,CRM,OPPORTUNITY_STAGE_HISTORY,STGH-011-8,OPP-0011,RESOLVED,2025-10-21T16:00:00-06:00,2026-09-26T08:00:00-06:00,2026-06-29T00:00:00-06:00,,8,STGH-011-7,false,ACTIVE,,USD,VALID,CURRENT,coolit-synthetic-v2.0.0,CUST-001,PRG-003,ALL_SYNTHETIC_PRODUCTS,SYNTHETIC_INTERNAL,SNP-COOLIT-20260925-BL,SCN-BASELINE,STGH-011-8,OPP-0011,QUALIFICATION,CLOSED,0.2,2100000,21,2026-01-31,2025-10-21T09:00:00-06:00,,,FORECAST_CALL
TEN-COOLIT-SYN-001,SITE-COOLIT-SYN-01,CRM,OPPORTUNITY_STAGE_HISTORY,STGH-012-1,OPP-0012,RESOLVED,2025-03-04T16:00:00-06:00,2026-09-26T08:00:00-06:00,2026-06-29T00:00:00-06:00,,1,,false,ACTIVE,,USD,VALID,CURRENT,coolit-synthetic-v2.0.0,CUST-002,PRG-004,ALL_SYNTHETIC_PRODUCTS,SYNTHETIC_INTERNAL,SNP-COOLIT-20260925-BL,SCN-BASELINE,STGH-012-1,OPP-0012,PROPOSAL,PIPELINE,0.55,2100000,87,2025-05-03,2025-03-04T09:00:00-06:00,2025-03-24T17:00:00-06:00,,CUSTOMER_UPDATE
TEN-COOLIT-SYN-001,SITE-COOLIT-SYN-01,CRM,OPPORTUNITY_STAGE_HISTORY,STGH-012-2,OPP-0012,RESOLVED,2025-04-08T16:00:00-06:00,2026-09-26T08:00:00-06:00,2026-06-29T00:00:00-06:00,,2,STGH-012-1,false,ACTIVE,,USD,VALID,CURRENT,coolit-synthetic-v2.0.0,CUST-002,PRG-004,ALL_SYNTHETIC_PRODUCTS,SYNTHETIC_INTERNAL,SNP-COOLIT-20260925-BL,SCN-BASELINE,STGH-012-2,OPP-0012,NEGOTIATION,PIPELINE,0.75,2125000,10,2025-06-21,2025-04-08T09:00:00-06:00,2025-05-03T17:00:00-06:00,,TECHNICAL_REVIEW
TEN-COOLIT-SYN-001,SITE-COOLIT-SYN-01,CRM,OPPORTUNITY_STAGE_HISTORY,STGH-012-3,OPP-0012,RESOLVED,2025-05-13T16:00:00-06:00,2026-09-26T08:00:00-06:00,2026-06-29T00:00:00-06:00,,3,STGH-012-2,false,ACTIVE,,USD,VALID,CURRENT,coolit-synthetic-v2.0.0,CUST-002,PRG-004,ALL_SYNTHETIC_PRODUCTS,SYNTHETIC_INTERNAL,SNP-COOLIT-20260925-BL,SCN-BASELINE,STGH-012-3,OPP-0012,CLOSED_WON,BEST_CASE,1,2150000,13,2025-08-09,2025-05-13T09:00:00-06:00,2025-06-12T17:00:00-06:00,,COMMERCIAL_REVIEW
TEN-COOLIT-SYN-001,SITE-COOLIT-SYN-01,CRM,OPPORTUNITY_STAGE_HISTORY,STGH-012-4,OPP-0012,RESOLVED,2025-06-17T16:00:00-06:00,2026-09-26T08:00:00-06:00,2026-06-29T00:00:00-06:00,,4,STGH-012-3,false,ACTIVE,,USD,VALID,CURRENT,coolit-synthetic-v2.0.0,CUST-002,PRG-004,ALL_SYNTHETIC_PRODUCTS,SYNTHETIC_INTERNAL,SNP-COOLIT-20260925-BL,SCN-BASELINE,STGH-012-4,OPP-0012,CLOSED_LOST,BEST_CASE,0,2175000,16,2025-09-27,2025-06-17T09:00:00-06:00,2025-07-22T17:00:00-06:00,NO_DECISION,FORECAST_CALL
TEN-COOLIT-SYN-001,SITE-COOLIT-SYN-01,CRM,OPPORTUNITY_STAGE_HISTORY,STGH-012-5,OPP-0012,RESOLVED,2025-07-22T16:00:00-06:00,2026-09-26T08:00:00-06:00,2026-06-29T00:00:00-06:00,,5,STGH-012-4,false,ACTIVE,,USD,VALID,CURRENT,coolit-synthetic-v2.0.0,CUST-002,PRG-004,ALL_SYNTHETIC_PRODUCTS,SYNTHETIC_INTERNAL,SNP-COOLIT-20260925-BL,SCN-BASELINE,STGH-012-5,OPP-0012,ON_HOLD,COMMIT,0.25,2200000,19,2025-09-20,2025-07-22T09:00:00-06:00,2025-08-31T17:00:00-06:00,,CUSTOMER_UPDATE
TEN-COOLIT-SYN-001,SITE-COOLIT-SYN-01,CRM,OPPORTUNITY_STAGE_HISTORY,STGH-012-6,OPP-0012,RESOLVED,2025-08-26T16:00:00-06:00,2026-09-26T08:00:00-06:00,2026-06-29T00:00:00-06:00,,6,STGH-012-5,false,ACTIVE,,USD,VALID,CURRENT,coolit-synthetic-v2.0.0,CUST-002,PRG-004,ALL_SYNTHETIC_PRODUCTS,SYNTHETIC_INTERNAL,SNP-COOLIT-20260925-BL,SCN-BASELINE,STGH-012-6,OPP-0012,PROSPECTING,CLOSED,0.05,2225000,22,2025-11-08,2025-08-26T09:00:00-06:00,2025-09-15T17:00:00-06:00,,TECHNICAL_REVIEW
TEN-COOLIT-SYN-001,SITE-COOLIT-SYN-01,CRM,OPPORTUNITY_STAGE_HISTORY,STGH-012-7,OPP-0012,RESOLVED,2025-09-30T16:00:00-06:00,2026-09-26T08:00:00-06:00,2026-06-29T00:00:00-06:00,,7,STGH-012-6,false,ACTIVE,,USD,VALID,CURRENT,coolit-synthetic-v2.0.0,CUST-002,PRG-004,ALL_SYNTHETIC_PRODUCTS,SYNTHETIC_INTERNAL,SNP-COOLIT-20260925-BL,SCN-BASELINE,STGH-012-7,OPP-0012,QUALIFICATION,CLOSED,0.2,2250000,25,2025-12-27,2025-09-30T09:00:00-06:00,2025-10-25T17:00:00-06:00,,COMMERCIAL_REVIEW
TEN-COOLIT-SYN-001,SITE-COOLIT-SYN-01,CRM,OPPORTUNITY_STAGE_HISTORY,STGH-012-8,OPP-0012,RESOLVED,2025-11-04T16:00:00-06:00,2026-09-26T08:00:00-06:00,2026-06-29T00:00:00-06:00,,8,STGH-012-7,false,ACTIVE,,USD,VALID,CURRENT,coolit-synthetic-v2.0.0,CUST-002,PRG-004,ALL_SYNTHETIC_PRODUCTS,SYNTHETIC_INTERNAL,SNP-COOLIT-20260925-BL,SCN-BASELINE,STGH-012-8,OPP-0012,SOLUTION_DESIGN,CLOSED,0.35,2275000,28,2026-02-14,2025-11-04T09:00:00-06:00,,,FORECAST_CALL
TEN-COOLIT-SYN-001,SITE-COOLIT-SYN-01,CRM,OPPORTUNITY_STAGE_HISTORY,STGH-013-1,OPP-0013,RESOLVED,2025-03-18T16:00:00-06:00,2026-09-26T08:00:00-06:00,2026-06-29T00:00:00-06:00,,1,,false,ACTIVE,,USD,VALID,CURRENT,coolit-synthetic-v2.0.0,CUST-003,PRG-005,ALL_SYNTHETIC_PRODUCTS,SYNTHETIC_INTERNAL,SNP-COOLIT-20260925-BL,SCN-BASELINE,STGH-013-1,OPP-0013,NEGOTIATION,PIPELINE,0.75,2275000,14,2025-05-17,2025-03-18T09:00:00-06:00,2025-04-07T17:00:00-06:00,,CUSTOMER_UPDATE
TEN-COOLIT-SYN-001,SITE-COOLIT-SYN-01,CRM,OPPORTUNITY_STAGE_HISTORY,STGH-013-2,OPP-0013,RESOLVED,2025-04-22T16:00:00-06:00,2026-09-26T08:00:00-06:00,2026-06-29T00:00:00-06:00,,2,STGH-013-1,false,ACTIVE,,USD,VALID,CURRENT,coolit-synthetic-v2.0.0,CUST-003,PRG-005,ALL_SYNTHETIC_PRODUCTS,SYNTHETIC_INTERNAL,SNP-COOLIT-20260925-BL,SCN-BASELINE,STGH-013-2,OPP-0013,CLOSED_WON,PIPELINE,1,2300000,17,2025-07-05,2025-04-22T09:00:00-06:00,2025-05-17T17:00:00-06:00,,TECHNICAL_REVIEW
TEN-COOLIT-SYN-001,SITE-COOLIT-SYN-01,CRM,OPPORTUNITY_STAGE_HISTORY,STGH-013-3,OPP-0013,RESOLVED,2025-05-27T16:00:00-06:00,2026-09-26T08:00:00-06:00,2026-06-29T00:00:00-06:00,,3,STGH-013-2,false,ACTIVE,,USD,VALID,CURRENT,coolit-synthetic-v2.0.0,CUST-003,PRG-005,ALL_SYNTHETIC_PRODUCTS,SYNTHETIC_INTERNAL,SNP-COOLIT-20260925-BL,SCN-BASELINE,STGH-013-3,OPP-0013,CLOSED_LOST,BEST_CASE,0,2325000,20,2025-08-23,2025-05-27T09:00:00-06:00,2025-06-26T17:00:00-06:00,PRICE,COMMERCIAL_REVIEW
TEN-COOLIT-SYN-001,SITE-COOLIT-SYN-01,CRM,OPPORTUNITY_STAGE_HISTORY,STGH-013-4,OPP-0013,RESOLVED,2025-07-01T16:00:00-06:00,2026-09-26T08:00:00-06:00,2026-06-29T00:00:00-06:00,,4,STGH-013-3,false,ACTIVE,,USD,VALID,CURRENT,coolit-synthetic-v2.0.0,CUST-003,PRG-005,ALL_SYNTHETIC_PRODUCTS,SYNTHETIC_INTERNAL,SNP-COOLIT-20260925-BL,SCN-BASELINE,STGH-013-4,OPP-0013,ON_HOLD,BEST_CASE,0.25,2350000,23,2025-10-11,2025-07-01T09:00:00-06:00,2025-08-05T17:00:00-06:00,,FORECAST_CALL
TEN-COOLIT-SYN-001,SITE-COOLIT-SYN-01,CRM,OPPORTUNITY_STAGE_HISTORY,STGH-013-5,OPP-0013,RESOLVED,2025-08-05T16:00:00-06:00,2026-09-26T08:00:00-06:00,2026-06-29T00:00:00-06:00,,5,STGH-013-4,false,ACTIVE,,USD,VALID,CURRENT,coolit-synthetic-v2.0.0,CUST-003,PRG-005,ALL_SYNTHETIC_PRODUCTS,SYNTHETIC_INTERNAL,SNP-COOLIT-20260925-BL,SCN-BASELINE,STGH-013-5,OPP-0013,PROSPECTING,COMMIT,0.05,2375000,26,2025-10-04,2025-08-05T09:00:00-06:00,2025-09-14T17:00:00-06:00,,CUSTOMER_UPDATE
TEN-COOLIT-SYN-001,SITE-COOLIT-SYN-01,CRM,OPPORTUNITY_STAGE_HISTORY,STGH-013-6,OPP-0013,RESOLVED,2025-09-09T16:00:00-06:00,2026-09-26T08:00:00-06:00,2026-06-29T00:00:00-06:00,,6,STGH-013-5,false,ACTIVE,,USD,VALID,CURRENT,coolit-synthetic-v2.0.0,CUST-003,PRG-005,ALL_SYNTHETIC_PRODUCTS,SYNTHETIC_INTERNAL,SNP-COOLIT-20260925-BL,SCN-BASELINE,STGH-013-6,OPP-0013,QUALIFICATION,CLOSED,0.2,2400000,29,2025-11-22,2025-09-09T09:00:00-06:00,2025-09-29T17:00:00-06:00,,TECHNICAL_REVIEW
TEN-COOLIT-SYN-001,SITE-COOLIT-SYN-01,CRM,OPPORTUNITY_STAGE_HISTORY,STGH-013-7,OPP-0013,RESOLVED,2025-10-14T16:00:00-06:00,2026-09-26T08:00:00-06:00,2026-06-29T00:00:00-06:00,,7,STGH-013-6,false,ACTIVE,,USD,VALID,CURRENT,coolit-synthetic-v2.0.0,CUST-003,PRG-005,ALL_SYNTHETIC_PRODUCTS,SYNTHETIC_INTERNAL,SNP-COOLIT-20260925-BL,SCN-BASELINE,STGH-013-7,OPP-0013,SOLUTION_DESIGN,CLOSED,0.35,2425000,32,2026-01-10,2025-10-14T09:00:00-06:00,2025-11-08T17:00:00-06:00,,COMMERCIAL_REVIEW
TEN-COOLIT-SYN-001,SITE-COOLIT-SYN-01,CRM,OPPORTUNITY_STAGE_HISTORY,STGH-013-8,OPP-0013,RESOLVED,2025-11-18T16:00:00-06:00,2026-09-26T08:00:00-06:00,2026-06-29T00:00:00-06:00,,8,STGH-013-7,false,ACTIVE,,USD,VALID,CURRENT,coolit-synthetic-v2.0.0,CUST-003,PRG-005,ALL_SYNTHETIC_PRODUCTS,SYNTHETIC_INTERNAL,SNP-COOLIT-20260925-BL,SCN-BASELINE,STGH-013-8,OPP-0013,PROPOSAL,CLOSED,0.55,2450000,35,2026-02-28,2025-11-18T09:00:00-06:00,,,FORECAST_CALL
TEN-COOLIT-SYN-001,SITE-COOLIT-SYN-01,CRM,OPPORTUNITY_STAGE_HISTORY,STGH-014-1,OPP-0014,RESOLVED,2025-04-01T16:00:00-06:00,2026-09-26T08:00:00-06:00,2026-06-29T00:00:00-06:00,,1,,false,ACTIVE,,USD,VALID,CURRENT,coolit-synthetic-v2.0.0,CUST-004,PRG-006,ALL_SYNTHETIC_PRODUCTS,SYNTHETIC_INTERNAL,SNP-COOLIT-20260925-BL,SCN-BASELINE,STGH-014-1,OPP-0014,CLOSED_WON,PIPELINE,1,2450000,21,2025-05-31,2025-04-01T09:00:00-06:00,2025-04-21T17:00:00-06:00,,CUSTOMER_UPDATE
TEN-COOLIT-SYN-001,SITE-COOLIT-SYN-01,CRM,OPPORTUNITY_STAGE_HISTORY,STGH-014-2,OPP-0014,RESOLVED,2025-05-06T16:00:00-06:00,2026-09-26T08:00:00-06:00,2026-06-29T00:00:00-06:00,,2,STGH-014-1,false,ACTIVE,,USD,VALID,CURRENT,coolit-synthetic-v2.0.0,CUST-004,PRG-006,ALL_SYNTHETIC_PRODUCTS,SYNTHETIC_INTERNAL,SNP-COOLIT-20260925-BL,SCN-BASELINE,STGH-014-2,OPP-0014,CLOSED_LOST,PIPELINE,0,2475000,24,2025-07-19,2025-05-06T09:00:00-06:00,2025-05-31T17:00:00-06:00,TIMING,TECHNICAL_REVIEW
TEN-COOLIT-SYN-001,SITE-COOLIT-SYN-01,CRM,OPPORTUNITY_STAGE_HISTORY,STGH-014-3,OPP-0014,RESOLVED,2025-06-10T16:00:00-06:00,2026-09-26T08:00:00-06:00,2026-06-29T00:00:00-06:00,,3,STGH-014-2,false,ACTIVE,,USD,VALID,CURRENT,coolit-synthetic-v2.0.0,CUST-004,PRG-006,ALL_SYNTHETIC_PRODUCTS,SYNTHETIC_INTERNAL,SNP-COOLIT-20260925-BL,SCN-BASELINE,STGH-014-3,OPP-0014,ON_HOLD,BEST_CASE,0.25,2500000,27,2025-09-06,2025-06-10T09:00:00-06:00,2025-07-10T17:00:00-06:00,,COMMERCIAL_REVIEW
TEN-COOLIT-SYN-001,SITE-COOLIT-SYN-01,CRM,OPPORTUNITY_STAGE_HISTORY,STGH-014-4,OPP-0014,RESOLVED,2025-07-15T16:00:00-06:00,2026-09-26T08:00:00-06:00,2026-06-29T00:00:00-06:00,,4,STGH-014-3,false,ACTIVE,,USD,VALID,CURRENT,coolit-synthetic-v2.0.0,CUST-004,PRG-006,ALL_SYNTHETIC_PRODUCTS,SYNTHETIC_INTERNAL,SNP-COOLIT-20260925-BL,SCN-BASELINE,STGH-014-4,OPP-0014,PROSPECTING,BEST_CASE,0.05,2525000,30,2025-10-25,2025-07-15T09:00:00-06:00,2025-08-19T17:00:00-06:00,,FORECAST_CALL
TEN-COOLIT-SYN-001,SITE-COOLIT-SYN-01,CRM,OPPORTUNITY_STAGE_HISTORY,STGH-014-5,OPP-0014,RESOLVED,2025-08-19T16:00:00-06:00,2026-09-26T08:00:00-06:00,2026-06-29T00:00:00-06:00,,5,STGH-014-4,false,ACTIVE,,USD,VALID,CURRENT,coolit-synthetic-v2.0.0,CUST-004,PRG-006,ALL_SYNTHETIC_PRODUCTS,SYNTHETIC_INTERNAL,SNP-COOLIT-20260925-BL,SCN-BASELINE,STGH-014-5,OPP-0014,QUALIFICATION,COMMIT,0.2,2550000,33,2025-10-18,2025-08-19T09:00:00-06:00,2025-09-28T17:00:00-06:00,,CUSTOMER_UPDATE
TEN-COOLIT-SYN-001,SITE-COOLIT-SYN-01,CRM,OPPORTUNITY_STAGE_HISTORY,STGH-014-6,OPP-0014,RESOLVED,2025-09-23T16:00:00-06:00,2026-09-26T08:00:00-06:00,2026-06-29T00:00:00-06:00,,6,STGH-014-5,false,ACTIVE,,USD,VALID,CURRENT,coolit-synthetic-v2.0.0,CUST-004,PRG-006,ALL_SYNTHETIC_PRODUCTS,SYNTHETIC_INTERNAL,SNP-COOLIT-20260925-BL,SCN-BASELINE,STGH-014-6,OPP-0014,SOLUTION_DESIGN,CLOSED,0.35,2575000,36,2025-12-06,2025-09-23T09:00:00-06:00,2025-10-13T17:00:00-06:00,,TECHNICAL_REVIEW
TEN-COOLIT-SYN-001,SITE-COOLIT-SYN-01,CRM,OPPORTUNITY_STAGE_HISTORY,STGH-014-7,OPP-0014,RESOLVED,2025-10-28T16:00:00-06:00,2026-09-26T08:00:00-06:00,2026-06-29T00:00:00-06:00,,7,STGH-014-6,false,ACTIVE,,USD,VALID,CURRENT,coolit-synthetic-v2.0.0,CUST-004,PRG-006,ALL_SYNTHETIC_PRODUCTS,SYNTHETIC_INTERNAL,SNP-COOLIT-20260925-BL,SCN-BASELINE,STGH-014-7,OPP-0014,PROPOSAL,CLOSED,0.55,2600000,39,2026-01-24,2025-10-28T09:00:00-06:00,2025-11-22T17:00:00-06:00,,COMMERCIAL_REVIEW
TEN-COOLIT-SYN-001,SITE-COOLIT-SYN-01,CRM,OPPORTUNITY_STAGE_HISTORY,STGH-014-8,OPP-0014,RESOLVED,2025-12-02T16:00:00-06:00,2026-09-26T08:00:00-06:00,2026-06-29T00:00:00-06:00,,8,STGH-014-7,false,ACTIVE,,USD,VALID,CURRENT,coolit-synthetic-v2.0.0,CUST-004,PRG-006,ALL_SYNTHETIC_PRODUCTS,SYNTHETIC_INTERNAL,SNP-COOLIT-20260925-BL,SCN-BASELINE,STGH-014-8,OPP-0014,NEGOTIATION,CLOSED,0.75,2625000,42,2026-03-14,2025-12-02T09:00:00-06:00,,,FORECAST_CALL
TEN-COOLIT-SYN-001,SITE-COOLIT-SYN-01,CRM,OPPORTUNITY_STAGE_HISTORY,STGH-015-1,OPP-0015,RESOLVED,2025-04-15T16:00:00-06:00,2026-09-26T08:00:00-06:00,2026-06-29T00:00:00-06:00,,1,,false,ACTIVE,,USD,VALID,CURRENT,coolit-synthetic-v2.0.0,CUST-005,PRG-007,ALL_SYNTHETIC_PRODUCTS,SYNTHETIC_INTERNAL,SNP-COOLIT-20260925-BL,SCN-BASELINE,STGH-015-1,OPP-0015,CLOSED_LOST,PIPELINE,0,2625000,28,2025-06-14,2025-04-15T09:00:00-06:00,2025-05-05T17:00:00-06:00,TECHNICAL_FIT,CUSTOMER_UPDATE
TEN-COOLIT-SYN-001,SITE-COOLIT-SYN-01,CRM,OPPORTUNITY_STAGE_HISTORY,STGH-015-2,OPP-0015,RESOLVED,2025-05-20T16:00:00-06:00,2026-09-26T08:00:00-06:00,2026-06-29T00:00:00-06:00,,2,STGH-015-1,false,ACTIVE,,USD,VALID,CURRENT,coolit-synthetic-v2.0.0,CUST-005,PRG-007,ALL_SYNTHETIC_PRODUCTS,SYNTHETIC_INTERNAL,SNP-COOLIT-20260925-BL,SCN-BASELINE,STGH-015-2,OPP-0015,ON_HOLD,PIPELINE,0.25,2650000,31,2025-08-02,2025-05-20T09:00:00-06:00,2025-06-14T17:00:00-06:00,,TECHNICAL_REVIEW
TEN-COOLIT-SYN-001,SITE-COOLIT-SYN-01,CRM,OPPORTUNITY_STAGE_HISTORY,STGH-015-3,OPP-0015,RESOLVED,2025-06-24T16:00:00-06:00,2026-09-26T08:00:00-06:00,2026-06-29T00:00:00-06:00,,3,STGH-015-2,false,ACTIVE,,USD,VALID,CURRENT,coolit-synthetic-v2.0.0,CUST-005,PRG-007,ALL_SYNTHETIC_PRODUCTS,SYNTHETIC_INTERNAL,SNP-COOLIT-20260925-BL,SCN-BASELINE,STGH-015-3,OPP-0015,PROSPECTING,BEST_CASE,0.05,2675000,34,2025-09-20,2025-06-24T09:00:00-06:00,2025-07-24T17:00:00-06:00,,COMMERCIAL_REVIEW
TEN-COOLIT-SYN-001,SITE-COOLIT-SYN-01,CRM,OPPORTUNITY_STAGE_HISTORY,STGH-015-4,OPP-0015,RESOLVED,2025-07-29T16:00:00-06:00,2026-09-26T08:00:00-06:00,2026-06-29T00:00:00-06:00,,4,STGH-015-3,false,ACTIVE,,USD,VALID,CURRENT,coolit-synthetic-v2.0.0,CUST-005,PRG-007,ALL_SYNTHETIC_PRODUCTS,SYNTHETIC_INTERNAL,SNP-COOLIT-20260925-BL,SCN-BASELINE,STGH-015-4,OPP-0015,QUALIFICATION,BEST_CASE,0.2,2700000,37,2025-11-08,2025-07-29T09:00:00-06:00,2025-09-02T17:00:00-06:00,,FORECAST_CALL
TEN-COOLIT-SYN-001,SITE-COOLIT-SYN-01,CRM,OPPORTUNITY_STAGE_HISTORY,STGH-015-5,OPP-0015,RESOLVED,2025-09-02T16:00:00-06:00,2026-09-26T08:00:00-06:00,2026-06-29T00:00:00-06:00,,5,STGH-015-4,false,ACTIVE,,USD,VALID,CURRENT,coolit-synthetic-v2.0.0,CUST-005,PRG-007,ALL_SYNTHETIC_PRODUCTS,SYNTHETIC_INTERNAL,SNP-COOLIT-20260925-BL,SCN-BASELINE,STGH-015-5,OPP-0015,SOLUTION_DESIGN,COMMIT,0.35,2725000,40,2025-11-01,2025-09-02T09:00:00-06:00,2025-10-12T17:00:00-06:00,,CUSTOMER_UPDATE
TEN-COOLIT-SYN-001,SITE-COOLIT-SYN-01,CRM,OPPORTUNITY_STAGE_HISTORY,STGH-015-6,OPP-0015,RESOLVED,2025-10-07T16:00:00-06:00,2026-09-26T08:00:00-06:00,2026-06-29T00:00:00-06:00,,6,STGH-015-5,false,ACTIVE,,USD,VALID,CURRENT,coolit-synthetic-v2.0.0,CUST-005,PRG-007,ALL_SYNTHETIC_PRODUCTS,SYNTHETIC_INTERNAL,SNP-COOLIT-20260925-BL,SCN-BASELINE,STGH-015-6,OPP-0015,PROPOSAL,CLOSED,0.55,2750000,43,2025-12-20,2025-10-07T09:00:00-06:00,2025-10-27T17:00:00-06:00,,TECHNICAL_REVIEW
TEN-COOLIT-SYN-001,SITE-COOLIT-SYN-01,CRM,OPPORTUNITY_STAGE_HISTORY,STGH-015-7,OPP-0015,RESOLVED,2025-11-11T16:00:00-06:00,2026-09-26T08:00:00-06:00,2026-06-29T00:00:00-06:00,,7,STGH-015-6,false,ACTIVE,,USD,VALID,CURRENT,coolit-synthetic-v2.0.0,CUST-005,PRG-007,ALL_SYNTHETIC_PRODUCTS,SYNTHETIC_INTERNAL,SNP-COOLIT-20260925-BL,SCN-BASELINE,STGH-015-7,OPP-0015,NEGOTIATION,CLOSED,0.75,2775000,46,2026-02-07,2025-11-11T09:00:00-06:00,2025-12-06T17:00:00-06:00,,COMMERCIAL_REVIEW
TEN-COOLIT-SYN-001,SITE-COOLIT-SYN-01,CRM,OPPORTUNITY_STAGE_HISTORY,STGH-015-8,OPP-0015,RESOLVED,2025-12-16T16:00:00-06:00,2026-09-26T08:00:00-06:00,2026-06-29T00:00:00-06:00,,8,STGH-015-7,false,ACTIVE,,USD,VALID,CURRENT,coolit-synthetic-v2.0.0,CUST-005,PRG-007,ALL_SYNTHETIC_PRODUCTS,SYNTHETIC_INTERNAL,SNP-COOLIT-20260925-BL,SCN-BASELINE,STGH-015-8,OPP-0015,CLOSED_WON,CLOSED,1,2800000,49,2026-03-28,2025-12-16T09:00:00-06:00,,,FORECAST_CALL
