tenant_id,site_id,source_system,source_object,source_record_id,canonical_id,crosswalk_status,source_event_at,ingested_at,effective_from,effective_to,record_version,supersedes_source_record_id,is_deleted,semantic_status,uom,currency,data_quality_state,freshness_state,transformation_version,customer_scope,program_scope,product_scope,sensitivity_class,snapshot_id,scenario_id,price_book_entry_id,price_book_id,configuration_id,configuration_revision_id,price_version,list_price_usd,cost_basis_usd,minimum_margin_pct,target_margin_pct,effective_from_date,effective_to_date,approval_state
TEN-COOLIT-SYN-001,SITE-COOLIT-SYN-01,CRM,PRICE_BOOK_ENTRY,PBE-01-1,CFG-CPL-01,RESOLVED,2026-09-25T23:59:59-06:00,2026-09-26T08:00:00-06:00,2026-06-29T00:00:00-06:00,,1,,false,ACTIVE,,USD,VALID,CURRENT,coolit-synthetic-v2.0.0,ALL_SYNTHETIC_CUSTOMERS,ALL_SYNTHETIC_PROGRAMS,CFG-CPL-01,SYNTHETIC_INTERNAL,SNP-COOLIT-20260925-BL,SCN-BASELINE,PBE-01-1,PB-GLOBAL-USD,CFG-CPL-01,CFG-CPL-01-REV-A,1,6600,3696,0.28,0.36,2024-10-01,2025-03-29,APPROVED
TEN-COOLIT-SYN-001,SITE-COOLIT-SYN-01,CRM,PRICE_BOOK_ENTRY,PBE-01-2,CFG-CPL-01,RESOLVED,2026-09-25T23:59:59-06:00,2026-09-26T08:00:00-06:00,2026-06-29T00:00:00-06:00,,2,PBE-01-1,false,ACTIVE,,USD,VALID,CURRENT,coolit-synthetic-v2.0.0,ALL_SYNTHETIC_CUSTOMERS,ALL_SYNTHETIC_PROGRAMS,CFG-CPL-01,SYNTHETIC_INTERNAL,SNP-COOLIT-20260925-BL,SCN-BASELINE,PBE-01-2,PB-GLOBAL-USD,CFG-CPL-01,CFG-CPL-01-REV-A,2,6725,3766,0.28,0.36,2025-03-30,2025-09-25,APPROVED
TEN-COOLIT-SYN-001,SITE-COOLIT-SYN-01,CRM,PRICE_BOOK_ENTRY,PBE-01-3,CFG-CPL-01,RESOLVED,2026-09-25T23:59:59-06:00,2026-09-26T08:00:00-06:00,2026-06-29T00:00:00-06:00,,3,PBE-01-2,false,ACTIVE,,USD,VALID,CURRENT,coolit-synthetic-v2.0.0,ALL_SYNTHETIC_CUSTOMERS,ALL_SYNTHETIC_PROGRAMS,CFG-CPL-01,SYNTHETIC_INTERNAL,SNP-COOLIT-20260925-BL,SCN-BASELINE,PBE-01-3,PB-GLOBAL-USD,CFG-CPL-01,CFG-CPL-01-REV-A,3,6850,3836,0.28,0.36,2025-09-26,2026-03-24,APPROVED
TEN-COOLIT-SYN-001,SITE-COOLIT-SYN-01,CRM,PRICE_BOOK_ENTRY,PBE-01-4,CFG-CPL-01,RESOLVED,2026-09-25T23:59:59-06:00,2026-09-26T08:00:00-06:00,2026-06-29T00:00:00-06:00,,4,PBE-01-3,false,ACTIVE,,USD,VALID,CURRENT,coolit-synthetic-v2.0.0,ALL_SYNTHETIC_CUSTOMERS,ALL_SYNTHETIC_PROGRAMS,CFG-CPL-01,SYNTHETIC_INTERNAL,SNP-COOLIT-20260925-BL,SCN-BASELINE,PBE-01-4,PB-GLOBAL-USD,CFG-CPL-01,CFG-CPL-01-REV-A,4,6975,3906,0.28,0.36,2026-03-25,,APPROVED
TEN-COOLIT-SYN-001,SITE-COOLIT-SYN-01,CRM,PRICE_BOOK_ENTRY,PBE-02-1,CFG-CPL-02,RESOLVED,2026-09-25T23:59:59-06:00,2026-09-26T08:00:00-06:00,2026-06-29T00:00:00-06:00,,1,,false,ACTIVE,,USD,VALID,CURRENT,coolit-synthetic-v2.0.0,ALL_SYNTHETIC_CUSTOMERS,ALL_SYNTHETIC_PROGRAMS,CFG-CPL-02,SYNTHETIC_INTERNAL,SNP-COOLIT-20260925-BL,SCN-BASELINE,PBE-02-1,PB-GLOBAL-USD,CFG-CPL-02,CFG-CPL-02-REV-A,1,8000,4720,0.28,0.36,2024-10-01,2025-03-29,APPROVED
TEN-COOLIT-SYN-001,SITE-COOLIT-SYN-01,CRM,PRICE_BOOK_ENTRY,PBE-02-2,CFG-CPL-02,RESOLVED,2026-09-25T23:59:59-06:00,2026-09-26T08:00:00-06:00,2026-06-29T00:00:00-06:00,,2,PBE-02-1,false,ACTIVE,,USD,VALID,CURRENT,coolit-synthetic-v2.0.0,ALL_SYNTHETIC_CUSTOMERS,ALL_SYNTHETIC_PROGRAMS,CFG-CPL-02,SYNTHETIC_INTERNAL,SNP-COOLIT-20260925-BL,SCN-BASELINE,PBE-02-2,PB-GLOBAL-USD,CFG-CPL-02,CFG-CPL-02-REV-A,2,8125,4793.75,0.28,0.36,2025-03-30,2025-09-25,APPROVED
TEN-COOLIT-SYN-001,SITE-COOLIT-SYN-01,CRM,PRICE_BOOK_ENTRY,PBE-02-3,CFG-CPL-02,RESOLVED,2026-09-25T23:59:59-06:00,2026-09-26T08:00:00-06:00,2026-06-29T00:00:00-06:00,,3,PBE-02-2,false,ACTIVE,,USD,VALID,CURRENT,coolit-synthetic-v2.0.0,ALL_SYNTHETIC_CUSTOMERS,ALL_SYNTHETIC_PROGRAMS,CFG-CPL-02,SYNTHETIC_INTERNAL,SNP-COOLIT-20260925-BL,SCN-BASELINE,PBE-02-3,PB-GLOBAL-USD,CFG-CPL-02,CFG-CPL-02-REV-A,3,8250,4867.5,0.28,0.36,2025-09-26,2026-03-24,APPROVED
TEN-COOLIT-SYN-001,SITE-COOLIT-SYN-01,CRM,PRICE_BOOK_ENTRY,PBE-02-4,CFG-CPL-02,RESOLVED,2026-09-25T23:59:59-06:00,2026-09-26T08:00:00-06:00,2026-06-29T00:00:00-06:00,,4,PBE-02-3,false,ACTIVE,,USD,VALID,CURRENT,coolit-synthetic-v2.0.0,ALL_SYNTHETIC_CUSTOMERS,ALL_SYNTHETIC_PROGRAMS,CFG-CPL-02,SYNTHETIC_INTERNAL,SNP-COOLIT-20260925-BL,SCN-BASELINE,PBE-02-4,PB-GLOBAL-USD,CFG-CPL-02,CFG-CPL-02-REV-A,4,8375,4941.25,0.28,0.36,2026-03-25,,APPROVED
TEN-COOLIT-SYN-001,SITE-COOLIT-SYN-01,CRM,PRICE_BOOK_ENTRY,PBE-03-1,CFG-CPL-03,RESOLVED,2026-09-25T23:59:59-06:00,2026-09-26T08:00:00-06:00,2026-06-29T00:00:00-06:00,,1,,false,ACTIVE,,USD,VALID,CURRENT,coolit-synthetic-v2.0.0,ALL_SYNTHETIC_CUSTOMERS,ALL_SYNTHETIC_PROGRAMS,CFG-CPL-03,SYNTHETIC_INTERNAL,SNP-COOLIT-20260925-BL,SCN-BASELINE,PBE-03-1,PB-GLOBAL-USD,CFG-CPL-03,CFG-CPL-03-REV-A,1,9400,5828,0.28,0.36,2024-10-01,2025-03-29,APPROVED
TEN-COOLIT-SYN-001,SITE-COOLIT-SYN-01,CRM,PRICE_BOOK_ENTRY,PBE-03-2,CFG-CPL-03,RESOLVED,2026-09-25T23:59:59-06:00,2026-09-26T08:00:00-06:00,2026-06-29T00:00:00-06:00,,2,PBE-03-1,false,ACTIVE,,USD,VALID,CURRENT,coolit-synthetic-v2.0.0,ALL_SYNTHETIC_CUSTOMERS,ALL_SYNTHETIC_PROGRAMS,CFG-CPL-03,SYNTHETIC_INTERNAL,SNP-COOLIT-20260925-BL,SCN-BASELINE,PBE-03-2,PB-GLOBAL-USD,CFG-CPL-03,CFG-CPL-03-REV-A,2,9525,5905.5,0.28,0.36,2025-03-30,2025-09-25,APPROVED
TEN-COOLIT-SYN-001,SITE-COOLIT-SYN-01,CRM,PRICE_BOOK_ENTRY,PBE-03-3,CFG-CPL-03,RESOLVED,2026-09-25T23:59:59-06:00,2026-09-26T08:00:00-06:00,2026-06-29T00:00:00-06:00,,3,PBE-03-2,false,ACTIVE,,USD,VALID,CURRENT,coolit-synthetic-v2.0.0,ALL_SYNTHETIC_CUSTOMERS,ALL_SYNTHETIC_PROGRAMS,CFG-CPL-03,SYNTHETIC_INTERNAL,SNP-COOLIT-20260925-BL,SCN-BASELINE,PBE-03-3,PB-GLOBAL-USD,CFG-CPL-03,CFG-CPL-03-REV-A,3,9650,5983,0.28,0.36,2025-09-26,2026-03-24,APPROVED
TEN-COOLIT-SYN-001,SITE-COOLIT-SYN-01,CRM,PRICE_BOOK_ENTRY,PBE-03-4,CFG-CPL-03,RESOLVED,2026-09-25T23:59:59-06:00,2026-09-26T08:00:00-06:00,2026-06-29T00:00:00-06:00,,4,PBE-03-3,false,ACTIVE,,USD,VALID,CURRENT,coolit-synthetic-v2.0.0,ALL_SYNTHETIC_CUSTOMERS,ALL_SYNTHETIC_PROGRAMS,CFG-CPL-03,SYNTHETIC_INTERNAL,SNP-COOLIT-20260925-BL,SCN-BASELINE,PBE-03-4,PB-GLOBAL-USD,CFG-CPL-03,CFG-CPL-03-REV-A,4,9775,6060.5,0.28,0.36,2026-03-25,,APPROVED
TEN-COOLIT-SYN-001,SITE-COOLIT-SYN-01,CRM,PRICE_BOOK_ENTRY,PBE-04-1,CFG-CPL-04,RESOLVED,2026-09-25T23:59:59-06:00,2026-09-26T08:00:00-06:00,2026-06-29T00:00:00-06:00,,1,,false,ACTIVE,,USD,VALID,CURRENT,coolit-synthetic-v2.0.0,ALL_SYNTHETIC_CUSTOMERS,ALL_SYNTHETIC_PROGRAMS,CFG-CPL-04,SYNTHETIC_INTERNAL,SNP-COOLIT-20260925-BL,SCN-BASELINE,PBE-04-1,PB-GLOBAL-USD,CFG-CPL-04,CFG-CPL-04-REV-A,1,10800,6048,0.28,0.36,2024-10-01,2025-03-29,APPROVED
TEN-COOLIT-SYN-001,SITE-COOLIT-SYN-01,CRM,PRICE_BOOK_ENTRY,PBE-04-2,CFG-CPL-04,RESOLVED,2026-09-25T23:59:59-06:00,2026-09-26T08:00:00-06:00,2026-06-29T00:00:00-06:00,,2,PBE-04-1,false,ACTIVE,,USD,VALID,CURRENT,coolit-synthetic-v2.0.0,ALL_SYNTHETIC_CUSTOMERS,ALL_SYNTHETIC_PROGRAMS,CFG-CPL-04,SYNTHETIC_INTERNAL,SNP-COOLIT-20260925-BL,SCN-BASELINE,PBE-04-2,PB-GLOBAL-USD,CFG-CPL-04,CFG-CPL-04-REV-A,2,10925,6118,0.28,0.36,2025-03-30,2025-09-25,APPROVED
TEN-COOLIT-SYN-001,SITE-COOLIT-SYN-01,CRM,PRICE_BOOK_ENTRY,PBE-04-3,CFG-CPL-04,RESOLVED,2026-09-25T23:59:59-06:00,2026-09-26T08:00:00-06:00,2026-06-29T00:00:00-06:00,,3,PBE-04-2,false,ACTIVE,,USD,VALID,CURRENT,coolit-synthetic-v2.0.0,ALL_SYNTHETIC_CUSTOMERS,ALL_SYNTHETIC_PROGRAMS,CFG-CPL-04,SYNTHETIC_INTERNAL,SNP-COOLIT-20260925-BL,SCN-BASELINE,PBE-04-3,PB-GLOBAL-USD,CFG-CPL-04,CFG-CPL-04-REV-A,3,11050,6188,0.28,0.36,2025-09-26,2026-03-24,APPROVED
TEN-COOLIT-SYN-001,SITE-COOLIT-SYN-01,CRM,PRICE_BOOK_ENTRY,PBE-04-4,CFG-CPL-04,RESOLVED,2026-09-25T23:59:59-06:00,2026-09-26T08:00:00-06:00,2026-06-29T00:00:00-06:00,,4,PBE-04-3,false,ACTIVE,,USD,VALID,CURRENT,coolit-synthetic-v2.0.0,ALL_SYNTHETIC_CUSTOMERS,ALL_SYNTHETIC_PROGRAMS,CFG-CPL-04,SYNTHETIC_INTERNAL,SNP-COOLIT-20260925-BL,SCN-BASELINE,PBE-04-4,PB-GLOBAL-USD,CFG-CPL-04,CFG-CPL-04-REV-A,4,11175,6258,0.28,0.36,2026-03-25,,APPROVED
TEN-COOLIT-SYN-001,SITE-COOLIT-SYN-01,CRM,PRICE_BOOK_ENTRY,PBE-05-1,CFG-RM-01,RESOLVED,2026-09-25T23:59:59-06:00,2026-09-26T08:00:00-06:00,2026-06-29T00:00:00-06:00,,1,,false,ACTIVE,,USD,VALID,CURRENT,coolit-synthetic-v2.0.0,ALL_SYNTHETIC_CUSTOMERS,ALL_SYNTHETIC_PROGRAMS,CFG-RM-01,SYNTHETIC_INTERNAL,SNP-COOLIT-20260925-BL,SCN-BASELINE,PBE-05-1,PB-GLOBAL-USD,CFG-RM-01,CFG-RM-01-REV-A,1,6600,3894,0.28,0.36,2024-10-01,2025-03-29,APPROVED
TEN-COOLIT-SYN-001,SITE-COOLIT-SYN-01,CRM,PRICE_BOOK_ENTRY,PBE-05-2,CFG-RM-01,RESOLVED,2026-09-25T23:59:59-06:00,2026-09-26T08:00:00-06:00,2026-06-29T00:00:00-06:00,,2,PBE-05-1,false,ACTIVE,,USD,VALID,CURRENT,coolit-synthetic-v2.0.0,ALL_SYNTHETIC_CUSTOMERS,ALL_SYNTHETIC_PROGRAMS,CFG-RM-01,SYNTHETIC_INTERNAL,SNP-COOLIT-20260925-BL,SCN-BASELINE,PBE-05-2,PB-GLOBAL-USD,CFG-RM-01,CFG-RM-01-REV-A,2,6725,3967.75,0.28,0.36,2025-03-30,2025-09-25,APPROVED
TEN-COOLIT-SYN-001,SITE-COOLIT-SYN-01,CRM,PRICE_BOOK_ENTRY,PBE-05-3,CFG-RM-01,RESOLVED,2026-09-25T23:59:59-06:00,2026-09-26T08:00:00-06:00,2026-06-29T00:00:00-06:00,,3,PBE-05-2,false,ACTIVE,,USD,VALID,CURRENT,coolit-synthetic-v2.0.0,ALL_SYNTHETIC_CUSTOMERS,ALL_SYNTHETIC_PROGRAMS,CFG-RM-01,SYNTHETIC_INTERNAL,SNP-COOLIT-20260925-BL,SCN-BASELINE,PBE-05-3,PB-GLOBAL-USD,CFG-RM-01,CFG-RM-01-REV-A,3,6850,4041.5,0.28,0.36,2025-09-26,2026-03-24,APPROVED
TEN-COOLIT-SYN-001,SITE-COOLIT-SYN-01,CRM,PRICE_BOOK_ENTRY,PBE-05-4,CFG-RM-01,RESOLVED,2026-09-25T23:59:59-06:00,2026-09-26T08:00:00-06:00,2026-06-29T00:00:00-06:00,,4,PBE-05-3,false,ACTIVE,,USD,VALID,CURRENT,coolit-synthetic-v2.0.0,ALL_SYNTHETIC_CUSTOMERS,ALL_SYNTHETIC_PROGRAMS,CFG-RM-01,SYNTHETIC_INTERNAL,SNP-COOLIT-20260925-BL,SCN-BASELINE,PBE-05-4,PB-GLOBAL-USD,CFG-RM-01,CFG-RM-01-REV-A,4,6975,4115.25,0.28,0.36,2026-03-25,,APPROVED
TEN-COOLIT-SYN-001,SITE-COOLIT-SYN-01,CRM,PRICE_BOOK_ENTRY,PBE-06-1,CFG-RM-02,RESOLVED,2026-09-25T23:59:59-06:00,2026-09-26T08:00:00-06:00,2026-06-29T00:00:00-06:00,,1,,false,ACTIVE,,USD,VALID,CURRENT,coolit-synthetic-v2.0.0,ALL_SYNTHETIC_CUSTOMERS,ALL_SYNTHETIC_PROGRAMS,CFG-RM-02,SYNTHETIC_INTERNAL,SNP-COOLIT-20260925-BL,SCN-BASELINE,PBE-06-1,PB-GLOBAL-USD,CFG-RM-02,CFG-RM-02-REV-A,1,8000,4960,0.28,0.36,2024-10-01,2025-03-29,APPROVED
TEN-COOLIT-SYN-001,SITE-COOLIT-SYN-01,CRM,PRICE_BOOK_ENTRY,PBE-06-2,CFG-RM-02,RESOLVED,2026-09-25T23:59:59-06:00,2026-09-26T08:00:00-06:00,2026-06-29T00:00:00-06:00,,2,PBE-06-1,false,ACTIVE,,USD,VALID,CURRENT,coolit-synthetic-v2.0.0,ALL_SYNTHETIC_CUSTOMERS,ALL_SYNTHETIC_PROGRAMS,CFG-RM-02,SYNTHETIC_INTERNAL,SNP-COOLIT-20260925-BL,SCN-BASELINE,PBE-06-2,PB-GLOBAL-USD,CFG-RM-02,CFG-RM-02-REV-A,2,8125,5037.5,0.28,0.36,2025-03-30,2025-09-25,APPROVED
TEN-COOLIT-SYN-001,SITE-COOLIT-SYN-01,CRM,PRICE_BOOK_ENTRY,PBE-06-3,CFG-RM-02,RESOLVED,2026-09-25T23:59:59-06:00,2026-09-26T08:00:00-06:00,2026-06-29T00:00:00-06:00,,3,PBE-06-2,false,ACTIVE,,USD,VALID,CURRENT,coolit-synthetic-v2.0.0,ALL_SYNTHETIC_CUSTOMERS,ALL_SYNTHETIC_PROGRAMS,CFG-RM-02,SYNTHETIC_INTERNAL,SNP-COOLIT-20260925-BL,SCN-BASELINE,PBE-06-3,PB-GLOBAL-USD,CFG-RM-02,CFG-RM-02-REV-A,3,8250,5115,0.28,0.36,2025-09-26,2026-03-24,APPROVED
TEN-COOLIT-SYN-001,SITE-COOLIT-SYN-01,CRM,PRICE_BOOK_ENTRY,PBE-06-4,CFG-RM-02,RESOLVED,2026-09-25T23:59:59-06:00,2026-09-26T08:00:00-06:00,2026-06-29T00:00:00-06:00,,4,PBE-06-3,false,ACTIVE,,USD,VALID,CURRENT,coolit-synthetic-v2.0.0,ALL_SYNTHETIC_CUSTOMERS,ALL_SYNTHETIC_PROGRAMS,CFG-RM-02,SYNTHETIC_INTERNAL,SNP-COOLIT-20260925-BL,SCN-BASELINE,PBE-06-4,PB-GLOBAL-USD,CFG-RM-02,CFG-RM-02-REV-A,4,8375,5192.5,0.28,0.36,2026-03-25,,APPROVED
TEN-COOLIT-SYN-001,SITE-COOLIT-SYN-01,CRM,PRICE_BOOK_ENTRY,PBE-07-1,CFG-RM-03,RESOLVED,2026-09-25T23:59:59-06:00,2026-09-26T08:00:00-06:00,2026-06-29T00:00:00-06:00,,1,,false,ACTIVE,,USD,VALID,CURRENT,coolit-synthetic-v2.0.0,ALL_SYNTHETIC_CUSTOMERS,ALL_SYNTHETIC_PROGRAMS,CFG-RM-03,SYNTHETIC_INTERNAL,SNP-COOLIT-20260925-BL,SCN-BASELINE,PBE-07-1,PB-GLOBAL-USD,CFG-RM-03,CFG-RM-03-REV-A,1,9400,5264,0.28,0.36,2024-10-01,2025-03-29,APPROVED
TEN-COOLIT-SYN-001,SITE-COOLIT-SYN-01,CRM,PRICE_BOOK_ENTRY,PBE-07-2,CFG-RM-03,RESOLVED,2026-09-25T23:59:59-06:00,2026-09-26T08:00:00-06:00,2026-06-29T00:00:00-06:00,,2,PBE-07-1,false,ACTIVE,,USD,VALID,CURRENT,coolit-synthetic-v2.0.0,ALL_SYNTHETIC_CUSTOMERS,ALL_SYNTHETIC_PROGRAMS,CFG-RM-03,SYNTHETIC_INTERNAL,SNP-COOLIT-20260925-BL,SCN-BASELINE,PBE-07-2,PB-GLOBAL-USD,CFG-RM-03,CFG-RM-03-REV-A,2,9525,5334,0.28,0.36,2025-03-30,2025-09-25,APPROVED
TEN-COOLIT-SYN-001,SITE-COOLIT-SYN-01,CRM,PRICE_BOOK_ENTRY,PBE-07-3,CFG-RM-03,RESOLVED,2026-09-25T23:59:59-06:00,2026-09-26T08:00:00-06:00,2026-06-29T00:00:00-06:00,,3,PBE-07-2,false,ACTIVE,,USD,VALID,CURRENT,coolit-synthetic-v2.0.0,ALL_SYNTHETIC_CUSTOMERS,ALL_SYNTHETIC_PROGRAMS,CFG-RM-03,SYNTHETIC_INTERNAL,SNP-COOLIT-20260925-BL,SCN-BASELINE,PBE-07-3,PB-GLOBAL-USD,CFG-RM-03,CFG-RM-03-REV-A,3,9650,5404,0.28,0.36,2025-09-26,2026-03-24,APPROVED
TEN-COOLIT-SYN-001,SITE-COOLIT-SYN-01,CRM,PRICE_BOOK_ENTRY,PBE-07-4,CFG-RM-03,RESOLVED,2026-09-25T23:59:59-06:00,2026-09-26T08:00:00-06:00,2026-06-29T00:00:00-06:00,,4,PBE-07-3,false,ACTIVE,,USD,VALID,CURRENT,coolit-synthetic-v2.0.0,ALL_SYNTHETIC_CUSTOMERS,ALL_SYNTHETIC_PROGRAMS,CFG-RM-03,SYNTHETIC_INTERNAL,SNP-COOLIT-20260925-BL,SCN-BASELINE,PBE-07-4,PB-GLOBAL-USD,CFG-RM-03,CFG-RM-03-REV-A,4,9775,5474,0.28,0.36,2026-03-25,,APPROVED
TEN-COOLIT-SYN-001,SITE-COOLIT-SYN-01,CRM,PRICE_BOOK_ENTRY,PBE-08-1,CFG-RM-04,RESOLVED,2026-09-25T23:59:59-06:00,2026-09-26T08:00:00-06:00,2026-06-29T00:00:00-06:00,,1,,false,ACTIVE,,USD,VALID,CURRENT,coolit-synthetic-v2.0.0,ALL_SYNTHETIC_CUSTOMERS,ALL_SYNTHETIC_PROGRAMS,CFG-RM-04,SYNTHETIC_INTERNAL,SNP-COOLIT-20260925-BL,SCN-BASELINE,PBE-08-1,PB-GLOBAL-USD,CFG-RM-04,CFG-RM-04-REV-A,1,10800,6372,0.28,0.36,2024-10-01,2025-03-29,APPROVED
TEN-COOLIT-SYN-001,SITE-COOLIT-SYN-01,CRM,PRICE_BOOK_ENTRY,PBE-08-2,CFG-RM-04,RESOLVED,2026-09-25T23:59:59-06:00,2026-09-26T08:00:00-06:00,2026-06-29T00:00:00-06:00,,2,PBE-08-1,false,ACTIVE,,USD,VALID,CURRENT,coolit-synthetic-v2.0.0,ALL_SYNTHETIC_CUSTOMERS,ALL_SYNTHETIC_PROGRAMS,CFG-RM-04,SYNTHETIC_INTERNAL,SNP-COOLIT-20260925-BL,SCN-BASELINE,PBE-08-2,PB-GLOBAL-USD,CFG-RM-04,CFG-RM-04-REV-A,2,10925,6445.75,0.28,0.36,2025-03-30,2025-09-25,APPROVED
TEN-COOLIT-SYN-001,SITE-COOLIT-SYN-01,CRM,PRICE_BOOK_ENTRY,PBE-08-3,CFG-RM-04,RESOLVED,2026-09-25T23:59:59-06:00,2026-09-26T08:00:00-06:00,2026-06-29T00:00:00-06:00,,3,PBE-08-2,false,ACTIVE,,USD,VALID,CURRENT,coolit-synthetic-v2.0.0,ALL_SYNTHETIC_CUSTOMERS,ALL_SYNTHETIC_PROGRAMS,CFG-RM-04,SYNTHETIC_INTERNAL,SNP-COOLIT-20260925-BL,SCN-BASELINE,PBE-08-3,PB-GLOBAL-USD,CFG-RM-04,CFG-RM-04-REV-A,3,11050,6519.5,0.28,0.36,2025-09-26,2026-03-24,APPROVED
TEN-COOLIT-SYN-001,SITE-COOLIT-SYN-01,CRM,PRICE_BOOK_ENTRY,PBE-08-4,CFG-RM-04,RESOLVED,2026-09-25T23:59:59-06:00,2026-09-26T08:00:00-06:00,2026-06-29T00:00:00-06:00,,4,PBE-08-3,false,ACTIVE,,USD,VALID,CURRENT,coolit-synthetic-v2.0.0,ALL_SYNTHETIC_CUSTOMERS,ALL_SYNTHETIC_PROGRAMS,CFG-RM-04,SYNTHETIC_INTERNAL,SNP-COOLIT-20260925-BL,SCN-BASELINE,PBE-08-4,PB-GLOBAL-USD,CFG-RM-04,CFG-RM-04-REV-A,4,11175,6593.25,0.28,0.36,2026-03-25,,APPROVED
TEN-COOLIT-SYN-001,SITE-COOLIT-SYN-01,CRM,PRICE_BOOK_ENTRY,PBE-09-1,CFG-CDU-01,RESOLVED,2026-09-25T23:59:59-06:00,2026-09-26T08:00:00-06:00,2026-06-29T00:00:00-06:00,,1,,false,ACTIVE,,USD,VALID,CURRENT,coolit-synthetic-v2.0.0,ALL_SYNTHETIC_CUSTOMERS,ALL_SYNTHETIC_PROGRAMS,CFG-CDU-01,SYNTHETIC_INTERNAL,SNP-COOLIT-20260925-BL,SCN-BASELINE,PBE-09-1,PB-GLOBAL-USD,CFG-CDU-01,CFG-CDU-01-REV-A,1,92000,57040,0.28,0.36,2024-10-01,2025-03-29,APPROVED
TEN-COOLIT-SYN-001,SITE-COOLIT-SYN-01,CRM,PRICE_BOOK_ENTRY,PBE-09-2,CFG-CDU-01,RESOLVED,2026-09-25T23:59:59-06:00,2026-09-26T08:00:00-06:00,2026-06-29T00:00:00-06:00,,2,PBE-09-1,false,ACTIVE,,USD,VALID,CURRENT,coolit-synthetic-v2.0.0,ALL_SYNTHETIC_CUSTOMERS,ALL_SYNTHETIC_PROGRAMS,CFG-CDU-01,SYNTHETIC_INTERNAL,SNP-COOLIT-20260925-BL,SCN-BASELINE,PBE-09-2,PB-GLOBAL-USD,CFG-CDU-01,CFG-CDU-01-REV-A,2,93500,57970,0.28,0.36,2025-03-30,2025-09-25,APPROVED
TEN-COOLIT-SYN-001,SITE-COOLIT-SYN-01,CRM,PRICE_BOOK_ENTRY,PBE-09-3,CFG-CDU-01,RESOLVED,2026-09-25T23:59:59-06:00,2026-09-26T08:00:00-06:00,2026-06-29T00:00:00-06:00,,3,PBE-09-2,false,ACTIVE,,USD,VALID,CURRENT,coolit-synthetic-v2.0.0,ALL_SYNTHETIC_CUSTOMERS,ALL_SYNTHETIC_PROGRAMS,CFG-CDU-01,SYNTHETIC_INTERNAL,SNP-COOLIT-20260925-BL,SCN-BASELINE,PBE-09-3,PB-GLOBAL-USD,CFG-CDU-01,CFG-CDU-01-REV-A,3,95000,58900,0.28,0.36,2025-09-26,2026-03-24,APPROVED
TEN-COOLIT-SYN-001,SITE-COOLIT-SYN-01,CRM,PRICE_BOOK_ENTRY,PBE-09-4,CFG-CDU-01,RESOLVED,2026-09-25T23:59:59-06:00,2026-09-26T08:00:00-06:00,2026-06-29T00:00:00-06:00,,4,PBE-09-3,false,ACTIVE,,USD,VALID,CURRENT,coolit-synthetic-v2.0.0,ALL_SYNTHETIC_CUSTOMERS,ALL_SYNTHETIC_PROGRAMS,CFG-CDU-01,SYNTHETIC_INTERNAL,SNP-COOLIT-20260925-BL,SCN-BASELINE,PBE-09-4,PB-GLOBAL-USD,CFG-CDU-01,CFG-CDU-01-REV-A,4,96500,59830,0.28,0.36,2026-03-25,,APPROVED
TEN-COOLIT-SYN-001,SITE-COOLIT-SYN-01,CRM,PRICE_BOOK_ENTRY,PBE-10-1,CFG-CDU-02,RESOLVED,2026-09-25T23:59:59-06:00,2026-09-26T08:00:00-06:00,2026-06-29T00:00:00-06:00,,1,,false,ACTIVE,,USD,VALID,CURRENT,coolit-synthetic-v2.0.0,ALL_SYNTHETIC_CUSTOMERS,ALL_SYNTHETIC_PROGRAMS,CFG-CDU-02,SYNTHETIC_INTERNAL,SNP-COOLIT-20260925-BL,SCN-BASELINE,PBE-10-1,PB-GLOBAL-USD,CFG-CDU-02,CFG-CDU-02-REV-A,1,104000,58240,0.28,0.36,2024-10-01,2025-03-29,APPROVED
TEN-COOLIT-SYN-001,SITE-COOLIT-SYN-01,CRM,PRICE_BOOK_ENTRY,PBE-10-2,CFG-CDU-02,RESOLVED,2026-09-25T23:59:59-06:00,2026-09-26T08:00:00-06:00,2026-06-29T00:00:00-06:00,,2,PBE-10-1,false,ACTIVE,,USD,VALID,CURRENT,coolit-synthetic-v2.0.0,ALL_SYNTHETIC_CUSTOMERS,ALL_SYNTHETIC_PROGRAMS,CFG-CDU-02,SYNTHETIC_INTERNAL,SNP-COOLIT-20260925-BL,SCN-BASELINE,PBE-10-2,PB-GLOBAL-USD,CFG-CDU-02,CFG-CDU-02-REV-A,2,105500,59080,0.28,0.36,2025-03-30,2025-09-25,APPROVED
TEN-COOLIT-SYN-001,SITE-COOLIT-SYN-01,CRM,PRICE_BOOK_ENTRY,PBE-10-3,CFG-CDU-02,RESOLVED,2026-09-25T23:59:59-06:00,2026-09-26T08:00:00-06:00,2026-06-29T00:00:00-06:00,,3,PBE-10-2,false,ACTIVE,,USD,VALID,CURRENT,coolit-synthetic-v2.0.0,ALL_SYNTHETIC_CUSTOMERS,ALL_SYNTHETIC_PROGRAMS,CFG-CDU-02,SYNTHETIC_INTERNAL,SNP-COOLIT-20260925-BL,SCN-BASELINE,PBE-10-3,PB-GLOBAL-USD,CFG-CDU-02,CFG-CDU-02-REV-A,3,107000,59920,0.28,0.36,2025-09-26,2026-03-24,APPROVED
TEN-COOLIT-SYN-001,SITE-COOLIT-SYN-01,CRM,PRICE_BOOK_ENTRY,PBE-10-4,CFG-CDU-02,RESOLVED,2026-09-25T23:59:59-06:00,2026-09-26T08:00:00-06:00,2026-06-29T00:00:00-06:00,,4,PBE-10-3,false,ACTIVE,,USD,VALID,CURRENT,coolit-synthetic-v2.0.0,ALL_SYNTHETIC_CUSTOMERS,ALL_SYNTHETIC_PROGRAMS,CFG-CDU-02,SYNTHETIC_INTERNAL,SNP-COOLIT-20260925-BL,SCN-BASELINE,PBE-10-4,PB-GLOBAL-USD,CFG-CDU-02,CFG-CDU-02-REV-A,4,108500,60760,0.28,0.36,2026-03-25,,APPROVED
TEN-COOLIT-SYN-001,SITE-COOLIT-SYN-01,CRM,PRICE_BOOK_ENTRY,PBE-11-1,CFG-CDU-03,RESOLVED,2026-09-25T23:59:59-06:00,2026-09-26T08:00:00-06:00,2026-06-29T00:00:00-06:00,,1,,false,ACTIVE,,USD,VALID,CURRENT,coolit-synthetic-v2.0.0,ALL_SYNTHETIC_CUSTOMERS,ALL_SYNTHETIC_PROGRAMS,CFG-CDU-03,SYNTHETIC_INTERNAL,SNP-COOLIT-20260925-BL,SCN-BASELINE,PBE-11-1,PB-GLOBAL-USD,CFG-CDU-03,CFG-CDU-03-REV-A,1,116000,68440,0.28,0.36,2024-10-01,2025-03-29,APPROVED
TEN-COOLIT-SYN-001,SITE-COOLIT-SYN-01,CRM,PRICE_BOOK_ENTRY,PBE-11-2,CFG-CDU-03,RESOLVED,2026-09-25T23:59:59-06:00,2026-09-26T08:00:00-06:00,2026-06-29T00:00:00-06:00,,2,PBE-11-1,false,ACTIVE,,USD,VALID,CURRENT,coolit-synthetic-v2.0.0,ALL_SYNTHETIC_CUSTOMERS,ALL_SYNTHETIC_PROGRAMS,CFG-CDU-03,SYNTHETIC_INTERNAL,SNP-COOLIT-20260925-BL,SCN-BASELINE,PBE-11-2,PB-GLOBAL-USD,CFG-CDU-03,CFG-CDU-03-REV-A,2,117500,69325,0.28,0.36,2025-03-30,2025-09-25,APPROVED
TEN-COOLIT-SYN-001,SITE-COOLIT-SYN-01,CRM,PRICE_BOOK_ENTRY,PBE-11-3,CFG-CDU-03,RESOLVED,2026-09-25T23:59:59-06:00,2026-09-26T08:00:00-06:00,2026-06-29T00:00:00-06:00,,3,PBE-11-2,false,ACTIVE,,USD,VALID,CURRENT,coolit-synthetic-v2.0.0,ALL_SYNTHETIC_CUSTOMERS,ALL_SYNTHETIC_PROGRAMS,CFG-CDU-03,SYNTHETIC_INTERNAL,SNP-COOLIT-20260925-BL,SCN-BASELINE,PBE-11-3,PB-GLOBAL-USD,CFG-CDU-03,CFG-CDU-03-REV-A,3,119000,70210,0.28,0.36,2025-09-26,2026-03-24,APPROVED
TEN-COOLIT-SYN-001,SITE-COOLIT-SYN-01,CRM,PRICE_BOOK_ENTRY,PBE-11-4,CFG-CDU-03,RESOLVED,2026-09-25T23:59:59-06:00,2026-09-26T08:00:00-06:00,2026-06-29T00:00:00-06:00,,4,PBE-11-3,false,ACTIVE,,USD,VALID,CURRENT,coolit-synthetic-v2.0.0,ALL_SYNTHETIC_CUSTOMERS,ALL_SYNTHETIC_PROGRAMS,CFG-CDU-03,SYNTHETIC_INTERNAL,SNP-COOLIT-20260925-BL,SCN-BASELINE,PBE-11-4,PB-GLOBAL-USD,CFG-CDU-03,CFG-CDU-03-REV-A,4,120500,71095,0.28,0.36,2026-03-25,,APPROVED
TEN-COOLIT-SYN-001,SITE-COOLIT-SYN-01,CRM,PRICE_BOOK_ENTRY,PBE-12-1,CFG-CDU-04,RESOLVED,2026-09-25T23:59:59-06:00,2026-09-26T08:00:00-06:00,2026-06-29T00:00:00-06:00,,1,,false,ACTIVE,,USD,VALID,CURRENT,coolit-synthetic-v2.0.0,ALL_SYNTHETIC_CUSTOMERS,ALL_SYNTHETIC_PROGRAMS,CFG-CDU-04,SYNTHETIC_INTERNAL,SNP-COOLIT-20260925-BL,SCN-BASELINE,PBE-12-1,PB-GLOBAL-USD,CFG-CDU-04,CFG-CDU-04-REV-A,1,128000,79360,0.28,0.36,2024-10-01,2025-03-29,APPROVED
TEN-COOLIT-SYN-001,SITE-COOLIT-SYN-01,CRM,PRICE_BOOK_ENTRY,PBE-12-2,CFG-CDU-04,RESOLVED,2026-09-25T23:59:59-06:00,2026-09-26T08:00:00-06:00,2026-06-29T00:00:00-06:00,,2,PBE-12-1,false,ACTIVE,,USD,VALID,CURRENT,coolit-synthetic-v2.0.0,ALL_SYNTHETIC_CUSTOMERS,ALL_SYNTHETIC_PROGRAMS,CFG-CDU-04,SYNTHETIC_INTERNAL,SNP-COOLIT-20260925-BL,SCN-BASELINE,PBE-12-2,PB-GLOBAL-USD,CFG-CDU-04,CFG-CDU-04-REV-A,2,129500,80290,0.28,0.36,2025-03-30,2025-09-25,APPROVED
TEN-COOLIT-SYN-001,SITE-COOLIT-SYN-01,CRM,PRICE_BOOK_ENTRY,PBE-12-3,CFG-CDU-04,RESOLVED,2026-09-25T23:59:59-06:00,2026-09-26T08:00:00-06:00,2026-06-29T00:00:00-06:00,,3,PBE-12-2,false,ACTIVE,,USD,VALID,CURRENT,coolit-synthetic-v2.0.0,ALL_SYNTHETIC_CUSTOMERS,ALL_SYNTHETIC_PROGRAMS,CFG-CDU-04,SYNTHETIC_INTERNAL,SNP-COOLIT-20260925-BL,SCN-BASELINE,PBE-12-3,PB-GLOBAL-USD,CFG-CDU-04,CFG-CDU-04-REV-A,3,131000,81220,0.28,0.36,2025-09-26,2026-03-24,APPROVED
TEN-COOLIT-SYN-001,SITE-COOLIT-SYN-01,CRM,PRICE_BOOK_ENTRY,PBE-12-4,CFG-CDU-04,RESOLVED,2026-09-25T23:59:59-06:00,2026-09-26T08:00:00-06:00,2026-06-29T00:00:00-06:00,,4,PBE-12-3,false,ACTIVE,,USD,VALID,CURRENT,coolit-synthetic-v2.0.0,ALL_SYNTHETIC_CUSTOMERS,ALL_SYNTHETIC_PROGRAMS,CFG-CDU-04,SYNTHETIC_INTERNAL,SNP-COOLIT-20260925-BL,SCN-BASELINE,PBE-12-4,PB-GLOBAL-USD,CFG-CDU-04,CFG-CDU-04-REV-A,4,132500,82150,0.28,0.36,2026-03-25,,APPROVED
