tenant_id,site_id,source_system,source_object,source_record_id,canonical_id,crosswalk_status,source_event_at,ingested_at,effective_from,effective_to,record_version,supersedes_source_record_id,is_deleted,semantic_status,uom,currency,data_quality_state,freshness_state,transformation_version,customer_scope,program_scope,product_scope,sensitivity_class,snapshot_id,scenario_id,field_lineage_id,field_mapping_id,canonical_entity,canonical_field,source_system_name,source_object_name,source_field_name,transformation_expression,intermediate_field,rule_version,code_commit,run_id,evidence_cutoff_at,reproducibility_state
TEN-COOLIT-SYN-001,SITE-COOLIT-SYN-01,ANALYTICS,FIELD_LINEAGE,LIN-0001,commitment.business_key,RESOLVED,2026-09-25T23:59:59-06:00,2026-09-26T08:00:00-06:00,2026-06-29T00:00:00-06:00,,1,,false,ACTIVE,,,VALID,CURRENT,coolit-synthetic-v2.0.0,ALL_SYNTHETIC_CUSTOMERS,ALL_SYNTHETIC_PROGRAMS,ALL_SYNTHETIC_PRODUCTS,SYNTHETIC_INTERNAL,SNP-COOLIT-20260925-BL,SCN-BASELINE,LIN-0001,FMAP-01-01,commitment,business_key,ERP,SALES_ORDER_SCHEDULE,business_key_SOURCE_FIELD_TO_CONFIRM,DIRECT_OR_CODE_MAP,stage_commitment_business_key,coolit-v2-rules-1.0.0,1ecca7155e3d,RUN-LINEAGE-001,2026-09-25T23:59:59-06:00,REPRODUCIBLE_SYNTHETIC
TEN-COOLIT-SYN-001,SITE-COOLIT-SYN-01,ANALYTICS,FIELD_LINEAGE,LIN-0002,commitment.status,RESOLVED,2026-09-25T23:59:59-06:00,2026-09-26T08:00:00-06:00,2026-06-29T00:00:00-06:00,,1,,false,ACTIVE,,,VALID,CURRENT,coolit-synthetic-v2.0.0,ALL_SYNTHETIC_CUSTOMERS,ALL_SYNTHETIC_PROGRAMS,ALL_SYNTHETIC_PRODUCTS,SYNTHETIC_INTERNAL,SNP-COOLIT-20260925-BL,SCN-BASELINE,LIN-0002,FMAP-01-02,commitment,status,ERP,SALES_ORDER_SCHEDULE,status_SOURCE_FIELD_TO_CONFIRM,DIRECT_OR_CODE_MAP,stage_commitment_status,coolit-v2-rules-1.0.0,4122535520a0,RUN-LINEAGE-001,2026-09-25T23:59:59-06:00,REPRODUCIBLE_SYNTHETIC
TEN-COOLIT-SYN-001,SITE-COOLIT-SYN-01,ANALYTICS,FIELD_LINEAGE,LIN-0003,commitment.quantity,RESOLVED,2026-09-25T23:59:59-06:00,2026-09-26T08:00:00-06:00,2026-06-29T00:00:00-06:00,,1,,false,ACTIVE,,,VALID,CURRENT,coolit-synthetic-v2.0.0,ALL_SYNTHETIC_CUSTOMERS,ALL_SYNTHETIC_PROGRAMS,ALL_SYNTHETIC_PRODUCTS,SYNTHETIC_INTERNAL,SNP-COOLIT-20260925-BL,SCN-BASELINE,LIN-0003,FMAP-01-03,commitment,quantity,ERP,SALES_ORDER_SCHEDULE,quantity_SOURCE_FIELD_TO_CONFIRM,NORMALIZE_UOM_AND_DECIMAL,stage_commitment_quantity,coolit-v2-rules-1.0.0,9a40530fd2c5,RUN-LINEAGE-001,2026-09-25T23:59:59-06:00,REPRODUCIBLE_SYNTHETIC
TEN-COOLIT-SYN-001,SITE-COOLIT-SYN-01,ANALYTICS,FIELD_LINEAGE,LIN-0004,commitment.uom,RESOLVED,2026-09-25T23:59:59-06:00,2026-09-26T08:00:00-06:00,2026-06-29T00:00:00-06:00,,1,,false,ACTIVE,,,VALID,CURRENT,coolit-synthetic-v2.0.0,ALL_SYNTHETIC_CUSTOMERS,ALL_SYNTHETIC_PROGRAMS,ALL_SYNTHETIC_PRODUCTS,SYNTHETIC_INTERNAL,SNP-COOLIT-20260925-BL,SCN-BASELINE,LIN-0004,FMAP-01-04,commitment,uom,ERP,SALES_ORDER_SCHEDULE,uom_SOURCE_FIELD_TO_CONFIRM,DIRECT_OR_CODE_MAP,stage_commitment_uom,coolit-v2-rules-1.0.0,81ee34085d0f,RUN-LINEAGE-001,2026-09-25T23:59:59-06:00,REPRODUCIBLE_SYNTHETIC
TEN-COOLIT-SYN-001,SITE-COOLIT-SYN-01,ANALYTICS,FIELD_LINEAGE,LIN-0005,commitment.requested_date,RESOLVED,2026-09-25T23:59:59-06:00,2026-09-26T08:00:00-06:00,2026-06-29T00:00:00-06:00,,1,,false,ACTIVE,,,VALID,CURRENT,coolit-synthetic-v2.0.0,ALL_SYNTHETIC_CUSTOMERS,ALL_SYNTHETIC_PROGRAMS,ALL_SYNTHETIC_PRODUCTS,SYNTHETIC_INTERNAL,SNP-COOLIT-20260925-BL,SCN-BASELINE,LIN-0005,FMAP-01-05,commitment,requested_date,ERP,SALES_ORDER_SCHEDULE,requested_date_SOURCE_FIELD_TO_CONFIRM,NORMALIZE_TO_ISO8601,stage_commitment_requested_date,coolit-v2-rules-1.0.0,91cd7a1c8195,RUN-LINEAGE-001,2026-09-25T23:59:59-06:00,REPRODUCIBLE_SYNTHETIC
TEN-COOLIT-SYN-001,SITE-COOLIT-SYN-01,ANALYTICS,FIELD_LINEAGE,LIN-0006,commitment.committed_date,RESOLVED,2026-09-25T23:59:59-06:00,2026-09-26T08:00:00-06:00,2026-06-29T00:00:00-06:00,,1,,false,ACTIVE,,,VALID,CURRENT,coolit-synthetic-v2.0.0,ALL_SYNTHETIC_CUSTOMERS,ALL_SYNTHETIC_PROGRAMS,ALL_SYNTHETIC_PRODUCTS,SYNTHETIC_INTERNAL,SNP-COOLIT-20260925-BL,SCN-BASELINE,LIN-0006,FMAP-01-06,commitment,committed_date,ERP,SALES_ORDER_SCHEDULE,committed_date_SOURCE_FIELD_TO_CONFIRM,NORMALIZE_TO_ISO8601,stage_commitment_committed_date,coolit-v2-rules-1.0.0,5c5dd734c4f1,RUN-LINEAGE-001,2026-09-25T23:59:59-06:00,REPRODUCIBLE_SYNTHETIC
TEN-COOLIT-SYN-001,SITE-COOLIT-SYN-01,ANALYTICS,FIELD_LINEAGE,LIN-0007,commitment.effective_from,RESOLVED,2026-09-25T23:59:59-06:00,2026-09-26T08:00:00-06:00,2026-06-29T00:00:00-06:00,,1,,false,ACTIVE,,,VALID,CURRENT,coolit-synthetic-v2.0.0,ALL_SYNTHETIC_CUSTOMERS,ALL_SYNTHETIC_PROGRAMS,ALL_SYNTHETIC_PRODUCTS,SYNTHETIC_INTERNAL,SNP-COOLIT-20260925-BL,SCN-BASELINE,LIN-0007,FMAP-01-07,commitment,effective_from,ERP,SALES_ORDER_SCHEDULE,effective_from_SOURCE_FIELD_TO_CONFIRM,NORMALIZE_TO_ISO8601,stage_commitment_effective_from,coolit-v2-rules-1.0.0,4e32f7c505d1,RUN-LINEAGE-001,2026-09-25T23:59:59-06:00,REPRODUCIBLE_SYNTHETIC
TEN-COOLIT-SYN-001,SITE-COOLIT-SYN-01,ANALYTICS,FIELD_LINEAGE,LIN-0008,commitment.effective_to,RESOLVED,2026-09-25T23:59:59-06:00,2026-09-26T08:00:00-06:00,2026-06-29T00:00:00-06:00,,1,,false,ACTIVE,,,VALID,CURRENT,coolit-synthetic-v2.0.0,ALL_SYNTHETIC_CUSTOMERS,ALL_SYNTHETIC_PROGRAMS,ALL_SYNTHETIC_PRODUCTS,SYNTHETIC_INTERNAL,SNP-COOLIT-20260925-BL,SCN-BASELINE,LIN-0008,FMAP-01-08,commitment,effective_to,ERP,SALES_ORDER_SCHEDULE,effective_to_SOURCE_FIELD_TO_CONFIRM,NORMALIZE_TO_ISO8601,stage_commitment_effective_to,coolit-v2-rules-1.0.0,c3e4b59b6382,RUN-LINEAGE-001,2026-09-25T23:59:59-06:00,REPRODUCIBLE_SYNTHETIC
TEN-COOLIT-SYN-001,SITE-COOLIT-SYN-01,ANALYTICS,FIELD_LINEAGE,LIN-0009,commitment.owner,RESOLVED,2026-09-25T23:59:59-06:00,2026-09-26T08:00:00-06:00,2026-06-29T00:00:00-06:00,,1,,false,ACTIVE,,,VALID,CURRENT,coolit-synthetic-v2.0.0,ALL_SYNTHETIC_CUSTOMERS,ALL_SYNTHETIC_PROGRAMS,ALL_SYNTHETIC_PRODUCTS,SYNTHETIC_INTERNAL,SNP-COOLIT-20260925-BL,SCN-BASELINE,LIN-0009,FMAP-01-09,commitment,owner,ERP,SALES_ORDER_SCHEDULE,owner_SOURCE_FIELD_TO_CONFIRM,DIRECT_OR_CODE_MAP,stage_commitment_owner,coolit-v2-rules-1.0.0,2b682273e1f4,RUN-LINEAGE-001,2026-09-25T23:59:59-06:00,REPRODUCIBLE_SYNTHETIC
TEN-COOLIT-SYN-001,SITE-COOLIT-SYN-01,ANALYTICS,FIELD_LINEAGE,LIN-0010,commitment.last_changed_at,RESOLVED,2026-09-25T23:59:59-06:00,2026-09-26T08:00:00-06:00,2026-06-29T00:00:00-06:00,,1,,false,ACTIVE,,,VALID,CURRENT,coolit-synthetic-v2.0.0,ALL_SYNTHETIC_CUSTOMERS,ALL_SYNTHETIC_PROGRAMS,ALL_SYNTHETIC_PRODUCTS,SYNTHETIC_INTERNAL,SNP-COOLIT-20260925-BL,SCN-BASELINE,LIN-0010,FMAP-01-10,commitment,last_changed_at,ERP,SALES_ORDER_SCHEDULE,last_changed_at_SOURCE_FIELD_TO_CONFIRM,DIRECT_OR_CODE_MAP,stage_commitment_last_changed_at,coolit-v2-rules-1.0.0,8a6045fa197d,RUN-LINEAGE-001,2026-09-25T23:59:59-06:00,REPRODUCIBLE_SYNTHETIC
TEN-COOLIT-SYN-001,SITE-COOLIT-SYN-01,ANALYTICS,FIELD_LINEAGE,LIN-0011,inventory.business_key,RESOLVED,2026-09-25T23:59:59-06:00,2026-09-26T08:00:00-06:00,2026-06-29T00:00:00-06:00,,1,,false,ACTIVE,,,VALID,CURRENT,coolit-synthetic-v2.0.0,ALL_SYNTHETIC_CUSTOMERS,ALL_SYNTHETIC_PROGRAMS,ALL_SYNTHETIC_PRODUCTS,SYNTHETIC_INTERNAL,SNP-COOLIT-20260925-BL,SCN-BASELINE,LIN-0011,FMAP-02-01,inventory,business_key,ERP,INVENTORY_STATE,business_key_SOURCE_FIELD_TO_CONFIRM,DIRECT_OR_CODE_MAP,stage_inventory_business_key,coolit-v2-rules-1.0.0,ec7ba4c59d7f,RUN-LINEAGE-001,2026-09-25T23:59:59-06:00,REPRODUCIBLE_SYNTHETIC
TEN-COOLIT-SYN-001,SITE-COOLIT-SYN-01,ANALYTICS,FIELD_LINEAGE,LIN-0012,inventory.status,RESOLVED,2026-09-25T23:59:59-06:00,2026-09-26T08:00:00-06:00,2026-06-29T00:00:00-06:00,,1,,false,ACTIVE,,,VALID,CURRENT,coolit-synthetic-v2.0.0,ALL_SYNTHETIC_CUSTOMERS,ALL_SYNTHETIC_PROGRAMS,ALL_SYNTHETIC_PRODUCTS,SYNTHETIC_INTERNAL,SNP-COOLIT-20260925-BL,SCN-BASELINE,LIN-0012,FMAP-02-02,inventory,status,ERP,INVENTORY_STATE,status_SOURCE_FIELD_TO_CONFIRM,DIRECT_OR_CODE_MAP,stage_inventory_status,coolit-v2-rules-1.0.0,1d8d63f7ded2,RUN-LINEAGE-001,2026-09-25T23:59:59-06:00,REPRODUCIBLE_SYNTHETIC
TEN-COOLIT-SYN-001,SITE-COOLIT-SYN-01,ANALYTICS,FIELD_LINEAGE,LIN-0013,inventory.quantity,RESOLVED,2026-09-25T23:59:59-06:00,2026-09-26T08:00:00-06:00,2026-06-29T00:00:00-06:00,,1,,false,ACTIVE,,,VALID,CURRENT,coolit-synthetic-v2.0.0,ALL_SYNTHETIC_CUSTOMERS,ALL_SYNTHETIC_PROGRAMS,ALL_SYNTHETIC_PRODUCTS,SYNTHETIC_INTERNAL,SNP-COOLIT-20260925-BL,SCN-BASELINE,LIN-0013,FMAP-02-03,inventory,quantity,ERP,INVENTORY_STATE,quantity_SOURCE_FIELD_TO_CONFIRM,NORMALIZE_UOM_AND_DECIMAL,stage_inventory_quantity,coolit-v2-rules-1.0.0,22bc00a6276a,RUN-LINEAGE-001,2026-09-25T23:59:59-06:00,REPRODUCIBLE_SYNTHETIC
TEN-COOLIT-SYN-001,SITE-COOLIT-SYN-01,ANALYTICS,FIELD_LINEAGE,LIN-0014,inventory.uom,RESOLVED,2026-09-25T23:59:59-06:00,2026-09-26T08:00:00-06:00,2026-06-29T00:00:00-06:00,,1,,false,ACTIVE,,,VALID,CURRENT,coolit-synthetic-v2.0.0,ALL_SYNTHETIC_CUSTOMERS,ALL_SYNTHETIC_PROGRAMS,ALL_SYNTHETIC_PRODUCTS,SYNTHETIC_INTERNAL,SNP-COOLIT-20260925-BL,SCN-BASELINE,LIN-0014,FMAP-02-04,inventory,uom,ERP,INVENTORY_STATE,uom_SOURCE_FIELD_TO_CONFIRM,DIRECT_OR_CODE_MAP,stage_inventory_uom,coolit-v2-rules-1.0.0,d4fe2959aa3d,RUN-LINEAGE-001,2026-09-25T23:59:59-06:00,REPRODUCIBLE_SYNTHETIC
TEN-COOLIT-SYN-001,SITE-COOLIT-SYN-01,ANALYTICS,FIELD_LINEAGE,LIN-0015,inventory.requested_date,RESOLVED,2026-09-25T23:59:59-06:00,2026-09-26T08:00:00-06:00,2026-06-29T00:00:00-06:00,,1,,false,ACTIVE,,,VALID,CURRENT,coolit-synthetic-v2.0.0,ALL_SYNTHETIC_CUSTOMERS,ALL_SYNTHETIC_PROGRAMS,ALL_SYNTHETIC_PRODUCTS,SYNTHETIC_INTERNAL,SNP-COOLIT-20260925-BL,SCN-BASELINE,LIN-0015,FMAP-02-05,inventory,requested_date,ERP,INVENTORY_STATE,requested_date_SOURCE_FIELD_TO_CONFIRM,NORMALIZE_TO_ISO8601,stage_inventory_requested_date,coolit-v2-rules-1.0.0,d685c3e520e6,RUN-LINEAGE-001,2026-09-25T23:59:59-06:00,REPRODUCIBLE_SYNTHETIC
TEN-COOLIT-SYN-001,SITE-COOLIT-SYN-01,ANALYTICS,FIELD_LINEAGE,LIN-0016,inventory.committed_date,RESOLVED,2026-09-25T23:59:59-06:00,2026-09-26T08:00:00-06:00,2026-06-29T00:00:00-06:00,,1,,false,ACTIVE,,,VALID,CURRENT,coolit-synthetic-v2.0.0,ALL_SYNTHETIC_CUSTOMERS,ALL_SYNTHETIC_PROGRAMS,ALL_SYNTHETIC_PRODUCTS,SYNTHETIC_INTERNAL,SNP-COOLIT-20260925-BL,SCN-BASELINE,LIN-0016,FMAP-02-06,inventory,committed_date,ERP,INVENTORY_STATE,committed_date_SOURCE_FIELD_TO_CONFIRM,NORMALIZE_TO_ISO8601,stage_inventory_committed_date,coolit-v2-rules-1.0.0,ad8f416ce736,RUN-LINEAGE-001,2026-09-25T23:59:59-06:00,REPRODUCIBLE_SYNTHETIC
TEN-COOLIT-SYN-001,SITE-COOLIT-SYN-01,ANALYTICS,FIELD_LINEAGE,LIN-0017,inventory.effective_from,RESOLVED,2026-09-25T23:59:59-06:00,2026-09-26T08:00:00-06:00,2026-06-29T00:00:00-06:00,,1,,false,ACTIVE,,,VALID,CURRENT,coolit-synthetic-v2.0.0,ALL_SYNTHETIC_CUSTOMERS,ALL_SYNTHETIC_PROGRAMS,ALL_SYNTHETIC_PRODUCTS,SYNTHETIC_INTERNAL,SNP-COOLIT-20260925-BL,SCN-BASELINE,LIN-0017,FMAP-02-07,inventory,effective_from,ERP,INVENTORY_STATE,effective_from_SOURCE_FIELD_TO_CONFIRM,NORMALIZE_TO_ISO8601,stage_inventory_effective_from,coolit-v2-rules-1.0.0,96d176f8f039,RUN-LINEAGE-001,2026-09-25T23:59:59-06:00,REPRODUCIBLE_SYNTHETIC
TEN-COOLIT-SYN-001,SITE-COOLIT-SYN-01,ANALYTICS,FIELD_LINEAGE,LIN-0018,inventory.effective_to,RESOLVED,2026-09-25T23:59:59-06:00,2026-09-26T08:00:00-06:00,2026-06-29T00:00:00-06:00,,1,,false,ACTIVE,,,VALID,CURRENT,coolit-synthetic-v2.0.0,ALL_SYNTHETIC_CUSTOMERS,ALL_SYNTHETIC_PROGRAMS,ALL_SYNTHETIC_PRODUCTS,SYNTHETIC_INTERNAL,SNP-COOLIT-20260925-BL,SCN-BASELINE,LIN-0018,FMAP-02-08,inventory,effective_to,ERP,INVENTORY_STATE,effective_to_SOURCE_FIELD_TO_CONFIRM,NORMALIZE_TO_ISO8601,stage_inventory_effective_to,coolit-v2-rules-1.0.0,fed0faaff967,RUN-LINEAGE-001,2026-09-25T23:59:59-06:00,REPRODUCIBLE_SYNTHETIC
TEN-COOLIT-SYN-001,SITE-COOLIT-SYN-01,ANALYTICS,FIELD_LINEAGE,LIN-0019,inventory.owner,RESOLVED,2026-09-25T23:59:59-06:00,2026-09-26T08:00:00-06:00,2026-06-29T00:00:00-06:00,,1,,false,ACTIVE,,,VALID,CURRENT,coolit-synthetic-v2.0.0,ALL_SYNTHETIC_CUSTOMERS,ALL_SYNTHETIC_PROGRAMS,ALL_SYNTHETIC_PRODUCTS,SYNTHETIC_INTERNAL,SNP-COOLIT-20260925-BL,SCN-BASELINE,LIN-0019,FMAP-02-09,inventory,owner,ERP,INVENTORY_STATE,owner_SOURCE_FIELD_TO_CONFIRM,DIRECT_OR_CODE_MAP,stage_inventory_owner,coolit-v2-rules-1.0.0,9e174e9738f6,RUN-LINEAGE-001,2026-09-25T23:59:59-06:00,REPRODUCIBLE_SYNTHETIC
TEN-COOLIT-SYN-001,SITE-COOLIT-SYN-01,ANALYTICS,FIELD_LINEAGE,LIN-0020,inventory.last_changed_at,RESOLVED,2026-09-25T23:59:59-06:00,2026-09-26T08:00:00-06:00,2026-06-29T00:00:00-06:00,,1,,false,ACTIVE,,,VALID,CURRENT,coolit-synthetic-v2.0.0,ALL_SYNTHETIC_CUSTOMERS,ALL_SYNTHETIC_PROGRAMS,ALL_SYNTHETIC_PRODUCTS,SYNTHETIC_INTERNAL,SNP-COOLIT-20260925-BL,SCN-BASELINE,LIN-0020,FMAP-02-10,inventory,last_changed_at,ERP,INVENTORY_STATE,last_changed_at_SOURCE_FIELD_TO_CONFIRM,DIRECT_OR_CODE_MAP,stage_inventory_last_changed_at,coolit-v2-rules-1.0.0,9d831bc60a0c,RUN-LINEAGE-001,2026-09-25T23:59:59-06:00,REPRODUCIBLE_SYNTHETIC
TEN-COOLIT-SYN-001,SITE-COOLIT-SYN-01,ANALYTICS,FIELD_LINEAGE,LIN-0021,supplier_commitment.business_key,RESOLVED,2026-09-25T23:59:59-06:00,2026-09-26T08:00:00-06:00,2026-06-29T00:00:00-06:00,,1,,false,ACTIVE,,,VALID,CURRENT,coolit-synthetic-v2.0.0,ALL_SYNTHETIC_CUSTOMERS,ALL_SYNTHETIC_PROGRAMS,ALL_SYNTHETIC_PRODUCTS,SYNTHETIC_INTERNAL,SNP-COOLIT-20260925-BL,SCN-BASELINE,LIN-0021,FMAP-03-01,supplier_commitment,business_key,ERP,PURCHASE_ORDER_SCHEDULE,business_key_SOURCE_FIELD_TO_CONFIRM,DIRECT_OR_CODE_MAP,stage_supplier_commitment_business_key,coolit-v2-rules-1.0.0,6649d813cc2a,RUN-LINEAGE-002,2026-09-25T23:59:59-06:00,REPRODUCIBLE_SYNTHETIC
TEN-COOLIT-SYN-001,SITE-COOLIT-SYN-01,ANALYTICS,FIELD_LINEAGE,LIN-0022,supplier_commitment.status,RESOLVED,2026-09-25T23:59:59-06:00,2026-09-26T08:00:00-06:00,2026-06-29T00:00:00-06:00,,1,,false,ACTIVE,,,VALID,CURRENT,coolit-synthetic-v2.0.0,ALL_SYNTHETIC_CUSTOMERS,ALL_SYNTHETIC_PROGRAMS,ALL_SYNTHETIC_PRODUCTS,SYNTHETIC_INTERNAL,SNP-COOLIT-20260925-BL,SCN-BASELINE,LIN-0022,FMAP-03-02,supplier_commitment,status,ERP,PURCHASE_ORDER_SCHEDULE,status_SOURCE_FIELD_TO_CONFIRM,DIRECT_OR_CODE_MAP,stage_supplier_commitment_status,coolit-v2-rules-1.0.0,d7218d5bf98e,RUN-LINEAGE-002,2026-09-25T23:59:59-06:00,REPRODUCIBLE_SYNTHETIC
TEN-COOLIT-SYN-001,SITE-COOLIT-SYN-01,ANALYTICS,FIELD_LINEAGE,LIN-0023,supplier_commitment.quantity,RESOLVED,2026-09-25T23:59:59-06:00,2026-09-26T08:00:00-06:00,2026-06-29T00:00:00-06:00,,1,,false,ACTIVE,,,VALID,CURRENT,coolit-synthetic-v2.0.0,ALL_SYNTHETIC_CUSTOMERS,ALL_SYNTHETIC_PROGRAMS,ALL_SYNTHETIC_PRODUCTS,SYNTHETIC_INTERNAL,SNP-COOLIT-20260925-BL,SCN-BASELINE,LIN-0023,FMAP-03-03,supplier_commitment,quantity,ERP,PURCHASE_ORDER_SCHEDULE,quantity_SOURCE_FIELD_TO_CONFIRM,NORMALIZE_UOM_AND_DECIMAL,stage_supplier_commitment_quantity,coolit-v2-rules-1.0.0,1205d27086ca,RUN-LINEAGE-002,2026-09-25T23:59:59-06:00,REPRODUCIBLE_SYNTHETIC
TEN-COOLIT-SYN-001,SITE-COOLIT-SYN-01,ANALYTICS,FIELD_LINEAGE,LIN-0024,supplier_commitment.uom,RESOLVED,2026-09-25T23:59:59-06:00,2026-09-26T08:00:00-06:00,2026-06-29T00:00:00-06:00,,1,,false,ACTIVE,,,VALID,CURRENT,coolit-synthetic-v2.0.0,ALL_SYNTHETIC_CUSTOMERS,ALL_SYNTHETIC_PROGRAMS,ALL_SYNTHETIC_PRODUCTS,SYNTHETIC_INTERNAL,SNP-COOLIT-20260925-BL,SCN-BASELINE,LIN-0024,FMAP-03-04,supplier_commitment,uom,ERP,PURCHASE_ORDER_SCHEDULE,uom_SOURCE_FIELD_TO_CONFIRM,DIRECT_OR_CODE_MAP,stage_supplier_commitment_uom,coolit-v2-rules-1.0.0,dcac92ec26bb,RUN-LINEAGE-002,2026-09-25T23:59:59-06:00,REPRODUCIBLE_SYNTHETIC
TEN-COOLIT-SYN-001,SITE-COOLIT-SYN-01,ANALYTICS,FIELD_LINEAGE,LIN-0025,supplier_commitment.requested_date,RESOLVED,2026-09-25T23:59:59-06:00,2026-09-26T08:00:00-06:00,2026-06-29T00:00:00-06:00,,1,,false,ACTIVE,,,VALID,CURRENT,coolit-synthetic-v2.0.0,ALL_SYNTHETIC_CUSTOMERS,ALL_SYNTHETIC_PROGRAMS,ALL_SYNTHETIC_PRODUCTS,SYNTHETIC_INTERNAL,SNP-COOLIT-20260925-BL,SCN-BASELINE,LIN-0025,FMAP-03-05,supplier_commitment,requested_date,ERP,PURCHASE_ORDER_SCHEDULE,requested_date_SOURCE_FIELD_TO_CONFIRM,NORMALIZE_TO_ISO8601,stage_supplier_commitment_requested_date,coolit-v2-rules-1.0.0,cd4d0332abc3,RUN-LINEAGE-002,2026-09-25T23:59:59-06:00,REPRODUCIBLE_SYNTHETIC
TEN-COOLIT-SYN-001,SITE-COOLIT-SYN-01,ANALYTICS,FIELD_LINEAGE,LIN-0026,supplier_commitment.committed_date,RESOLVED,2026-09-25T23:59:59-06:00,2026-09-26T08:00:00-06:00,2026-06-29T00:00:00-06:00,,1,,false,ACTIVE,,,VALID,CURRENT,coolit-synthetic-v2.0.0,ALL_SYNTHETIC_CUSTOMERS,ALL_SYNTHETIC_PROGRAMS,ALL_SYNTHETIC_PRODUCTS,SYNTHETIC_INTERNAL,SNP-COOLIT-20260925-BL,SCN-BASELINE,LIN-0026,FMAP-03-06,supplier_commitment,committed_date,ERP,PURCHASE_ORDER_SCHEDULE,committed_date_SOURCE_FIELD_TO_CONFIRM,NORMALIZE_TO_ISO8601,stage_supplier_commitment_committed_date,coolit-v2-rules-1.0.0,122d439137d0,RUN-LINEAGE-002,2026-09-25T23:59:59-06:00,REPRODUCIBLE_SYNTHETIC
TEN-COOLIT-SYN-001,SITE-COOLIT-SYN-01,ANALYTICS,FIELD_LINEAGE,LIN-0027,supplier_commitment.effective_from,RESOLVED,2026-09-25T23:59:59-06:00,2026-09-26T08:00:00-06:00,2026-06-29T00:00:00-06:00,,1,,false,ACTIVE,,,VALID,CURRENT,coolit-synthetic-v2.0.0,ALL_SYNTHETIC_CUSTOMERS,ALL_SYNTHETIC_PROGRAMS,ALL_SYNTHETIC_PRODUCTS,SYNTHETIC_INTERNAL,SNP-COOLIT-20260925-BL,SCN-BASELINE,LIN-0027,FMAP-03-07,supplier_commitment,effective_from,ERP,PURCHASE_ORDER_SCHEDULE,effective_from_SOURCE_FIELD_TO_CONFIRM,NORMALIZE_TO_ISO8601,stage_supplier_commitment_effective_from,coolit-v2-rules-1.0.0,2219f62c05a6,RUN-LINEAGE-002,2026-09-25T23:59:59-06:00,REPRODUCIBLE_SYNTHETIC
TEN-COOLIT-SYN-001,SITE-COOLIT-SYN-01,ANALYTICS,FIELD_LINEAGE,LIN-0028,supplier_commitment.effective_to,RESOLVED,2026-09-25T23:59:59-06:00,2026-09-26T08:00:00-06:00,2026-06-29T00:00:00-06:00,,1,,false,ACTIVE,,,VALID,CURRENT,coolit-synthetic-v2.0.0,ALL_SYNTHETIC_CUSTOMERS,ALL_SYNTHETIC_PROGRAMS,ALL_SYNTHETIC_PRODUCTS,SYNTHETIC_INTERNAL,SNP-COOLIT-20260925-BL,SCN-BASELINE,LIN-0028,FMAP-03-08,supplier_commitment,effective_to,ERP,PURCHASE_ORDER_SCHEDULE,effective_to_SOURCE_FIELD_TO_CONFIRM,NORMALIZE_TO_ISO8601,stage_supplier_commitment_effective_to,coolit-v2-rules-1.0.0,78261da62e90,RUN-LINEAGE-002,2026-09-25T23:59:59-06:00,REPRODUCIBLE_SYNTHETIC
TEN-COOLIT-SYN-001,SITE-COOLIT-SYN-01,ANALYTICS,FIELD_LINEAGE,LIN-0029,supplier_commitment.owner,RESOLVED,2026-09-25T23:59:59-06:00,2026-09-26T08:00:00-06:00,2026-06-29T00:00:00-06:00,,1,,false,ACTIVE,,,VALID,CURRENT,coolit-synthetic-v2.0.0,ALL_SYNTHETIC_CUSTOMERS,ALL_SYNTHETIC_PROGRAMS,ALL_SYNTHETIC_PRODUCTS,SYNTHETIC_INTERNAL,SNP-COOLIT-20260925-BL,SCN-BASELINE,LIN-0029,FMAP-03-09,supplier_commitment,owner,ERP,PURCHASE_ORDER_SCHEDULE,owner_SOURCE_FIELD_TO_CONFIRM,DIRECT_OR_CODE_MAP,stage_supplier_commitment_owner,coolit-v2-rules-1.0.0,8a595e0487c9,RUN-LINEAGE-002,2026-09-25T23:59:59-06:00,REPRODUCIBLE_SYNTHETIC
TEN-COOLIT-SYN-001,SITE-COOLIT-SYN-01,ANALYTICS,FIELD_LINEAGE,LIN-0030,supplier_commitment.last_changed_at,RESOLVED,2026-09-25T23:59:59-06:00,2026-09-26T08:00:00-06:00,2026-06-29T00:00:00-06:00,,1,,false,ACTIVE,,,VALID,CURRENT,coolit-synthetic-v2.0.0,ALL_SYNTHETIC_CUSTOMERS,ALL_SYNTHETIC_PROGRAMS,ALL_SYNTHETIC_PRODUCTS,SYNTHETIC_INTERNAL,SNP-COOLIT-20260925-BL,SCN-BASELINE,LIN-0030,FMAP-03-10,supplier_commitment,last_changed_at,ERP,PURCHASE_ORDER_SCHEDULE,last_changed_at_SOURCE_FIELD_TO_CONFIRM,DIRECT_OR_CODE_MAP,stage_supplier_commitment_last_changed_at,coolit-v2-rules-1.0.0,4fc2ea7a2bec,RUN-LINEAGE-002,2026-09-25T23:59:59-06:00,REPRODUCIBLE_SYNTHETIC
TEN-COOLIT-SYN-001,SITE-COOLIT-SYN-01,ANALYTICS,FIELD_LINEAGE,LIN-0031,production_order.business_key,RESOLVED,2026-09-25T23:59:59-06:00,2026-09-26T08:00:00-06:00,2026-06-29T00:00:00-06:00,,1,,false,ACTIVE,,,VALID,CURRENT,coolit-synthetic-v2.0.0,ALL_SYNTHETIC_CUSTOMERS,ALL_SYNTHETIC_PROGRAMS,ALL_SYNTHETIC_PRODUCTS,SYNTHETIC_INTERNAL,SNP-COOLIT-20260925-BL,SCN-BASELINE,LIN-0031,FMAP-04-01,production_order,business_key,ERP,WORK_ORDER,business_key_SOURCE_FIELD_TO_CONFIRM,DIRECT_OR_CODE_MAP,stage_production_order_business_key,coolit-v2-rules-1.0.0,f2abc892556b,RUN-LINEAGE-002,2026-09-25T23:59:59-06:00,REPRODUCIBLE_SYNTHETIC
TEN-COOLIT-SYN-001,SITE-COOLIT-SYN-01,ANALYTICS,FIELD_LINEAGE,LIN-0032,production_order.status,RESOLVED,2026-09-25T23:59:59-06:00,2026-09-26T08:00:00-06:00,2026-06-29T00:00:00-06:00,,1,,false,ACTIVE,,,VALID,CURRENT,coolit-synthetic-v2.0.0,ALL_SYNTHETIC_CUSTOMERS,ALL_SYNTHETIC_PROGRAMS,ALL_SYNTHETIC_PRODUCTS,SYNTHETIC_INTERNAL,SNP-COOLIT-20260925-BL,SCN-BASELINE,LIN-0032,FMAP-04-02,production_order,status,ERP,WORK_ORDER,status_SOURCE_FIELD_TO_CONFIRM,DIRECT_OR_CODE_MAP,stage_production_order_status,coolit-v2-rules-1.0.0,8ab6fefb0eab,RUN-LINEAGE-002,2026-09-25T23:59:59-06:00,REPRODUCIBLE_SYNTHETIC
TEN-COOLIT-SYN-001,SITE-COOLIT-SYN-01,ANALYTICS,FIELD_LINEAGE,LIN-0033,production_order.quantity,RESOLVED,2026-09-25T23:59:59-06:00,2026-09-26T08:00:00-06:00,2026-06-29T00:00:00-06:00,,1,,false,ACTIVE,,,VALID,CURRENT,coolit-synthetic-v2.0.0,ALL_SYNTHETIC_CUSTOMERS,ALL_SYNTHETIC_PROGRAMS,ALL_SYNTHETIC_PRODUCTS,SYNTHETIC_INTERNAL,SNP-COOLIT-20260925-BL,SCN-BASELINE,LIN-0033,FMAP-04-03,production_order,quantity,ERP,WORK_ORDER,quantity_SOURCE_FIELD_TO_CONFIRM,NORMALIZE_UOM_AND_DECIMAL,stage_production_order_quantity,coolit-v2-rules-1.0.0,a8503618c5cd,RUN-LINEAGE-002,2026-09-25T23:59:59-06:00,REPRODUCIBLE_SYNTHETIC
TEN-COOLIT-SYN-001,SITE-COOLIT-SYN-01,ANALYTICS,FIELD_LINEAGE,LIN-0034,production_order.uom,RESOLVED,2026-09-25T23:59:59-06:00,2026-09-26T08:00:00-06:00,2026-06-29T00:00:00-06:00,,1,,false,ACTIVE,,,VALID,CURRENT,coolit-synthetic-v2.0.0,ALL_SYNTHETIC_CUSTOMERS,ALL_SYNTHETIC_PROGRAMS,ALL_SYNTHETIC_PRODUCTS,SYNTHETIC_INTERNAL,SNP-COOLIT-20260925-BL,SCN-BASELINE,LIN-0034,FMAP-04-04,production_order,uom,ERP,WORK_ORDER,uom_SOURCE_FIELD_TO_CONFIRM,DIRECT_OR_CODE_MAP,stage_production_order_uom,coolit-v2-rules-1.0.0,524cb9a58ba6,RUN-LINEAGE-002,2026-09-25T23:59:59-06:00,REPRODUCIBLE_SYNTHETIC
TEN-COOLIT-SYN-001,SITE-COOLIT-SYN-01,ANALYTICS,FIELD_LINEAGE,LIN-0035,production_order.requested_date,RESOLVED,2026-09-25T23:59:59-06:00,2026-09-26T08:00:00-06:00,2026-06-29T00:00:00-06:00,,1,,false,ACTIVE,,,VALID,CURRENT,coolit-synthetic-v2.0.0,ALL_SYNTHETIC_CUSTOMERS,ALL_SYNTHETIC_PROGRAMS,ALL_SYNTHETIC_PRODUCTS,SYNTHETIC_INTERNAL,SNP-COOLIT-20260925-BL,SCN-BASELINE,LIN-0035,FMAP-04-05,production_order,requested_date,ERP,WORK_ORDER,requested_date_SOURCE_FIELD_TO_CONFIRM,NORMALIZE_TO_ISO8601,stage_production_order_requested_date,coolit-v2-rules-1.0.0,d8a812adecb2,RUN-LINEAGE-002,2026-09-25T23:59:59-06:00,REPRODUCIBLE_SYNTHETIC
TEN-COOLIT-SYN-001,SITE-COOLIT-SYN-01,ANALYTICS,FIELD_LINEAGE,LIN-0036,production_order.committed_date,RESOLVED,2026-09-25T23:59:59-06:00,2026-09-26T08:00:00-06:00,2026-06-29T00:00:00-06:00,,1,,false,ACTIVE,,,VALID,CURRENT,coolit-synthetic-v2.0.0,ALL_SYNTHETIC_CUSTOMERS,ALL_SYNTHETIC_PROGRAMS,ALL_SYNTHETIC_PRODUCTS,SYNTHETIC_INTERNAL,SNP-COOLIT-20260925-BL,SCN-BASELINE,LIN-0036,FMAP-04-06,production_order,committed_date,ERP,WORK_ORDER,committed_date_SOURCE_FIELD_TO_CONFIRM,NORMALIZE_TO_ISO8601,stage_production_order_committed_date,coolit-v2-rules-1.0.0,cc14be9e031c,RUN-LINEAGE-002,2026-09-25T23:59:59-06:00,REPRODUCIBLE_SYNTHETIC
TEN-COOLIT-SYN-001,SITE-COOLIT-SYN-01,ANALYTICS,FIELD_LINEAGE,LIN-0037,production_order.effective_from,RESOLVED,2026-09-25T23:59:59-06:00,2026-09-26T08:00:00-06:00,2026-06-29T00:00:00-06:00,,1,,false,ACTIVE,,,VALID,CURRENT,coolit-synthetic-v2.0.0,ALL_SYNTHETIC_CUSTOMERS,ALL_SYNTHETIC_PROGRAMS,ALL_SYNTHETIC_PRODUCTS,SYNTHETIC_INTERNAL,SNP-COOLIT-20260925-BL,SCN-BASELINE,LIN-0037,FMAP-04-07,production_order,effective_from,ERP,WORK_ORDER,effective_from_SOURCE_FIELD_TO_CONFIRM,NORMALIZE_TO_ISO8601,stage_production_order_effective_from,coolit-v2-rules-1.0.0,05e1448e2527,RUN-LINEAGE-002,2026-09-25T23:59:59-06:00,REPRODUCIBLE_SYNTHETIC
TEN-COOLIT-SYN-001,SITE-COOLIT-SYN-01,ANALYTICS,FIELD_LINEAGE,LIN-0038,production_order.effective_to,RESOLVED,2026-09-25T23:59:59-06:00,2026-09-26T08:00:00-06:00,2026-06-29T00:00:00-06:00,,1,,false,ACTIVE,,,VALID,CURRENT,coolit-synthetic-v2.0.0,ALL_SYNTHETIC_CUSTOMERS,ALL_SYNTHETIC_PROGRAMS,ALL_SYNTHETIC_PRODUCTS,SYNTHETIC_INTERNAL,SNP-COOLIT-20260925-BL,SCN-BASELINE,LIN-0038,FMAP-04-08,production_order,effective_to,ERP,WORK_ORDER,effective_to_SOURCE_FIELD_TO_CONFIRM,NORMALIZE_TO_ISO8601,stage_production_order_effective_to,coolit-v2-rules-1.0.0,436ec64d4705,RUN-LINEAGE-002,2026-09-25T23:59:59-06:00,REPRODUCIBLE_SYNTHETIC
TEN-COOLIT-SYN-001,SITE-COOLIT-SYN-01,ANALYTICS,FIELD_LINEAGE,LIN-0039,production_order.owner,RESOLVED,2026-09-25T23:59:59-06:00,2026-09-26T08:00:00-06:00,2026-06-29T00:00:00-06:00,,1,,false,ACTIVE,,,VALID,CURRENT,coolit-synthetic-v2.0.0,ALL_SYNTHETIC_CUSTOMERS,ALL_SYNTHETIC_PROGRAMS,ALL_SYNTHETIC_PRODUCTS,SYNTHETIC_INTERNAL,SNP-COOLIT-20260925-BL,SCN-BASELINE,LIN-0039,FMAP-04-09,production_order,owner,ERP,WORK_ORDER,owner_SOURCE_FIELD_TO_CONFIRM,DIRECT_OR_CODE_MAP,stage_production_order_owner,coolit-v2-rules-1.0.0,d775d0eb75fc,RUN-LINEAGE-002,2026-09-25T23:59:59-06:00,REPRODUCIBLE_SYNTHETIC
TEN-COOLIT-SYN-001,SITE-COOLIT-SYN-01,ANALYTICS,FIELD_LINEAGE,LIN-0040,production_order.last_changed_at,RESOLVED,2026-09-25T23:59:59-06:00,2026-09-26T08:00:00-06:00,2026-06-29T00:00:00-06:00,,1,,false,ACTIVE,,,VALID,CURRENT,coolit-synthetic-v2.0.0,ALL_SYNTHETIC_CUSTOMERS,ALL_SYNTHETIC_PROGRAMS,ALL_SYNTHETIC_PRODUCTS,SYNTHETIC_INTERNAL,SNP-COOLIT-20260925-BL,SCN-BASELINE,LIN-0040,FMAP-04-10,production_order,last_changed_at,ERP,WORK_ORDER,last_changed_at_SOURCE_FIELD_TO_CONFIRM,DIRECT_OR_CODE_MAP,stage_production_order_last_changed_at,coolit-v2-rules-1.0.0,7ca02bceabaa,RUN-LINEAGE-002,2026-09-25T23:59:59-06:00,REPRODUCIBLE_SYNTHETIC
TEN-COOLIT-SYN-001,SITE-COOLIT-SYN-01,ANALYTICS,FIELD_LINEAGE,LIN-0041,commercial_demand.business_key,RESOLVED,2026-09-25T23:59:59-06:00,2026-09-26T08:00:00-06:00,2026-06-29T00:00:00-06:00,,1,,false,ACTIVE,,,VALID,CURRENT,coolit-synthetic-v2.0.0,ALL_SYNTHETIC_CUSTOMERS,ALL_SYNTHETIC_PROGRAMS,ALL_SYNTHETIC_PRODUCTS,SYNTHETIC_INTERNAL,SNP-COOLIT-20260925-BL,SCN-BASELINE,LIN-0041,FMAP-05-01,commercial_demand,business_key,CRM,QUOTE_LINE,business_key_SOURCE_FIELD_TO_CONFIRM,DIRECT_OR_CODE_MAP,stage_commercial_demand_business_key,coolit-v2-rules-1.0.0,f7b8e66d47ba,RUN-LINEAGE-003,2026-09-25T23:59:59-06:00,REPRODUCIBLE_SYNTHETIC
TEN-COOLIT-SYN-001,SITE-COOLIT-SYN-01,ANALYTICS,FIELD_LINEAGE,LIN-0042,commercial_demand.status,RESOLVED,2026-09-25T23:59:59-06:00,2026-09-26T08:00:00-06:00,2026-06-29T00:00:00-06:00,,1,,false,ACTIVE,,,VALID,CURRENT,coolit-synthetic-v2.0.0,ALL_SYNTHETIC_CUSTOMERS,ALL_SYNTHETIC_PROGRAMS,ALL_SYNTHETIC_PRODUCTS,SYNTHETIC_INTERNAL,SNP-COOLIT-20260925-BL,SCN-BASELINE,LIN-0042,FMAP-05-02,commercial_demand,status,CRM,QUOTE_LINE,status_SOURCE_FIELD_TO_CONFIRM,DIRECT_OR_CODE_MAP,stage_commercial_demand_status,coolit-v2-rules-1.0.0,9c554c7c27d4,RUN-LINEAGE-003,2026-09-25T23:59:59-06:00,REPRODUCIBLE_SYNTHETIC
TEN-COOLIT-SYN-001,SITE-COOLIT-SYN-01,ANALYTICS,FIELD_LINEAGE,LIN-0043,commercial_demand.quantity,RESOLVED,2026-09-25T23:59:59-06:00,2026-09-26T08:00:00-06:00,2026-06-29T00:00:00-06:00,,1,,false,ACTIVE,,,VALID,CURRENT,coolit-synthetic-v2.0.0,ALL_SYNTHETIC_CUSTOMERS,ALL_SYNTHETIC_PROGRAMS,ALL_SYNTHETIC_PRODUCTS,SYNTHETIC_INTERNAL,SNP-COOLIT-20260925-BL,SCN-BASELINE,LIN-0043,FMAP-05-03,commercial_demand,quantity,CRM,QUOTE_LINE,quantity_SOURCE_FIELD_TO_CONFIRM,NORMALIZE_UOM_AND_DECIMAL,stage_commercial_demand_quantity,coolit-v2-rules-1.0.0,acdb74d9f63a,RUN-LINEAGE-003,2026-09-25T23:59:59-06:00,REPRODUCIBLE_SYNTHETIC
TEN-COOLIT-SYN-001,SITE-COOLIT-SYN-01,ANALYTICS,FIELD_LINEAGE,LIN-0044,commercial_demand.uom,RESOLVED,2026-09-25T23:59:59-06:00,2026-09-26T08:00:00-06:00,2026-06-29T00:00:00-06:00,,1,,false,ACTIVE,,,VALID,CURRENT,coolit-synthetic-v2.0.0,ALL_SYNTHETIC_CUSTOMERS,ALL_SYNTHETIC_PROGRAMS,ALL_SYNTHETIC_PRODUCTS,SYNTHETIC_INTERNAL,SNP-COOLIT-20260925-BL,SCN-BASELINE,LIN-0044,FMAP-05-04,commercial_demand,uom,CRM,QUOTE_LINE,uom_SOURCE_FIELD_TO_CONFIRM,DIRECT_OR_CODE_MAP,stage_commercial_demand_uom,coolit-v2-rules-1.0.0,6d5de80ac606,RUN-LINEAGE-003,2026-09-25T23:59:59-06:00,REPRODUCIBLE_SYNTHETIC
TEN-COOLIT-SYN-001,SITE-COOLIT-SYN-01,ANALYTICS,FIELD_LINEAGE,LIN-0045,commercial_demand.requested_date,RESOLVED,2026-09-25T23:59:59-06:00,2026-09-26T08:00:00-06:00,2026-06-29T00:00:00-06:00,,1,,false,ACTIVE,,,VALID,CURRENT,coolit-synthetic-v2.0.0,ALL_SYNTHETIC_CUSTOMERS,ALL_SYNTHETIC_PROGRAMS,ALL_SYNTHETIC_PRODUCTS,SYNTHETIC_INTERNAL,SNP-COOLIT-20260925-BL,SCN-BASELINE,LIN-0045,FMAP-05-05,commercial_demand,requested_date,CRM,QUOTE_LINE,requested_date_SOURCE_FIELD_TO_CONFIRM,NORMALIZE_TO_ISO8601,stage_commercial_demand_requested_date,coolit-v2-rules-1.0.0,4eefa20eacd4,RUN-LINEAGE-003,2026-09-25T23:59:59-06:00,REPRODUCIBLE_SYNTHETIC
TEN-COOLIT-SYN-001,SITE-COOLIT-SYN-01,ANALYTICS,FIELD_LINEAGE,LIN-0046,commercial_demand.committed_date,RESOLVED,2026-09-25T23:59:59-06:00,2026-09-26T08:00:00-06:00,2026-06-29T00:00:00-06:00,,1,,false,ACTIVE,,,VALID,CURRENT,coolit-synthetic-v2.0.0,ALL_SYNTHETIC_CUSTOMERS,ALL_SYNTHETIC_PROGRAMS,ALL_SYNTHETIC_PRODUCTS,SYNTHETIC_INTERNAL,SNP-COOLIT-20260925-BL,SCN-BASELINE,LIN-0046,FMAP-05-06,commercial_demand,committed_date,CRM,QUOTE_LINE,committed_date_SOURCE_FIELD_TO_CONFIRM,NORMALIZE_TO_ISO8601,stage_commercial_demand_committed_date,coolit-v2-rules-1.0.0,45a5864c2981,RUN-LINEAGE-003,2026-09-25T23:59:59-06:00,REPRODUCIBLE_SYNTHETIC
TEN-COOLIT-SYN-001,SITE-COOLIT-SYN-01,ANALYTICS,FIELD_LINEAGE,LIN-0047,commercial_demand.effective_from,RESOLVED,2026-09-25T23:59:59-06:00,2026-09-26T08:00:00-06:00,2026-06-29T00:00:00-06:00,,1,,false,ACTIVE,,,VALID,CURRENT,coolit-synthetic-v2.0.0,ALL_SYNTHETIC_CUSTOMERS,ALL_SYNTHETIC_PROGRAMS,ALL_SYNTHETIC_PRODUCTS,SYNTHETIC_INTERNAL,SNP-COOLIT-20260925-BL,SCN-BASELINE,LIN-0047,FMAP-05-07,commercial_demand,effective_from,CRM,QUOTE_LINE,effective_from_SOURCE_FIELD_TO_CONFIRM,NORMALIZE_TO_ISO8601,stage_commercial_demand_effective_from,coolit-v2-rules-1.0.0,02ddbee576e2,RUN-LINEAGE-003,2026-09-25T23:59:59-06:00,REPRODUCIBLE_SYNTHETIC
TEN-COOLIT-SYN-001,SITE-COOLIT-SYN-01,ANALYTICS,FIELD_LINEAGE,LIN-0048,commercial_demand.effective_to,RESOLVED,2026-09-25T23:59:59-06:00,2026-09-26T08:00:00-06:00,2026-06-29T00:00:00-06:00,,1,,false,ACTIVE,,,VALID,CURRENT,coolit-synthetic-v2.0.0,ALL_SYNTHETIC_CUSTOMERS,ALL_SYNTHETIC_PROGRAMS,ALL_SYNTHETIC_PRODUCTS,SYNTHETIC_INTERNAL,SNP-COOLIT-20260925-BL,SCN-BASELINE,LIN-0048,FMAP-05-08,commercial_demand,effective_to,CRM,QUOTE_LINE,effective_to_SOURCE_FIELD_TO_CONFIRM,NORMALIZE_TO_ISO8601,stage_commercial_demand_effective_to,coolit-v2-rules-1.0.0,ecb6ad4dc400,RUN-LINEAGE-003,2026-09-25T23:59:59-06:00,REPRODUCIBLE_SYNTHETIC
TEN-COOLIT-SYN-001,SITE-COOLIT-SYN-01,ANALYTICS,FIELD_LINEAGE,LIN-0049,commercial_demand.owner,RESOLVED,2026-09-25T23:59:59-06:00,2026-09-26T08:00:00-06:00,2026-06-29T00:00:00-06:00,,1,,false,ACTIVE,,,VALID,CURRENT,coolit-synthetic-v2.0.0,ALL_SYNTHETIC_CUSTOMERS,ALL_SYNTHETIC_PROGRAMS,ALL_SYNTHETIC_PRODUCTS,SYNTHETIC_INTERNAL,SNP-COOLIT-20260925-BL,SCN-BASELINE,LIN-0049,FMAP-05-09,commercial_demand,owner,CRM,QUOTE_LINE,owner_SOURCE_FIELD_TO_CONFIRM,DIRECT_OR_CODE_MAP,stage_commercial_demand_owner,coolit-v2-rules-1.0.0,02bb8edee6af,RUN-LINEAGE-003,2026-09-25T23:59:59-06:00,REPRODUCIBLE_SYNTHETIC
TEN-COOLIT-SYN-001,SITE-COOLIT-SYN-01,ANALYTICS,FIELD_LINEAGE,LIN-0050,commercial_demand.last_changed_at,RESOLVED,2026-09-25T23:59:59-06:00,2026-09-26T08:00:00-06:00,2026-06-29T00:00:00-06:00,,1,,false,ACTIVE,,,VALID,CURRENT,coolit-synthetic-v2.0.0,ALL_SYNTHETIC_CUSTOMERS,ALL_SYNTHETIC_PROGRAMS,ALL_SYNTHETIC_PRODUCTS,SYNTHETIC_INTERNAL,SNP-COOLIT-20260925-BL,SCN-BASELINE,LIN-0050,FMAP-05-10,commercial_demand,last_changed_at,CRM,QUOTE_LINE,last_changed_at_SOURCE_FIELD_TO_CONFIRM,DIRECT_OR_CODE_MAP,stage_commercial_demand_last_changed_at,coolit-v2-rules-1.0.0,41cf2bc88f07,RUN-LINEAGE-003,2026-09-25T23:59:59-06:00,REPRODUCIBLE_SYNTHETIC
TEN-COOLIT-SYN-001,SITE-COOLIT-SYN-01,ANALYTICS,FIELD_LINEAGE,LIN-0051,forecast_demand.business_key,RESOLVED,2026-09-25T23:59:59-06:00,2026-09-26T08:00:00-06:00,2026-06-29T00:00:00-06:00,,1,,false,ACTIVE,,,VALID,CURRENT,coolit-synthetic-v2.0.0,ALL_SYNTHETIC_CUSTOMERS,ALL_SYNTHETIC_PROGRAMS,ALL_SYNTHETIC_PRODUCTS,SYNTHETIC_INTERNAL,SNP-COOLIT-20260925-BL,SCN-BASELINE,LIN-0051,FMAP-06-01,forecast_demand,business_key,CRM,OPPORTUNITY,business_key_SOURCE_FIELD_TO_CONFIRM,DIRECT_OR_CODE_MAP,stage_forecast_demand_business_key,coolit-v2-rules-1.0.0,b7e435fe6569,RUN-LINEAGE-003,2026-09-25T23:59:59-06:00,REPRODUCIBLE_SYNTHETIC
TEN-COOLIT-SYN-001,SITE-COOLIT-SYN-01,ANALYTICS,FIELD_LINEAGE,LIN-0052,forecast_demand.status,RESOLVED,2026-09-25T23:59:59-06:00,2026-09-26T08:00:00-06:00,2026-06-29T00:00:00-06:00,,1,,false,ACTIVE,,,VALID,CURRENT,coolit-synthetic-v2.0.0,ALL_SYNTHETIC_CUSTOMERS,ALL_SYNTHETIC_PROGRAMS,ALL_SYNTHETIC_PRODUCTS,SYNTHETIC_INTERNAL,SNP-COOLIT-20260925-BL,SCN-BASELINE,LIN-0052,FMAP-06-02,forecast_demand,status,CRM,OPPORTUNITY,status_SOURCE_FIELD_TO_CONFIRM,DIRECT_OR_CODE_MAP,stage_forecast_demand_status,coolit-v2-rules-1.0.0,19acae589cc8,RUN-LINEAGE-003,2026-09-25T23:59:59-06:00,REPRODUCIBLE_SYNTHETIC
TEN-COOLIT-SYN-001,SITE-COOLIT-SYN-01,ANALYTICS,FIELD_LINEAGE,LIN-0053,forecast_demand.quantity,RESOLVED,2026-09-25T23:59:59-06:00,2026-09-26T08:00:00-06:00,2026-06-29T00:00:00-06:00,,1,,false,ACTIVE,,,VALID,CURRENT,coolit-synthetic-v2.0.0,ALL_SYNTHETIC_CUSTOMERS,ALL_SYNTHETIC_PROGRAMS,ALL_SYNTHETIC_PRODUCTS,SYNTHETIC_INTERNAL,SNP-COOLIT-20260925-BL,SCN-BASELINE,LIN-0053,FMAP-06-03,forecast_demand,quantity,CRM,OPPORTUNITY,quantity_SOURCE_FIELD_TO_CONFIRM,NORMALIZE_UOM_AND_DECIMAL,stage_forecast_demand_quantity,coolit-v2-rules-1.0.0,089572bafb1b,RUN-LINEAGE-003,2026-09-25T23:59:59-06:00,REPRODUCIBLE_SYNTHETIC
TEN-COOLIT-SYN-001,SITE-COOLIT-SYN-01,ANALYTICS,FIELD_LINEAGE,LIN-0054,forecast_demand.uom,RESOLVED,2026-09-25T23:59:59-06:00,2026-09-26T08:00:00-06:00,2026-06-29T00:00:00-06:00,,1,,false,ACTIVE,,,VALID,CURRENT,coolit-synthetic-v2.0.0,ALL_SYNTHETIC_CUSTOMERS,ALL_SYNTHETIC_PROGRAMS,ALL_SYNTHETIC_PRODUCTS,SYNTHETIC_INTERNAL,SNP-COOLIT-20260925-BL,SCN-BASELINE,LIN-0054,FMAP-06-04,forecast_demand,uom,CRM,OPPORTUNITY,uom_SOURCE_FIELD_TO_CONFIRM,DIRECT_OR_CODE_MAP,stage_forecast_demand_uom,coolit-v2-rules-1.0.0,21502421580b,RUN-LINEAGE-003,2026-09-25T23:59:59-06:00,REPRODUCIBLE_SYNTHETIC
TEN-COOLIT-SYN-001,SITE-COOLIT-SYN-01,ANALYTICS,FIELD_LINEAGE,LIN-0055,forecast_demand.requested_date,RESOLVED,2026-09-25T23:59:59-06:00,2026-09-26T08:00:00-06:00,2026-06-29T00:00:00-06:00,,1,,false,ACTIVE,,,VALID,CURRENT,coolit-synthetic-v2.0.0,ALL_SYNTHETIC_CUSTOMERS,ALL_SYNTHETIC_PROGRAMS,ALL_SYNTHETIC_PRODUCTS,SYNTHETIC_INTERNAL,SNP-COOLIT-20260925-BL,SCN-BASELINE,LIN-0055,FMAP-06-05,forecast_demand,requested_date,CRM,OPPORTUNITY,requested_date_SOURCE_FIELD_TO_CONFIRM,NORMALIZE_TO_ISO8601,stage_forecast_demand_requested_date,coolit-v2-rules-1.0.0,0549196a74db,RUN-LINEAGE-003,2026-09-25T23:59:59-06:00,REPRODUCIBLE_SYNTHETIC
TEN-COOLIT-SYN-001,SITE-COOLIT-SYN-01,ANALYTICS,FIELD_LINEAGE,LIN-0056,forecast_demand.committed_date,RESOLVED,2026-09-25T23:59:59-06:00,2026-09-26T08:00:00-06:00,2026-06-29T00:00:00-06:00,,1,,false,ACTIVE,,,VALID,CURRENT,coolit-synthetic-v2.0.0,ALL_SYNTHETIC_CUSTOMERS,ALL_SYNTHETIC_PROGRAMS,ALL_SYNTHETIC_PRODUCTS,SYNTHETIC_INTERNAL,SNP-COOLIT-20260925-BL,SCN-BASELINE,LIN-0056,FMAP-06-06,forecast_demand,committed_date,CRM,OPPORTUNITY,committed_date_SOURCE_FIELD_TO_CONFIRM,NORMALIZE_TO_ISO8601,stage_forecast_demand_committed_date,coolit-v2-rules-1.0.0,0edb65c5dc8b,RUN-LINEAGE-003,2026-09-25T23:59:59-06:00,REPRODUCIBLE_SYNTHETIC
TEN-COOLIT-SYN-001,SITE-COOLIT-SYN-01,ANALYTICS,FIELD_LINEAGE,LIN-0057,forecast_demand.effective_from,RESOLVED,2026-09-25T23:59:59-06:00,2026-09-26T08:00:00-06:00,2026-06-29T00:00:00-06:00,,1,,false,ACTIVE,,,VALID,CURRENT,coolit-synthetic-v2.0.0,ALL_SYNTHETIC_CUSTOMERS,ALL_SYNTHETIC_PROGRAMS,ALL_SYNTHETIC_PRODUCTS,SYNTHETIC_INTERNAL,SNP-COOLIT-20260925-BL,SCN-BASELINE,LIN-0057,FMAP-06-07,forecast_demand,effective_from,CRM,OPPORTUNITY,effective_from_SOURCE_FIELD_TO_CONFIRM,NORMALIZE_TO_ISO8601,stage_forecast_demand_effective_from,coolit-v2-rules-1.0.0,4ecadb4d2d08,RUN-LINEAGE-003,2026-09-25T23:59:59-06:00,REPRODUCIBLE_SYNTHETIC
TEN-COOLIT-SYN-001,SITE-COOLIT-SYN-01,ANALYTICS,FIELD_LINEAGE,LIN-0058,forecast_demand.effective_to,RESOLVED,2026-09-25T23:59:59-06:00,2026-09-26T08:00:00-06:00,2026-06-29T00:00:00-06:00,,1,,false,ACTIVE,,,VALID,CURRENT,coolit-synthetic-v2.0.0,ALL_SYNTHETIC_CUSTOMERS,ALL_SYNTHETIC_PROGRAMS,ALL_SYNTHETIC_PRODUCTS,SYNTHETIC_INTERNAL,SNP-COOLIT-20260925-BL,SCN-BASELINE,LIN-0058,FMAP-06-08,forecast_demand,effective_to,CRM,OPPORTUNITY,effective_to_SOURCE_FIELD_TO_CONFIRM,NORMALIZE_TO_ISO8601,stage_forecast_demand_effective_to,coolit-v2-rules-1.0.0,eab2232630e5,RUN-LINEAGE-003,2026-09-25T23:59:59-06:00,REPRODUCIBLE_SYNTHETIC
TEN-COOLIT-SYN-001,SITE-COOLIT-SYN-01,ANALYTICS,FIELD_LINEAGE,LIN-0059,forecast_demand.owner,RESOLVED,2026-09-25T23:59:59-06:00,2026-09-26T08:00:00-06:00,2026-06-29T00:00:00-06:00,,1,,false,ACTIVE,,,VALID,CURRENT,coolit-synthetic-v2.0.0,ALL_SYNTHETIC_CUSTOMERS,ALL_SYNTHETIC_PROGRAMS,ALL_SYNTHETIC_PRODUCTS,SYNTHETIC_INTERNAL,SNP-COOLIT-20260925-BL,SCN-BASELINE,LIN-0059,FMAP-06-09,forecast_demand,owner,CRM,OPPORTUNITY,owner_SOURCE_FIELD_TO_CONFIRM,DIRECT_OR_CODE_MAP,stage_forecast_demand_owner,coolit-v2-rules-1.0.0,b0f15eb7102a,RUN-LINEAGE-003,2026-09-25T23:59:59-06:00,REPRODUCIBLE_SYNTHETIC
TEN-COOLIT-SYN-001,SITE-COOLIT-SYN-01,ANALYTICS,FIELD_LINEAGE,LIN-0060,forecast_demand.last_changed_at,RESOLVED,2026-09-25T23:59:59-06:00,2026-09-26T08:00:00-06:00,2026-06-29T00:00:00-06:00,,1,,false,ACTIVE,,,VALID,CURRENT,coolit-synthetic-v2.0.0,ALL_SYNTHETIC_CUSTOMERS,ALL_SYNTHETIC_PROGRAMS,ALL_SYNTHETIC_PRODUCTS,SYNTHETIC_INTERNAL,SNP-COOLIT-20260925-BL,SCN-BASELINE,LIN-0060,FMAP-06-10,forecast_demand,last_changed_at,CRM,OPPORTUNITY,last_changed_at_SOURCE_FIELD_TO_CONFIRM,DIRECT_OR_CODE_MAP,stage_forecast_demand_last_changed_at,coolit-v2-rules-1.0.0,2b3747217048,RUN-LINEAGE-003,2026-09-25T23:59:59-06:00,REPRODUCIBLE_SYNTHETIC
TEN-COOLIT-SYN-001,SITE-COOLIT-SYN-01,ANALYTICS,FIELD_LINEAGE,LIN-0061,customer_obligation.business_key,RESOLVED,2026-09-25T23:59:59-06:00,2026-09-26T08:00:00-06:00,2026-06-29T00:00:00-06:00,,1,,false,ACTIVE,,,VALID,CURRENT,coolit-synthetic-v2.0.0,ALL_SYNTHETIC_CUSTOMERS,ALL_SYNTHETIC_PROGRAMS,ALL_SYNTHETIC_PRODUCTS,SYNTHETIC_INTERNAL,SNP-COOLIT-20260925-BL,SCN-BASELINE,LIN-0061,FMAP-07-01,customer_obligation,business_key,CRM,CONTRACT_LINE,business_key_SOURCE_FIELD_TO_CONFIRM,DIRECT_OR_CODE_MAP,stage_customer_obligation_business_key,coolit-v2-rules-1.0.0,308686c513c2,RUN-LINEAGE-004,2026-09-25T23:59:59-06:00,REPRODUCIBLE_SYNTHETIC
TEN-COOLIT-SYN-001,SITE-COOLIT-SYN-01,ANALYTICS,FIELD_LINEAGE,LIN-0062,customer_obligation.status,RESOLVED,2026-09-25T23:59:59-06:00,2026-09-26T08:00:00-06:00,2026-06-29T00:00:00-06:00,,1,,false,ACTIVE,,,VALID,CURRENT,coolit-synthetic-v2.0.0,ALL_SYNTHETIC_CUSTOMERS,ALL_SYNTHETIC_PROGRAMS,ALL_SYNTHETIC_PRODUCTS,SYNTHETIC_INTERNAL,SNP-COOLIT-20260925-BL,SCN-BASELINE,LIN-0062,FMAP-07-02,customer_obligation,status,CRM,CONTRACT_LINE,status_SOURCE_FIELD_TO_CONFIRM,DIRECT_OR_CODE_MAP,stage_customer_obligation_status,coolit-v2-rules-1.0.0,1bb1f614f58e,RUN-LINEAGE-004,2026-09-25T23:59:59-06:00,REPRODUCIBLE_SYNTHETIC
TEN-COOLIT-SYN-001,SITE-COOLIT-SYN-01,ANALYTICS,FIELD_LINEAGE,LIN-0063,customer_obligation.quantity,RESOLVED,2026-09-25T23:59:59-06:00,2026-09-26T08:00:00-06:00,2026-06-29T00:00:00-06:00,,1,,false,ACTIVE,,,VALID,CURRENT,coolit-synthetic-v2.0.0,ALL_SYNTHETIC_CUSTOMERS,ALL_SYNTHETIC_PROGRAMS,ALL_SYNTHETIC_PRODUCTS,SYNTHETIC_INTERNAL,SNP-COOLIT-20260925-BL,SCN-BASELINE,LIN-0063,FMAP-07-03,customer_obligation,quantity,CRM,CONTRACT_LINE,quantity_SOURCE_FIELD_TO_CONFIRM,NORMALIZE_UOM_AND_DECIMAL,stage_customer_obligation_quantity,coolit-v2-rules-1.0.0,defadefa9398,RUN-LINEAGE-004,2026-09-25T23:59:59-06:00,REPRODUCIBLE_SYNTHETIC
TEN-COOLIT-SYN-001,SITE-COOLIT-SYN-01,ANALYTICS,FIELD_LINEAGE,LIN-0064,customer_obligation.uom,RESOLVED,2026-09-25T23:59:59-06:00,2026-09-26T08:00:00-06:00,2026-06-29T00:00:00-06:00,,1,,false,ACTIVE,,,VALID,CURRENT,coolit-synthetic-v2.0.0,ALL_SYNTHETIC_CUSTOMERS,ALL_SYNTHETIC_PROGRAMS,ALL_SYNTHETIC_PRODUCTS,SYNTHETIC_INTERNAL,SNP-COOLIT-20260925-BL,SCN-BASELINE,LIN-0064,FMAP-07-04,customer_obligation,uom,CRM,CONTRACT_LINE,uom_SOURCE_FIELD_TO_CONFIRM,DIRECT_OR_CODE_MAP,stage_customer_obligation_uom,coolit-v2-rules-1.0.0,4ef7361e11e4,RUN-LINEAGE-004,2026-09-25T23:59:59-06:00,REPRODUCIBLE_SYNTHETIC
TEN-COOLIT-SYN-001,SITE-COOLIT-SYN-01,ANALYTICS,FIELD_LINEAGE,LIN-0065,customer_obligation.requested_date,RESOLVED,2026-09-25T23:59:59-06:00,2026-09-26T08:00:00-06:00,2026-06-29T00:00:00-06:00,,1,,false,ACTIVE,,,VALID,CURRENT,coolit-synthetic-v2.0.0,ALL_SYNTHETIC_CUSTOMERS,ALL_SYNTHETIC_PROGRAMS,ALL_SYNTHETIC_PRODUCTS,SYNTHETIC_INTERNAL,SNP-COOLIT-20260925-BL,SCN-BASELINE,LIN-0065,FMAP-07-05,customer_obligation,requested_date,CRM,CONTRACT_LINE,requested_date_SOURCE_FIELD_TO_CONFIRM,NORMALIZE_TO_ISO8601,stage_customer_obligation_requested_date,coolit-v2-rules-1.0.0,5b64eb3d9c88,RUN-LINEAGE-004,2026-09-25T23:59:59-06:00,REPRODUCIBLE_SYNTHETIC
TEN-COOLIT-SYN-001,SITE-COOLIT-SYN-01,ANALYTICS,FIELD_LINEAGE,LIN-0066,customer_obligation.committed_date,RESOLVED,2026-09-25T23:59:59-06:00,2026-09-26T08:00:00-06:00,2026-06-29T00:00:00-06:00,,1,,false,ACTIVE,,,VALID,CURRENT,coolit-synthetic-v2.0.0,ALL_SYNTHETIC_CUSTOMERS,ALL_SYNTHETIC_PROGRAMS,ALL_SYNTHETIC_PRODUCTS,SYNTHETIC_INTERNAL,SNP-COOLIT-20260925-BL,SCN-BASELINE,LIN-0066,FMAP-07-06,customer_obligation,committed_date,CRM,CONTRACT_LINE,committed_date_SOURCE_FIELD_TO_CONFIRM,NORMALIZE_TO_ISO8601,stage_customer_obligation_committed_date,coolit-v2-rules-1.0.0,f5e836ec005d,RUN-LINEAGE-004,2026-09-25T23:59:59-06:00,REPRODUCIBLE_SYNTHETIC
TEN-COOLIT-SYN-001,SITE-COOLIT-SYN-01,ANALYTICS,FIELD_LINEAGE,LIN-0067,customer_obligation.effective_from,RESOLVED,2026-09-25T23:59:59-06:00,2026-09-26T08:00:00-06:00,2026-06-29T00:00:00-06:00,,1,,false,ACTIVE,,,VALID,CURRENT,coolit-synthetic-v2.0.0,ALL_SYNTHETIC_CUSTOMERS,ALL_SYNTHETIC_PROGRAMS,ALL_SYNTHETIC_PRODUCTS,SYNTHETIC_INTERNAL,SNP-COOLIT-20260925-BL,SCN-BASELINE,LIN-0067,FMAP-07-07,customer_obligation,effective_from,CRM,CONTRACT_LINE,effective_from_SOURCE_FIELD_TO_CONFIRM,NORMALIZE_TO_ISO8601,stage_customer_obligation_effective_from,coolit-v2-rules-1.0.0,f362d165f0bf,RUN-LINEAGE-004,2026-09-25T23:59:59-06:00,REPRODUCIBLE_SYNTHETIC
TEN-COOLIT-SYN-001,SITE-COOLIT-SYN-01,ANALYTICS,FIELD_LINEAGE,LIN-0068,customer_obligation.effective_to,RESOLVED,2026-09-25T23:59:59-06:00,2026-09-26T08:00:00-06:00,2026-06-29T00:00:00-06:00,,1,,false,ACTIVE,,,VALID,CURRENT,coolit-synthetic-v2.0.0,ALL_SYNTHETIC_CUSTOMERS,ALL_SYNTHETIC_PROGRAMS,ALL_SYNTHETIC_PRODUCTS,SYNTHETIC_INTERNAL,SNP-COOLIT-20260925-BL,SCN-BASELINE,LIN-0068,FMAP-07-08,customer_obligation,effective_to,CRM,CONTRACT_LINE,effective_to_SOURCE_FIELD_TO_CONFIRM,NORMALIZE_TO_ISO8601,stage_customer_obligation_effective_to,coolit-v2-rules-1.0.0,6ff4b705b3ce,RUN-LINEAGE-004,2026-09-25T23:59:59-06:00,REPRODUCIBLE_SYNTHETIC
TEN-COOLIT-SYN-001,SITE-COOLIT-SYN-01,ANALYTICS,FIELD_LINEAGE,LIN-0069,customer_obligation.owner,RESOLVED,2026-09-25T23:59:59-06:00,2026-09-26T08:00:00-06:00,2026-06-29T00:00:00-06:00,,1,,false,ACTIVE,,,VALID,CURRENT,coolit-synthetic-v2.0.0,ALL_SYNTHETIC_CUSTOMERS,ALL_SYNTHETIC_PROGRAMS,ALL_SYNTHETIC_PRODUCTS,SYNTHETIC_INTERNAL,SNP-COOLIT-20260925-BL,SCN-BASELINE,LIN-0069,FMAP-07-09,customer_obligation,owner,CRM,CONTRACT_LINE,owner_SOURCE_FIELD_TO_CONFIRM,DIRECT_OR_CODE_MAP,stage_customer_obligation_owner,coolit-v2-rules-1.0.0,79ccff2d149b,RUN-LINEAGE-004,2026-09-25T23:59:59-06:00,REPRODUCIBLE_SYNTHETIC
TEN-COOLIT-SYN-001,SITE-COOLIT-SYN-01,ANALYTICS,FIELD_LINEAGE,LIN-0070,customer_obligation.last_changed_at,RESOLVED,2026-09-25T23:59:59-06:00,2026-09-26T08:00:00-06:00,2026-06-29T00:00:00-06:00,,1,,false,ACTIVE,,,VALID,CURRENT,coolit-synthetic-v2.0.0,ALL_SYNTHETIC_CUSTOMERS,ALL_SYNTHETIC_PROGRAMS,ALL_SYNTHETIC_PRODUCTS,SYNTHETIC_INTERNAL,SNP-COOLIT-20260925-BL,SCN-BASELINE,LIN-0070,FMAP-07-10,customer_obligation,last_changed_at,CRM,CONTRACT_LINE,last_changed_at_SOURCE_FIELD_TO_CONFIRM,DIRECT_OR_CODE_MAP,stage_customer_obligation_last_changed_at,coolit-v2-rules-1.0.0,f10778ae474b,RUN-LINEAGE-004,2026-09-25T23:59:59-06:00,REPRODUCIBLE_SYNTHETIC
TEN-COOLIT-SYN-001,SITE-COOLIT-SYN-01,ANALYTICS,FIELD_LINEAGE,LIN-0071,execution.business_key,RESOLVED,2026-09-25T23:59:59-06:00,2026-09-26T08:00:00-06:00,2026-06-29T00:00:00-06:00,,1,,false,ACTIVE,,,VALID,CURRENT,coolit-synthetic-v2.0.0,ALL_SYNTHETIC_CUSTOMERS,ALL_SYNTHETIC_PROGRAMS,ALL_SYNTHETIC_PRODUCTS,SYNTHETIC_INTERNAL,SNP-COOLIT-20260925-BL,SCN-BASELINE,LIN-0071,FMAP-08-01,execution,business_key,MES,WORK_ORDER_OPERATION,business_key_SOURCE_FIELD_TO_CONFIRM,DIRECT_OR_CODE_MAP,stage_execution_business_key,coolit-v2-rules-1.0.0,97a344574c6a,RUN-LINEAGE-004,2026-09-25T23:59:59-06:00,REPRODUCIBLE_SYNTHETIC
TEN-COOLIT-SYN-001,SITE-COOLIT-SYN-01,ANALYTICS,FIELD_LINEAGE,LIN-0072,execution.status,RESOLVED,2026-09-25T23:59:59-06:00,2026-09-26T08:00:00-06:00,2026-06-29T00:00:00-06:00,,1,,false,ACTIVE,,,VALID,CURRENT,coolit-synthetic-v2.0.0,ALL_SYNTHETIC_CUSTOMERS,ALL_SYNTHETIC_PROGRAMS,ALL_SYNTHETIC_PRODUCTS,SYNTHETIC_INTERNAL,SNP-COOLIT-20260925-BL,SCN-BASELINE,LIN-0072,FMAP-08-02,execution,status,MES,WORK_ORDER_OPERATION,status_SOURCE_FIELD_TO_CONFIRM,DIRECT_OR_CODE_MAP,stage_execution_status,coolit-v2-rules-1.0.0,771f006111f0,RUN-LINEAGE-004,2026-09-25T23:59:59-06:00,REPRODUCIBLE_SYNTHETIC
TEN-COOLIT-SYN-001,SITE-COOLIT-SYN-01,ANALYTICS,FIELD_LINEAGE,LIN-0073,execution.quantity,RESOLVED,2026-09-25T23:59:59-06:00,2026-09-26T08:00:00-06:00,2026-06-29T00:00:00-06:00,,1,,false,ACTIVE,,,VALID,CURRENT,coolit-synthetic-v2.0.0,ALL_SYNTHETIC_CUSTOMERS,ALL_SYNTHETIC_PROGRAMS,ALL_SYNTHETIC_PRODUCTS,SYNTHETIC_INTERNAL,SNP-COOLIT-20260925-BL,SCN-BASELINE,LIN-0073,FMAP-08-03,execution,quantity,MES,WORK_ORDER_OPERATION,quantity_SOURCE_FIELD_TO_CONFIRM,NORMALIZE_UOM_AND_DECIMAL,stage_execution_quantity,coolit-v2-rules-1.0.0,d802a014cc3e,RUN-LINEAGE-004,2026-09-25T23:59:59-06:00,REPRODUCIBLE_SYNTHETIC
TEN-COOLIT-SYN-001,SITE-COOLIT-SYN-01,ANALYTICS,FIELD_LINEAGE,LIN-0074,execution.uom,RESOLVED,2026-09-25T23:59:59-06:00,2026-09-26T08:00:00-06:00,2026-06-29T00:00:00-06:00,,1,,false,ACTIVE,,,VALID,CURRENT,coolit-synthetic-v2.0.0,ALL_SYNTHETIC_CUSTOMERS,ALL_SYNTHETIC_PROGRAMS,ALL_SYNTHETIC_PRODUCTS,SYNTHETIC_INTERNAL,SNP-COOLIT-20260925-BL,SCN-BASELINE,LIN-0074,FMAP-08-04,execution,uom,MES,WORK_ORDER_OPERATION,uom_SOURCE_FIELD_TO_CONFIRM,DIRECT_OR_CODE_MAP,stage_execution_uom,coolit-v2-rules-1.0.0,621457a59405,RUN-LINEAGE-004,2026-09-25T23:59:59-06:00,REPRODUCIBLE_SYNTHETIC
TEN-COOLIT-SYN-001,SITE-COOLIT-SYN-01,ANALYTICS,FIELD_LINEAGE,LIN-0075,execution.requested_date,RESOLVED,2026-09-25T23:59:59-06:00,2026-09-26T08:00:00-06:00,2026-06-29T00:00:00-06:00,,1,,false,ACTIVE,,,VALID,CURRENT,coolit-synthetic-v2.0.0,ALL_SYNTHETIC_CUSTOMERS,ALL_SYNTHETIC_PROGRAMS,ALL_SYNTHETIC_PRODUCTS,SYNTHETIC_INTERNAL,SNP-COOLIT-20260925-BL,SCN-BASELINE,LIN-0075,FMAP-08-05,execution,requested_date,MES,WORK_ORDER_OPERATION,requested_date_SOURCE_FIELD_TO_CONFIRM,NORMALIZE_TO_ISO8601,stage_execution_requested_date,coolit-v2-rules-1.0.0,415b5b2c298e,RUN-LINEAGE-004,2026-09-25T23:59:59-06:00,REPRODUCIBLE_SYNTHETIC
TEN-COOLIT-SYN-001,SITE-COOLIT-SYN-01,ANALYTICS,FIELD_LINEAGE,LIN-0076,execution.committed_date,RESOLVED,2026-09-25T23:59:59-06:00,2026-09-26T08:00:00-06:00,2026-06-29T00:00:00-06:00,,1,,false,ACTIVE,,,VALID,CURRENT,coolit-synthetic-v2.0.0,ALL_SYNTHETIC_CUSTOMERS,ALL_SYNTHETIC_PROGRAMS,ALL_SYNTHETIC_PRODUCTS,SYNTHETIC_INTERNAL,SNP-COOLIT-20260925-BL,SCN-BASELINE,LIN-0076,FMAP-08-06,execution,committed_date,MES,WORK_ORDER_OPERATION,committed_date_SOURCE_FIELD_TO_CONFIRM,NORMALIZE_TO_ISO8601,stage_execution_committed_date,coolit-v2-rules-1.0.0,28a68f36f952,RUN-LINEAGE-004,2026-09-25T23:59:59-06:00,REPRODUCIBLE_SYNTHETIC
TEN-COOLIT-SYN-001,SITE-COOLIT-SYN-01,ANALYTICS,FIELD_LINEAGE,LIN-0077,execution.effective_from,RESOLVED,2026-09-25T23:59:59-06:00,2026-09-26T08:00:00-06:00,2026-06-29T00:00:00-06:00,,1,,false,ACTIVE,,,VALID,CURRENT,coolit-synthetic-v2.0.0,ALL_SYNTHETIC_CUSTOMERS,ALL_SYNTHETIC_PROGRAMS,ALL_SYNTHETIC_PRODUCTS,SYNTHETIC_INTERNAL,SNP-COOLIT-20260925-BL,SCN-BASELINE,LIN-0077,FMAP-08-07,execution,effective_from,MES,WORK_ORDER_OPERATION,effective_from_SOURCE_FIELD_TO_CONFIRM,NORMALIZE_TO_ISO8601,stage_execution_effective_from,coolit-v2-rules-1.0.0,df776c85ca58,RUN-LINEAGE-004,2026-09-25T23:59:59-06:00,REPRODUCIBLE_SYNTHETIC
TEN-COOLIT-SYN-001,SITE-COOLIT-SYN-01,ANALYTICS,FIELD_LINEAGE,LIN-0078,execution.effective_to,RESOLVED,2026-09-25T23:59:59-06:00,2026-09-26T08:00:00-06:00,2026-06-29T00:00:00-06:00,,1,,false,ACTIVE,,,VALID,CURRENT,coolit-synthetic-v2.0.0,ALL_SYNTHETIC_CUSTOMERS,ALL_SYNTHETIC_PROGRAMS,ALL_SYNTHETIC_PRODUCTS,SYNTHETIC_INTERNAL,SNP-COOLIT-20260925-BL,SCN-BASELINE,LIN-0078,FMAP-08-08,execution,effective_to,MES,WORK_ORDER_OPERATION,effective_to_SOURCE_FIELD_TO_CONFIRM,NORMALIZE_TO_ISO8601,stage_execution_effective_to,coolit-v2-rules-1.0.0,b5976cd3fb17,RUN-LINEAGE-004,2026-09-25T23:59:59-06:00,REPRODUCIBLE_SYNTHETIC
TEN-COOLIT-SYN-001,SITE-COOLIT-SYN-01,ANALYTICS,FIELD_LINEAGE,LIN-0079,execution.owner,RESOLVED,2026-09-25T23:59:59-06:00,2026-09-26T08:00:00-06:00,2026-06-29T00:00:00-06:00,,1,,false,ACTIVE,,,VALID,CURRENT,coolit-synthetic-v2.0.0,ALL_SYNTHETIC_CUSTOMERS,ALL_SYNTHETIC_PROGRAMS,ALL_SYNTHETIC_PRODUCTS,SYNTHETIC_INTERNAL,SNP-COOLIT-20260925-BL,SCN-BASELINE,LIN-0079,FMAP-08-09,execution,owner,MES,WORK_ORDER_OPERATION,owner_SOURCE_FIELD_TO_CONFIRM,DIRECT_OR_CODE_MAP,stage_execution_owner,coolit-v2-rules-1.0.0,30c741e938e3,RUN-LINEAGE-004,2026-09-25T23:59:59-06:00,REPRODUCIBLE_SYNTHETIC
TEN-COOLIT-SYN-001,SITE-COOLIT-SYN-01,ANALYTICS,FIELD_LINEAGE,LIN-0080,execution.last_changed_at,RESOLVED,2026-09-25T23:59:59-06:00,2026-09-26T08:00:00-06:00,2026-06-29T00:00:00-06:00,,1,,false,ACTIVE,,,VALID,CURRENT,coolit-synthetic-v2.0.0,ALL_SYNTHETIC_CUSTOMERS,ALL_SYNTHETIC_PROGRAMS,ALL_SYNTHETIC_PRODUCTS,SYNTHETIC_INTERNAL,SNP-COOLIT-20260925-BL,SCN-BASELINE,LIN-0080,FMAP-08-10,execution,last_changed_at,MES,WORK_ORDER_OPERATION,last_changed_at_SOURCE_FIELD_TO_CONFIRM,DIRECT_OR_CODE_MAP,stage_execution_last_changed_at,coolit-v2-rules-1.0.0,627d20649fb5,RUN-LINEAGE-004,2026-09-25T23:59:59-06:00,REPRODUCIBLE_SYNTHETIC
TEN-COOLIT-SYN-001,SITE-COOLIT-SYN-01,ANALYTICS,FIELD_LINEAGE,LIN-0081,quality_test.business_key,RESOLVED,2026-09-25T23:59:59-06:00,2026-09-26T08:00:00-06:00,2026-06-29T00:00:00-06:00,,1,,false,ACTIVE,,,VALID,CURRENT,coolit-synthetic-v2.0.0,ALL_SYNTHETIC_CUSTOMERS,ALL_SYNTHETIC_PROGRAMS,ALL_SYNTHETIC_PRODUCTS,SYNTHETIC_INTERNAL,SNP-COOLIT-20260925-BL,SCN-BASELINE,LIN-0081,FMAP-09-01,quality_test,business_key,MES,TEST_EXECUTION,business_key_SOURCE_FIELD_TO_CONFIRM,DIRECT_OR_CODE_MAP,stage_quality_test_business_key,coolit-v2-rules-1.0.0,9b42721adf4c,RUN-LINEAGE-005,2026-09-25T23:59:59-06:00,REPRODUCIBLE_SYNTHETIC
TEN-COOLIT-SYN-001,SITE-COOLIT-SYN-01,ANALYTICS,FIELD_LINEAGE,LIN-0082,quality_test.status,RESOLVED,2026-09-25T23:59:59-06:00,2026-09-26T08:00:00-06:00,2026-06-29T00:00:00-06:00,,1,,false,ACTIVE,,,VALID,CURRENT,coolit-synthetic-v2.0.0,ALL_SYNTHETIC_CUSTOMERS,ALL_SYNTHETIC_PROGRAMS,ALL_SYNTHETIC_PRODUCTS,SYNTHETIC_INTERNAL,SNP-COOLIT-20260925-BL,SCN-BASELINE,LIN-0082,FMAP-09-02,quality_test,status,MES,TEST_EXECUTION,status_SOURCE_FIELD_TO_CONFIRM,DIRECT_OR_CODE_MAP,stage_quality_test_status,coolit-v2-rules-1.0.0,1f32dc159ca5,RUN-LINEAGE-005,2026-09-25T23:59:59-06:00,REPRODUCIBLE_SYNTHETIC
TEN-COOLIT-SYN-001,SITE-COOLIT-SYN-01,ANALYTICS,FIELD_LINEAGE,LIN-0083,quality_test.quantity,RESOLVED,2026-09-25T23:59:59-06:00,2026-09-26T08:00:00-06:00,2026-06-29T00:00:00-06:00,,1,,false,ACTIVE,,,VALID,CURRENT,coolit-synthetic-v2.0.0,ALL_SYNTHETIC_CUSTOMERS,ALL_SYNTHETIC_PROGRAMS,ALL_SYNTHETIC_PRODUCTS,SYNTHETIC_INTERNAL,SNP-COOLIT-20260925-BL,SCN-BASELINE,LIN-0083,FMAP-09-03,quality_test,quantity,MES,TEST_EXECUTION,quantity_SOURCE_FIELD_TO_CONFIRM,NORMALIZE_UOM_AND_DECIMAL,stage_quality_test_quantity,coolit-v2-rules-1.0.0,856932693e5f,RUN-LINEAGE-005,2026-09-25T23:59:59-06:00,REPRODUCIBLE_SYNTHETIC
TEN-COOLIT-SYN-001,SITE-COOLIT-SYN-01,ANALYTICS,FIELD_LINEAGE,LIN-0084,quality_test.uom,RESOLVED,2026-09-25T23:59:59-06:00,2026-09-26T08:00:00-06:00,2026-06-29T00:00:00-06:00,,1,,false,ACTIVE,,,VALID,CURRENT,coolit-synthetic-v2.0.0,ALL_SYNTHETIC_CUSTOMERS,ALL_SYNTHETIC_PROGRAMS,ALL_SYNTHETIC_PRODUCTS,SYNTHETIC_INTERNAL,SNP-COOLIT-20260925-BL,SCN-BASELINE,LIN-0084,FMAP-09-04,quality_test,uom,MES,TEST_EXECUTION,uom_SOURCE_FIELD_TO_CONFIRM,DIRECT_OR_CODE_MAP,stage_quality_test_uom,coolit-v2-rules-1.0.0,cb4d55ca436a,RUN-LINEAGE-005,2026-09-25T23:59:59-06:00,REPRODUCIBLE_SYNTHETIC
TEN-COOLIT-SYN-001,SITE-COOLIT-SYN-01,ANALYTICS,FIELD_LINEAGE,LIN-0085,quality_test.requested_date,RESOLVED,2026-09-25T23:59:59-06:00,2026-09-26T08:00:00-06:00,2026-06-29T00:00:00-06:00,,1,,false,ACTIVE,,,VALID,CURRENT,coolit-synthetic-v2.0.0,ALL_SYNTHETIC_CUSTOMERS,ALL_SYNTHETIC_PROGRAMS,ALL_SYNTHETIC_PRODUCTS,SYNTHETIC_INTERNAL,SNP-COOLIT-20260925-BL,SCN-BASELINE,LIN-0085,FMAP-09-05,quality_test,requested_date,MES,TEST_EXECUTION,requested_date_SOURCE_FIELD_TO_CONFIRM,NORMALIZE_TO_ISO8601,stage_quality_test_requested_date,coolit-v2-rules-1.0.0,f905d984b208,RUN-LINEAGE-005,2026-09-25T23:59:59-06:00,REPRODUCIBLE_SYNTHETIC
TEN-COOLIT-SYN-001,SITE-COOLIT-SYN-01,ANALYTICS,FIELD_LINEAGE,LIN-0086,quality_test.committed_date,RESOLVED,2026-09-25T23:59:59-06:00,2026-09-26T08:00:00-06:00,2026-06-29T00:00:00-06:00,,1,,false,ACTIVE,,,VALID,CURRENT,coolit-synthetic-v2.0.0,ALL_SYNTHETIC_CUSTOMERS,ALL_SYNTHETIC_PROGRAMS,ALL_SYNTHETIC_PRODUCTS,SYNTHETIC_INTERNAL,SNP-COOLIT-20260925-BL,SCN-BASELINE,LIN-0086,FMAP-09-06,quality_test,committed_date,MES,TEST_EXECUTION,committed_date_SOURCE_FIELD_TO_CONFIRM,NORMALIZE_TO_ISO8601,stage_quality_test_committed_date,coolit-v2-rules-1.0.0,cec1f5bca880,RUN-LINEAGE-005,2026-09-25T23:59:59-06:00,REPRODUCIBLE_SYNTHETIC
TEN-COOLIT-SYN-001,SITE-COOLIT-SYN-01,ANALYTICS,FIELD_LINEAGE,LIN-0087,quality_test.effective_from,RESOLVED,2026-09-25T23:59:59-06:00,2026-09-26T08:00:00-06:00,2026-06-29T00:00:00-06:00,,1,,false,ACTIVE,,,VALID,CURRENT,coolit-synthetic-v2.0.0,ALL_SYNTHETIC_CUSTOMERS,ALL_SYNTHETIC_PROGRAMS,ALL_SYNTHETIC_PRODUCTS,SYNTHETIC_INTERNAL,SNP-COOLIT-20260925-BL,SCN-BASELINE,LIN-0087,FMAP-09-07,quality_test,effective_from,MES,TEST_EXECUTION,effective_from_SOURCE_FIELD_TO_CONFIRM,NORMALIZE_TO_ISO8601,stage_quality_test_effective_from,coolit-v2-rules-1.0.0,ffdb350c4a16,RUN-LINEAGE-005,2026-09-25T23:59:59-06:00,REPRODUCIBLE_SYNTHETIC
TEN-COOLIT-SYN-001,SITE-COOLIT-SYN-01,ANALYTICS,FIELD_LINEAGE,LIN-0088,quality_test.effective_to,RESOLVED,2026-09-25T23:59:59-06:00,2026-09-26T08:00:00-06:00,2026-06-29T00:00:00-06:00,,1,,false,ACTIVE,,,VALID,CURRENT,coolit-synthetic-v2.0.0,ALL_SYNTHETIC_CUSTOMERS,ALL_SYNTHETIC_PROGRAMS,ALL_SYNTHETIC_PRODUCTS,SYNTHETIC_INTERNAL,SNP-COOLIT-20260925-BL,SCN-BASELINE,LIN-0088,FMAP-09-08,quality_test,effective_to,MES,TEST_EXECUTION,effective_to_SOURCE_FIELD_TO_CONFIRM,NORMALIZE_TO_ISO8601,stage_quality_test_effective_to,coolit-v2-rules-1.0.0,561345e27d12,RUN-LINEAGE-005,2026-09-25T23:59:59-06:00,REPRODUCIBLE_SYNTHETIC
TEN-COOLIT-SYN-001,SITE-COOLIT-SYN-01,ANALYTICS,FIELD_LINEAGE,LIN-0089,quality_test.owner,RESOLVED,2026-09-25T23:59:59-06:00,2026-09-26T08:00:00-06:00,2026-06-29T00:00:00-06:00,,1,,false,ACTIVE,,,VALID,CURRENT,coolit-synthetic-v2.0.0,ALL_SYNTHETIC_CUSTOMERS,ALL_SYNTHETIC_PROGRAMS,ALL_SYNTHETIC_PRODUCTS,SYNTHETIC_INTERNAL,SNP-COOLIT-20260925-BL,SCN-BASELINE,LIN-0089,FMAP-09-09,quality_test,owner,MES,TEST_EXECUTION,owner_SOURCE_FIELD_TO_CONFIRM,DIRECT_OR_CODE_MAP,stage_quality_test_owner,coolit-v2-rules-1.0.0,0fd42f565458,RUN-LINEAGE-005,2026-09-25T23:59:59-06:00,REPRODUCIBLE_SYNTHETIC
TEN-COOLIT-SYN-001,SITE-COOLIT-SYN-01,ANALYTICS,FIELD_LINEAGE,LIN-0090,quality_test.last_changed_at,RESOLVED,2026-09-25T23:59:59-06:00,2026-09-26T08:00:00-06:00,2026-06-29T00:00:00-06:00,,1,,false,ACTIVE,,,VALID,CURRENT,coolit-synthetic-v2.0.0,ALL_SYNTHETIC_CUSTOMERS,ALL_SYNTHETIC_PROGRAMS,ALL_SYNTHETIC_PRODUCTS,SYNTHETIC_INTERNAL,SNP-COOLIT-20260925-BL,SCN-BASELINE,LIN-0090,FMAP-09-10,quality_test,last_changed_at,MES,TEST_EXECUTION,last_changed_at_SOURCE_FIELD_TO_CONFIRM,DIRECT_OR_CODE_MAP,stage_quality_test_last_changed_at,coolit-v2-rules-1.0.0,24bfdb084136,RUN-LINEAGE-005,2026-09-25T23:59:59-06:00,REPRODUCIBLE_SYNTHETIC
TEN-COOLIT-SYN-001,SITE-COOLIT-SYN-01,ANALYTICS,FIELD_LINEAGE,LIN-0091,process_parameter.business_key,RESOLVED,2026-09-25T23:59:59-06:00,2026-09-26T08:00:00-06:00,2026-06-29T00:00:00-06:00,,1,,false,ACTIVE,,,VALID,CURRENT,coolit-synthetic-v2.0.0,ALL_SYNTHETIC_CUSTOMERS,ALL_SYNTHETIC_PROGRAMS,ALL_SYNTHETIC_PRODUCTS,SYNTHETIC_INTERNAL,SNP-COOLIT-20260925-BL,SCN-BASELINE,LIN-0091,FMAP-10-01,process_parameter,business_key,MES,PROCESS_PARAMETER_EVENT,business_key_SOURCE_FIELD_TO_CONFIRM,DIRECT_OR_CODE_MAP,stage_process_parameter_business_key,coolit-v2-rules-1.0.0,183f88018dae,RUN-LINEAGE-005,2026-09-25T23:59:59-06:00,REPRODUCIBLE_SYNTHETIC
TEN-COOLIT-SYN-001,SITE-COOLIT-SYN-01,ANALYTICS,FIELD_LINEAGE,LIN-0092,process_parameter.status,RESOLVED,2026-09-25T23:59:59-06:00,2026-09-26T08:00:00-06:00,2026-06-29T00:00:00-06:00,,1,,false,ACTIVE,,,VALID,CURRENT,coolit-synthetic-v2.0.0,ALL_SYNTHETIC_CUSTOMERS,ALL_SYNTHETIC_PROGRAMS,ALL_SYNTHETIC_PRODUCTS,SYNTHETIC_INTERNAL,SNP-COOLIT-20260925-BL,SCN-BASELINE,LIN-0092,FMAP-10-02,process_parameter,status,MES,PROCESS_PARAMETER_EVENT,status_SOURCE_FIELD_TO_CONFIRM,DIRECT_OR_CODE_MAP,stage_process_parameter_status,coolit-v2-rules-1.0.0,7f8a7c7c276a,RUN-LINEAGE-005,2026-09-25T23:59:59-06:00,REPRODUCIBLE_SYNTHETIC
TEN-COOLIT-SYN-001,SITE-COOLIT-SYN-01,ANALYTICS,FIELD_LINEAGE,LIN-0093,process_parameter.quantity,RESOLVED,2026-09-25T23:59:59-06:00,2026-09-26T08:00:00-06:00,2026-06-29T00:00:00-06:00,,1,,false,ACTIVE,,,VALID,CURRENT,coolit-synthetic-v2.0.0,ALL_SYNTHETIC_CUSTOMERS,ALL_SYNTHETIC_PROGRAMS,ALL_SYNTHETIC_PRODUCTS,SYNTHETIC_INTERNAL,SNP-COOLIT-20260925-BL,SCN-BASELINE,LIN-0093,FMAP-10-03,process_parameter,quantity,MES,PROCESS_PARAMETER_EVENT,quantity_SOURCE_FIELD_TO_CONFIRM,NORMALIZE_UOM_AND_DECIMAL,stage_process_parameter_quantity,coolit-v2-rules-1.0.0,9d4388e3d80d,RUN-LINEAGE-005,2026-09-25T23:59:59-06:00,REPRODUCIBLE_SYNTHETIC
TEN-COOLIT-SYN-001,SITE-COOLIT-SYN-01,ANALYTICS,FIELD_LINEAGE,LIN-0094,process_parameter.uom,RESOLVED,2026-09-25T23:59:59-06:00,2026-09-26T08:00:00-06:00,2026-06-29T00:00:00-06:00,,1,,false,ACTIVE,,,VALID,CURRENT,coolit-synthetic-v2.0.0,ALL_SYNTHETIC_CUSTOMERS,ALL_SYNTHETIC_PROGRAMS,ALL_SYNTHETIC_PRODUCTS,SYNTHETIC_INTERNAL,SNP-COOLIT-20260925-BL,SCN-BASELINE,LIN-0094,FMAP-10-04,process_parameter,uom,MES,PROCESS_PARAMETER_EVENT,uom_SOURCE_FIELD_TO_CONFIRM,DIRECT_OR_CODE_MAP,stage_process_parameter_uom,coolit-v2-rules-1.0.0,cb8e78a9da63,RUN-LINEAGE-005,2026-09-25T23:59:59-06:00,REPRODUCIBLE_SYNTHETIC
TEN-COOLIT-SYN-001,SITE-COOLIT-SYN-01,ANALYTICS,FIELD_LINEAGE,LIN-0095,process_parameter.requested_date,RESOLVED,2026-09-25T23:59:59-06:00,2026-09-26T08:00:00-06:00,2026-06-29T00:00:00-06:00,,1,,false,ACTIVE,,,VALID,CURRENT,coolit-synthetic-v2.0.0,ALL_SYNTHETIC_CUSTOMERS,ALL_SYNTHETIC_PROGRAMS,ALL_SYNTHETIC_PRODUCTS,SYNTHETIC_INTERNAL,SNP-COOLIT-20260925-BL,SCN-BASELINE,LIN-0095,FMAP-10-05,process_parameter,requested_date,MES,PROCESS_PARAMETER_EVENT,requested_date_SOURCE_FIELD_TO_CONFIRM,NORMALIZE_TO_ISO8601,stage_process_parameter_requested_date,coolit-v2-rules-1.0.0,4b1c06f3a1ee,RUN-LINEAGE-005,2026-09-25T23:59:59-06:00,REPRODUCIBLE_SYNTHETIC
TEN-COOLIT-SYN-001,SITE-COOLIT-SYN-01,ANALYTICS,FIELD_LINEAGE,LIN-0096,process_parameter.committed_date,RESOLVED,2026-09-25T23:59:59-06:00,2026-09-26T08:00:00-06:00,2026-06-29T00:00:00-06:00,,1,,false,ACTIVE,,,VALID,CURRENT,coolit-synthetic-v2.0.0,ALL_SYNTHETIC_CUSTOMERS,ALL_SYNTHETIC_PROGRAMS,ALL_SYNTHETIC_PRODUCTS,SYNTHETIC_INTERNAL,SNP-COOLIT-20260925-BL,SCN-BASELINE,LIN-0096,FMAP-10-06,process_parameter,committed_date,MES,PROCESS_PARAMETER_EVENT,committed_date_SOURCE_FIELD_TO_CONFIRM,NORMALIZE_TO_ISO8601,stage_process_parameter_committed_date,coolit-v2-rules-1.0.0,1bc96fc1811d,RUN-LINEAGE-005,2026-09-25T23:59:59-06:00,REPRODUCIBLE_SYNTHETIC
TEN-COOLIT-SYN-001,SITE-COOLIT-SYN-01,ANALYTICS,FIELD_LINEAGE,LIN-0097,process_parameter.effective_from,RESOLVED,2026-09-25T23:59:59-06:00,2026-09-26T08:00:00-06:00,2026-06-29T00:00:00-06:00,,1,,false,ACTIVE,,,VALID,CURRENT,coolit-synthetic-v2.0.0,ALL_SYNTHETIC_CUSTOMERS,ALL_SYNTHETIC_PROGRAMS,ALL_SYNTHETIC_PRODUCTS,SYNTHETIC_INTERNAL,SNP-COOLIT-20260925-BL,SCN-BASELINE,LIN-0097,FMAP-10-07,process_parameter,effective_from,MES,PROCESS_PARAMETER_EVENT,effective_from_SOURCE_FIELD_TO_CONFIRM,NORMALIZE_TO_ISO8601,stage_process_parameter_effective_from,coolit-v2-rules-1.0.0,8acbe85b95e7,RUN-LINEAGE-005,2026-09-25T23:59:59-06:00,REPRODUCIBLE_SYNTHETIC
TEN-COOLIT-SYN-001,SITE-COOLIT-SYN-01,ANALYTICS,FIELD_LINEAGE,LIN-0098,process_parameter.effective_to,RESOLVED,2026-09-25T23:59:59-06:00,2026-09-26T08:00:00-06:00,2026-06-29T00:00:00-06:00,,1,,false,ACTIVE,,,VALID,CURRENT,coolit-synthetic-v2.0.0,ALL_SYNTHETIC_CUSTOMERS,ALL_SYNTHETIC_PROGRAMS,ALL_SYNTHETIC_PRODUCTS,SYNTHETIC_INTERNAL,SNP-COOLIT-20260925-BL,SCN-BASELINE,LIN-0098,FMAP-10-08,process_parameter,effective_to,MES,PROCESS_PARAMETER_EVENT,effective_to_SOURCE_FIELD_TO_CONFIRM,NORMALIZE_TO_ISO8601,stage_process_parameter_effective_to,coolit-v2-rules-1.0.0,d8c7366948e7,RUN-LINEAGE-005,2026-09-25T23:59:59-06:00,REPRODUCIBLE_SYNTHETIC
TEN-COOLIT-SYN-001,SITE-COOLIT-SYN-01,ANALYTICS,FIELD_LINEAGE,LIN-0099,process_parameter.owner,RESOLVED,2026-09-25T23:59:59-06:00,2026-09-26T08:00:00-06:00,2026-06-29T00:00:00-06:00,,1,,false,ACTIVE,,,VALID,CURRENT,coolit-synthetic-v2.0.0,ALL_SYNTHETIC_CUSTOMERS,ALL_SYNTHETIC_PROGRAMS,ALL_SYNTHETIC_PRODUCTS,SYNTHETIC_INTERNAL,SNP-COOLIT-20260925-BL,SCN-BASELINE,LIN-0099,FMAP-10-09,process_parameter,owner,MES,PROCESS_PARAMETER_EVENT,owner_SOURCE_FIELD_TO_CONFIRM,DIRECT_OR_CODE_MAP,stage_process_parameter_owner,coolit-v2-rules-1.0.0,ceb345ff2e6c,RUN-LINEAGE-005,2026-09-25T23:59:59-06:00,REPRODUCIBLE_SYNTHETIC
TEN-COOLIT-SYN-001,SITE-COOLIT-SYN-01,ANALYTICS,FIELD_LINEAGE,LIN-0100,process_parameter.last_changed_at,RESOLVED,2026-09-25T23:59:59-06:00,2026-09-26T08:00:00-06:00,2026-06-29T00:00:00-06:00,,1,,false,ACTIVE,,,VALID,CURRENT,coolit-synthetic-v2.0.0,ALL_SYNTHETIC_CUSTOMERS,ALL_SYNTHETIC_PROGRAMS,ALL_SYNTHETIC_PRODUCTS,SYNTHETIC_INTERNAL,SNP-COOLIT-20260925-BL,SCN-BASELINE,LIN-0100,FMAP-10-10,process_parameter,last_changed_at,MES,PROCESS_PARAMETER_EVENT,last_changed_at_SOURCE_FIELD_TO_CONFIRM,DIRECT_OR_CODE_MAP,stage_process_parameter_last_changed_at,coolit-v2-rules-1.0.0,58059f10db80,RUN-LINEAGE-005,2026-09-25T23:59:59-06:00,REPRODUCIBLE_SYNTHETIC
TEN-COOLIT-SYN-001,SITE-COOLIT-SYN-01,ANALYTICS,FIELD_LINEAGE,LIN-0101,quality_disposition.business_key,RESOLVED,2026-09-25T23:59:59-06:00,2026-09-26T08:00:00-06:00,2026-06-29T00:00:00-06:00,,1,,false,ACTIVE,,,VALID,CURRENT,coolit-synthetic-v2.0.0,ALL_SYNTHETIC_CUSTOMERS,ALL_SYNTHETIC_PROGRAMS,ALL_SYNTHETIC_PRODUCTS,SYNTHETIC_INTERNAL,SNP-COOLIT-20260925-BL,SCN-BASELINE,LIN-0101,FMAP-11-01,quality_disposition,business_key,QMS,NONCONFORMANCE_CASE,business_key_SOURCE_FIELD_TO_CONFIRM,DIRECT_OR_CODE_MAP,stage_quality_disposition_business_key,coolit-v2-rules-1.0.0,2affaabcba0e,RUN-LINEAGE-006,2026-09-25T23:59:59-06:00,REPRODUCIBLE_SYNTHETIC
TEN-COOLIT-SYN-001,SITE-COOLIT-SYN-01,ANALYTICS,FIELD_LINEAGE,LIN-0102,quality_disposition.status,RESOLVED,2026-09-25T23:59:59-06:00,2026-09-26T08:00:00-06:00,2026-06-29T00:00:00-06:00,,1,,false,ACTIVE,,,VALID,CURRENT,coolit-synthetic-v2.0.0,ALL_SYNTHETIC_CUSTOMERS,ALL_SYNTHETIC_PROGRAMS,ALL_SYNTHETIC_PRODUCTS,SYNTHETIC_INTERNAL,SNP-COOLIT-20260925-BL,SCN-BASELINE,LIN-0102,FMAP-11-02,quality_disposition,status,QMS,NONCONFORMANCE_CASE,status_SOURCE_FIELD_TO_CONFIRM,DIRECT_OR_CODE_MAP,stage_quality_disposition_status,coolit-v2-rules-1.0.0,3ed54a012713,RUN-LINEAGE-006,2026-09-25T23:59:59-06:00,REPRODUCIBLE_SYNTHETIC
TEN-COOLIT-SYN-001,SITE-COOLIT-SYN-01,ANALYTICS,FIELD_LINEAGE,LIN-0103,quality_disposition.quantity,RESOLVED,2026-09-25T23:59:59-06:00,2026-09-26T08:00:00-06:00,2026-06-29T00:00:00-06:00,,1,,false,ACTIVE,,,VALID,CURRENT,coolit-synthetic-v2.0.0,ALL_SYNTHETIC_CUSTOMERS,ALL_SYNTHETIC_PROGRAMS,ALL_SYNTHETIC_PRODUCTS,SYNTHETIC_INTERNAL,SNP-COOLIT-20260925-BL,SCN-BASELINE,LIN-0103,FMAP-11-03,quality_disposition,quantity,QMS,NONCONFORMANCE_CASE,quantity_SOURCE_FIELD_TO_CONFIRM,NORMALIZE_UOM_AND_DECIMAL,stage_quality_disposition_quantity,coolit-v2-rules-1.0.0,1111a46b4542,RUN-LINEAGE-006,2026-09-25T23:59:59-06:00,REPRODUCIBLE_SYNTHETIC
TEN-COOLIT-SYN-001,SITE-COOLIT-SYN-01,ANALYTICS,FIELD_LINEAGE,LIN-0104,quality_disposition.uom,RESOLVED,2026-09-25T23:59:59-06:00,2026-09-26T08:00:00-06:00,2026-06-29T00:00:00-06:00,,1,,false,ACTIVE,,,VALID,CURRENT,coolit-synthetic-v2.0.0,ALL_SYNTHETIC_CUSTOMERS,ALL_SYNTHETIC_PROGRAMS,ALL_SYNTHETIC_PRODUCTS,SYNTHETIC_INTERNAL,SNP-COOLIT-20260925-BL,SCN-BASELINE,LIN-0104,FMAP-11-04,quality_disposition,uom,QMS,NONCONFORMANCE_CASE,uom_SOURCE_FIELD_TO_CONFIRM,DIRECT_OR_CODE_MAP,stage_quality_disposition_uom,coolit-v2-rules-1.0.0,5c1eb027886a,RUN-LINEAGE-006,2026-09-25T23:59:59-06:00,REPRODUCIBLE_SYNTHETIC
TEN-COOLIT-SYN-001,SITE-COOLIT-SYN-01,ANALYTICS,FIELD_LINEAGE,LIN-0105,quality_disposition.requested_date,RESOLVED,2026-09-25T23:59:59-06:00,2026-09-26T08:00:00-06:00,2026-06-29T00:00:00-06:00,,1,,false,ACTIVE,,,VALID,CURRENT,coolit-synthetic-v2.0.0,ALL_SYNTHETIC_CUSTOMERS,ALL_SYNTHETIC_PROGRAMS,ALL_SYNTHETIC_PRODUCTS,SYNTHETIC_INTERNAL,SNP-COOLIT-20260925-BL,SCN-BASELINE,LIN-0105,FMAP-11-05,quality_disposition,requested_date,QMS,NONCONFORMANCE_CASE,requested_date_SOURCE_FIELD_TO_CONFIRM,NORMALIZE_TO_ISO8601,stage_quality_disposition_requested_date,coolit-v2-rules-1.0.0,8edbac55b4c9,RUN-LINEAGE-006,2026-09-25T23:59:59-06:00,REPRODUCIBLE_SYNTHETIC
TEN-COOLIT-SYN-001,SITE-COOLIT-SYN-01,ANALYTICS,FIELD_LINEAGE,LIN-0106,quality_disposition.committed_date,RESOLVED,2026-09-25T23:59:59-06:00,2026-09-26T08:00:00-06:00,2026-06-29T00:00:00-06:00,,1,,false,ACTIVE,,,VALID,CURRENT,coolit-synthetic-v2.0.0,ALL_SYNTHETIC_CUSTOMERS,ALL_SYNTHETIC_PROGRAMS,ALL_SYNTHETIC_PRODUCTS,SYNTHETIC_INTERNAL,SNP-COOLIT-20260925-BL,SCN-BASELINE,LIN-0106,FMAP-11-06,quality_disposition,committed_date,QMS,NONCONFORMANCE_CASE,committed_date_SOURCE_FIELD_TO_CONFIRM,NORMALIZE_TO_ISO8601,stage_quality_disposition_committed_date,coolit-v2-rules-1.0.0,8c7bd26b555d,RUN-LINEAGE-006,2026-09-25T23:59:59-06:00,REPRODUCIBLE_SYNTHETIC
TEN-COOLIT-SYN-001,SITE-COOLIT-SYN-01,ANALYTICS,FIELD_LINEAGE,LIN-0107,quality_disposition.effective_from,RESOLVED,2026-09-25T23:59:59-06:00,2026-09-26T08:00:00-06:00,2026-06-29T00:00:00-06:00,,1,,false,ACTIVE,,,VALID,CURRENT,coolit-synthetic-v2.0.0,ALL_SYNTHETIC_CUSTOMERS,ALL_SYNTHETIC_PROGRAMS,ALL_SYNTHETIC_PRODUCTS,SYNTHETIC_INTERNAL,SNP-COOLIT-20260925-BL,SCN-BASELINE,LIN-0107,FMAP-11-07,quality_disposition,effective_from,QMS,NONCONFORMANCE_CASE,effective_from_SOURCE_FIELD_TO_CONFIRM,NORMALIZE_TO_ISO8601,stage_quality_disposition_effective_from,coolit-v2-rules-1.0.0,88282489bd0a,RUN-LINEAGE-006,2026-09-25T23:59:59-06:00,REPRODUCIBLE_SYNTHETIC
TEN-COOLIT-SYN-001,SITE-COOLIT-SYN-01,ANALYTICS,FIELD_LINEAGE,LIN-0108,quality_disposition.effective_to,RESOLVED,2026-09-25T23:59:59-06:00,2026-09-26T08:00:00-06:00,2026-06-29T00:00:00-06:00,,1,,false,ACTIVE,,,VALID,CURRENT,coolit-synthetic-v2.0.0,ALL_SYNTHETIC_CUSTOMERS,ALL_SYNTHETIC_PROGRAMS,ALL_SYNTHETIC_PRODUCTS,SYNTHETIC_INTERNAL,SNP-COOLIT-20260925-BL,SCN-BASELINE,LIN-0108,FMAP-11-08,quality_disposition,effective_to,QMS,NONCONFORMANCE_CASE,effective_to_SOURCE_FIELD_TO_CONFIRM,NORMALIZE_TO_ISO8601,stage_quality_disposition_effective_to,coolit-v2-rules-1.0.0,7d19ccb4d58b,RUN-LINEAGE-006,2026-09-25T23:59:59-06:00,REPRODUCIBLE_SYNTHETIC
TEN-COOLIT-SYN-001,SITE-COOLIT-SYN-01,ANALYTICS,FIELD_LINEAGE,LIN-0109,quality_disposition.owner,RESOLVED,2026-09-25T23:59:59-06:00,2026-09-26T08:00:00-06:00,2026-06-29T00:00:00-06:00,,1,,false,ACTIVE,,,VALID,CURRENT,coolit-synthetic-v2.0.0,ALL_SYNTHETIC_CUSTOMERS,ALL_SYNTHETIC_PROGRAMS,ALL_SYNTHETIC_PRODUCTS,SYNTHETIC_INTERNAL,SNP-COOLIT-20260925-BL,SCN-BASELINE,LIN-0109,FMAP-11-09,quality_disposition,owner,QMS,NONCONFORMANCE_CASE,owner_SOURCE_FIELD_TO_CONFIRM,DIRECT_OR_CODE_MAP,stage_quality_disposition_owner,coolit-v2-rules-1.0.0,8e9574b0697d,RUN-LINEAGE-006,2026-09-25T23:59:59-06:00,REPRODUCIBLE_SYNTHETIC
TEN-COOLIT-SYN-001,SITE-COOLIT-SYN-01,ANALYTICS,FIELD_LINEAGE,LIN-0110,quality_disposition.last_changed_at,RESOLVED,2026-09-25T23:59:59-06:00,2026-09-26T08:00:00-06:00,2026-06-29T00:00:00-06:00,,1,,false,ACTIVE,,,VALID,CURRENT,coolit-synthetic-v2.0.0,ALL_SYNTHETIC_CUSTOMERS,ALL_SYNTHETIC_PROGRAMS,ALL_SYNTHETIC_PRODUCTS,SYNTHETIC_INTERNAL,SNP-COOLIT-20260925-BL,SCN-BASELINE,LIN-0110,FMAP-11-10,quality_disposition,last_changed_at,QMS,NONCONFORMANCE_CASE,last_changed_at_SOURCE_FIELD_TO_CONFIRM,DIRECT_OR_CODE_MAP,stage_quality_disposition_last_changed_at,coolit-v2-rules-1.0.0,74bdd7d9bb98,RUN-LINEAGE-006,2026-09-25T23:59:59-06:00,REPRODUCIBLE_SYNTHETIC
TEN-COOLIT-SYN-001,SITE-COOLIT-SYN-01,ANALYTICS,FIELD_LINEAGE,LIN-0111,engineering_effectivity.business_key,RESOLVED,2026-09-25T23:59:59-06:00,2026-09-26T08:00:00-06:00,2026-06-29T00:00:00-06:00,,1,,false,ACTIVE,,,VALID,CURRENT,coolit-synthetic-v2.0.0,ALL_SYNTHETIC_CUSTOMERS,ALL_SYNTHETIC_PROGRAMS,ALL_SYNTHETIC_PRODUCTS,SYNTHETIC_INTERNAL,SNP-COOLIT-20260925-BL,SCN-BASELINE,LIN-0111,FMAP-12-01,engineering_effectivity,business_key,PLM,ENGINEERING_CHANGE,business_key_SOURCE_FIELD_TO_CONFIRM,DIRECT_OR_CODE_MAP,stage_engineering_effectivity_business_key,coolit-v2-rules-1.0.0,a66830d41f23,RUN-LINEAGE-006,2026-09-25T23:59:59-06:00,REPRODUCIBLE_SYNTHETIC
TEN-COOLIT-SYN-001,SITE-COOLIT-SYN-01,ANALYTICS,FIELD_LINEAGE,LIN-0112,engineering_effectivity.status,RESOLVED,2026-09-25T23:59:59-06:00,2026-09-26T08:00:00-06:00,2026-06-29T00:00:00-06:00,,1,,false,ACTIVE,,,VALID,CURRENT,coolit-synthetic-v2.0.0,ALL_SYNTHETIC_CUSTOMERS,ALL_SYNTHETIC_PROGRAMS,ALL_SYNTHETIC_PRODUCTS,SYNTHETIC_INTERNAL,SNP-COOLIT-20260925-BL,SCN-BASELINE,LIN-0112,FMAP-12-02,engineering_effectivity,status,PLM,ENGINEERING_CHANGE,status_SOURCE_FIELD_TO_CONFIRM,DIRECT_OR_CODE_MAP,stage_engineering_effectivity_status,coolit-v2-rules-1.0.0,b4296e223bc8,RUN-LINEAGE-006,2026-09-25T23:59:59-06:00,REPRODUCIBLE_SYNTHETIC
TEN-COOLIT-SYN-001,SITE-COOLIT-SYN-01,ANALYTICS,FIELD_LINEAGE,LIN-0113,engineering_effectivity.quantity,RESOLVED,2026-09-25T23:59:59-06:00,2026-09-26T08:00:00-06:00,2026-06-29T00:00:00-06:00,,1,,false,ACTIVE,,,VALID,CURRENT,coolit-synthetic-v2.0.0,ALL_SYNTHETIC_CUSTOMERS,ALL_SYNTHETIC_PROGRAMS,ALL_SYNTHETIC_PRODUCTS,SYNTHETIC_INTERNAL,SNP-COOLIT-20260925-BL,SCN-BASELINE,LIN-0113,FMAP-12-03,engineering_effectivity,quantity,PLM,ENGINEERING_CHANGE,quantity_SOURCE_FIELD_TO_CONFIRM,NORMALIZE_UOM_AND_DECIMAL,stage_engineering_effectivity_quantity,coolit-v2-rules-1.0.0,d75af5ff2b1a,RUN-LINEAGE-006,2026-09-25T23:59:59-06:00,REPRODUCIBLE_SYNTHETIC
TEN-COOLIT-SYN-001,SITE-COOLIT-SYN-01,ANALYTICS,FIELD_LINEAGE,LIN-0114,engineering_effectivity.uom,RESOLVED,2026-09-25T23:59:59-06:00,2026-09-26T08:00:00-06:00,2026-06-29T00:00:00-06:00,,1,,false,ACTIVE,,,VALID,CURRENT,coolit-synthetic-v2.0.0,ALL_SYNTHETIC_CUSTOMERS,ALL_SYNTHETIC_PROGRAMS,ALL_SYNTHETIC_PRODUCTS,SYNTHETIC_INTERNAL,SNP-COOLIT-20260925-BL,SCN-BASELINE,LIN-0114,FMAP-12-04,engineering_effectivity,uom,PLM,ENGINEERING_CHANGE,uom_SOURCE_FIELD_TO_CONFIRM,DIRECT_OR_CODE_MAP,stage_engineering_effectivity_uom,coolit-v2-rules-1.0.0,e635d3428aec,RUN-LINEAGE-006,2026-09-25T23:59:59-06:00,REPRODUCIBLE_SYNTHETIC
TEN-COOLIT-SYN-001,SITE-COOLIT-SYN-01,ANALYTICS,FIELD_LINEAGE,LIN-0115,engineering_effectivity.requested_date,RESOLVED,2026-09-25T23:59:59-06:00,2026-09-26T08:00:00-06:00,2026-06-29T00:00:00-06:00,,1,,false,ACTIVE,,,VALID,CURRENT,coolit-synthetic-v2.0.0,ALL_SYNTHETIC_CUSTOMERS,ALL_SYNTHETIC_PROGRAMS,ALL_SYNTHETIC_PRODUCTS,SYNTHETIC_INTERNAL,SNP-COOLIT-20260925-BL,SCN-BASELINE,LIN-0115,FMAP-12-05,engineering_effectivity,requested_date,PLM,ENGINEERING_CHANGE,requested_date_SOURCE_FIELD_TO_CONFIRM,NORMALIZE_TO_ISO8601,stage_engineering_effectivity_requested_date,coolit-v2-rules-1.0.0,b70dff69140b,RUN-LINEAGE-006,2026-09-25T23:59:59-06:00,REPRODUCIBLE_SYNTHETIC
TEN-COOLIT-SYN-001,SITE-COOLIT-SYN-01,ANALYTICS,FIELD_LINEAGE,LIN-0116,engineering_effectivity.committed_date,RESOLVED,2026-09-25T23:59:59-06:00,2026-09-26T08:00:00-06:00,2026-06-29T00:00:00-06:00,,1,,false,ACTIVE,,,VALID,CURRENT,coolit-synthetic-v2.0.0,ALL_SYNTHETIC_CUSTOMERS,ALL_SYNTHETIC_PROGRAMS,ALL_SYNTHETIC_PRODUCTS,SYNTHETIC_INTERNAL,SNP-COOLIT-20260925-BL,SCN-BASELINE,LIN-0116,FMAP-12-06,engineering_effectivity,committed_date,PLM,ENGINEERING_CHANGE,committed_date_SOURCE_FIELD_TO_CONFIRM,NORMALIZE_TO_ISO8601,stage_engineering_effectivity_committed_date,coolit-v2-rules-1.0.0,89e7c7cf8796,RUN-LINEAGE-006,2026-09-25T23:59:59-06:00,REPRODUCIBLE_SYNTHETIC
TEN-COOLIT-SYN-001,SITE-COOLIT-SYN-01,ANALYTICS,FIELD_LINEAGE,LIN-0117,engineering_effectivity.effective_from,RESOLVED,2026-09-25T23:59:59-06:00,2026-09-26T08:00:00-06:00,2026-06-29T00:00:00-06:00,,1,,false,ACTIVE,,,VALID,CURRENT,coolit-synthetic-v2.0.0,ALL_SYNTHETIC_CUSTOMERS,ALL_SYNTHETIC_PROGRAMS,ALL_SYNTHETIC_PRODUCTS,SYNTHETIC_INTERNAL,SNP-COOLIT-20260925-BL,SCN-BASELINE,LIN-0117,FMAP-12-07,engineering_effectivity,effective_from,PLM,ENGINEERING_CHANGE,effective_from_SOURCE_FIELD_TO_CONFIRM,NORMALIZE_TO_ISO8601,stage_engineering_effectivity_effective_from,coolit-v2-rules-1.0.0,d4aab8773fbb,RUN-LINEAGE-006,2026-09-25T23:59:59-06:00,REPRODUCIBLE_SYNTHETIC
TEN-COOLIT-SYN-001,SITE-COOLIT-SYN-01,ANALYTICS,FIELD_LINEAGE,LIN-0118,engineering_effectivity.effective_to,RESOLVED,2026-09-25T23:59:59-06:00,2026-09-26T08:00:00-06:00,2026-06-29T00:00:00-06:00,,1,,false,ACTIVE,,,VALID,CURRENT,coolit-synthetic-v2.0.0,ALL_SYNTHETIC_CUSTOMERS,ALL_SYNTHETIC_PROGRAMS,ALL_SYNTHETIC_PRODUCTS,SYNTHETIC_INTERNAL,SNP-COOLIT-20260925-BL,SCN-BASELINE,LIN-0118,FMAP-12-08,engineering_effectivity,effective_to,PLM,ENGINEERING_CHANGE,effective_to_SOURCE_FIELD_TO_CONFIRM,NORMALIZE_TO_ISO8601,stage_engineering_effectivity_effective_to,coolit-v2-rules-1.0.0,b7021875a950,RUN-LINEAGE-006,2026-09-25T23:59:59-06:00,REPRODUCIBLE_SYNTHETIC
TEN-COOLIT-SYN-001,SITE-COOLIT-SYN-01,ANALYTICS,FIELD_LINEAGE,LIN-0119,engineering_effectivity.owner,RESOLVED,2026-09-25T23:59:59-06:00,2026-09-26T08:00:00-06:00,2026-06-29T00:00:00-06:00,,1,,false,ACTIVE,,,VALID,CURRENT,coolit-synthetic-v2.0.0,ALL_SYNTHETIC_CUSTOMERS,ALL_SYNTHETIC_PROGRAMS,ALL_SYNTHETIC_PRODUCTS,SYNTHETIC_INTERNAL,SNP-COOLIT-20260925-BL,SCN-BASELINE,LIN-0119,FMAP-12-09,engineering_effectivity,owner,PLM,ENGINEERING_CHANGE,owner_SOURCE_FIELD_TO_CONFIRM,DIRECT_OR_CODE_MAP,stage_engineering_effectivity_owner,coolit-v2-rules-1.0.0,86e7ceebec27,RUN-LINEAGE-006,2026-09-25T23:59:59-06:00,REPRODUCIBLE_SYNTHETIC
TEN-COOLIT-SYN-001,SITE-COOLIT-SYN-01,ANALYTICS,FIELD_LINEAGE,LIN-0120,engineering_effectivity.last_changed_at,RESOLVED,2026-09-25T23:59:59-06:00,2026-09-26T08:00:00-06:00,2026-06-29T00:00:00-06:00,,1,,false,ACTIVE,,,VALID,CURRENT,coolit-synthetic-v2.0.0,ALL_SYNTHETIC_CUSTOMERS,ALL_SYNTHETIC_PROGRAMS,ALL_SYNTHETIC_PRODUCTS,SYNTHETIC_INTERNAL,SNP-COOLIT-20260925-BL,SCN-BASELINE,LIN-0120,FMAP-12-10,engineering_effectivity,last_changed_at,PLM,ENGINEERING_CHANGE,last_changed_at_SOURCE_FIELD_TO_CONFIRM,DIRECT_OR_CODE_MAP,stage_engineering_effectivity_last_changed_at,coolit-v2-rules-1.0.0,81e05b8443cc,RUN-LINEAGE-006,2026-09-25T23:59:59-06:00,REPRODUCIBLE_SYNTHETIC
